ISO-10303-21;
HEADER;
FILE_DESCRIPTION (( 'STEP AP214' ),
    '1' );
FILE_NAME ('LT3022EMSE.STEP',
    '2022-07-07T09:45:36',
    ( '' ),
    ( '' ),
    'SwSTEP 2.0',
    'SolidWorks 2018',
    '' );
FILE_SCHEMA (( 'AUTOMOTIVE_DESIGN' ));
ENDSEC;

DATA;
#1 = CARTESIAN_POINT ( 'NONE',  ( 1.297000000000000597, 0.5999999999999999778, 0.7944999999999997620 ) ) ;
#2 = ORIENTED_EDGE ( 'NONE', *, *, #1253, .T. ) ;
#3 = DIRECTION ( 'NONE',  ( 0.000000000000000000, 0.000000000000000000, 1.000000000000000000 ) ) ;
#4 = CARTESIAN_POINT ( 'NONE',  ( 3.824500000000000011, 0.9399999999999997247, -0.1087920875194616499 ) ) ;
#5 = VECTOR ( 'NONE', #2700, 1000.000000000000000 ) ;
#6 = CARTESIAN_POINT ( 'NONE',  ( 2.594500000000000028, 1.000393720129284736, 3.188973213350405178 ) ) ;
#7 = CIRCLE ( 'NONE', #283, 0.1200000000000000233 ) ;
#8 = ORIENTED_EDGE ( 'NONE', *, *, #7796, .T. ) ;
#9 = DIRECTION ( 'NONE',  ( 0.000000000000000000, 0.000000000000000000, 1.000000000000000000 ) ) ;
#10 = CARTESIAN_POINT ( 'NONE',  ( 4.594500000000000028, 0.7523999999999998467, -0.5226137832432001806 ) ) ;
#11 = AXIS2_PLACEMENT_3D ( 'NONE', #7044, #810, #1402 ) ;
#12 = LINE ( 'NONE', #110, #5307 ) ;
#13 = ORIENTED_EDGE ( 'NONE', *, *, #1406, .F. ) ;
#14 = EDGE_CURVE ( 'NONE', #8466, #4616, #5451, .T. ) ;
#15 = DIRECTION ( 'NONE',  ( 1.000000000000000000, 0.000000000000000000, 0.000000000000000000 ) ) ;
#16 = ADVANCED_FACE ( 'NONE', ( #1123 ), #2977, .T. ) ;
#17 = PLANE ( 'NONE',  #5144 ) ;
#18 = VERTEX_POINT ( 'NONE', #72 ) ;
#19 = CARTESIAN_POINT ( 'NONE',  ( 3.594500000000000028, 0.7523999999999998467, 3.522613783243200292 ) ) ;
#20 = LINE ( 'NONE', #8963, #5312 ) ;
#21 = ORIENTED_EDGE ( 'NONE', *, *, #3271, .T. ) ;
#22 = DIRECTION ( 'NONE',  ( 0.000000000000000000, 0.000000000000000000, 1.000000000000000000 ) ) ;
#23 = VECTOR ( 'NONE', #5921, 1000.000000000000000 ) ;
#24 = DIRECTION ( 'NONE',  ( 0.000000000000000000, 0.000000000000000000, 1.000000000000000000 ) ) ;
#25 = SURFACE_SIDE_STYLE ('',( #2327 ) ) ;
#26 =( NAMED_UNIT ( * ) PLANE_ANGLE_UNIT ( ) SI_UNIT ( $, .RADIAN. ) );
#27 = LINE ( 'NONE', #1940, #2849 ) ;
#29 = EDGE_CURVE ( 'NONE', #8684, #6393, #2869, .T. ) ;
#28 = DIRECTION ( 'NONE',  ( -2.824178620696807171E-17, -1.000000000000000000, -0.000000000000000000 ) ) ;
#30 = PRESENTATION_LAYER_ASSIGNMENT (  '', '', ( #3158 ) ) ;
#31 = ORIENTED_EDGE ( 'NONE', *, *, #314, .T. ) ;
#32 = LINE ( 'NONE', #1114, #8208 ) ;
#33 = AXIS2_PLACEMENT_3D ( 'NONE', #7255, #1735, #4522 ) ;
#34 = CARTESIAN_POINT ( 'NONE',  ( 1.297000000000000597, 0.5999999999999999778, 0.7944999999999997620 ) ) ;
#35 = AXIS2_PLACEMENT_3D ( 'NONE', #6, #2796, #7006 ) ;
#36 = CARTESIAN_POINT ( 'NONE',  ( 4.094500000000000028, 0.8399999999999998579, -0.1087920875194620801 ) ) ;
#37 = LINE ( 'NONE', #1829, #8002 ) ;
#38 = DIRECTION ( 'NONE',  ( 0.000000000000000000, 0.000000000000000000, 1.000000000000000000 ) ) ;
#39 = FACE_OUTER_BOUND ( 'NONE', #3864, .T. ) ;
#40 = VECTOR ( 'NONE', #2971, 1000.000000000000114 ) ;
#41 = EDGE_CURVE ( 'NONE', #1495, #395, #7562, .T. ) ;
#42 = DIRECTION ( 'NONE',  ( 0.000000000000000000, 1.000000000000000000, 0.000000000000000000 ) ) ;
#43 = FACE_OUTER_BOUND ( 'NONE', #4074, .T. ) ;
#44 = CARTESIAN_POINT ( 'NONE',  ( 3.824500000000000011, 0.7125687761248743479, 3.592443814627477305 ) ) ;
#45 = EDGE_CURVE ( 'NONE', #5103, #4439, #4159, .T. ) ;
#46 = DIRECTION ( 'NONE',  ( 1.000000000000000000, 0.000000000000000000, 0.000000000000000000 ) ) ;
#47 = CARTESIAN_POINT ( 'NONE',  ( 2.594500000000000028, 1.119999999999999885, 3.179260447756191432 ) ) ;
#48 = FACE_OUTER_BOUND ( 'NONE', #3487, .T. ) ;
#49 = AXIS2_PLACEMENT_3D ( 'NONE', #4146, #3518, #2839 ) ;
#50 = FACE_OUTER_BOUND ( 'NONE', #5614, .T. ) ;
#51 = VECTOR ( 'NONE', #4895, 1000.000000000000000 ) ;
#52 = ORIENTED_EDGE ( 'NONE', *, *, #3527, .T. ) ;
#53 = VERTEX_POINT ( 'NONE', #1637 ) ;
#54 = DIRECTION ( 'NONE',  ( 0.000000000000000000, 0.000000000000000000, 1.000000000000000000 ) ) ;
#55 =( LENGTH_UNIT ( ) NAMED_UNIT ( * ) SI_UNIT ( .MILLI., .METRE. ) );
#56 = CARTESIAN_POINT ( 'NONE',  ( 1.347000000000000641, 0.6500000000000000222, 0.5544999999999995488 ) ) ;
#57 = EDGE_CURVE ( 'NONE', #7595, #1603, #6459, .T. ) ;
#58 = ORIENTED_EDGE ( 'NONE', *, *, #3749, .F. ) ;
#59 = CARTESIAN_POINT ( 'NONE',  ( 2.094500000000000028, 0.8399999999999998579, 3.108792087519462122 ) ) ;
#60 = VECTOR ( 'NONE', #6069, 1000.000000000000000 ) ;
#61 = VERTEX_POINT ( 'NONE', #7519 ) ;
#62 = DIRECTION ( 'NONE',  ( 0.2715627232967849358, 0.9233132592090662616, 0.2715627232967837146 ) ) ;
#63 = CARTESIAN_POINT ( 'NONE',  ( 1.594500000000000028, 1.119999999999999885, 3.000000000000000000 ) ) ;
#64 = VERTEX_POINT ( 'NONE', #6480 ) ;
#65 = LINE ( 'NONE', #3540, #5258 ) ;
#66 = UNCERTAINTY_MEASURE_WITH_UNIT (LENGTH_MEASURE( 1.000000000000000082E-05 ), #4717, 'distance_accuracy_value', 'NONE');
#67 = EDGE_LOOP ( 'NONE', ( #4212, #135, #6581, #7135 ) ) ;
#68 = ADVANCED_FACE ( 'NONE', ( #2319 ), #3901, .T. ) ;
#69 =( LENGTH_UNIT ( ) NAMED_UNIT ( * ) SI_UNIT ( .MILLI., .METRE. ) );
#70 = PLANE ( 'NONE',  #1125 ) ;
#71 = CARTESIAN_POINT ( 'NONE',  ( 1.347000000000000641, 0.6500000000000000222, 0.6745000000000007656 ) ) ;
#72 = CARTESIAN_POINT ( 'NONE',  ( 2.824500000000000011, 1.071938878923327065, 3.285312666603656062 ) ) ;
#73 = FACE_OUTER_BOUND ( 'NONE', #6409, .T. ) ;
#74 = VERTEX_POINT ( 'NONE', #2576 ) ;
#75 = ORIENTED_EDGE ( 'NONE', *, *, #7445, .T. ) ;
#76 = AXIS2_PLACEMENT_3D ( 'NONE', #1315, #7544, #6177 ) ;
#77 = CARTESIAN_POINT ( 'NONE',  ( 3.824500000000000011, 0.8399999999999998579, -0.1087920875194620801 ) ) ;
#78 = ORIENTED_EDGE ( 'NONE', *, *, #5850, .T. ) ;
#79 =( LENGTH_UNIT ( ) NAMED_UNIT ( * ) SI_UNIT ( .MILLI., .METRE. ) );
#80 = ORIENTED_EDGE ( 'NONE', *, *, #3659, .T. ) ;
#81 = DIRECTION ( 'NONE',  ( 0.000000000000000000, -0.8028287771104236636, -0.5962096566170171918 ) ) ;
#82 = ORIENTED_EDGE ( 'NONE', *, *, #3859, .T. ) ;
#83 = CARTESIAN_POINT ( 'NONE',  ( 2.824500000000000011, 0.6749881066967827747, -0.9500000000000002887 ) ) ;
#84 = LINE ( 'NONE', #8557, #296 ) ;
#85 = DIRECTION ( 'NONE',  ( 0.000000000000000000, 0.000000000000000000, -1.000000000000000000 ) ) ;
#86 = ORIENTED_EDGE ( 'NONE', *, *, #5514, .T. ) ;
#87 = CARTESIAN_POINT ( 'NONE',  ( 3.594500000000000028, 0.8399999999999998579, 3.108792087519462122 ) ) ;
#88 = EDGE_LOOP ( 'NONE', ( #1906, #132, #1857, #3959 ) ) ;
#89 = DIRECTION ( 'NONE',  ( -1.000000000000000000, 0.000000000000000000, 0.000000000000000000 ) ) ;
#90 = VECTOR ( 'NONE', #8509, 1000.000000000000114 ) ;
#91 = ORIENTED_EDGE ( 'NONE', *, *, #7981, .T. ) ;
#92 = CARTESIAN_POINT ( 'NONE',  ( 3.324500000000000011, 0.8996209656617012440, -0.1890749652305044881 ) ) ;
#93 = AXIS2_PLACEMENT_3D ( 'NONE', #103, #4931, #2730 ) ;
#94 = VECTOR ( 'NONE', #1298, 1000.000000000000227 ) ;
#95 =( NAMED_UNIT ( * ) SI_UNIT ( $, .STERADIAN. ) SOLID_ANGLE_UNIT ( ) );
#96 = CLOSED_SHELL ( 'NONE', ( #3237, #3383, #7038, #5055, #2335, #6444, #2201, #1145, #8352, #5098, #5449, #5510, #7276, #4805 ) ) ;
#97 = DIRECTION ( 'NONE',  ( -0.000000000000000000, -0.000000000000000000, 1.000000000000000000 ) ) ;
#98 = CARTESIAN_POINT ( 'NONE',  ( 1.824500000000000233, 1.119999999999999885, 3.000000000000000000 ) ) ;
#99 = EDGE_LOOP ( 'NONE', ( #4806, #8022, #7603, #2 ) ) ;
#100 = EDGE_CURVE ( 'NONE', #5264, #6988, #818, .T. ) ;
#101 = CIRCLE ( 'NONE', #2944, 0.09999999999999993616 ) ;
#102 = DIRECTION ( 'NONE',  ( 0.000000000000000000, 0.2308414777372849447, -0.9729913731149246736 ) ) ;
#103 = CARTESIAN_POINT ( 'NONE',  ( 4.092000000000001414, 0.6499999999999999112, 0.5544999999999998819 ) ) ;
#104 = AXIS2_PLACEMENT_3D ( 'NONE', #4716, #7518, #5408 ) ;
#105 = CARTESIAN_POINT ( 'NONE',  ( 1.824500000000000233, 1.119999999999999885, 3.000000000000000000 ) ) ;
#106 = CARTESIAN_POINT ( 'NONE',  ( 1.824500000000000233, 0.5335548349585852446, 3.573628691239299382 ) ) ;
#107 = ORIENTED_EDGE ( 'NONE', *, *, #3005, .T. ) ;
#108 = CARTESIAN_POINT ( 'NONE',  ( 2.824500000000000011, 0.5335548349585852446, 3.573628691239299382 ) ) ;
#109 = VERTEX_POINT ( 'NONE', #8211 ) ;
#110 = CARTESIAN_POINT ( 'NONE',  ( 3.824500000000000011, 0.9399999999999998357, 3.000000000000000000 ) ) ;
#111 = CARTESIAN_POINT ( 'NONE',  ( 0.8245000000000001217, 0.5335548349585852446, -0.5736286912392993820 ) ) ;
#112 = LINE ( 'NONE', #3330, #3587 ) ;
#113 = EDGE_CURVE ( 'NONE', #8606, #1869, #914, .T. ) ;
#114 = EDGE_CURVE ( 'NONE', #651, #3687, #4588, .T. ) ;
#115 = CARTESIAN_POINT ( 'NONE',  ( 1.824500000000000233, 0.9399999999999997247, 3.108792087519461678 ) ) ;
#116 = LINE ( 'NONE', #3573, #1285 ) ;
#117 = CARTESIAN_POINT ( 'NONE',  ( 1.324500000000000233, 0.7125687761248744589, -0.5924438146274771944 ) ) ;
#118 = DIRECTION ( 'NONE',  ( 0.000000000000000000, -0.1045284632676515141, -0.9945218953682735119 ) ) ;
#119 = ADVANCED_FACE ( 'NONE', ( #8459 ), #1291, .T. ) ;
#120 = PRODUCT_DEFINITION_SHAPE ( 'NONE', 'NONE',  #8868 ) ;
#121 = ORIENTED_EDGE ( 'NONE', *, *, #6025, .T. ) ;
#122 =( NAMED_UNIT ( * ) PLANE_ANGLE_UNIT ( ) SI_UNIT ( $, .RADIAN. ) );
#123 = CIRCLE ( 'NONE', #2407, 0.2000000000000000944 ) ;
#124 = DIRECTION ( 'NONE',  ( 0.000000000000000000, -0.8028287771104236636, 0.5962096566170171918 ) ) ;
#125 = CARTESIAN_POINT ( 'NONE',  ( 2.094500000000000028, 0.8399999999999998579, -0.1087920875194620801 ) ) ;
#126 = LINE ( 'NONE', #4672, #545 ) ;
#127 = EDGE_CURVE ( 'NONE', #8361, #1749, #2533, .T. ) ;
#128 = VECTOR ( 'NONE', #4026, 1000.000000000000000 ) ;
#129 = CARTESIAN_POINT ( 'NONE',  ( 3.324500000000000011, 0.4984000000000007313, 3.908104603363323548 ) ) ;
#130 = AXIS2_PLACEMENT_3D ( 'NONE', #2043, #5489, #4166 ) ;
#131 = LINE ( 'NONE', #2783, #2946 ) ;
#132 = ORIENTED_EDGE ( 'NONE', *, *, #5252, .F. ) ;
#133 = FILL_AREA_STYLE ('',( #2755 ) ) ;
#134 = VECTOR ( 'NONE', #1752, 1000.000000000000000 ) ;
#135 = ORIENTED_EDGE ( 'NONE', *, *, #7042, .F. ) ;
#136 = CARTESIAN_POINT ( 'NONE',  ( 1.324500000000000233, 1.071938878923327065, -0.2853126666036561732 ) ) ;
#137 = DIRECTION ( 'NONE',  ( 1.000000000000000000, 0.000000000000000000, 0.000000000000000000 ) ) ;
#139 = DIRECTION ( 'NONE',  ( 1.000000000000000000, -0.000000000000000000, -0.000000000000000000 ) ) ;
#138 = LINE ( 'NONE', #2374, #4252 ) ;
#140 = CARTESIAN_POINT ( 'NONE',  ( 4.324500000000000455, 0.9399999999999997247, -0.1087920875194616499 ) ) ;
#141 = ORIENTED_EDGE ( 'NONE', *, *, #6632, .F. ) ;
#142 = LINE ( 'NONE', #2976, #6100 ) ;
#143 = FACE_OUTER_BOUND ( 'NONE', #2910, .T. ) ;
#144 = DIRECTION ( 'NONE',  ( -0.000000000000000000, 1.000000000000000000, -0.000000000000000000 ) ) ;
#145 = EDGE_CURVE ( 'NONE', #3324, #4571, #4699, .T. ) ;
#146 = DIRECTION ( 'NONE',  ( 1.000000000000000000, -0.000000000000000000, -0.000000000000000000 ) ) ;
#147 = FACE_OUTER_BOUND ( 'NONE', #3171, .T. ) ;
#148 = CARTESIAN_POINT ( 'NONE',  ( 3.324500000000000011, 0.5335548349585852446, -0.5736286912392993820 ) ) ;
#149 = DIRECTION ( 'NONE',  ( -1.000000000000000000, 0.000000000000000000, 0.000000000000000000 ) ) ;
#150 = VECTOR ( 'NONE', #1616, 1000.000000000000000 ) ;
#151 = CIRCLE ( 'NONE', #7535, 0.09999999999999993616 ) ;
#152 = EDGE_CURVE ( 'NONE', #6949, #6939, #6123, .T. ) ;
#153 = CARTESIAN_POINT ( 'NONE',  ( 3.324500000000000011, 0.8120209656617016769, -0.6028966609542426580 ) ) ;
#154 = VECTOR ( 'NONE', #1532, 1000.000000000000000 ) ;
#155 = DIRECTION ( 'NONE',  ( -1.000000000000000000, -0.000000000000000000, -0.000000000000000000 ) ) ;
#156 = DIRECTION ( 'NONE',  ( 0.000000000000000000, 0.1045284632676540260, 0.9945218953682732899 ) ) ;
#158 = EDGE_CURVE ( 'NONE', #6302, #6830, #4049, .T. ) ;
#157 = VECTOR ( 'NONE', #6314, 1000.000000000000000 ) ;
#159 = FACE_OUTER_BOUND ( 'NONE', #6018, .T. ) ;
#160 = CYLINDRICAL_SURFACE ( 'NONE', #8029, 0.09999999999999982514 ) ;
#161 = PRESENTATION_LAYER_ASSIGNMENT (  '', '', ( #8744 ) ) ;
#162 = ORIENTED_EDGE ( 'NONE', *, *, #5904, .T. ) ;
#163 = CARTESIAN_POINT ( 'NONE',  ( 2.824500000000000011, 0.8399999999999998579, 3.108792087519462122 ) ) ;
#164 = ORIENTED_EDGE ( 'NONE', *, *, #3706, .F. ) ;
#165 = ADVANCED_FACE ( 'NONE', ( #7441 ), #1349, .F. ) ;
#166 = DIRECTION ( 'NONE',  ( -1.000000000000000000, -0.000000000000000000, -0.000000000000000000 ) ) ;
#167 = CARTESIAN_POINT ( 'NONE',  ( 1.824500000000000233, 0.8996209656617012440, -0.1890749652305044881 ) ) ;
#168 = ORIENTED_EDGE ( 'NONE', *, *, #4765, .T. ) ;
#169 = EDGE_CURVE ( 'NONE', #6669, #3763, #470, .T. ) ;
#170 = DIRECTION ( 'NONE',  ( 1.000000000000000000, -3.949734690293276133E-17, 1.184920407087982840E-16 ) ) ;
#171 = EDGE_CURVE ( 'NONE', #3912, #3403, #2097, .T. ) ;
#172 = VECTOR ( 'NONE', #4642, 1000.000000000000000 ) ;
#173 = ORIENTED_EDGE ( 'NONE', *, *, #4276, .F. ) ;
#174 = EDGE_CURVE ( 'NONE', #3549, #8812, #3936, .T. ) ;
#175 = ORIENTED_EDGE ( 'NONE', *, *, #5591, .F. ) ;
#176 = CARTESIAN_POINT ( 'NONE',  ( 2.324500000000000011, 0.9399999999999997247, 3.108792087519461678 ) ) ;
#177 = DIRECTION ( 'NONE',  ( 0.000000000000000000, 0.000000000000000000, -1.000000000000000000 ) ) ;
#178 = DIRECTION ( 'NONE',  ( 1.000000000000000000, -0.000000000000000000, -0.000000000000000000 ) ) ;
#179 = AXIS2_PLACEMENT_3D ( 'NONE', #2668, #6866, #703 ) ;
#180 = DIRECTION ( 'NONE',  ( -1.000000000000000000, 0.000000000000000000, 0.000000000000000000 ) ) ;
#181 = VERTEX_POINT ( 'NONE', #8406 ) ;
#182 = VECTOR ( 'NONE', #7972, 1000.000000000000000 ) ;
#183 = CARTESIAN_POINT ( 'NONE',  ( 0.9470000000000003970, 0.5999999999999999778, 0.7944999999999992069 ) ) ;
#184 = VERTEX_POINT ( 'NONE', #4841 ) ;
#185 = CARTESIAN_POINT ( 'NONE',  ( 0.6999999999999998446, 1.119999999999999885, 3.000000000000000000 ) ) ;
#186 = DIRECTION ( 'NONE',  ( -1.000000000000000000, -0.000000000000000000, -0.000000000000000000 ) ) ;
#187 = DIRECTION ( 'NONE',  ( -0.000000000000000000, 1.000000000000000000, -0.000000000000000000 ) ) ;
#188 = ORIENTED_EDGE ( 'NONE', *, *, #8113, .F. ) ;
#189 = ADVANCED_FACE ( 'NONE', ( #4627 ), #742, .F. ) ;
#190 = VERTEX_POINT ( 'NONE', #4223 ) ;
#191 = ORIENTED_EDGE ( 'NONE', *, *, #3515, .T. ) ;
#192 = ORIENTED_EDGE ( 'NONE', *, *, #5719, .F. ) ;
#193 = LINE ( 'NONE', #6835, #9031 ) ;
#194 = ORIENTED_EDGE ( 'NONE', *, *, #158, .F. ) ;
#195 = ORIENTED_EDGE ( 'NONE', *, *, #3107, .T. ) ;
#196 = DIRECTION ( 'NONE',  ( 0.000000000000000000, 0.000000000000000000, -1.000000000000000000 ) ) ;
#197 = EDGE_LOOP ( 'NONE', ( #714, #5241, #4320, #3083, #2663, #4462, #209, #8363, #2349, #2473, #2684, #8592 ) ) ;
#198 = ORIENTED_EDGE ( 'NONE', *, *, #3262, .T. ) ;
#199 = DIRECTION ( 'NONE',  ( 1.000000000000000000, 0.000000000000000000, 0.000000000000000000 ) ) ;
#200 = AXIS2_PLACEMENT_3D ( 'NONE', #8107, #443, #5279 ) ;
#201 = CARTESIAN_POINT ( 'NONE',  ( 1.824500000000000233, 1.071938878923327065, 3.285312666603656062 ) ) ;
#202 = VERTEX_POINT ( 'NONE', #4247 ) ;
#203 = CARTESIAN_POINT ( 'NONE',  ( 4.142000000000000348, 0.5999999999999999778, 0.7945000000000000950 ) ) ;
#204 = VECTOR ( 'NONE', #2887, 1000.000000000000000 ) ;
#205 = AXIS2_PLACEMENT_3D ( 'NONE', #4047, #5404, #5434 ) ;
#206 = DIRECTION ( 'NONE',  ( 0.000000000000000000, 0.000000000000000000, -1.000000000000000000 ) ) ;
#207 = ORIENTED_EDGE ( 'NONE', *, *, #689, .F. ) ;
#208 = CARTESIAN_POINT ( 'NONE',  ( 0.8245000000000001217, 0.9399999999999998357, 3.000000000000000000 ) ) ;
#209 = ORIENTED_EDGE ( 'NONE', *, *, #3817, .T. ) ;
#210 = FACE_OUTER_BOUND ( 'NONE', #4612, .T. ) ;
#211 = DIRECTION ( 'NONE',  ( 0.000000000000000000, 0.000000000000000000, 1.000000000000000000 ) ) ;
#212 = ORIENTED_EDGE ( 'NONE', *, *, #1976, .T. ) ;
#213 = CARTESIAN_POINT ( 'NONE',  ( 1.824500000000000233, 1.071938878923327065, -0.2853126666036561732 ) ) ;
#214 = ADVANCED_FACE ( 'NONE', ( #5783 ), #6904, .F. ) ;
#215 = CARTESIAN_POINT ( 'NONE',  ( 1.300000000000000266, 1.459999999999999964, 2.600000000000000533 ) ) ;
#216 = VECTOR ( 'NONE', #8478, 1000.000000000000227 ) ;
#217 = CARTESIAN_POINT ( 'NONE',  ( 3.824500000000000011, 1.119999999999999885, -0.1792604477561911547 ) ) ;
#218 = ORIENTED_EDGE ( 'NONE', *, *, #276, .T. ) ;
#219 = AXIS2_PLACEMENT_3D ( 'NONE', #7103, #3564, #803 ) ;
#220 = ORIENTED_EDGE ( 'NONE', *, *, #5498, .F. ) ;
#221 = ORIENTED_EDGE ( 'NONE', *, *, #2261, .T. ) ;
#222 = AXIS2_PLACEMENT_3D ( 'NONE', #7481, #3928, #8843 ) ;
#223 = VERTEX_POINT ( 'NONE', #8336 ) ;
#224 = VECTOR ( 'NONE', #4953, 1000.000000000000000 ) ;
#225 = PLANE ( 'NONE',  #6301 ) ;
#226 = EDGE_CURVE ( 'NONE', #7457, #7915, #3449, .T. ) ;
#227 = VERTEX_POINT ( 'NONE', #7623 ) ;
#228 = DIRECTION ( 'NONE',  ( 0.000000000000000000, 0.000000000000000000, -1.000000000000000000 ) ) ;
#229 = VECTOR ( 'NONE', #5405, 1000.000000000000000 ) ;
#230 = AXIS2_PLACEMENT_3D ( 'NONE', #925, #7851, #4406 ) ;
#231 = VECTOR ( 'NONE', #7911, 1000.000000000000000 ) ;
#232 = CARTESIAN_POINT ( 'NONE',  ( 4.324500000000000455, 1.119999999999999885, 3.000000000000000000 ) ) ;
#233 = ORIENTED_EDGE ( 'NONE', *, *, #5200, .T. ) ;
#234 = EDGE_CURVE ( 'NONE', #1571, #8696, #8820, .T. ) ;
#235 = EDGE_CURVE ( 'NONE', #2898, #6669, #4949, .T. ) ;
#236 = DIRECTION ( 'NONE',  ( -0.000000000000000000, -0.000000000000000000, 1.000000000000000000 ) ) ;
#237 = VECTOR ( 'NONE', #5250, 1000.000000000000000 ) ;
#238 = DIRECTION ( 'NONE',  ( 1.000000000000000000, -0.000000000000000000, -0.000000000000000000 ) ) ;
#239 = CARTESIAN_POINT ( 'NONE',  ( 1.094500000000000028, 1.071938878923327065, 3.285312666603656062 ) ) ;
#240 = VERTEX_POINT ( 'NONE', #815 ) ;
#241 = CARTESIAN_POINT ( 'NONE',  ( 4.324500000000000455, 1.071938878923327065, 3.285312666603656062 ) ) ;
#242 = ORIENTED_EDGE ( 'NONE', *, *, #5238, .T. ) ;
#243 = LINE ( 'NONE', #4873, #448 ) ;
#244 = DIRECTION ( 'NONE',  ( 1.000000000000000000, -0.000000000000000000, -0.000000000000000000 ) ) ;
#245 = ORIENTED_EDGE ( 'NONE', *, *, #5546, .T. ) ;
#246 = CIRCLE ( 'NONE', #1171, 0.1199999999999998845 ) ;
#247 = ORIENTED_EDGE ( 'NONE', *, *, #7632, .F. ) ;
#248 = FACE_OUTER_BOUND ( 'NONE', #8398, .T. ) ;
#249 = EDGE_CURVE ( 'NONE', #1490, #1364, #4733, .T. ) ;
#250 = DIRECTION ( 'NONE',  ( 0.000000000000000000, 0.9945218953682735119, -0.1045284632676515141 ) ) ;
#251 = ADVANCED_FACE ( 'NONE', ( #1604 ), #8473, .F. ) ;
#252 = CYLINDRICAL_SURFACE ( 'NONE', #7176, 0.02000000000000005246 ) ;
#253 = CIRCLE ( 'NONE', #2392, 0.09999999999999993616 ) ;
#254 = CARTESIAN_POINT ( 'NONE',  ( 1.324500000000000233, 1.071938878923327065, -0.2853126666036561732 ) ) ;
#255 = LINE ( 'NONE', #5582, #3929 ) ;
#256 = CARTESIAN_POINT ( 'NONE',  ( 4.094500000000000028, 0.7125687761248744589, -0.5924438146274771944 ) ) ;
#257 = FACE_OUTER_BOUND ( 'NONE', #4061, .T. ) ;
#258 = DIRECTION ( 'NONE',  ( 0.000000000000000000, 0.000000000000000000, 1.000000000000000000 ) ) ;
#259 = VECTOR ( 'NONE', #5506, 1000.000000000000000 ) ;
#260 = PLANE ( 'NONE',  #7012 ) ;
#261 = AXIS2_PLACEMENT_3D ( 'NONE', #8737, #344, #1044 ) ;
#262 = EDGE_LOOP ( 'NONE', ( #7349, #2536, #8859, #1580 ) ) ;
#263 = VERTEX_POINT ( 'NONE', #2227 ) ;
#264 = CARTESIAN_POINT ( 'NONE',  ( 1.347000000000000641, 0.5999999999999999778, 0.5544999999999995488 ) ) ;
#265 = CYLINDRICAL_SURFACE ( 'NONE', #3322, 0.1200000000000000233 ) ;
#266 = LINE ( 'NONE', #2033, #3191 ) ;
#267 = ORIENTED_EDGE ( 'NONE', *, *, #3251, .T. ) ;
#268 = VERTEX_POINT ( 'NONE', #7826 ) ;
#269 = EDGE_CURVE ( 'NONE', #4086, #7496, #2794, .T. ) ;
#270 = AXIS2_PLACEMENT_3D ( 'NONE', #2023, #608, #700 ) ;
#271 = AXIS2_PLACEMENT_3D ( 'NONE', #5746, #1592, #6462 ) ;
#272 = VECTOR ( 'NONE', #8154, 1000.000000000000000 ) ;
#273 = ORIENTED_EDGE ( 'NONE', *, *, #3099, .T. ) ;
#274 = CARTESIAN_POINT ( 'NONE',  ( 1.297000000000000597, 0.6500000000000000222, 0.7944999999999997620 ) ) ;
#275 = DIRECTION ( 'NONE',  ( 1.000000000000000000, -0.000000000000000000, -0.000000000000000000 ) ) ;
#276 = EDGE_CURVE ( 'NONE', #5134, #4045, #8167, .T. ) ;
#277 = CARTESIAN_POINT ( 'NONE',  ( 4.594500000000000028, 1.071938878923327065, -0.2853126666036561732 ) ) ;
#278 = EDGE_CURVE ( 'NONE', #9036, #506, #7272, .T. ) ;
#279 = EDGE_LOOP ( 'NONE', ( #298, #8797, #5693, #1676 ) ) ;
#280 = DIRECTION ( 'NONE',  ( 1.000000000000000000, 0.000000000000000000, 0.000000000000000000 ) ) ;
#281 = VERTEX_POINT ( 'NONE', #6195 ) ;
#282 = DIRECTION ( 'NONE',  ( 1.000000000000000000, 0.000000000000000000, 0.000000000000000000 ) ) ;
#283 = AXIS2_PLACEMENT_3D ( 'NONE', #6963, #728, #5661 ) ;
#284 = CARTESIAN_POINT ( 'NONE',  ( 0.8149647589960815619, 1.459999999999999964, 3.000000000000000000 ) ) ;
#285 = FACE_OUTER_BOUND ( 'NONE', #2217, .T. ) ;
#286 = ORIENTED_EDGE ( 'NONE', *, *, #7205, .F. ) ;
#287 = ADVANCED_FACE ( 'NONE', ( #1496 ), #8611, .T. ) ;
#288 = PLANE ( 'NONE',  #4664 ) ;
#289 = EDGE_LOOP ( 'NONE', ( #4754, #7907, #4415, #4746 ) ) ;
#290 = APPLICATION_CONTEXT ( 'automotive_design' ) ;
#291 = ORIENTED_EDGE ( 'NONE', *, *, #2175, .F. ) ;
#292 = EDGE_LOOP ( 'NONE', ( #4331, #2782, #4827, #3557, #4524, #2566, #1755, #6327, #1156, #4629, #2121, #6929, #928, #1334, #3963, #3551, #8344, #233, #623, #1651 ) ) ;
#293 = CARTESIAN_POINT ( 'NONE',  ( 2.324500000000000011, 0.6749881066967827747, -0.9500000000000002887 ) ) ;
#294 = EDGE_CURVE ( 'NONE', #6180, #3660, #6428, .T. ) ;
#295 = VERTEX_POINT ( 'NONE', #3497 ) ;
#296 = VECTOR ( 'NONE', #2309, 1000.000000000000000 ) ;
#297 = ORIENTED_EDGE ( 'NONE', *, *, #5966, .F. ) ;
#298 = ORIENTED_EDGE ( 'NONE', *, *, #3099, .F. ) ;
#299 = FACE_OUTER_BOUND ( 'NONE', #6006, .T. ) ;
#300 = VERTEX_POINT ( 'NONE', #2037 ) ;
#301 = FILL_AREA_STYLE_COLOUR ( '', #6209 ) ;
#302 = CARTESIAN_POINT ( 'NONE',  ( 2.094500000000000028, 0.8996209656617012440, -0.1890749652305044881 ) ) ;
#303 = LINE ( 'NONE', #5450, #8393 ) ;
#304 = SURFACE_STYLE_USAGE ( .BOTH. , #4514 ) ;
#305 = ORIENTED_EDGE ( 'NONE', *, *, #424, .F. ) ;
#306 = CARTESIAN_POINT ( 'NONE',  ( 1.324500000000000233, 0.9399999999999998357, 3.000000000000000000 ) ) ;
#307 = ORIENTED_EDGE ( 'NONE', *, *, #3691, .T. ) ;
#308 = CARTESIAN_POINT ( 'NONE',  ( 1.297000000000000375, 0.6500000000000000222, 2.205499999999999350 ) ) ;
#309 = VERTEX_POINT ( 'NONE', #6305 ) ;
#310 = EDGE_CURVE ( 'NONE', #8265, #455, #958, .T. ) ;
#311 = PLANE ( 'NONE',  #1675 ) ;
#312 = FACE_OUTER_BOUND ( 'NONE', #2961, .T. ) ;
#313 = CARTESIAN_POINT ( 'NONE',  ( 1.824500000000000233, 0.8120209656617016769, -0.6028966609542426580 ) ) ;
#314 = EDGE_CURVE ( 'NONE', #5375, #4279, #6505, .T. ) ;
#315 = DIRECTION ( 'NONE',  ( 0.000000000000000000, 0.000000000000000000, -1.000000000000000000 ) ) ;
#316 = CARTESIAN_POINT ( 'NONE',  ( 1.324500000000000233, 0.8399999999999998579, -0.1087920875194620801 ) ) ;
#317 = ORIENTED_EDGE ( 'NONE', *, *, #4224, .F. ) ;
#318 = EDGE_CURVE ( 'NONE', #5745, #2436, #740, .T. ) ;
#319 = AXIS2_PLACEMENT_3D ( 'NONE', #3579, #6921, #4136 ) ;
#320 = VECTOR ( 'NONE', #4010, 1000.000000000000114 ) ;
#321 = CARTESIAN_POINT ( 'NONE',  ( 1.324500000000000233, 1.119999999999999885, 0.000000000000000000 ) ) ;
#322 = AXIS2_PLACEMENT_3D ( 'NONE', #985, #7343, #1641 ) ;
#323 = CYLINDRICAL_SURFACE ( 'NONE', #768, 0.2799999999999999711 ) ;
#324 = ORIENTED_EDGE ( 'NONE', *, *, #955, .T. ) ;
#325 = FACE_OUTER_BOUND ( 'NONE', #8379, .T. ) ;
#326 = EDGE_CURVE ( 'NONE', #6315, #6263, #1382, .T. ) ;
#327 = CARTESIAN_POINT ( 'NONE',  ( 2.094500000000000028, 0.5335548349585852446, 3.573628691239299382 ) ) ;
#328 = LINE ( 'NONE', #560, #8424 ) ;
#329 = ADVANCED_FACE ( 'NONE', ( #6713 ), #4427, .F. ) ;
#330 = EDGE_CURVE ( 'NONE', #7727, #2744, #1264, .T. ) ;
#331 = CARTESIAN_POINT ( 'NONE',  ( 4.092000000000001414, 0.5999999999999998668, 0.5544999999999998819 ) ) ;
#332 = CARTESIAN_POINT ( 'NONE',  ( 1.013864306784659997, 2.187138643067843891, 0.3138643067846584866 ) ) ;
#333 = AXIS2_PLACEMENT_3D ( 'NONE', #4700, #8341, #5452 ) ;
#334 = DIRECTION ( 'NONE',  ( 1.000000000000000000, -0.000000000000000000, -0.000000000000000000 ) ) ;
#335 = LINE ( 'NONE', #2640, #2612 ) ;
#336 = CARTESIAN_POINT ( 'NONE',  ( 1.324500000000000233, 0.8996209656617012440, 3.189074965230504599 ) ) ;
#337 = FACE_OUTER_BOUND ( 'NONE', #959, .T. ) ;
#338 = UNCERTAINTY_MEASURE_WITH_UNIT (LENGTH_MEASURE( 1.000000000000000082E-05 ), #963, 'distance_accuracy_value', 'NONE');
#339 = DIRECTION ( 'NONE',  ( 0.000000000000000000, 0.000000000000000000, 1.000000000000000000 ) ) ;
#340 = ORIENTED_EDGE ( 'NONE', *, *, #1250, .F. ) ;
#341 = FACE_OUTER_BOUND ( 'NONE', #4176, .T. ) ;
#342 = ORIENTED_EDGE ( 'NONE', *, *, #6072, .T. ) ;
#343 = DIRECTION ( 'NONE',  ( 0.000000000000000000, 0.000000000000000000, -1.000000000000000000 ) ) ;
#344 = DIRECTION ( 'NONE',  ( 0.000000000000000000, 0.5962096566170173029, 0.8028287771104236636 ) ) ;
#345 = DIRECTION ( 'NONE',  ( -1.000000000000000000, 0.000000000000000000, 0.000000000000000000 ) ) ;
#346 = DIRECTION ( 'NONE',  ( 1.000000000000000000, -0.000000000000000000, -0.000000000000000000 ) ) ;
#347 = PRESENTATION_STYLE_ASSIGNMENT (( #6804 ) ) ;
#348 = EDGE_LOOP ( 'NONE', ( #5939, #4220, #3972, #8785 ) ) ;
#349 = SURFACE_SIDE_STYLE ('',( #8668 ) ) ;
#350 = VECTOR ( 'NONE', #1475, 1000.000000000000000 ) ;
#351 = FACE_OUTER_BOUND ( 'NONE', #6012, .T. ) ;
#352 = CIRCLE ( 'NONE', #2662, 0.09999999999999982514 ) ;
#353 = DIRECTION ( 'NONE',  ( 0.000000000000000000, 0.000000000000000000, 1.000000000000000000 ) ) ;
#354 = LINE ( 'NONE', #3337, #8108 ) ;
#355 = LINE ( 'NONE', #241, #6219 ) ;
#356 = DIRECTION ( 'NONE',  ( 0.000000000000000000, -0.000000000000000000, 1.000000000000000000 ) ) ;
#357 = AXIS2_PLACEMENT_3D ( 'NONE', #4537, #1690, #3179 ) ;
#358 = DIRECTION ( 'NONE',  ( 0.000000000000000000, 0.000000000000000000, 1.000000000000000000 ) ) ;
#359 = AXIS2_PLACEMENT_3D ( 'NONE', #1729, #3813, #6508 ) ;
#360 = VECTOR ( 'NONE', #6242, 1000.000000000000000 ) ;
#361 = VECTOR ( 'NONE', #1980, 999.9999999999998863 ) ;
#362 = LINE ( 'NONE', #2809, #2213 ) ;
#363 = VERTEX_POINT ( 'NONE', #8907 ) ;
#364 = ORIENTED_EDGE ( 'NONE', *, *, #3725, .F. ) ;
#365 = PLANE ( 'NONE',  #6210 ) ;
#366 = AXIS2_PLACEMENT_3D ( 'NONE', #3976, #8900, #538 ) ;
#367 = ORIENTED_EDGE ( 'NONE', *, *, #766, .T. ) ;
#368 = PLANE ( 'NONE',  #3459 ) ;
#369 = FACE_OUTER_BOUND ( 'NONE', #7946, .T. ) ;
#370 = EDGE_CURVE ( 'NONE', #5259, #8236, #1059, .T. ) ;
#371 = CARTESIAN_POINT ( 'NONE',  ( 1.824500000000000233, 0.6749881066967827747, 3.950000000000000178 ) ) ;
#372 = VERTEX_POINT ( 'NONE', #8147 ) ;
#373 = ADVANCED_FACE ( 'NONE', ( #5068 ), #8728, .F. ) ;
#374 = CARTESIAN_POINT ( 'NONE',  ( 3.324500000000000011, 0.8399999999999998579, 3.108792087519462122 ) ) ;
#375 = SURFACE_STYLE_USAGE ( .BOTH. , #993 ) ;
#376 = ORIENTED_EDGE ( 'NONE', *, *, #5369, .T. ) ;
#377 = CARTESIAN_POINT ( 'NONE',  ( 3.824500000000000011, 0.9399999999999998357, 0.000000000000000000 ) ) ;
#378 = ORIENTED_EDGE ( 'NONE', *, *, #5077, .T. ) ;
#379 = EDGE_LOOP ( 'NONE', ( #5983, #7605, #2128, #1792, #1584, #4927, #4063, #894, #8155, #7342, #2844, #8484 ) ) ;
#380 = VECTOR ( 'NONE', #8676, 1000.000000000000000 ) ;
#381 = ORIENTED_EDGE ( 'NONE', *, *, #6654, .F. ) ;
#382 = EDGE_CURVE ( 'NONE', #1718, #6949, #3229, .T. ) ;
#383 = AXIS2_PLACEMENT_3D ( 'NONE', #6264, #680, #1361 ) ;
#384 = PRODUCT_DEFINITION_FORMATION_WITH_SPECIFIED_SOURCE ( 'ANY', '', #3661, .NOT_KNOWN. ) ;
#385 = DIRECTION ( 'NONE',  ( 0.000000000000000000, 0.000000000000000000, -1.000000000000000000 ) ) ;
#386 = ORIENTED_EDGE ( 'NONE', *, *, #2484, .T. ) ;
#387 = EDGE_LOOP ( 'NONE', ( #7460, #5058, #3672, #5464 ) ) ;
#388 = DIRECTION ( 'NONE',  ( 1.000000000000000000, -0.000000000000000000, -0.000000000000000000 ) ) ;
#389 = PLANE ( 'NONE',  #1773 ) ;
#390 = EDGE_LOOP ( 'NONE', ( #2467, #3106, #838, #4202 ) ) ;
#391 = VERTEX_POINT ( 'NONE', #5641 ) ;
#392 = EDGE_CURVE ( 'NONE', #3840, #8936, #3565, .T. ) ;
#393 = CARTESIAN_POINT ( 'NONE',  ( 3.324500000000000011, 0.8996209656617012440, 3.189074965230504599 ) ) ;
#394 = EDGE_CURVE ( 'NONE', #5757, #2077, #5497, .T. ) ;
#395 = VERTEX_POINT ( 'NONE', #1996 ) ;
#396 = LINE ( 'NONE', #4687, #8597 ) ;
#397 = CARTESIAN_POINT ( 'NONE',  ( 3.094500000000000028, 0.4984000000000007313, 3.908104603363323548 ) ) ;
#398 = EDGE_LOOP ( 'NONE', ( #2981, #7259, #2923, #8293 ) ) ;
#399 = DIRECTION ( 'NONE',  ( 1.000000000000000000, 0.000000000000000000, 0.000000000000000000 ) ) ;
#400 = ORIENTED_EDGE ( 'NONE', *, *, #6512, .F. ) ;
#401 = VERTEX_POINT ( 'NONE', #1968 ) ;
#402 = ORIENTED_EDGE ( 'NONE', *, *, #8808, .F. ) ;
#403 = DIRECTION ( 'NONE',  ( 0.000000000000000000, 0.9945218953682735119, -0.1045284632676515141 ) ) ;
#404 = DIRECTION ( 'NONE',  ( 1.000000000000000000, 0.000000000000000000, -1.239088197126290669E-15 ) ) ;
#405 = ORIENTED_EDGE ( 'NONE', *, *, #2136, .F. ) ;
#406 = CARTESIAN_POINT ( 'NONE',  ( 1.324500000000000233, 1.119999999999999885, 3.000000000000000000 ) ) ;
#407 = DIRECTION ( 'NONE',  ( 0.000000000000000000, 0.9729913731149246736, -0.2308414777372849447 ) ) ;
#408 = LINE ( 'NONE', #6421, #9043 ) ;
#409 = ORIENTED_EDGE ( 'NONE', *, *, #1150, .T. ) ;
#410 = ORIENTED_EDGE ( 'NONE', *, *, #793, .T. ) ;
#411 = CARTESIAN_POINT ( 'NONE',  ( 0.8245000000000001217, 0.7125687761248743479, -0.5924438146274771944 ) ) ;
#412 = EDGE_CURVE ( 'NONE', #281, #7721, #4840, .T. ) ;
#413 = ORIENTED_EDGE ( 'NONE', *, *, #2079, .F. ) ;
#414 =( GEOMETRIC_REPRESENTATION_CONTEXT ( 3 ) GLOBAL_UNCERTAINTY_ASSIGNED_CONTEXT ( ( #3015 ) ) GLOBAL_UNIT_ASSIGNED_CONTEXT ( ( #2940, #8549, #4332 ) ) REPRESENTATION_CONTEXT ( 'NONE', 'WORKASPACE' ) );
#415 = ORIENTED_EDGE ( 'NONE', *, *, #1955, .F. ) ;
#416 = DIRECTION ( 'NONE',  ( 0.000000000000000000, 0.000000000000000000, 1.000000000000000000 ) ) ;
#417 = VERTEX_POINT ( 'NONE', #6096 ) ;
#418 = VERTEX_POINT ( 'NONE', #8274 ) ;
#419 = ADVANCED_FACE ( 'NONE', ( #2362 ), #2651, .T. ) ;
#420 = ORIENTED_EDGE ( 'NONE', *, *, #326, .F. ) ;
#421 = CARTESIAN_POINT ( 'NONE',  ( 3.824500000000000011, 0.8120209656617016769, 3.602896660954242769 ) ) ;
#422 =( NAMED_UNIT ( * ) SI_UNIT ( $, .STERADIAN. ) SOLID_ANGLE_UNIT ( ) );
#423 = VECTOR ( 'NONE', #8262, 1000.000000000000000 ) ;
#424 = EDGE_CURVE ( 'NONE', #8192, #5407, #6598, .T. ) ;
#425 = DIRECTION ( 'NONE',  ( 0.000000000000000000, 0.000000000000000000, -1.000000000000000000 ) ) ;
#426 = AXIS2_PLACEMENT_3D ( 'NONE', #2497, #6734, #3744 ) ;
#427 = DIRECTION ( 'NONE',  ( -1.000000000000000000, 0.000000000000000000, 0.000000000000000000 ) ) ;
#428 = EDGE_LOOP ( 'NONE', ( #3474, #5794, #1288, #5251 ) ) ;
#429 = ADVANCED_FACE ( 'NONE', ( #7726 ), #8355, .T. ) ;
#430 = DIRECTION ( 'NONE',  ( 0.000000000000000000, -0.9945218953682732899, 0.1045284632676540260 ) ) ;
#431 = DIRECTION ( 'NONE',  ( -2.824178620696807171E-17, -1.000000000000000000, 0.000000000000000000 ) ) ;
#432 = EDGE_CURVE ( 'NONE', #3555, #6315, #5377, .T. ) ;
#433 = LINE ( 'NONE', #1024, #6533 ) ;
#434 = CARTESIAN_POINT ( 'NONE',  ( 3.824500000000000011, 0.6749881066967827747, 3.950000000000000178 ) ) ;
#435 = EDGE_CURVE ( 'NONE', #6384, #4807, #3970, .T. ) ;
#436 = VERTEX_POINT ( 'NONE', #1453 ) ;
#437 = DIRECTION ( 'NONE',  ( 0.000000000000000000, 0.000000000000000000, 1.000000000000000000 ) ) ;
#438 = LINE ( 'NONE', #6189, #3902 ) ;
#439 = AXIS2_PLACEMENT_3D ( 'NONE', #105, #8371, #4842 ) ;
#440 = DIRECTION ( 'NONE',  ( 0.000000000000000000, -0.5962096566170164147, -0.8028287771104244408 ) ) ;
#441 = FACE_OUTER_BOUND ( 'NONE', #8714, .T. ) ;
#442 = VERTEX_POINT ( 'NONE', #2149 ) ;
#443 = DIRECTION ( 'NONE',  ( 0.000000000000000000, -1.000000000000000000, 0.000000000000000000 ) ) ;
#444 = ORIENTED_EDGE ( 'NONE', *, *, #566, .F. ) ;
#445 = VERTEX_POINT ( 'NONE', #1614 ) ;
#446 = EDGE_CURVE ( 'NONE', #8603, #4726, #3774, .T. ) ;
#447 = DIRECTION ( 'NONE',  ( 0.000000000000000000, 0.000000000000000000, 1.000000000000000000 ) ) ;
#448 = VECTOR ( 'NONE', #4811, 1000.000000000000000 ) ;
#449 = EDGE_CURVE ( 'NONE', #3745, #3006, #4207, .T. ) ;
#450 = DIRECTION ( 'NONE',  ( -0.000000000000000000, -0.000000000000000000, 1.000000000000000000 ) ) ;
#451 = UNCERTAINTY_MEASURE_WITH_UNIT (LENGTH_MEASURE( 1.000000000000000082E-05 ), #5190, 'distance_accuracy_value', 'NONE');
#452 = ORIENTED_EDGE ( 'NONE', *, *, #1230, .T. ) ;
#453 = AXIS2_PLACEMENT_3D ( 'NONE', #2154, #2854, #5563 ) ;
#455 = VERTEX_POINT ( 'NONE', #3686 ) ;
#454 = CARTESIAN_POINT ( 'NONE',  ( 4.324500000000000455, 0.5335548349585852446, 3.573628691239299382 ) ) ;
#456 = VECTOR ( 'NONE', #6548, 1000.000000000000000 ) ;
#457 = CARTESIAN_POINT ( 'NONE',  ( 0.8149647589960814509, 0.5999999999999999778, 2.885035241003918838 ) ) ;
#458 = CARTESIAN_POINT ( 'NONE',  ( 4.492000000000000881, 0.5999999999999999778, 2.205500000000000238 ) ) ;
#459 = VECTOR ( 'NONE', #2721, 1000.000000000000000 ) ;
#460 = CARTESIAN_POINT ( 'NONE',  ( 2.594500000000000028, 0.6749881066967827747, -0.9500000000000002887 ) ) ;
#461 = FACE_OUTER_BOUND ( 'NONE', #7755, .T. ) ;
#462 = EDGE_CURVE ( 'NONE', #4088, #7933, #6820, .T. ) ;
#463 = ADVANCED_FACE ( 'NONE', ( #210 ), #8016, .F. ) ;
#464 = CARTESIAN_POINT ( 'NONE',  ( 0.8245000000000001217, 0.8120209656617016769, -0.6028966609542426580 ) ) ;
#465 = LINE ( 'NONE', #8419, #157 ) ;
#466 = DIRECTION ( 'NONE',  ( 0.000000000000000000, -0.8028287771104236636, -0.5962096566170173029 ) ) ;
#467 = LINE ( 'NONE', #8073, #2973 ) ;
#468 = LINE ( 'NONE', #3508, #2094 ) ;
#469 = DIRECTION ( 'NONE',  ( 0.000000000000000000, 0.000000000000000000, 1.000000000000000000 ) ) ;
#470 = CIRCLE ( 'NONE', #3335, 0.09999999999999993616 ) ;
#471 = ORIENTED_EDGE ( 'NONE', *, *, #5077, .F. ) ;
#472 = DIRECTION ( 'NONE',  ( 1.000000000000000000, -0.000000000000000000, -0.000000000000000000 ) ) ;
#473 = ADVANCED_FACE ( 'NONE', ( #299 ), #3478, .F. ) ;
#474 = ORIENTED_EDGE ( 'NONE', *, *, #5193, .T. ) ;
#475 = AXIS2_PLACEMENT_3D ( 'NONE', #7172, #2985, #8533 ) ;
#476 = PRESENTATION_STYLE_ASSIGNMENT (( #4793 ) ) ;
#477 = LINE ( 'NONE', #6190, #6570 ) ;
#478 = ORIENTED_EDGE ( 'NONE', *, *, #6996, .F. ) ;
#479 = CARTESIAN_POINT ( 'NONE',  ( 3.824500000000000011, 0.5335548349585852446, -0.5736286912392993820 ) ) ;
#480 =( NAMED_UNIT ( * ) SI_UNIT ( $, .STERADIAN. ) SOLID_ANGLE_UNIT ( ) );
#481 = EDGE_CURVE ( 'NONE', #2360, #4596, #3019, .T. ) ;
#482 = ORIENTED_EDGE ( 'NONE', *, *, #5244, .F. ) ;
#483 = DIRECTION ( 'NONE',  ( 0.000000000000000000, 0.000000000000000000, 1.000000000000000000 ) ) ;
#484 = ORIENTED_EDGE ( 'NONE', *, *, #8537, .F. ) ;
#485 = FACE_OUTER_BOUND ( 'NONE', #3448, .T. ) ;
#486 = ORIENTED_EDGE ( 'NONE', *, *, #5854, .F. ) ;
#487 = DIRECTION ( 'NONE',  ( 1.000000000000000000, 0.000000000000000000, 0.000000000000000000 ) ) ;
#488 = EDGE_CURVE ( 'NONE', #7736, #8578, #5276, .T. ) ;
#489 = DIRECTION ( 'NONE',  ( 1.000000000000000000, 0.000000000000000000, 0.000000000000000000 ) ) ;
#490 = AXIS2_PLACEMENT_3D ( 'NONE', #7307, #7521, #8283 ) ;
#491 = AXIS2_PLACEMENT_3D ( 'NONE', #3048, #3720, #2441 ) ;
#492 = ORIENTED_EDGE ( 'NONE', *, *, #8245, .T. ) ;
#493 = CARTESIAN_POINT ( 'NONE',  ( 3.594500000000000028, 0.5335548349585852446, 3.573628691239299382 ) ) ;
#494 = VERTEX_POINT ( 'NONE', #3622 ) ;
#495 = VECTOR ( 'NONE', #4977, 999.9999999999998863 ) ;
#496 = ORIENTED_EDGE ( 'NONE', *, *, #3806, .F. ) ;
#497 = CARTESIAN_POINT ( 'NONE',  ( 2.324500000000000011, 1.071938878923327065, -0.2853126666036561732 ) ) ;
#498 = EDGE_CURVE ( 'NONE', #3840, #8724, #3677, .T. ) ;
#499 = CIRCLE ( 'NONE', #270, 0.2799999999999998601 ) ;
#500 = DIRECTION ( 'NONE',  ( 1.000000000000000000, 0.000000000000000000, 0.000000000000000000 ) ) ;
#501 = EDGE_LOOP ( 'NONE', ( #8589, #7045, #7809, #6504 ) ) ;
#502 = EDGE_CURVE ( 'NONE', #8161, #6571, #833, .T. ) ;
#503 = VERTEX_POINT ( 'NONE', #3348 ) ;
#504 = CARTESIAN_POINT ( 'NONE',  ( 4.092000000000001414, 0.6499999999999999112, 0.6745000000000010987 ) ) ;
#505 = ORIENTED_EDGE ( 'NONE', *, *, #1715, .T. ) ;
#506 = VERTEX_POINT ( 'NONE', #6555 ) ;
#507 = DIRECTION ( 'NONE',  ( 0.000000000000000000, 0.000000000000000000, -1.000000000000000000 ) ) ;
#508 = AXIS2_PLACEMENT_3D ( 'NONE', #5803, #7953, #8715 ) ;
#509 = ORIENTED_EDGE ( 'NONE', *, *, #498, .F. ) ;
#510 = ADVANCED_FACE ( 'NONE', ( #6798 ), #7141, .F. ) ;
#511 = FACE_OUTER_BOUND ( 'NONE', #6281, .T. ) ;
#512 = CARTESIAN_POINT ( 'NONE',  ( 3.594500000000000028, 0.8996209656617012440, -0.1890749652305044881 ) ) ;
#513 = ORIENTED_EDGE ( 'NONE', *, *, #4107, .F. ) ;
#514 = ORIENTED_EDGE ( 'NONE', *, *, #4108, .T. ) ;
#515 = EDGE_CURVE ( 'NONE', #5917, #5187, #65, .T. ) ;
#516 = VECTOR ( 'NONE', #3494, 1000.000000000000000 ) ;
#517 = DIRECTION ( 'NONE',  ( 1.000000000000000000, 0.000000000000000000, 0.000000000000000000 ) ) ;
#518 = ORIENTED_EDGE ( 'NONE', *, *, #7508, .F. ) ;
#519 = CARTESIAN_POINT ( 'NONE',  ( 0.000000000000000000, 0.000000000000000000, 3.000000000000000000 ) ) ;
#520 = CARTESIAN_POINT ( 'NONE',  ( 3.824500000000000011, 0.9399999999999997247, 3.108792087519461678 ) ) ;
#521 = CARTESIAN_POINT ( 'NONE',  ( 2.824500000000000011, 1.119999999999999885, 0.000000000000000000 ) ) ;
#522 = VECTOR ( 'NONE', #8303, 1000.000000000000000 ) ;
#523 = ORIENTED_EDGE ( 'NONE', *, *, #1014, .F. ) ;
#524 = ADVANCED_FACE ( 'NONE', ( #4928 ), #8498, .F. ) ;
#525 = CARTESIAN_POINT ( 'NONE',  ( 2.824500000000000011, 1.119999999999999885, -0.1792604477561911547 ) ) ;
#526 = DIRECTION ( 'NONE',  ( 1.000000000000000000, -0.000000000000000000, -0.000000000000000000 ) ) ;
#527 = CARTESIAN_POINT ( 'NONE',  ( 3.094500000000000028, 0.7125687761248743479, -0.5924438146274771944 ) ) ;
#528 = VERTEX_POINT ( 'NONE', #3533 ) ;
#529 = VECTOR ( 'NONE', #6378, 1000.000000000000000 ) ;
#530 = DIRECTION ( 'NONE',  ( -0.000000000000000000, 0.9729913731149246736, 0.2308414777372849447 ) ) ;
#531 = CARTESIAN_POINT ( 'NONE',  ( 1.824500000000000233, 0.8399999999999998579, 3.108792087519462122 ) ) ;
#532 = DIRECTION ( 'NONE',  ( 0.000000000000000000, 0.8028287771104243298, -0.5962096566170163037 ) ) ;
#533 = DIRECTION ( 'NONE',  ( 0.000000000000000000, 0.000000000000000000, 1.000000000000000000 ) ) ;
#534 = STYLED_ITEM ( 'NONE', ( #5877 ), #2480 ) ;
#535 = ORIENTED_EDGE ( 'NONE', *, *, #7280, .F. ) ;
#536 = DIRECTION ( 'NONE',  ( 0.000000000000000000, 0.000000000000000000, -1.000000000000000000 ) ) ;
#537 = FACE_OUTER_BOUND ( 'NONE', #640, .T. ) ;
#538 = DIRECTION ( 'NONE',  ( 0.000000000000000000, 0.000000000000000000, 1.000000000000000000 ) ) ;
#539 = DIRECTION ( 'NONE',  ( 1.000000000000000000, -0.000000000000000000, -0.000000000000000000 ) ) ;
#540 = CARTESIAN_POINT ( 'NONE',  ( 3.824500000000000011, 1.119999999999999885, 3.000000000000000000 ) ) ;
#541 = ORIENTED_EDGE ( 'NONE', *, *, #1835, .F. ) ;
#542 = PRESENTATION_STYLE_ASSIGNMENT (( #304 ) ) ;
#543 = EDGE_CURVE ( 'NONE', #7648, #1571, #3431, .T. ) ;
#544 = FILL_AREA_STYLE_COLOUR ( '', #1650 ) ;
#545 = VECTOR ( 'NONE', #3290, 1000.000000000000000 ) ;
#546 = CARTESIAN_POINT ( 'NONE',  ( 2.324500000000000011, 1.119999999999999885, 3.000000000000000000 ) ) ;
#547 = DIRECTION ( 'NONE',  ( 0.000000000000000000, 0.000000000000000000, -1.000000000000000000 ) ) ;
#548 = DIRECTION ( 'NONE',  ( 1.000000000000000000, 0.000000000000000000, 1.548860246407862350E-15 ) ) ;
#549 = DIRECTION ( 'NONE',  ( -0.000000000000000000, -0.000000000000000000, 1.000000000000000000 ) ) ;
#550 = FACE_OUTER_BOUND ( 'NONE', #8596, .T. ) ;
#551 = ADVANCED_FACE ( 'NONE', ( #1474 ), #6258, .F. ) ;
#552 = CARTESIAN_POINT ( 'NONE',  ( 2.324500000000000011, 0.9399999999999998357, 3.000000000000000000 ) ) ;
#553 = EDGE_CURVE ( 'NONE', #1579, #6909, #1039, .T. ) ;
#554 = ORIENTED_EDGE ( 'NONE', *, *, #689, .T. ) ;
#555 = LINE ( 'NONE', #4615, #1654 ) ;
#556 = CARTESIAN_POINT ( 'NONE',  ( 1.824500000000000233, 1.119999999999999885, -0.1792604477561911547 ) ) ;
#557 = EDGE_LOOP ( 'NONE', ( #3340, #6756, #2568, #9016 ) ) ;
#558 = DIRECTION ( 'NONE',  ( 0.000000000000000000, -0.5962096566170164147, 0.8028287771104244408 ) ) ;
#559 = AXIS2_PLACEMENT_3D ( 'NONE', #3212, #1851, #3900 ) ;
#560 = CARTESIAN_POINT ( 'NONE',  ( 2.824500000000000011, 0.5335548349585852446, -0.5736286912392993820 ) ) ;
#561 = VECTOR ( 'NONE', #5289, 1000.000000000000000 ) ;
#562 = DIRECTION ( 'NONE',  ( -1.000000000000000000, 0.000000000000000000, 0.000000000000000000 ) ) ;
#563 = ADVANCED_FACE ( 'NONE', ( #7921 ), #7710, .T. ) ;
#564 = ORIENTED_EDGE ( 'NONE', *, *, #3820, .F. ) ;
#565 = CARTESIAN_POINT ( 'NONE',  ( 2.324500000000000011, 0.9399999999999998357, 3.000000000000000000 ) ) ;
#566 = EDGE_CURVE ( 'NONE', #3611, #5751, #8800, .T. ) ;
#567 = LINE ( 'NONE', #7662, #679 ) ;
#568 = EDGE_CURVE ( 'NONE', #6644, #938, #4405, .T. ) ;
#569 = CARTESIAN_POINT ( 'NONE',  ( 1.824500000000000233, 0.4984000000000007313, 3.908104603363323548 ) ) ;
#570 = DIRECTION ( 'NONE',  ( 1.000000000000000000, -0.000000000000000000, -0.000000000000000000 ) ) ;
#571 = VECTOR ( 'NONE', #187, 1000.000000000000000 ) ;
#572 = DIRECTION ( 'NONE',  ( 0.000000000000000000, -0.9945218953682732899, -0.1045284632676540260 ) ) ;
#573 = FACE_OUTER_BOUND ( 'NONE', #8349, .T. ) ;
#574 = DIRECTION ( 'NONE',  ( 1.000000000000000000, -0.000000000000000000, -0.000000000000000000 ) ) ;
#575 = FACE_OUTER_BOUND ( 'NONE', #6692, .T. ) ;
#576 = DIRECTION ( 'NONE',  ( 0.000000000000000000, 0.000000000000000000, 1.000000000000000000 ) ) ;
#577 = DIRECTION ( 'NONE',  ( 0.000000000000000000, -1.000000000000000000, 0.000000000000000000 ) ) ;
#578 = CARTESIAN_POINT ( 'NONE',  ( 4.594500000000000028, 0.8120209656617016769, 3.602896660954242769 ) ) ;
#579 = LINE ( 'NONE', #6989, #7436 ) ;
#580 = CARTESIAN_POINT ( 'NONE',  ( 4.492000000000000881, 0.6499999999999999112, 0.5544999999999998819 ) ) ;
#581 = DIRECTION ( 'NONE',  ( 1.000000000000000000, -0.000000000000000000, -0.000000000000000000 ) ) ;
#582 = LINE ( 'NONE', #556, #5554 ) ;
#583 = ORIENTED_EDGE ( 'NONE', *, *, #3594, .F. ) ;
#584 = EDGE_CURVE ( 'NONE', #7818, #2291, #1687, .T. ) ;
#585 = VECTOR ( 'NONE', #5224, 1000.000000000000000 ) ;
#586 = SURFACE_STYLE_FILL_AREA ( #4312 ) ;
#587 = ORIENTED_EDGE ( 'NONE', *, *, #1374, .T. ) ;
#588 = DIRECTION ( 'NONE',  ( -0.000000000000000000, 0.1045284632676540260, -0.9945218953682732899 ) ) ;
#589 = AXIS2_PLACEMENT_3D ( 'NONE', #2683, #8415, #8961 ) ;
#590 = ORIENTED_EDGE ( 'NONE', *, *, #4753, .F. ) ;
#591 = CARTESIAN_POINT ( 'NONE',  ( 3.324500000000000011, 1.119999999999999885, 0.000000000000000000 ) ) ;
#592 = DIRECTION ( 'NONE',  ( 0.000000000000000000, 0.8028287771104243298, 0.5962096566170164147 ) ) ;
#593 = FILL_AREA_STYLE ('',( #5485 ) ) ;
#594 = CARTESIAN_POINT ( 'NONE',  ( 1.347000000000000641, 0.6500000000000000222, 0.5544999999999995488 ) ) ;
#595 = ORIENTED_EDGE ( 'NONE', *, *, #2577, .F. ) ;
#596 = CIRCLE ( 'NONE', #1003, 0.09999999999999993616 ) ;
#597 = PLANE ( 'NONE',  #4183 ) ;
#598 = VERTEX_POINT ( 'NONE', #749 ) ;
#599 = EDGE_LOOP ( 'NONE', ( #6149, #821, #8494, #3877 ) ) ;
#600 = CARTESIAN_POINT ( 'NONE',  ( 2.594500000000000028, 0.8399999999999998579, 3.108792087519462122 ) ) ;
#601 = ADVANCED_FACE ( 'NONE', ( #8904 ), #2069, .F. ) ;
#602 = ORIENTED_EDGE ( 'NONE', *, *, #7934, .F. ) ;
#603 = CARTESIAN_POINT ( 'NONE',  ( 3.094500000000000028, 0.9399999999999998357, 0.000000000000000000 ) ) ;
#604 = CARTESIAN_POINT ( 'NONE',  ( 1.094500000000000028, 0.9399999999999997247, -0.1087920875194616499 ) ) ;
#605 = FACE_OUTER_BOUND ( 'NONE', #1987, .T. ) ;
#606 = EDGE_CURVE ( 'NONE', #5754, #850, #8366, .T. ) ;
#607 = VERTEX_POINT ( 'NONE', #10 ) ;
#608 = DIRECTION ( 'NONE',  ( -1.000000000000000000, 0.000000000000000000, 0.000000000000000000 ) ) ;
#609 = EDGE_CURVE ( 'NONE', #3456, #9021, #8249, .T. ) ;
#610 = EDGE_LOOP ( 'NONE', ( #5559, #5951, #6238, #212 ) ) ;
#611 = CARTESIAN_POINT ( 'NONE',  ( 3.594500000000000028, 0.8996209656617012440, -0.1890749652305044881 ) ) ;
#612 = ORIENTED_EDGE ( 'NONE', *, *, #7284, .F. ) ;
#613 = ORIENTED_EDGE ( 'NONE', *, *, #3476, .T. ) ;
#614 = ADVANCED_FACE ( 'NONE', ( #6582 ), #2734, .T. ) ;
#615 = EDGE_CURVE ( 'NONE', #1099, #3334, #1354, .T. ) ;
#616 = VERTEX_POINT ( 'NONE', #8343 ) ;
#617 = CARTESIAN_POINT ( 'NONE',  ( 1.824500000000000233, 1.119999999999999885, 0.000000000000000000 ) ) ;
#618 = CARTESIAN_POINT ( 'NONE',  ( 3.324500000000000011, 0.8996209656617012440, -0.1890749652305044881 ) ) ;
#619 = ORIENTED_EDGE ( 'NONE', *, *, #584, .F. ) ;
#620 = AXIS2_PLACEMENT_3D ( 'NONE', #5416, #3897, #5357 ) ;
#621 = DIRECTION ( 'NONE',  ( 0.000000000000000000, 0.000000000000000000, 1.000000000000000000 ) ) ;
#622 = CIRCLE ( 'NONE', #3350, 0.09999999999999993616 ) ;
#623 = ORIENTED_EDGE ( 'NONE', *, *, #7269, .T. ) ;
#624 = VERTEX_POINT ( 'NONE', #6274 ) ;
#625 = CARTESIAN_POINT ( 'NONE',  ( 0.000000000000000000, 0.5999999999999999778, 0.000000000000000000 ) ) ;
#626 = ORIENTED_EDGE ( 'NONE', *, *, #174, .F. ) ;
#627 = DIRECTION ( 'NONE',  ( 0.000000000000000000, -0.5962096566170164147, -0.8028287771104244408 ) ) ;
#628 = ORIENTED_EDGE ( 'NONE', *, *, #226, .T. ) ;
#629 = EDGE_CURVE ( 'NONE', #263, #190, #2556, .T. ) ;
#630 = EDGE_CURVE ( 'NONE', #418, #1134, #4714, .T. ) ;
#631 = CARTESIAN_POINT ( 'NONE',  ( 4.142000000000000348, 0.6500000000000000222, 0.7945000000000000950 ) ) ;
#632 = ORIENTED_EDGE ( 'NONE', *, *, #543, .T. ) ;
#633 = EDGE_CURVE ( 'NONE', #4625, #7797, #3755, .T. ) ;
#634 = LINE ( 'NONE', #1133, #1930 ) ;
#635 = ORIENTED_EDGE ( 'NONE', *, *, #1907, .F. ) ;
#636 = CARTESIAN_POINT ( 'NONE',  ( 4.324500000000000455, 1.119999999999999885, 0.000000000000000000 ) ) ;
#637 = AXIS2_PLACEMENT_3D ( 'NONE', #2026, #6838, #4750 ) ;
#638 = MANIFOLD_SOLID_BREP ( 'Fillet1', #4635 ) ;
#639 = ORIENTED_EDGE ( 'NONE', *, *, #4972, .T. ) ;
#640 = EDGE_LOOP ( 'NONE', ( #7747, #6414, #6688, #1801 ) ) ;
#641 = DIRECTION ( 'NONE',  ( 0.000000000000000000, 0.2821663239915489507, -0.9593655015712709844 ) ) ;
#642 = LINE ( 'NONE', #4381, #5945 ) ;
#643 = ORIENTED_EDGE ( 'NONE', *, *, #100, .T. ) ;
#644 = DIRECTION ( 'NONE',  ( 0.000000000000000000, 0.8028287771104243298, 0.5962096566170164147 ) ) ;
#645 = EDGE_LOOP ( 'NONE', ( #888, #4723, #7919, #1159 ) ) ;
#646 = VECTOR ( 'NONE', #1925, 1000.000000000000000 ) ;
#647 = PLANE ( 'NONE',  #2058 ) ;
#648 = CARTESIAN_POINT ( 'NONE',  ( 4.739000000000000767, 1.119999999999999885, 0.000000000000000000 ) ) ;
#649 = ADVANCED_FACE ( 'NONE', ( #5148 ), #1439, .F. ) ;
#650 = CARTESIAN_POINT ( 'NONE',  ( 4.094500000000000028, 0.9399999999999997247, 3.108792087519461678 ) ) ;
#651 = VERTEX_POINT ( 'NONE', #6232 ) ;
#652 = CARTESIAN_POINT ( 'NONE',  ( 4.094500000000000028, 0.6749881066967827747, 3.950000000000000178 ) ) ;
#653 = CARTESIAN_POINT ( 'NONE',  ( 4.142000000000000348, 0.5999999999999999778, 0.7945000000000000950 ) ) ;
#654 = VECTOR ( 'NONE', #62, 1000.000000000000114 ) ;
#655 = AXIS2_PLACEMENT_3D ( 'NONE', #183, #3692, #7084 ) ;
#656 = LINE ( 'NONE', #6881, #5961 ) ;
#657 = AXIS2_PLACEMENT_3D ( 'NONE', #3300, #3360, #6121 ) ;
#658 = DIRECTION ( 'NONE',  ( -1.000000000000000000, 0.000000000000000000, 0.000000000000000000 ) ) ;
#659 = ADVANCED_FACE ( 'NONE', ( #3315 ), #2832, .F. ) ;
#660 = CARTESIAN_POINT ( 'NONE',  ( 0.9470000000000003970, 0.5999999999999999778, 0.5544999999999994378 ) ) ;
#661 = VERTEX_POINT ( 'NONE', #9057 ) ;
#662 = CYLINDRICAL_SURFACE ( 'NONE', #6603, 0.2799999999999998601 ) ;
#663 = CARTESIAN_POINT ( 'NONE',  ( 2.324500000000000011, 1.119999999999999885, 3.000000000000000000 ) ) ;
#664 = CARTESIAN_POINT ( 'NONE',  ( 1.594500000000000028, 1.119999999999999885, 0.000000000000000000 ) ) ;
#665 = ORIENTED_EDGE ( 'NONE', *, *, #8157, .T. ) ;
#667 = ORIENTED_EDGE ( 'NONE', *, *, #1435, .F. ) ;
#666 = CARTESIAN_POINT ( 'NONE',  ( 2.094500000000000028, 0.5335548349585852446, -0.5736286912392993820 ) ) ;
#668 = AXIS2_PLACEMENT_3D ( 'NONE', #618, #5444, #5417 ) ;
#669 = DIRECTION ( 'NONE',  ( 0.000000000000000000, 0.8028287771104243298, -0.5962096566170163037 ) ) ;
#670 = VECTOR ( 'NONE', #1799, 1000.000000000000000 ) ;
#671 = DIRECTION ( 'NONE',  ( 0.000000000000000000, 0.000000000000000000, -1.000000000000000000 ) ) ;
#672 = AXIS2_PLACEMENT_3D ( 'NONE', #7453, #6708, #2542 ) ;
#673 = DIRECTION ( 'NONE',  ( 0.000000000000000000, 0.000000000000000000, 1.000000000000000000 ) ) ;
#674 = ORIENTED_EDGE ( 'NONE', *, *, #1956, .T. ) ;
#675 = CARTESIAN_POINT ( 'NONE',  ( 3.594500000000000028, 0.7125687761248744589, -0.5924438146274771944 ) ) ;
#676 = VECTOR ( 'NONE', #2761, 1000.000000000000000 ) ;
#677 = CARTESIAN_POINT ( 'NONE',  ( 0.8149647589960814509, 0.5999999999999999778, 2.885035241003918838 ) ) ;
#678 = ORIENTED_EDGE ( 'NONE', *, *, #7205, .T. ) ;
#679 = VECTOR ( 'NONE', #8418, 1000.000000000000227 ) ;
#680 = DIRECTION ( 'NONE',  ( 0.000000000000000000, 0.9945218953682735119, 0.1045284632676515141 ) ) ;
#681 = EDGE_CURVE ( 'NONE', #3687, #6909, #3543, .T. ) ;
#682 = CARTESIAN_POINT ( 'NONE',  ( 2.824500000000000011, 0.9399999999999998357, 3.000000000000000000 ) ) ;
#683 = FACE_OUTER_BOUND ( 'NONE', #2674, .T. ) ;
#684 = FACE_OUTER_BOUND ( 'NONE', #1591, .T. ) ;
#685 = CARTESIAN_POINT ( 'NONE',  ( 3.594500000000000028, 0.6749881066967827747, 3.950000000000000178 ) ) ;
#686 = DIRECTION ( 'NONE',  ( 0.000000000000000000, -0.1045284632676515280, 0.9945218953682736229 ) ) ;
#687 = ORIENTED_EDGE ( 'NONE', *, *, #3977, .F. ) ;
#688 = FACE_OUTER_BOUND ( 'NONE', #1424, .T. ) ;
#689 = EDGE_CURVE ( 'NONE', #391, #5540, #8032, .T. ) ;
#690 = FACE_OUTER_BOUND ( 'NONE', #2591, .T. ) ;
#691 = EDGE_CURVE ( 'NONE', #8358, #1899, #5047, .T. ) ;
#692 = CYLINDRICAL_SURFACE ( 'NONE', #2045, 0.09999999999999982514 ) ;
#693 = PLANE ( 'NONE',  #6566 ) ;
#694 = LINE ( 'NONE', #56, #4157 ) ;
#695 = ADVANCED_FACE ( 'NONE', ( #3209 ), #6198, .F. ) ;
#696 = DIRECTION ( 'NONE',  ( 1.000000000000000000, -0.000000000000000000, -0.000000000000000000 ) ) ;
#697 = DIRECTION ( 'NONE',  ( 0.000000000000000000, -1.000000000000000000, 0.000000000000000000 ) ) ;
#698 = VERTEX_POINT ( 'NONE', #4254 ) ;
#699 = ORIENTED_EDGE ( 'NONE', *, *, #5093, .T. ) ;
#700 = DIRECTION ( 'NONE',  ( 0.000000000000000000, 0.000000000000000000, -1.000000000000000000 ) ) ;
#701 = ORIENTED_EDGE ( 'NONE', *, *, #2586, .T. ) ;
#702 = VECTOR ( 'NONE', #1927, 1000.000000000000000 ) ;
#703 = DIRECTION ( 'NONE',  ( 0.000000000000000000, 0.000000000000000000, -1.000000000000000000 ) ) ;
#704 = VECTOR ( 'NONE', #549, 1000.000000000000000 ) ;
#705 = EDGE_LOOP ( 'NONE', ( #6917, #6739, #3439, #841 ) ) ;
#706 = CARTESIAN_POINT ( 'NONE',  ( 3.094500000000000028, 0.7523999999999998467, -0.5226137832432001806 ) ) ;
#707 = VERTEX_POINT ( 'NONE', #927 ) ;
#708 = ADVANCED_FACE ( 'NONE', ( #1581 ), #4816, .T. ) ;
#709 = DIRECTION ( 'NONE',  ( -1.000000000000000000, 0.000000000000000000, 0.000000000000000000 ) ) ;
#710 = DIRECTION ( 'NONE',  ( 1.000000000000000000, -0.000000000000000000, -0.000000000000000000 ) ) ;
#711 = ORIENTED_EDGE ( 'NONE', *, *, #8276, .F. ) ;
#712 = VECTOR ( 'NONE', #8705, 1000.000000000000000 ) ;
#713 = ORIENTED_EDGE ( 'NONE', *, *, #7218, .T. ) ;
#714 = ORIENTED_EDGE ( 'NONE', *, *, #1896, .T. ) ;
#715 = VERTEX_POINT ( 'NONE', #5764 ) ;
#716 = VECTOR ( 'NONE', #6338, 1000.000000000000000 ) ;
#717 = CARTESIAN_POINT ( 'NONE',  ( 0.9470000000000003970, 0.5999999999999999778, 0.5544999999999994378 ) ) ;
#718 = ORIENTED_EDGE ( 'NONE', *, *, #3850, .T. ) ;
#719 = FILL_AREA_STYLE ('',( #5493 ) ) ;
#720 = CARTESIAN_POINT ( 'NONE',  ( 3.324500000000000011, 0.7125687761248743479, 3.592443814627477305 ) ) ;
#721 = CARTESIAN_POINT ( 'NONE',  ( 0.7000000000000000666, 1.120000000000000329, 0.000000000000000000 ) ) ;
#722 = CARTESIAN_POINT ( 'NONE',  ( 4.324500000000000455, 1.071938878923327065, 3.285312666603656062 ) ) ;
#723 = CARTESIAN_POINT ( 'NONE',  ( 1.824500000000000233, 0.6450822618089369076, -0.3781046033633239101 ) ) ;
#724 = VECTOR ( 'NONE', #97, 1000.000000000000000 ) ;
#725 = DIRECTION ( 'NONE',  ( -1.000000000000000000, 0.000000000000000000, 1.239088197126289091E-15 ) ) ;
#726 = EDGE_LOOP ( 'NONE', ( #6386, #52, #4092, #2157, #7411, #3704, #5335, #4911, #4494, #7449, #8038, #5633 ) ) ;
#727 = ORIENTED_EDGE ( 'NONE', *, *, #4485, .T. ) ;
#728 = DIRECTION ( 'NONE',  ( 1.000000000000000000, -0.000000000000000000, -0.000000000000000000 ) ) ;
#729 = ORIENTED_EDGE ( 'NONE', *, *, #2262, .T. ) ;
#730 = CARTESIAN_POINT ( 'NONE',  ( 4.739000000000000767, 1.119999999999999885, 3.000000000000000000 ) ) ;
#731 = ORIENTED_EDGE ( 'NONE', *, *, #8356, .T. ) ;
#732 = DIRECTION ( 'NONE',  ( -1.000000000000000000, -0.000000000000000000, -0.000000000000000000 ) ) ;
#733 = ORIENTED_EDGE ( 'NONE', *, *, #5355, .T. ) ;
#734 = LINE ( 'NONE', #8434, #4835 ) ;
#735 = UNCERTAINTY_MEASURE_WITH_UNIT (LENGTH_MEASURE( 1.000000000000000082E-05 ), #4444, 'distance_accuracy_value', 'NONE');
#736 = VERTEX_POINT ( 'NONE', #3600 ) ;
#737 = EDGE_CURVE ( 'NONE', #8497, #6981, #940, .T. ) ;
#738 = ORIENTED_EDGE ( 'NONE', *, *, #8862, .T. ) ;
#739 = CARTESIAN_POINT ( 'NONE',  ( 0.8245000000000001217, 0.8120209656617016769, 3.602896660954242769 ) ) ;
#740 = LINE ( 'NONE', #5773, #8387 ) ;
#741 = ORIENTED_EDGE ( 'NONE', *, *, #1527, .T. ) ;
#742 = PLANE ( 'NONE',  #1939 ) ;
#743 = AXIS2_PLACEMENT_3D ( 'NONE', #8353, #2140, #757 ) ;
#744 = CARTESIAN_POINT ( 'NONE',  ( 4.142000000000000348, 0.6499999999999999112, 0.7945000000000000950 ) ) ;
#745 = CARTESIAN_POINT ( 'NONE',  ( 4.324500000000000455, 1.071938878923327065, 3.285312666603656062 ) ) ;
#746 = VECTOR ( 'NONE', #7466, 1000.000000000000000 ) ;
#747 = CARTESIAN_POINT ( 'NONE',  ( 0.8245000000000001217, 1.119999999999999885, 3.000000000000000000 ) ) ;
#748 = VERTEX_POINT ( 'NONE', #8470 ) ;
#749 = CARTESIAN_POINT ( 'NONE',  ( 0.9470000000000003970, 0.5999999999999999778, 2.445499999999999563 ) ) ;
#750 = EDGE_CURVE ( 'NONE', #445, #3009, #1572, .T. ) ;
#751 = VERTEX_POINT ( 'NONE', #2893 ) ;
#752 = CARTESIAN_POINT ( 'NONE',  ( 3.094500000000000028, 1.000393720129284736, -0.1889732133504053169 ) ) ;
#753 = EDGE_CURVE ( 'NONE', #5049, #7047, #5576, .T. ) ;
#754 = VERTEX_POINT ( 'NONE', #2957 ) ;
#755 = DIRECTION ( 'NONE',  ( -0.000000000000000000, 1.000000000000000000, -0.000000000000000000 ) ) ;
#756 = ADVANCED_FACE ( 'NONE', ( #6021 ), #4286, .F. ) ;
#757 = DIRECTION ( 'NONE',  ( 0.000000000000000000, 0.000000000000000000, 1.000000000000000000 ) ) ;
#758 = VECTOR ( 'NONE', #6319, 1000.000000000000000 ) ;
#759 = CARTESIAN_POINT ( 'NONE',  ( 4.094500000000000028, 0.8996209656617012440, 3.189074965230504599 ) ) ;
#760 = ORIENTED_EDGE ( 'NONE', *, *, #4093, .T. ) ;
#761 = CARTESIAN_POINT ( 'NONE',  ( 1.347000000000000419, 0.5999999999999999778, 2.445499999999999563 ) ) ;
#762 = PLANE ( 'NONE',  #1081 ) ;
#763 = ORIENTED_EDGE ( 'NONE', *, *, #6387, .T. ) ;
#764 = DIRECTION ( 'NONE',  ( 1.000000000000000000, 0.000000000000000000, 0.000000000000000000 ) ) ;
#765 = LINE ( 'NONE', #6642, #8413 ) ;
#766 = EDGE_CURVE ( 'NONE', #2792, #5757, #1345, .T. ) ;
#767 = CARTESIAN_POINT ( 'NONE',  ( 2.824500000000000011, 1.119999999999999885, 0.000000000000000000 ) ) ;
#768 = AXIS2_PLACEMENT_3D ( 'NONE', #897, #3742, #6519 ) ;
#769 = ORIENTED_EDGE ( 'NONE', *, *, #2366, .T. ) ;
#770 = CARTESIAN_POINT ( 'NONE',  ( 4.594500000000000028, 0.9399999999999998357, 3.000000000000000000 ) ) ;
#771 = DIRECTION ( 'NONE',  ( -0.000000000000000000, 1.000000000000000000, -0.000000000000000000 ) ) ;
#772 = LINE ( 'NONE', #7027, #654 ) ;
#773 = CARTESIAN_POINT ( 'NONE',  ( 2.324500000000000011, 1.071938878923327065, -0.2853126666036561732 ) ) ;
#774 = LINE ( 'NONE', #685, #4240 ) ;
#775 = CARTESIAN_POINT ( 'NONE',  ( 5.719500000000000917, 1.439999999999999947, 2.885035241003919282 ) ) ;
#776 = PLANE ( 'NONE',  #8140 ) ;
#777 =( NAMED_UNIT ( * ) PLANE_ANGLE_UNIT ( ) SI_UNIT ( $, .RADIAN. ) );
#778 = CARTESIAN_POINT ( 'NONE',  ( 1.094500000000000028, 0.8399999999999998579, -0.1087920875194620801 ) ) ;
#779 = EDGE_CURVE ( 'NONE', #8826, #5943, #2114, .T. ) ;
#780 = SURFACE_STYLE_FILL_AREA ( #8425 ) ;
#781 = DIRECTION ( 'NONE',  ( 1.000000000000000000, -0.000000000000000000, -0.000000000000000000 ) ) ;
#782 = CARTESIAN_POINT ( 'NONE',  ( 3.594500000000000028, 0.7523999999999998467, -0.5226137832432001806 ) ) ;
#783 = ORIENTED_EDGE ( 'NONE', *, *, #435, .T. ) ;
#784 = CARTESIAN_POINT ( 'NONE',  ( 1.347000000000000419, 0.6500000000000000222, 2.445499999999999563 ) ) ;
#785 = VECTOR ( 'NONE', #8019, 1000.000000000000000 ) ;
#786 = VERTEX_POINT ( 'NONE', #140 ) ;
#787 = EDGE_CURVE ( 'NONE', #7678, #3207, #3200, .T. ) ;
#788 = ADVANCED_FACE ( 'NONE', ( #2549 ), #5066, .F. ) ;
#789 = CARTESIAN_POINT ( 'NONE',  ( 3.594500000000000028, 0.8399999999999998579, -0.1087920875194620801 ) ) ;
#790 = ORIENTED_EDGE ( 'NONE', *, *, #278, .T. ) ;
#791 = DIRECTION ( 'NONE',  ( 1.000000000000000000, -0.000000000000000000, -0.000000000000000000 ) ) ;
#792 = VECTOR ( 'NONE', #2605, 1000.000000000000114 ) ;
#793 = EDGE_CURVE ( 'NONE', #6530, #7915, #7353, .T. ) ;
#794 = MECHANICAL_DESIGN_GEOMETRIC_PRESENTATION_REPRESENTATION (  '', ( #3455 ), #7857 ) ;
#795 = ORIENTED_EDGE ( 'NONE', *, *, #8568, .T. ) ;
#796 = LINE ( 'NONE', #4233, #2199 ) ;
#797 = AXIS2_PLACEMENT_3D ( 'NONE', #3246, #1158, #2519 ) ;
#798 = AXIS2_PLACEMENT_3D ( 'NONE', #87, #7055, #2933 ) ;
#799 = CARTESIAN_POINT ( 'NONE',  ( 0.8245000000000001217, 0.6749881066967827747, -0.9500000000000002887 ) ) ;
#800 = ADVANCED_FACE ( 'NONE', ( #4597 ), #7174, .F. ) ;
#801 = LINE ( 'NONE', #3750, #2642 ) ;
#802 = DIRECTION ( 'NONE',  ( 0.000000000000000000, 0.000000000000000000, 1.000000000000000000 ) ) ;
#803 = DIRECTION ( 'NONE',  ( 0.000000000000000000, 0.000000000000000000, 1.000000000000000000 ) ) ;
#804 = LINE ( 'NONE', #3627, #1011 ) ;
#805 = VECTOR ( 'NONE', #8659, 1000.000000000000000 ) ;
#806 = EDGE_CURVE ( 'NONE', #6130, #8156, #6683, .T. ) ;
#807 = VECTOR ( 'NONE', #4354, 999.9999999999998863 ) ;
#808 = EDGE_CURVE ( 'NONE', #442, #1928, #7581, .T. ) ;
#809 = DIRECTION ( 'NONE',  ( 0.000000000000000000, 0.5962096566170173029, 0.8028287771104236636 ) ) ;
#810 = DIRECTION ( 'NONE',  ( 0.000000000000000000, 1.000000000000000000, 0.000000000000000000 ) ) ;
#811 = LINE ( 'NONE', #321, #7545 ) ;
#812 = AXIS2_PLACEMENT_3D ( 'NONE', #77, #3569, #4901 ) ;
#813 = LINE ( 'NONE', #4747, #8230 ) ;
#814 = FILL_AREA_STYLE_COLOUR ( '', #2597 ) ;
#815 = CARTESIAN_POINT ( 'NONE',  ( 4.092000000000001414, 0.6499999999999999112, 2.325499999999999012 ) ) ;
#816 = COLOUR_RGB ( '',0.8941176470588234615, 0.9137254901960784048, 0.9294117647058823817 ) ;
#817 = ORIENTED_EDGE ( 'NONE', *, *, #1549, .F. ) ;
#818 = LINE ( 'NONE', #8270, #1231 ) ;
#819 = CARTESIAN_POINT ( 'NONE',  ( 2.324500000000000011, 0.8996209656617012440, 3.189074965230504599 ) ) ;
#820 = FILL_AREA_STYLE ('',( #8479 ) ) ;
#821 = ORIENTED_EDGE ( 'NONE', *, *, #2843, .F. ) ;
#822 = CARTESIAN_POINT ( 'NONE',  ( 1.824500000000000233, 0.8399999999999998579, -0.1087920875194620801 ) ) ;
#823 = VERTEX_POINT ( 'NONE', #8648 ) ;
#824 = DIRECTION ( 'NONE',  ( 1.000000000000000000, 0.000000000000000000, 0.000000000000000000 ) ) ;
#825 = CARTESIAN_POINT ( 'NONE',  ( 2.824500000000000011, 0.6749881066967827747, 3.950000000000000178 ) ) ;
#826 = VECTOR ( 'NONE', #6051, 1000.000000000000227 ) ;
#827 = VERTEX_POINT ( 'NONE', #7942 ) ;
#828 = CARTESIAN_POINT ( 'NONE',  ( 4.739000000000000767, 0.9399999999999998357, 3.000000000000000000 ) ) ;
#829 = ORIENTED_EDGE ( 'NONE', *, *, #978, .T. ) ;
#830 = CARTESIAN_POINT ( 'NONE',  ( 1.347000000000000419, 0.6500000000000000222, 2.325499999999998568 ) ) ;
#831 = FILL_AREA_STYLE ('',( #6900 ) ) ;
#832 = ORIENTED_EDGE ( 'NONE', *, *, #8630, .F. ) ;
#833 = LINE ( 'NONE', #1342, #3094 ) ;
#834 = EDGE_LOOP ( 'NONE', ( #845, #4974, #2074, #7641 ) ) ;
#835 = SURFACE_STYLE_USAGE ( .BOTH. , #2090 ) ;
#836 = DIRECTION ( 'NONE',  ( 0.000000000000000000, -0.8028287771104236636, -0.5962096566170171918 ) ) ;
#837 = CARTESIAN_POINT ( 'NONE',  ( 4.492000000000000881, 0.6499999999999999112, 2.445500000000000007 ) ) ;
#838 = ORIENTED_EDGE ( 'NONE', *, *, #3854, .T. ) ;
#839 = VERTEX_POINT ( 'NONE', #8623 ) ;
#840 = CARTESIAN_POINT ( 'NONE',  ( 4.142000000000000348, 0.6500000000000000222, 2.205499999999999794 ) ) ;
#841 = ORIENTED_EDGE ( 'NONE', *, *, #7437, .T. ) ;
#842 = CARTESIAN_POINT ( 'NONE',  ( 4.643222551035345091, 0.6143566735201689832, 0.09577744896465556490 ) ) ;
#843 = ORIENTED_EDGE ( 'NONE', *, *, #1846, .F. ) ;
#844 = CARTESIAN_POINT ( 'NONE',  ( 4.094500000000000028, 0.8996209656617012440, -0.1890749652305044881 ) ) ;
#845 = ORIENTED_EDGE ( 'NONE', *, *, #3760, .T. ) ;
#846 = FACE_OUTER_BOUND ( 'NONE', #3384, .T. ) ;
#847 = ORIENTED_EDGE ( 'NONE', *, *, #310, .T. ) ;
#848 = ADVANCED_FACE ( 'NONE', ( #7913 ), #5799, .F. ) ;
#849 = EDGE_LOOP ( 'NONE', ( #2575, #1962, #4879, #7963 ) ) ;
#850 = VERTEX_POINT ( 'NONE', #5856 ) ;
#851 = ORIENTED_EDGE ( 'NONE', *, *, #2343, .F. ) ;
#852 = CARTESIAN_POINT ( 'NONE',  ( 4.594500000000000028, 0.6749881066967827747, -0.9500000000000002887 ) ) ;
#853 = EDGE_LOOP ( 'NONE', ( #5914, #8116, #6464, #7724 ) ) ;
#854 = AXIS2_PLACEMENT_3D ( 'NONE', #884, #3008, #2948 ) ;
#855 = VECTOR ( 'NONE', #2554, 1000.000000000000000 ) ;
#856 = DIRECTION ( 'NONE',  ( -1.000000000000000000, 0.000000000000000000, 0.000000000000000000 ) ) ;
#857 = EDGE_LOOP ( 'NONE', ( #8242, #6750, #4125, #763 ) ) ;
#858 = ORIENTED_EDGE ( 'NONE', *, *, #4340, .T. ) ;
#859 = EDGE_LOOP ( 'NONE', ( #6591, #7816, #1994, #8188 ) ) ;
#860 = EDGE_CURVE ( 'NONE', #6523, #1700, #8360, .T. ) ;
#861 = LINE ( 'NONE', #3606, #7502 ) ;
#862 = PLANE ( 'NONE',  #7552 ) ;
#863 = SURFACE_STYLE_USAGE ( .BOTH. , #7074 ) ;
#864 = AXIS2_PLACEMENT_3D ( 'NONE', #3166, #7293, #5835 ) ;
#865 = DIRECTION ( 'NONE',  ( 0.000000000000000000, 0.000000000000000000, -1.000000000000000000 ) ) ;
#866 = ORIENTED_EDGE ( 'NONE', *, *, #7810, .F. ) ;
#867 = EDGE_LOOP ( 'NONE', ( #727, #7211, #3367, #86 ) ) ;
#868 = DIRECTION ( 'NONE',  ( -0.000000000000000000, -0.000000000000000000, -1.000000000000000000 ) ) ;
#869 = PLANE ( 'NONE',  #952 ) ;
#870 = VECTOR ( 'NONE', #2742, 1000.000000000000000 ) ;
#871 = EDGE_CURVE ( 'NONE', #7856, #5586, #5343, .T. ) ;
#872 = ORIENTED_EDGE ( 'NONE', *, *, #7780, .F. ) ;
#873 = EDGE_CURVE ( 'NONE', #7378, #8138, #8136, .T. ) ;
#874 = FACE_OUTER_BOUND ( 'NONE', #7910, .T. ) ;
#875 = EDGE_LOOP ( 'NONE', ( #6371, #7032, #5836, #514 ) ) ;
#876 = PLANE ( 'NONE',  #5946 ) ;
#877 = CARTESIAN_POINT ( 'NONE',  ( 2.824500000000000011, 1.119999999999999885, 3.179260447756191432 ) ) ;
#878 = ORIENTED_EDGE ( 'NONE', *, *, #6783, .T. ) ;
#879 = EDGE_CURVE ( 'NONE', #2795, #5534, #5466, .T. ) ;
#880 = LINE ( 'NONE', #8461, #6182 ) ;
#881 = DIRECTION ( 'NONE',  ( 0.000000000000000000, 0.000000000000000000, -1.000000000000000000 ) ) ;
#882 = ADVANCED_FACE ( 'NONE', ( #2229 ), #3741, .F. ) ;
#883 = ORIENTED_EDGE ( 'NONE', *, *, #4485, .F. ) ;
#884 = CARTESIAN_POINT ( 'NONE',  ( 4.324500000000000455, 0.8399999999999998579, -0.1087920875194620801 ) ) ;
#885 = ORIENTED_EDGE ( 'NONE', *, *, #269, .F. ) ;
#886 = DIRECTION ( 'NONE',  ( 0.000000000000000000, -0.8028287771104236636, -0.5962096566170173029 ) ) ;
#887 = VECTOR ( 'NONE', #1522, 1000.000000000000000 ) ;
#888 = ORIENTED_EDGE ( 'NONE', *, *, #8700, .T. ) ;
#889 = DIRECTION ( 'NONE',  ( -0.000000000000000000, 1.000000000000000000, -0.000000000000000000 ) ) ;
#890 = DIRECTION ( 'NONE',  ( -1.000000000000000000, 2.824178620696807171E-17, 8.306407707931773200E-18 ) ) ;
#892 = CARTESIAN_POINT ( 'NONE',  ( 2.324500000000000011, 1.000393720129284736, 3.188973213350405178 ) ) ;
#891 = LINE ( 'NONE', #4887, #4132 ) ;
#893 = CARTESIAN_POINT ( 'NONE',  ( 4.633247317911317609, 0.5999999999999996447, 0.1057526820886829644 ) ) ;
#894 = ORIENTED_EDGE ( 'NONE', *, *, #8058, .F. ) ;
#895 = ORIENTED_EDGE ( 'NONE', *, *, #8910, .T. ) ;
#896 = LINE ( 'NONE', #7179, #4470 ) ;
#897 = CARTESIAN_POINT ( 'NONE',  ( 3.824500000000000011, 0.8120209656617016769, -0.6028966609542426580 ) ) ;
#898 = EDGE_CURVE ( 'NONE', #1503, #3701, #3647, .T. ) ;
#899 = AXIS2_PLACEMENT_3D ( 'NONE', #1470, #5644, #7696 ) ;
#900 = CARTESIAN_POINT ( 'NONE',  ( 1.594500000000000028, 1.000393720129284736, -0.1889732133504053169 ) ) ;
#901 = CARTESIAN_POINT ( 'NONE',  ( 4.324500000000000455, 0.7125687761248743479, -0.5924438146274771944 ) ) ;
#902 = LINE ( 'NONE', #5032, #2733 ) ;
#903 = VECTOR ( 'NONE', #577, 1000.000000000000000 ) ;
#904 = EDGE_CURVE ( 'NONE', #624, #4299, #930, .T. ) ;
#905 = CARTESIAN_POINT ( 'NONE',  ( 0.8245000000000001217, 1.119999999999999885, 0.000000000000000000 ) ) ;
#906 = DIRECTION ( 'NONE',  ( 0.000000000000000000, -1.000000000000000000, 0.000000000000000000 ) ) ;
#908 = EDGE_CURVE ( 'NONE', #3405, #3562, #5700, .T. ) ;
#907 = VECTOR ( 'NONE', #7707, 1000.000000000000000 ) ;
#909 = CYLINDRICAL_SURFACE ( 'NONE', #8175, 0.09999999999999993616 ) ;
#910 =( BOUNDED_CURVE ( )  B_SPLINE_CURVE ( 3, ( #7217, #3033, #1542, #2304 ),
 .UNSPECIFIED., .F., .T. ) 
 B_SPLINE_CURVE_WITH_KNOTS ( ( 4, 4 ),
 ( 1.570796326794907438, 2.855541211872476115 ),
 .UNSPECIFIED. ) 
 CURVE ( )  GEOMETRIC_REPRESENTATION_ITEM ( )  RATIONAL_B_SPLINE_CURVE ( ( 1.000000000000000000, 0.8671177933693128281, 0.8671177933693128281, 1.000000000000000000 ) ) 
 REPRESENTATION_ITEM ( '' )  );
#911 = VECTOR ( 'NONE', #4357, 1000.000000000000000 ) ;
#912 = AXIS2_PLACEMENT_3D ( 'NONE', #7338, #334, #3818 ) ;
#913 = VECTOR ( 'NONE', #7541, 1000.000000000000227 ) ;
#914 = LINE ( 'NONE', #2667, #4378 ) ;
#915 = DIRECTION ( 'NONE',  ( -0.000000000000000000, 1.000000000000000000, -0.000000000000000000 ) ) ;
#916 = CARTESIAN_POINT ( 'NONE',  ( 1.824500000000000233, 0.7523999999999998467, 3.522613783243200292 ) ) ;
#917 = EDGE_CURVE ( 'NONE', #2001, #6339, #6248, .T. ) ;
#918 = CARTESIAN_POINT ( 'NONE',  ( 3.324500000000000011, 0.8120209656617016769, -0.6028966609542426580 ) ) ;
#919 = ORIENTED_EDGE ( 'NONE', *, *, #3118, .F. ) ;
#920 = EDGE_CURVE ( 'NONE', #8939, #5722, #8789, .T. ) ;
#921 = VECTOR ( 'NONE', #5212, 1000.000000000000000 ) ;
#922 = ORIENTED_EDGE ( 'NONE', *, *, #3873, .T. ) ;
#923 = EDGE_CURVE ( 'NONE', #4726, #1569, #5039, .T. ) ;
#924 = ORIENTED_EDGE ( 'NONE', *, *, #5415, .T. ) ;
#925 = CARTESIAN_POINT ( 'NONE',  ( 3.324500000000000011, 0.5335548349585852446, -0.5736286912392993820 ) ) ;
#926 = CARTESIAN_POINT ( 'NONE',  ( 2.324500000000000011, 1.071938878923327065, 3.285312666603656062 ) ) ;
#927 = CARTESIAN_POINT ( 'NONE',  ( 3.824500000000000011, 0.9399999999999998357, 3.000000000000000000 ) ) ;
#928 = ORIENTED_EDGE ( 'NONE', *, *, #8835, .T. ) ;
#929 = ORIENTED_EDGE ( 'NONE', *, *, #6008, .T. ) ;
#930 = CIRCLE ( 'NONE', #2994, 0.1200000000000000233 ) ;
#931 = ORIENTED_EDGE ( 'NONE', *, *, #2175, .T. ) ;
#932 = ADVANCED_FACE ( 'NONE', ( #6908 ), #3155, .F. ) ;
#933 = DIRECTION ( 'NONE',  ( 0.000000000000000000, 0.000000000000000000, -1.000000000000000000 ) ) ;
#934 = SURFACE_STYLE_USAGE ( .BOTH. , #2906 ) ;
#935 = PLANE ( 'NONE',  #5789 ) ;
#936 = DIRECTION ( 'NONE',  ( 1.000000000000000000, 0.000000000000000000, 0.000000000000000000 ) ) ;
#937 = EDGE_CURVE ( 'NONE', #6502, #7721, #7245, .T. ) ;
#938 = VERTEX_POINT ( 'NONE', #3218 ) ;
#939 = ORIENTED_EDGE ( 'NONE', *, *, #1830, .F. ) ;
#940 = LINE ( 'NONE', #208, #7033 ) ;
#941 = CARTESIAN_POINT ( 'NONE',  ( 4.594500000000000028, 1.000393720129284736, -0.1889732133504053169 ) ) ;
#942 = ORIENTED_EDGE ( 'NONE', *, *, #3475, .T. ) ;
#943 = ORIENTED_EDGE ( 'NONE', *, *, #29, .T. ) ;
#944 = VECTOR ( 'NONE', #2515, 1000.000000000000000 ) ;
#945 = ORIENTED_EDGE ( 'NONE', *, *, #5093, .F. ) ;
#946 = ORIENTED_EDGE ( 'NONE', *, *, #1790, .F. ) ;
#947 = DIRECTION ( 'NONE',  ( -1.000000000000000000, -0.000000000000000000, -0.000000000000000000 ) ) ;
#948 = DIRECTION ( 'NONE',  ( 1.000000000000000000, -0.000000000000000000, -0.000000000000000000 ) ) ;
#949 = ORIENTED_EDGE ( 'NONE', *, *, #2364, .T. ) ;
#950 = ORIENTED_EDGE ( 'NONE', *, *, #1710, .T. ) ;
#951 = DIRECTION ( 'NONE',  ( 0.000000000000000000, 0.9729913731149246736, 0.2308414777372849447 ) ) ;
#952 = AXIS2_PLACEMENT_3D ( 'NONE', #2956, #7852, #3655 ) ;
#953 = CLOSED_SHELL ( 'NONE', ( #3787, #4465, #1883, #2381, #8112, #2422, #3102, #1240, #1282, #463, #2699, #3577, #6656, #5637 ) ) ;
#954 = FACE_OUTER_BOUND ( 'NONE', #4070, .T. ) ;
#955 = EDGE_CURVE ( 'NONE', #1415, #2027, #4396, .T. ) ;
#956 = ORIENTED_EDGE ( 'NONE', *, *, #7505, .F. ) ;
#957 = ORIENTED_EDGE ( 'NONE', *, *, #1515, .F. ) ;
#958 = LINE ( 'NONE', #7694, #8496 ) ;
#959 = EDGE_LOOP ( 'NONE', ( #5338, #3093, #3878, #5030 ) ) ;
#960 = DIRECTION ( 'NONE',  ( -1.000000000000000000, 0.000000000000000000, 1.239088197126290669E-15 ) ) ;
#961 = DIRECTION ( 'NONE',  ( -0.000000000000000000, 0.8028287771104243298, -0.5962096566170164147 ) ) ;
#962 = VECTOR ( 'NONE', #6781, 1000.000000000000227 ) ;
#963 =( LENGTH_UNIT ( ) NAMED_UNIT ( * ) SI_UNIT ( .MILLI., .METRE. ) );
#964 = VERTEX_POINT ( 'NONE', #4409 ) ;
#965 = EDGE_CURVE ( 'NONE', #4299, #7468, #7691, .T. ) ;
#966 = PRESENTATION_LAYER_ASSIGNMENT (  '', '', ( #3455 ) ) ;
#967 = PLANE ( 'NONE',  #3126 ) ;
#968 = DIRECTION ( 'NONE',  ( -1.000000000000000000, 0.000000000000000000, -1.579893876117310207E-16 ) ) ;
#969 = EDGE_LOOP ( 'NONE', ( #8041, #5623, #7474, #2410 ) ) ;
#970 = AXIS2_PLACEMENT_3D ( 'NONE', #3404, #1946, #2096 ) ;
#971 = ORIENTED_EDGE ( 'NONE', *, *, #7765, .T. ) ;
#972 = DIRECTION ( 'NONE',  ( 0.000000000000000000, 0.000000000000000000, 1.000000000000000000 ) ) ;
#973 = VECTOR ( 'NONE', #7638, 1000.000000000000000 ) ;
#974 = EDGE_CURVE ( 'NONE', #7444, #6442, #4177, .T. ) ;
#975 = SURFACE_SIDE_STYLE ('',( #8980 ) ) ;
#976 = ORIENTED_EDGE ( 'NONE', *, *, #2122, .T. ) ;
#977 = ADVANCED_FACE ( 'NONE', ( #7145 ), #7461, .F. ) ;
#978 = EDGE_CURVE ( 'NONE', #3026, #528, #8581, .T. ) ;
#979 = ORIENTED_EDGE ( 'NONE', *, *, #6268, .F. ) ;
#980 = DIRECTION ( 'NONE',  ( -0.000000000000000000, -0.000000000000000000, -1.000000000000000000 ) ) ;
#981 = CARTESIAN_POINT ( 'NONE',  ( 3.824500000000000011, 0.8996209656617012440, 3.189074965230504599 ) ) ;
#982 = CARTESIAN_POINT ( 'NONE',  ( 4.324500000000000455, 0.9399999999999997247, 3.108792087519461678 ) ) ;
#983 = CARTESIAN_POINT ( 'NONE',  ( 4.324500000000000455, 0.6749881066967827747, 3.950000000000000178 ) ) ;
#984 = LINE ( 'NONE', #8094, #5853 ) ;
#985 = CARTESIAN_POINT ( 'NONE',  ( 2.324500000000000011, 0.8120209656617016769, -0.6028966609542426580 ) ) ;
#986 = ORIENTED_EDGE ( 'NONE', *, *, #3162, .F. ) ;
#987 = EDGE_CURVE ( 'NONE', #5147, #4313, #2447, .T. ) ;
#988 = LINE ( 'NONE', #4995, #7520 ) ;
#989 = DIRECTION ( 'NONE',  ( 0.000000000000000000, 0.000000000000000000, 1.000000000000000000 ) ) ;
#990 = VECTOR ( 'NONE', #7536, 1000.000000000000000 ) ;
#991 = CARTESIAN_POINT ( 'NONE',  ( 3.324500000000000011, 0.6749881066967827747, -0.9500000000000002887 ) ) ;
#992 = DIRECTION ( 'NONE',  ( 0.000000000000000000, 0.000000000000000000, -1.000000000000000000 ) ) ;
#993 = SURFACE_SIDE_STYLE ('',( #3926 ) ) ;
#994 = CARTESIAN_POINT ( 'NONE',  ( 0.8245000000000001217, 0.7125687761248743479, 3.592443814627477305 ) ) ;
#995 = LINE ( 'NONE', #7009, #4662 ) ;
#996 = CARTESIAN_POINT ( 'NONE',  ( 2.324500000000000011, 1.000393720129284736, -0.1889732133504053169 ) ) ;
#997 = ORIENTED_EDGE ( 'NONE', *, *, #6028, .F. ) ;
#998 = LINE ( 'NONE', #5870, #3067 ) ;
#999 = ORIENTED_EDGE ( 'NONE', *, *, #5622, .F. ) ;
#1000 = ORIENTED_EDGE ( 'NONE', *, *, #318, .T. ) ;
#1001 = DIRECTION ( 'NONE',  ( -0.000000000000000000, -0.000000000000000000, -1.000000000000000000 ) ) ;
#1002 = CARTESIAN_POINT ( 'NONE',  ( 4.324500000000000455, 0.4984000000000007313, 3.908104603363323548 ) ) ;
#1003 = AXIS2_PLACEMENT_3D ( 'NONE', #6588, #947, #5814 ) ;
#1004 = ORIENTED_EDGE ( 'NONE', *, *, #860, .F. ) ;
#1005 = CARTESIAN_POINT ( 'NONE',  ( 0.8245000000000001217, 0.5335548349585852446, -0.5736286912392993820 ) ) ;
#1006 = LINE ( 'NONE', #1407, #1108 ) ;
#1007 = DIRECTION ( 'NONE',  ( 0.000000000000000000, 0.000000000000000000, -1.000000000000000000 ) ) ;
#1008 = UNCERTAINTY_MEASURE_WITH_UNIT (LENGTH_MEASURE( 1.000000000000000082E-05 ), #8525, 'distance_accuracy_value', 'NONE');
#1009 = LINE ( 'NONE', #2872, #571 ) ;
#1010 = DIRECTION ( 'NONE',  ( 0.000000000000000000, 0.2308414777372849447, -0.9729913731149246736 ) ) ;
#1011 = VECTOR ( 'NONE', #868, 1000.000000000000000 ) ;
#1012 = VECTOR ( 'NONE', #9069, 1000.000000000000000 ) ;
#1013 = DIRECTION ( 'NONE',  ( 1.000000000000000000, -2.824178620696807171E-17, 0.000000000000000000 ) ) ;
#1014 = EDGE_CURVE ( 'NONE', #5949, #661, #2333, .T. ) ;
#1015 = AXIS2_PLACEMENT_3D ( 'NONE', #8794, #6746, #3274 ) ;
#1016 = ADVANCED_FACE ( 'NONE', ( #605 ), #6004, .F. ) ;
#1017 = DIRECTION ( 'NONE',  ( 0.000000000000000000, -0.1045284632676515280, 0.9945218953682736229 ) ) ;
#1018 = CARTESIAN_POINT ( 'NONE',  ( 0.8149647589960814509, 0.5999999999999999778, 0.1149647589960814120 ) ) ;
#1019 = CARTESIAN_POINT ( 'NONE',  ( 0.9470000000000003970, 0.6500000000000000222, 2.445499999999999563 ) ) ;
#1020 = CIRCLE ( 'NONE', #3601, 0.09999999999999982514 ) ;
#1021 = VECTOR ( 'NONE', #4110, 1000.000000000000000 ) ;
#1022 = LINE ( 'NONE', #1917, #1458 ) ;
#1023 = VERTEX_POINT ( 'NONE', #8824 ) ;
#1024 = CARTESIAN_POINT ( 'NONE',  ( 4.594500000000000028, 0.9399999999999998357, 3.000000000000000000 ) ) ;
#1025 = VECTOR ( 'NONE', #3282, 1000.000000000000000 ) ;
#1026 = EDGE_CURVE ( 'NONE', #5265, #6330, #7458, .T. ) ;
#1027 = ORIENTED_EDGE ( 'NONE', *, *, #4770, .F. ) ;
#1028 = MECHANICAL_DESIGN_GEOMETRIC_PRESENTATION_REPRESENTATION (  '', ( #5845 ), #4610 ) ;
#1029 = DIRECTION ( 'NONE',  ( -1.184920407087982840E-16, 0.000000000000000000, 1.000000000000000000 ) ) ;
#1030 = ORIENTED_EDGE ( 'NONE', *, *, #753, .T. ) ;
#1031 = VECTOR ( 'NONE', #1950, 1000.000000000000227 ) ;
#1032 = ORIENTED_EDGE ( 'NONE', *, *, #3181, .F. ) ;
#1033 = DIRECTION ( 'NONE',  ( 0.000000000000000000, 0.2308414777372849447, -0.9729913731149246736 ) ) ;
#1034 = ORIENTED_EDGE ( 'NONE', *, *, #3095, .T. ) ;
#1035 = EDGE_CURVE ( 'NONE', #7778, #2585, #1677, .T. ) ;
#1036 = DIRECTION ( 'NONE',  ( -0.000000000000000000, 0.8028287771104243298, -0.5962096566170164147 ) ) ;
#1037 = EDGE_CURVE ( 'NONE', #436, #3101, #8895, .T. ) ;
#1038 = VERTEX_POINT ( 'NONE', #1797 ) ;
#1039 = LINE ( 'NONE', #5029, #6691 ) ;
#1040 = DIRECTION ( 'NONE',  ( 1.000000000000000000, -0.000000000000000000, -0.000000000000000000 ) ) ;
#1041 = ORIENTED_EDGE ( 'NONE', *, *, #7780, .T. ) ;
#1042 = DIRECTION ( 'NONE',  ( 0.000000000000000000, -1.000000000000000000, 0.000000000000000000 ) ) ;
#1043 = CARTESIAN_POINT ( 'NONE',  ( 2.594500000000000028, 0.7523999999999998467, 3.522613783243200292 ) ) ;
#1044 = DIRECTION ( 'NONE',  ( 0.000000000000000000, -0.8028287771104236636, 0.5962096566170173029 ) ) ;
#1045 = ORIENTED_EDGE ( 'NONE', *, *, #7993, .F. ) ;
#1046 = CARTESIAN_POINT ( 'NONE',  ( 1.324500000000000233, 1.119999999999999885, 3.000000000000000000 ) ) ;
#1047 = ORIENTED_EDGE ( 'NONE', *, *, #5864, .F. ) ;
#1048 = FILL_AREA_STYLE ('',( #1775 ) ) ;
#1049 = ORIENTED_EDGE ( 'NONE', *, *, #965, .F. ) ;
#1050 = ORIENTED_EDGE ( 'NONE', *, *, #4944, .F. ) ;
#1051 = EDGE_CURVE ( 'NONE', #1794, #5765, #1138, .T. ) ;
#1052 = ORIENTED_EDGE ( 'NONE', *, *, #4853, .F. ) ;
#1053 = AXIS2_PLACEMENT_3D ( 'NONE', #4130, #9060, #4784 ) ;
#1054 = VECTOR ( 'NONE', #8294, 1000.000000000000114 ) ;
#1055 = DIRECTION ( 'NONE',  ( 0.000000000000000000, -0.9945218953682732899, -0.1045284632676540260 ) ) ;
#1056 = VERTEX_POINT ( 'NONE', #8883 ) ;
#1057 = ORIENTED_EDGE ( 'NONE', *, *, #7170, .T. ) ;
#1058 = DIRECTION ( 'NONE',  ( -1.000000000000000000, 0.000000000000000000, -1.548860246407862350E-15 ) ) ;
#1059 = LINE ( 'NONE', #3211, #3333 ) ;
#1060 = ORIENTED_EDGE ( 'NONE', *, *, #3398, .T. ) ;
#1061 = DIRECTION ( 'NONE',  ( 1.000000000000000000, -0.000000000000000000, -0.000000000000000000 ) ) ;
#1062 = ORIENTED_EDGE ( 'NONE', *, *, #615, .T. ) ;
#1063 = ADVANCED_FACE ( 'NONE', ( #485 ), #8187, .F. ) ;
#1064 = CARTESIAN_POINT ( 'NONE',  ( 2.324500000000000011, 0.7125687761248743479, -0.5924438146274771944 ) ) ;
#1065 = FACE_OUTER_BOUND ( 'NONE', #5285, .T. ) ;
#1066 = CARTESIAN_POINT ( 'NONE',  ( 2.824500000000000011, 0.7125687761248744589, -0.5924438146274771944 ) ) ;
#1067 = ORIENTED_EDGE ( 'NONE', *, *, #6996, .T. ) ;
#1068 = EDGE_LOOP ( 'NONE', ( #8374, #2934, #7841, #5155 ) ) ;
#1069 = EDGE_CURVE ( 'NONE', #7856, #2795, #6135, .T. ) ;
#1070 = CIRCLE ( 'NONE', #5247, 0.09999999999999993616 ) ;
#1071 = DIRECTION ( 'NONE',  ( 0.000000000000000000, 1.000000000000000000, -0.000000000000000000 ) ) ;
#1072 = EDGE_CURVE ( 'NONE', #8832, #7166, #3307, .T. ) ;
#1073 = CARTESIAN_POINT ( 'NONE',  ( 2.094500000000000028, 1.000393720129284736, 3.188973213350405178 ) ) ;
#1074 = CARTESIAN_POINT ( 'NONE',  ( 0.8245000000000001217, 1.119999999999999885, 0.000000000000000000 ) ) ;
#1075 = ORIENTED_EDGE ( 'NONE', *, *, #5496, .T. ) ;
#1076 =( NAMED_UNIT ( * ) PLANE_ANGLE_UNIT ( ) SI_UNIT ( $, .RADIAN. ) );
#1077 = EDGE_CURVE ( 'NONE', #223, #4994, #5907, .T. ) ;
#1078 = FACE_OUTER_BOUND ( 'NONE', #4426, .T. ) ;
#1079 = CARTESIAN_POINT ( 'NONE',  ( 3.094500000000000028, 0.7523999999999998467, 3.522613783243200292 ) ) ;
#1080 = FACE_OUTER_BOUND ( 'NONE', #6726, .T. ) ;
#1081 = AXIS2_PLACEMENT_3D ( 'NONE', #6287, #8452, #8423 ) ;
#1082 = DIRECTION ( 'NONE',  ( 0.000000000000000000, -0.1045284632676515280, 0.9945218953682736229 ) ) ;
#1083 = ORIENTED_EDGE ( 'NONE', *, *, #6923, .T. ) ;
#1084 = CARTESIAN_POINT ( 'NONE',  ( 1.094500000000000028, 0.5335548349585852446, 3.573628691239299382 ) ) ;
#1085 = COLOUR_RGB ( '',0.8941176470588234615, 0.9137254901960784048, 0.9294117647058823817 ) ;
#1086 = EDGE_CURVE ( 'NONE', #6330, #8946, #5239, .T. ) ;
#1087 = EDGE_CURVE ( 'NONE', #964, #5134, #7346, .T. ) ;
#1088 = LINE ( 'NONE', #5574, #2496 ) ;
#1089 = EDGE_CURVE ( 'NONE', #1358, #8134, #9006, .T. ) ;
#1090 = DIRECTION ( 'NONE',  ( 0.000000000000000000, 0.000000000000000000, 1.000000000000000000 ) ) ;
#1091 = CARTESIAN_POINT ( 'NONE',  ( 0.8245000000000001217, 0.4984000000000007313, -0.9081046033633235481 ) ) ;
#1092 = ORIENTED_EDGE ( 'NONE', *, *, #2747, .F. ) ;
#1093 = AXIS2_PLACEMENT_3D ( 'NONE', #1656, #5808, #6529 ) ;
#1094 = CARTESIAN_POINT ( 'NONE',  ( 3.324500000000000011, 0.8399999999999998579, 3.108792087519462122 ) ) ;
#1095 = FACE_OUTER_BOUND ( 'NONE', #6658, .T. ) ;
#1096 = CARTESIAN_POINT ( 'NONE',  ( 4.324500000000000455, 0.8120209656617016769, 3.602896660954242769 ) ) ;
#1097 = VECTOR ( 'NONE', #1601, 1000.000000000000000 ) ;
#1098 = ORIENTED_EDGE ( 'NONE', *, *, #6148, .T. ) ;
#1099 = VERTEX_POINT ( 'NONE', #2607 ) ;
#1100 = CARTESIAN_POINT ( 'NONE',  ( 1.094500000000000028, 0.4984000000000007313, -0.9081046033633235481 ) ) ;
#1101 = VECTOR ( 'NONE', #8856, 1000.000000000000000 ) ;
#1102 = DIRECTION ( 'NONE',  ( 1.000000000000000000, 0.000000000000000000, -0.000000000000000000 ) ) ;
#1103 = ADVANCED_FACE ( 'NONE', ( #3844 ), #2638, .F. ) ;
#1104 = CARTESIAN_POINT ( 'NONE',  ( 3.594500000000000028, 0.6450822618089369076, 3.378104603363324188 ) ) ;
#1105 = ORIENTED_EDGE ( 'NONE', *, *, #7917, .F. ) ;
#1106 = VECTOR ( 'NONE', #4366, 1000.000000000000000 ) ;
#1107 = ORIENTED_EDGE ( 'NONE', *, *, #4107, .T. ) ;
#1108 = VECTOR ( 'NONE', #686, 999.9999999999998863 ) ;
#1109 = DIRECTION ( 'NONE',  ( -1.000000000000000000, -0.000000000000000000, -0.000000000000000000 ) ) ;
#1110 = VECTOR ( 'NONE', #3770, 1000.000000000000227 ) ;
#1111 = CARTESIAN_POINT ( 'NONE',  ( 1.297000000000000375, 0.5999999999999999778, 2.205499999999999350 ) ) ;
#1112 = ADVANCED_FACE ( 'NONE', ( #4798 ), #7525, .F. ) ;
#1113 = LINE ( 'NONE', #8123, #8989 ) ;
#1114 = CARTESIAN_POINT ( 'NONE',  ( 4.092000000000001414, 0.6500000000000000222, 0.5544999999999998819 ) ) ;
#1115 = AXIS2_PLACEMENT_3D ( 'NONE', #2258, #5677, #1583 ) ;
#1116 = CARTESIAN_POINT ( 'NONE',  ( 4.594500000000000028, 0.9399999999999997247, -0.1087920875194616499 ) ) ;
#1117 = DIRECTION ( 'NONE',  ( 0.000000000000000000, 0.000000000000000000, -1.000000000000000000 ) ) ;
#1118 = AXIS2_PLACEMENT_3D ( 'NONE', #1959, #641, #6831 ) ;
#1119 = FACE_OUTER_BOUND ( 'NONE', #557, .T. ) ;
#1120 = DIRECTION ( 'NONE',  ( 0.000000000000000000, 0.1045284632676540260, 0.9945218953682732899 ) ) ;
#1121 = VECTOR ( 'NONE', #9055, 1000.000000000000114 ) ;
#1122 = FACE_OUTER_BOUND ( 'NONE', #6433, .T. ) ;
#1123 = FACE_OUTER_BOUND ( 'NONE', #7485, .T. ) ;
#1124 = DIRECTION ( 'NONE',  ( -0.000000000000000000, 0.1045284632676540260, -0.9945218953682732899 ) ) ;
#1125 = AXIS2_PLACEMENT_3D ( 'NONE', #5604, #1324, #3434 ) ;
#1126 = VERTEX_POINT ( 'NONE', #1210 ) ;
#1127 = PLANE ( 'NONE',  #4267 ) ;
#1128 = DIRECTION ( 'NONE',  ( 1.000000000000000000, -0.000000000000000000, -0.000000000000000000 ) ) ;
#1129 = ORIENTED_EDGE ( 'NONE', *, *, #5202, .T. ) ;
#1130 = LINE ( 'NONE', #4702, #6895 ) ;
#1131 = AXIS2_PLACEMENT_3D ( 'NONE', #2283, #178, #2926 ) ;
#1132 = VERTEX_POINT ( 'NONE', #3408 ) ;
#1133 = CARTESIAN_POINT ( 'NONE',  ( 0.8245000000000001217, 0.9399999999999998357, 0.000000000000000000 ) ) ;
#1134 = VERTEX_POINT ( 'NONE', #6786 ) ;
#1135 = CARTESIAN_POINT ( 'NONE',  ( 3.824500000000000011, 1.119999999999999885, 3.179260447756191432 ) ) ;
#1136 = EDGE_LOOP ( 'NONE', ( #3644, #1914, #5199, #107 ) ) ;
#1137 = ORIENTED_EDGE ( 'NONE', *, *, #1790, .T. ) ;
#1138 = LINE ( 'NONE', #4630, #7023 ) ;
#1139 =( NAMED_UNIT ( * ) PLANE_ANGLE_UNIT ( ) SI_UNIT ( $, .RADIAN. ) );
#1140 = ORIENTED_EDGE ( 'NONE', *, *, #1671, .T. ) ;
#1141 = EDGE_CURVE ( 'NONE', #2593, #202, #1130, .T. ) ;
#1142 = AXIS2_PLACEMENT_3D ( 'NONE', #4854, #7711, #3421 ) ;
#1143 = DIRECTION ( 'NONE',  ( 0.000000000000000000, -0.1045284632676515280, -0.9945218953682736229 ) ) ;
#1144 = ORIENTED_EDGE ( 'NONE', *, *, #3174, .F. ) ;
#1145 = ADVANCED_FACE ( 'NONE', ( #6576 ), #8866, .F. ) ;
#1146 = ORIENTED_EDGE ( 'NONE', *, *, #6167, .T. ) ;
#1147 = PLANE ( 'NONE',  #8962 ) ;
#1148 = SURFACE_STYLE_USAGE ( .BOTH. , #8941 ) ;
#1149 = ORIENTED_EDGE ( 'NONE', *, *, #7334, .T. ) ;
#1150 = EDGE_CURVE ( 'NONE', #3562, #4735, #4919, .T. ) ;
#1151 = DIRECTION ( 'NONE',  ( 0.000000000000000000, 0.000000000000000000, 1.000000000000000000 ) ) ;
#1152 = EDGE_CURVE ( 'NONE', #7723, #1507, #7139, .T. ) ;
#1153 = ORIENTED_EDGE ( 'NONE', *, *, #6551, .F. ) ;
#1154 = LINE ( 'NONE', #3932, #4308 ) ;
#1155 = CARTESIAN_POINT ( 'NONE',  ( 2.824500000000000011, 1.119999999999999885, 3.179260447756191432 ) ) ;
#1156 = ORIENTED_EDGE ( 'NONE', *, *, #326, .T. ) ;
#1157 = DIRECTION ( 'NONE',  ( -1.000000000000000000, 0.000000000000000000, 0.000000000000000000 ) ) ;
#1158 = DIRECTION ( 'NONE',  ( -1.000000000000000000, 0.000000000000000000, 0.000000000000000000 ) ) ;
#1159 = ORIENTED_EDGE ( 'NONE', *, *, #6794, .T. ) ;
#1160 = VERTEX_POINT ( 'NONE', #8309 ) ;
#1161 = ADVANCED_FACE ( 'NONE', ( #7806 ), #5358, .F. ) ;
#1162 = ORIENTED_EDGE ( 'NONE', *, *, #917, .F. ) ;
#1163 = DIRECTION ( 'NONE',  ( 0.000000000000000000, 0.5962096566170173029, -0.8028287771104236636 ) ) ;
#1164 = ORIENTED_EDGE ( 'NONE', *, *, #5680, .T. ) ;
#1165 = LINE ( 'NONE', #7760, #4424 ) ;
#1166 = CLOSED_SHELL ( 'NONE', ( #7554, #8950, #6902, #2567, #8842, #9045, #2737, #7882, #8855, #2647, #2978, #6617, #7404, #2469, #5962, #4551, #2553, #6706, #649, #7978, #4510, #5140 ) ) ;
#1167 = ORIENTED_EDGE ( 'NONE', *, *, #6527, .F. ) ;
#1168 = CARTESIAN_POINT ( 'NONE',  ( 4.324500000000000455, 0.9399999999999998357, 0.000000000000000000 ) ) ;
#1169 = VECTOR ( 'NONE', #4907, 1000.000000000000000 ) ;
#1170 = ORIENTED_EDGE ( 'NONE', *, *, #3198, .F. ) ;
#1171 = AXIS2_PLACEMENT_3D ( 'NONE', #8870, #562, #5331 ) ;
#1172 = CARTESIAN_POINT ( 'NONE',  ( 3.324500000000000011, 0.7125687761248744589, 3.592443814627477305 ) ) ;
#1173 = CYLINDRICAL_SURFACE ( 'NONE', #7682, 0.09999999999999982514 ) ;
#1174 = DIRECTION ( 'NONE',  ( 0.000000000000000000, 0.000000000000000000, -1.000000000000000000 ) ) ;
#1175 = ORIENTED_EDGE ( 'NONE', *, *, #4304, .T. ) ;
#1176 = ORIENTED_EDGE ( 'NONE', *, *, #7817, .F. ) ;
#1177 = ORIENTED_EDGE ( 'NONE', *, *, #5682, .T. ) ;
#1178 = DIRECTION ( 'NONE',  ( 0.000000000000000000, 0.000000000000000000, 1.000000000000000000 ) ) ;
#1179 = DIRECTION ( 'NONE',  ( 1.000000000000000000, 0.000000000000000000, 0.000000000000000000 ) ) ;
#1180 = LINE ( 'NONE', #1481, #758 ) ;
#1181 = DIRECTION ( 'NONE',  ( -2.824178620696807171E-17, -1.000000000000000000, -0.000000000000000000 ) ) ;
#1182 = VERTEX_POINT ( 'NONE', #3971 ) ;
#1183 = EDGE_CURVE ( 'NONE', #8775, #2753, #4492, .T. ) ;
#1184 = DIRECTION ( 'NONE',  ( 1.000000000000000000, 0.000000000000000000, 0.000000000000000000 ) ) ;
#1185 = AXIS2_PLACEMENT_3D ( 'NONE', #6948, #8342, #4193 ) ;
#1186 = CARTESIAN_POINT ( 'NONE',  ( 2.324500000000000011, 0.5335548349585852446, 3.573628691239299382 ) ) ;
#1187 = VERTEX_POINT ( 'NONE', #8894 ) ;
#1188 = ADVANCED_FACE ( 'NONE', ( #5028 ), #2589, .F. ) ;
#1189 = DIRECTION ( 'NONE',  ( 1.000000000000000000, 0.000000000000000000, 0.000000000000000000 ) ) ;
#1190 = EDGE_CURVE ( 'NONE', #2101, #6901, #4388, .T. ) ;
#1191 = ORIENTED_EDGE ( 'NONE', *, *, #7396, .T. ) ;
#1192 = DIRECTION ( 'NONE',  ( 1.000000000000000000, -0.000000000000000000, -0.000000000000000000 ) ) ;
#1193 = FACE_OUTER_BOUND ( 'NONE', #9035, .T. ) ;
#1194 = ADVANCED_FACE ( 'NONE', ( #1235 ), #4036, .F. ) ;
#1195 = CARTESIAN_POINT ( 'NONE',  ( 0.8149647589960814509, 0.5999999999999999778, 0.1149647589960814120 ) ) ;
#1196 = EDGE_CURVE ( 'NONE', #8059, #4741, #2656, .T. ) ;
#1197 = CIRCLE ( 'NONE', #1578, 0.09999999999999993616 ) ;
#1198 = EDGE_CURVE ( 'NONE', #3989, #8265, #7904, .T. ) ;
#1199 = ORIENTED_EDGE ( 'NONE', *, *, #779, .F. ) ;
#1200 = DIRECTION ( 'NONE',  ( 1.000000000000000000, 0.000000000000000000, 0.000000000000000000 ) ) ;
#1201 = VECTOR ( 'NONE', #644, 1000.000000000000000 ) ;
#1202 = ORIENTED_EDGE ( 'NONE', *, *, #1782, .T. ) ;
#1203 = VECTOR ( 'NONE', #8839, 999.9999999999998863 ) ;
#1204 = PRESENTATION_LAYER_ASSIGNMENT (  '', '', ( #9067 ) ) ;
#1206 = EDGE_LOOP ( 'NONE', ( #5838, #3443, #1304, #6586 ) ) ;
#1205 = DIRECTION ( 'NONE',  ( 0.000000000000000000, -0.1045284632676515141, 0.9945218953682735119 ) ) ;
#1207 = CARTESIAN_POINT ( 'NONE',  ( 4.324500000000000455, 0.8399999999999998579, 3.108792087519462122 ) ) ;
#1208 = CARTESIAN_POINT ( 'NONE',  ( 2.824500000000000011, 0.8120209656617016769, -0.6028966609542426580 ) ) ;
#1209 = CARTESIAN_POINT ( 'NONE',  ( 0.9470000000000003970, 0.5999999999999999778, 0.5544999999999994378 ) ) ;
#1210 = CARTESIAN_POINT ( 'NONE',  ( 4.594500000000000028, 0.6450822618089369076, -0.3781046033633239101 ) ) ;
#1211 = LINE ( 'NONE', #34, #3711 ) ;
#1212 = ORIENTED_EDGE ( 'NONE', *, *, #5622, .T. ) ;
#1213 = DIRECTION ( 'NONE',  ( -0.000000000000000000, 1.000000000000000000, -0.000000000000000000 ) ) ;
#1214 = CARTESIAN_POINT ( 'NONE',  ( 1.094500000000000028, 0.7125687761248743479, 3.592443814627477305 ) ) ;
#1215 = CYLINDRICAL_SURFACE ( 'NONE', #8310, 0.09999999999999995004 ) ;
#1216 = EDGE_CURVE ( 'NONE', #1639, #5159, #4704, .T. ) ;
#1217 = AXIS2_PLACEMENT_3D ( 'NONE', #1709, #8595, #4376 ) ;
#1218 = LINE ( 'NONE', #8515, #3519 ) ;
#1219 = DIRECTION ( 'NONE',  ( 0.000000000000000000, 0.000000000000000000, 1.000000000000000000 ) ) ;
#1221 = CARTESIAN_POINT ( 'NONE',  ( 2.824500000000000011, 0.7523999999999998467, -0.5226137832432001806 ) ) ;
#1220 = LINE ( 'NONE', #7940, #4262 ) ;
#1222 = CARTESIAN_POINT ( 'NONE',  ( 1.094500000000000028, 1.119999999999999885, 0.000000000000000000 ) ) ;
#1223 = LINE ( 'NONE', #1717, #1667 ) ;
#1224 = LINE ( 'NONE', #3896, #4043 ) ;
#1225 = VECTOR ( 'NONE', #2824, 1000.000000000000000 ) ;
#1226 = ORIENTED_EDGE ( 'NONE', *, *, #5089, .T. ) ;
#1227 = ADVANCED_FACE ( 'NONE', ( #5456 ), #4756, .F. ) ;
#1228 = DIRECTION ( 'NONE',  ( 0.000000000000000000, -0.8028287771104236636, -0.5962096566170171918 ) ) ;
#1229 = CARTESIAN_POINT ( 'NONE',  ( 3.324500000000000011, 1.119999999999999885, -0.1792604477561911547 ) ) ;
#1230 = EDGE_CURVE ( 'NONE', #5703, #3607, #2873, .T. ) ;
#1231 = VECTOR ( 'NONE', #5410, 1000.000000000000114 ) ;
#1232 = DIRECTION ( 'NONE',  ( 0.000000000000000000, -0.1045284632676515280, 0.9945218953682736229 ) ) ;
#1233 = VERTEX_POINT ( 'NONE', #6171 ) ;
#1234 = EDGE_CURVE ( 'NONE', #1134, #5703, #6010, .T. ) ;
#1235 = FACE_OUTER_BOUND ( 'NONE', #6580, .T. ) ;
#1236 = VERTEX_POINT ( 'NONE', #1333 ) ;
#1237 = DIRECTION ( 'NONE',  ( 0.9593655015712705403, -0.2821663239915502830, 0.000000000000000000 ) ) ;
#1238 = DIRECTION ( 'NONE',  ( 1.000000000000000000, -0.000000000000000000, -0.000000000000000000 ) ) ;
#1239 = EDGE_LOOP ( 'NONE', ( #4721, #4539, #8683, #4833 ) ) ;
#1240 = ADVANCED_FACE ( 'NONE', ( #6370 ), #1305, .F. ) ;
#1241 = EDGE_CURVE ( 'NONE', #6263, #240, #3190, .T. ) ;
#1242 = AXIS2_PLACEMENT_3D ( 'NONE', #5635, #8529, #6395 ) ;
#1243 = CARTESIAN_POINT ( 'NONE',  ( 4.643222551035345091, 1.445643326479830959, 0.09577744896465596736 ) ) ;
#1244 = DIRECTION ( 'NONE',  ( 1.000000000000000000, 0.000000000000000000, 0.000000000000000000 ) ) ;
#1245 = AXIS2_PLACEMENT_3D ( 'NONE', #7567, #4670, #1982 ) ;
#1246 = DIRECTION ( 'NONE',  ( 1.000000000000000000, -0.000000000000000000, -0.000000000000000000 ) ) ;
#1247 = VERTEX_POINT ( 'NONE', #331 ) ;
#1248 = ORIENTED_EDGE ( 'NONE', *, *, #8157, .F. ) ;
#1249 = CARTESIAN_POINT ( 'NONE',  ( 3.824500000000000011, 0.8996209656617012440, 3.189074965230504599 ) ) ;
#1250 = EDGE_CURVE ( 'NONE', #6638, #8395, #1785, .T. ) ;
#1251 = CARTESIAN_POINT ( 'NONE',  ( 0.8245000000000001217, 0.4984000000000007313, 3.908104603363323548 ) ) ;
#1252 = ORIENTED_EDGE ( 'NONE', *, *, #7938, .T. ) ;
#1253 = EDGE_CURVE ( 'NONE', #1965, #5004, #5138, .T. ) ;
#1254 = ORIENTED_EDGE ( 'NONE', *, *, #8997, .F. ) ;
#1255 = PLANE ( 'NONE',  #4649 ) ;
#1256 = EDGE_LOOP ( 'NONE', ( #4053, #7988, #3380, #858 ) ) ;
#1257 = EDGE_LOOP ( 'NONE', ( #6230, #3493, #3856, #7189 ) ) ;
#1258 = DIRECTION ( 'NONE',  ( -0.000000000000000000, 1.000000000000000000, -0.000000000000000000 ) ) ;
#1259 = ORIENTED_EDGE ( 'NONE', *, *, #9012, .F. ) ;
#1260 = LINE ( 'NONE', #4248, #5491 ) ;
#1261 = CARTESIAN_POINT ( 'NONE',  ( 0.8245000000000001217, 0.7523999999999998467, 3.522613783243200292 ) ) ;
#1262 = VERTEX_POINT ( 'NONE', #3122 ) ;
#1263 = CLOSED_SHELL ( 'NONE', ( #6103, #4188, #2050, #5269, #4294, #756, #2247, #3060, #4863, #6943, #8753, #8798, #3526, #251 ) ) ;
#1264 = LINE ( 'NONE', #3953, #7945 ) ;
#1265 = DIRECTION ( 'NONE',  ( 1.000000000000000000, 0.000000000000000000, 0.000000000000000000 ) ) ;
#1266 = ORIENTED_EDGE ( 'NONE', *, *, #904, .T. ) ;
#1267 = ORIENTED_EDGE ( 'NONE', *, *, #7308, .T. ) ;
#1268 = DIRECTION ( 'NONE',  ( 1.000000000000000000, 0.000000000000000000, 0.000000000000000000 ) ) ;
#1269 = FACE_OUTER_BOUND ( 'NONE', #2042, .T. ) ;
#1270 = ORIENTED_EDGE ( 'NONE', *, *, #6025, .F. ) ;
#1271 = CARTESIAN_POINT ( 'NONE',  ( 3.824500000000000011, 0.7125687761248744589, -0.5924438146274771944 ) ) ;
#1272 = ADVANCED_FACE ( 'NONE', ( #369 ), #6564, .F. ) ;
#1273 = VERTEX_POINT ( 'NONE', #274 ) ;
#1274 = FACE_OUTER_BOUND ( 'NONE', #6601, .T. ) ;
#1275 = CARTESIAN_POINT ( 'NONE',  ( 2.594500000000000028, 1.119999999999999885, 3.000000000000000000 ) ) ;
#1276 = DIRECTION ( 'NONE',  ( -0.000000000000000000, 1.000000000000000000, -0.000000000000000000 ) ) ;
#1277 = CARTESIAN_POINT ( 'NONE',  ( 1.824500000000000233, 0.9399999999999997247, -0.1087920875194616499 ) ) ;
#1278 = AXIS2_PLACEMENT_3D ( 'NONE', #7415, #3234, #447 ) ;
#1279 = ORIENTED_EDGE ( 'NONE', *, *, #3018, .T. ) ;
#1280 = CARTESIAN_POINT ( 'NONE',  ( 3.094500000000000028, 1.071938878923327065, -0.2853126666036561732 ) ) ;
#1281 = ORIENTED_EDGE ( 'NONE', *, *, #5696, .F. ) ;
#1282 = ADVANCED_FACE ( 'NONE', ( #4282 ), #8781, .F. ) ;
#1283 = FACE_OUTER_BOUND ( 'NONE', #1136, .T. ) ;
#1284 = CARTESIAN_POINT ( 'NONE',  ( 4.324500000000000455, 1.071938878923327065, 3.285312666603656062 ) ) ;
#1285 = VECTOR ( 'NONE', #2263, 999.9999999999998863 ) ;
#1286 = CARTESIAN_POINT ( 'NONE',  ( 4.324500000000000455, 0.7523999999999998467, 3.522613783243200292 ) ) ;
#1287 = CARTESIAN_POINT ( 'NONE',  ( 1.324500000000000233, 1.071938878923327065, 3.285312666603656062 ) ) ;
#1288 = ORIENTED_EDGE ( 'NONE', *, *, #1658, .F. ) ;
#1289 = AXIS2_PLACEMENT_3D ( 'NONE', #2793, #6329, #4839 ) ;
#1290 = LINE ( 'NONE', #8528, #2390 ) ;
#1291 = PLANE ( 'NONE',  #2743 ) ;
#1292 = SURFACE_STYLE_USAGE ( .BOTH. , #1967 ) ;
#1293 = MECHANICAL_DESIGN_GEOMETRIC_PRESENTATION_REPRESENTATION (  '', ( #8037 ), #5345 ) ;
#1294 = DIRECTION ( 'NONE',  ( 0.000000000000000000, 1.000000000000000000, 0.000000000000000000 ) ) ;
#1295 = ORIENTED_EDGE ( 'NONE', *, *, #2843, .T. ) ;
#1296 = DIRECTION ( 'NONE',  ( 0.000000000000000000, 0.8028287771104243298, 0.5962096566170164147 ) ) ;
#1297 = FACE_OUTER_BOUND ( 'NONE', #8635, .T. ) ;
#1298 = DIRECTION ( 'NONE',  ( 0.000000000000000000, 0.9729913731149246736, -0.2308414777372849447 ) ) ;
#1299 = VECTOR ( 'NONE', #8634, 1000.000000000000000 ) ;
#1300 = EDGE_CURVE ( 'NONE', #8939, #6066, #2438, .T. ) ;
#1301 = ORIENTED_EDGE ( 'NONE', *, *, #5025, .F. ) ;
#1302 = CARTESIAN_POINT ( 'NONE',  ( 4.324500000000000455, 0.8120209656617016769, 3.602896660954242769 ) ) ;
#1303 = PLANE ( 'NONE',  #1890 ) ;
#1304 = ORIENTED_EDGE ( 'NONE', *, *, #4584, .T. ) ;
#1305 = PLANE ( 'NONE',  #5470 ) ;
#1306 = LINE ( 'NONE', #3712, #5211 ) ;
#1307 = CARTESIAN_POINT ( 'NONE',  ( 4.324500000000000455, 0.9399999999999998357, 0.000000000000000000 ) ) ;
#1308 = ORIENTED_EDGE ( 'NONE', *, *, #4584, .F. ) ;
#1309 = DIRECTION ( 'NONE',  ( 1.000000000000000000, 0.000000000000000000, 0.000000000000000000 ) ) ;
#1310 = VERTEX_POINT ( 'NONE', #7277 ) ;
#1311 = EDGE_CURVE ( 'NONE', #1639, #2355, #596, .T. ) ;
#1312 = ORIENTED_EDGE ( 'NONE', *, *, #4761, .T. ) ;
#1313 = LINE ( 'NONE', #9023, #5007 ) ;
#1314 = EDGE_CURVE ( 'NONE', #9021, #6047, #2222, .T. ) ;
#1315 = CARTESIAN_POINT ( 'NONE',  ( 5.719500000000000917, 0.6199999999999998845, 0.1149647589960814537 ) ) ;
#1316 = CARTESIAN_POINT ( 'NONE',  ( 0.9470000000000003970, 0.6500000000000000222, 2.445499999999999563 ) ) ;
#1317 = VECTOR ( 'NONE', #6424, 1000.000000000000000 ) ;
#1318 = VECTOR ( 'NONE', #2580, 1000.000000000000000 ) ;
#1319 = LINE ( 'NONE', #901, #1770 ) ;
#1320 = CARTESIAN_POINT ( 'NONE',  ( 0.7000000000000000666, 0.9399999999999998357, 3.000000000000000000 ) ) ;
#1321 = ADVANCED_FACE ( 'NONE', ( #6788 ), #7303, .F. ) ;
#1322 = VECTOR ( 'NONE', #6956, 1000.000000000000000 ) ;
#1323 = DIRECTION ( 'NONE',  ( 1.000000000000000000, 0.000000000000000000, 0.000000000000000000 ) ) ;
#1324 = DIRECTION ( 'NONE',  ( 0.000000000000000000, -0.9945218953682732899, -0.1045284632676540260 ) ) ;
#1325 = LINE ( 'NONE', #5301, #8560 ) ;
#1326 = EDGE_CURVE ( 'NONE', #8747, #5757, #3413, .T. ) ;
#1327 = VECTOR ( 'NONE', #2295, 1000.000000000000000 ) ;
#1328 = LINE ( 'NONE', #6885, #7230 ) ;
#1329 = CARTESIAN_POINT ( 'NONE',  ( 1.594500000000000028, 1.119999999999999885, 0.000000000000000000 ) ) ;
#1330 = MECHANICAL_DESIGN_GEOMETRIC_PRESENTATION_REPRESENTATION (  '', ( #4472 ), #5698 ) ;
#1331 = VERTEX_POINT ( 'NONE', #5086 ) ;
#1332 = CARTESIAN_POINT ( 'NONE',  ( 4.092000000000001414, 0.5999999999999999778, 0.5544999999999998819 ) ) ;
#1333 = CARTESIAN_POINT ( 'NONE',  ( 1.594500000000000028, 0.4984000000000007313, -0.9081046033633235481 ) ) ;
#1334 = ORIENTED_EDGE ( 'NONE', *, *, #4266, .T. ) ;
#1335 = VERTEX_POINT ( 'NONE', #8642 ) ;
#1336 = FACE_OUTER_BOUND ( 'NONE', #5847, .T. ) ;
#1337 = VECTOR ( 'NONE', #6940, 1000.000000000000000 ) ;
#1338 = ORIENTED_EDGE ( 'NONE', *, *, #8229, .F. ) ;
#1339 = ORIENTED_EDGE ( 'NONE', *, *, #6043, .F. ) ;
#1340 = CARTESIAN_POINT ( 'NONE',  ( 1.297000000000000597, 0.6500000000000000222, 0.7944999999999997620 ) ) ;
#1341 = DIRECTION ( 'NONE',  ( 0.000000000000000000, 0.8028287771104243298, 0.5962096566170164147 ) ) ;
#1342 = CARTESIAN_POINT ( 'NONE',  ( 2.094500000000000028, 0.9399999999999998357, 3.000000000000000000 ) ) ;
#1343 = ORIENTED_EDGE ( 'NONE', *, *, #9032, .F. ) ;
#1344 = CARTESIAN_POINT ( 'NONE',  ( 2.824500000000000011, 0.5335548349585852446, -0.5736286912392993820 ) ) ;
#1345 = LINE ( 'NONE', #3630, #3849 ) ;
#1346 = EDGE_LOOP ( 'NONE', ( #8955, #945, #5354, #8234 ) ) ;
#1347 = DIRECTION ( 'NONE',  ( -0.000000000000000000, 0.9729913731149246736, 0.2308414777372849447 ) ) ;
#1348 = EDGE_CURVE ( 'NONE', #6022, #2230, #4591, .T. ) ;
#1349 = PLANE ( 'NONE',  #7425 ) ;
#1350 = CARTESIAN_POINT ( 'NONE',  ( 2.824500000000000011, 1.119999999999999885, 3.000000000000000000 ) ) ;
#1351 = ORIENTED_EDGE ( 'NONE', *, *, #2764, .F. ) ;
#1352 = DIRECTION ( 'NONE',  ( 1.000000000000000000, 0.000000000000000000, 0.000000000000000000 ) ) ;
#1353 = ORIENTED_EDGE ( 'NONE', *, *, #3345, .F. ) ;
#1354 = LINE ( 'NONE', #7657, #4185 ) ;
#1355 = ORIENTED_EDGE ( 'NONE', *, *, #5785, .F. ) ;
#1356 = EDGE_CURVE ( 'NONE', #1518, #8134, #8347, .T. ) ;
#1357 = CARTESIAN_POINT ( 'NONE',  ( 2.594500000000000028, 0.8996209656617012440, 3.189074965230504599 ) ) ;
#1358 = VERTEX_POINT ( 'NONE', #5755 ) ;
#1359 = AXIS2_PLACEMENT_3D ( 'NONE', #7360, #3183, #1120 ) ;
#1360 = ADVANCED_FACE ( 'NONE', ( #8129 ), #2538, .T. ) ;
#1361 = DIRECTION ( 'NONE',  ( 0.000000000000000000, -0.1045284632676515141, 0.9945218953682735119 ) ) ;
#1362 = FACE_OUTER_BOUND ( 'NONE', #5051, .T. ) ;
#1363 = ORIENTED_EDGE ( 'NONE', *, *, #6836, .F. ) ;
#1364 = VERTEX_POINT ( 'NONE', #7964 ) ;
#1365 = ORIENTED_EDGE ( 'NONE', *, *, #6137, .F. ) ;
#1366 = DIRECTION ( 'NONE',  ( 1.000000000000000000, 0.000000000000000000, 0.000000000000000000 ) ) ;
#1367 = ORIENTED_EDGE ( 'NONE', *, *, #5244, .T. ) ;
#1368 = CARTESIAN_POINT ( 'NONE',  ( 3.094500000000000028, 0.8996209656617012440, 3.189074965230504599 ) ) ;
#1369 = ORIENTED_EDGE ( 'NONE', *, *, #7578, .F. ) ;
#1370 = EDGE_CURVE ( 'NONE', #8248, #7831, #2980, .T. ) ;
#1371 = EDGE_CURVE ( 'NONE', #4098, #268, #8679, .T. ) ;
#1372 = DIRECTION ( 'NONE',  ( 0.000000000000000000, 0.000000000000000000, -1.000000000000000000 ) ) ;
#1373 = ORIENTED_EDGE ( 'NONE', *, *, #7814, .F. ) ;
#1374 = EDGE_CURVE ( 'NONE', #18, #7056, #6887, .T. ) ;
#1375 = FACE_OUTER_BOUND ( 'NONE', #5099, .T. ) ;
#1376 = DIRECTION ( 'NONE',  ( 0.000000000000000000, 0.000000000000000000, -1.000000000000000000 ) ) ;
#1377 = VERTEX_POINT ( 'NONE', #3007 ) ;
#1378 = ADVANCED_FACE ( 'NONE', ( #3939 ), #7391, .F. ) ;
#1379 = DIRECTION ( 'NONE',  ( 0.000000000000000000, -0.000000000000000000, -1.000000000000000000 ) ) ;
#1380 = ORIENTED_EDGE ( 'NONE', *, *, #8563, .F. ) ;
#1381 = CARTESIAN_POINT ( 'NONE',  ( 1.347000000000000641, 0.6500000000000000222, 0.5544999999999995488 ) ) ;
#1382 = LINE ( 'NONE', #2936, #6283 ) ;
#1383 = CARTESIAN_POINT ( 'NONE',  ( 1.824500000000000233, 0.4984000000000007313, -0.9081046033633235481 ) ) ;
#1384 =( LENGTH_UNIT ( ) NAMED_UNIT ( * ) SI_UNIT ( .MILLI., .METRE. ) );
#1385 = DIRECTION ( 'NONE',  ( 0.000000000000000000, 0.5962096566170173029, -0.8028287771104236636 ) ) ;
#1386 = VECTOR ( 'NONE', #2470, 1000.000000000000000 ) ;
#1387 = DIRECTION ( 'NONE',  ( 0.000000000000000000, 0.1045284632676540260, 0.9945218953682732899 ) ) ;
#1388 = ORIENTED_EDGE ( 'NONE', *, *, #1418, .F. ) ;
#1389 = DIRECTION ( 'NONE',  ( 0.000000000000000000, 0.9729913731149246736, -0.2308414777372849447 ) ) ;
#1390 = ORIENTED_EDGE ( 'NONE', *, *, #8448, .T. ) ;
#1391 = EDGE_CURVE ( 'NONE', #5407, #6383, #9000, .T. ) ;
#1392 = CARTESIAN_POINT ( 'NONE',  ( 0.8057526820886825591, 1.459999999999999964, 0.1057526820886819235 ) ) ;
#1393 = EDGE_LOOP ( 'NONE', ( #5177, #7365, #1834, #7095 ) ) ;
#1394 = UNCERTAINTY_MEASURE_WITH_UNIT (LENGTH_MEASURE( 1.000000000000000082E-05 ), #8975, 'distance_accuracy_value', 'NONE');
#1395 = VECTOR ( 'NONE', #7672, 1000.000000000000000 ) ;
#1396 = DIRECTION ( 'NONE',  ( 0.000000000000000000, 0.000000000000000000, 1.000000000000000000 ) ) ;
#1397 = CARTESIAN_POINT ( 'NONE',  ( 3.824500000000000011, 0.5335548349585852446, 3.573628691239299382 ) ) ;
#1398 = CARTESIAN_POINT ( 'NONE',  ( 2.824500000000000011, 1.000393720129284736, -0.1889732133504053169 ) ) ;
#1399 = ORIENTED_EDGE ( 'NONE', *, *, #5880, .T. ) ;
#1400 = ORIENTED_EDGE ( 'NONE', *, *, #6792, .F. ) ;
#1401 = DIRECTION ( 'NONE',  ( -1.000000000000000000, 0.000000000000000000, 1.239088197126289289E-15 ) ) ;
#1402 = DIRECTION ( 'NONE',  ( 0.000000000000000000, 0.000000000000000000, 1.000000000000000000 ) ) ;
#1403 = CARTESIAN_POINT ( 'NONE',  ( 0.8245000000000001217, 0.8399999999999998579, 3.108792087519462122 ) ) ;
#1404 = CYLINDRICAL_SURFACE ( 'NONE', #7258, 0.02000000000000005246 ) ;
#1405 = FACE_OUTER_BOUND ( 'NONE', #3949, .T. ) ;
#1406 = EDGE_CURVE ( 'NONE', #1377, #4677, #1224, .T. ) ;
#1407 = CARTESIAN_POINT ( 'NONE',  ( 4.324500000000000455, 0.5335548349585852446, 3.573628691239299382 ) ) ;
#1408 = DIRECTION ( 'NONE',  ( 1.000000000000000000, 0.000000000000000000, 0.000000000000000000 ) ) ;
#1409 = ORIENTED_EDGE ( 'NONE', *, *, #1026, .T. ) ;
#1410 = VECTOR ( 'NONE', #5731, 1000.000000000000000 ) ;
#1411 = ADVANCED_FACE ( 'NONE', ( #4906 ), #160, .F. ) ;
#1412 = DIRECTION ( 'NONE',  ( 0.000000000000000000, 0.000000000000000000, 1.000000000000000000 ) ) ;
#1413 = CARTESIAN_POINT ( 'NONE',  ( 1.824500000000000233, 0.6450822618089369076, -0.3781046033633239101 ) ) ;
#1414 = VECTOR ( 'NONE', #1809, 1000.000000000000000 ) ;
#1415 = VERTEX_POINT ( 'NONE', #1116 ) ;
#1416 = SURFACE_STYLE_USAGE ( .BOTH. , #5626 ) ;
#1418 = EDGE_CURVE ( 'NONE', #64, #4313, #7447, .T. ) ;
#1417 = DIRECTION ( 'NONE',  ( 1.000000000000000000, 0.000000000000000000, 0.000000000000000000 ) ) ;
#1419 = AXIS2_PLACEMENT_3D ( 'NONE', #2219, #2251, #5671 ) ;
#1420 = LINE ( 'NONE', #232, #8973 ) ;
#1421 = PRESENTATION_LAYER_ASSIGNMENT (  '', '', ( #4500 ) ) ;
#1422 = DIRECTION ( 'NONE',  ( 0.000000000000000000, 0.1045284632676540260, 0.9945218953682732899 ) ) ;
#1423 = AXIS2_PLACEMENT_3D ( 'NONE', #1920, #6847, #2613 ) ;
#1424 = EDGE_LOOP ( 'NONE', ( #1164, #6690, #2440, #971 ) ) ;
#1425 = DIRECTION ( 'NONE',  ( -1.000000000000000000, -0.000000000000000000, -0.000000000000000000 ) ) ;
#1426 = LINE ( 'NONE', #63, #5867 ) ;
#1427 = ADVANCED_FACE ( 'NONE', ( #6358 ), #1147, .F. ) ;
#1428 = EDGE_LOOP ( 'NONE', ( #4921, #7221, #1105, #2139 ) ) ;
#1429 = DIRECTION ( 'NONE',  ( 0.000000000000000000, 0.000000000000000000, -1.000000000000000000 ) ) ;
#1430 = CYLINDRICAL_SURFACE ( 'NONE', #357, 0.1199999999999998845 ) ;
#1431 = CLOSED_SHELL ( 'NONE', ( #5583, #8541, #2838, #882, #8899, #7753, #1272, #2158, #8290, #1227, #2609, #5185, #419, #6071 ) ) ;
#1432 = EDGE_CURVE ( 'NONE', #5751, #8724, #2865, .T. ) ;
#1433 = CARTESIAN_POINT ( 'NONE',  ( 2.324500000000000011, 0.6749881066967827747, -0.9500000000000002887 ) ) ;
#1434 = CARTESIAN_POINT ( 'NONE',  ( 3.824500000000000011, 0.5335548349585852446, 3.573628691239299382 ) ) ;
#1435 = EDGE_CURVE ( 'NONE', #5718, #8248, #6569, .T. ) ;
#1436 = PLANE ( 'NONE',  #2198 ) ;
#1438 = CARTESIAN_POINT ( 'NONE',  ( 1.324500000000000233, 1.119999999999999885, 0.000000000000000000 ) ) ;
#1437 = CYLINDRICAL_SURFACE ( 'NONE', #6721, 0.1199999999999998845 ) ;
#1439 = PLANE ( 'NONE',  #7985 ) ;
#1440 = ORIENTED_EDGE ( 'NONE', *, *, #3869, .T. ) ;
#1441 = LINE ( 'NONE', #8458, #4890 ) ;
#1442 = AXIS2_PLACEMENT_3D ( 'NONE', #4095, #9054, #6875 ) ;
#1443 = DIRECTION ( 'NONE',  ( 1.000000000000000000, -0.000000000000000000, -0.000000000000000000 ) ) ;
#1444 = FACE_OUTER_BOUND ( 'NONE', #6718, .T. ) ;
#1445 = DIRECTION ( 'NONE',  ( 0.000000000000000000, 0.000000000000000000, 1.000000000000000000 ) ) ;
#1446 = EDGE_CURVE ( 'NONE', #2355, #6638, #5336, .T. ) ;
#1447 = FACE_OUTER_BOUND ( 'NONE', #262, .T. ) ;
#1448 = CYLINDRICAL_SURFACE ( 'NONE', #7732, 0.1200000000000000233 ) ;
#1449 = DIRECTION ( 'NONE',  ( 0.000000000000000000, 0.000000000000000000, 1.000000000000000000 ) ) ;
#1450 = VECTOR ( 'NONE', #3592, 1000.000000000000000 ) ;
#1451 = DIRECTION ( 'NONE',  ( -0.9593655015712704293, -0.2821663239915508381, 0.000000000000000000 ) ) ;
#1452 = CARTESIAN_POINT ( 'NONE',  ( 2.824500000000000011, 1.000393720129284736, -0.1889732133504053169 ) ) ;
#1453 = CARTESIAN_POINT ( 'NONE',  ( 1.824500000000000233, 1.119999999999999885, 0.000000000000000000 ) ) ;
#1454 = CARTESIAN_POINT ( 'NONE',  ( 3.324500000000000011, 1.071938878923327065, -0.2853126666036561732 ) ) ;
#1455 = LINE ( 'NONE', #3160, #3070 ) ;
#1456 = FACE_OUTER_BOUND ( 'NONE', #705, .T. ) ;
#1457 =( NAMED_UNIT ( * ) SI_UNIT ( $, .STERADIAN. ) SOLID_ANGLE_UNIT ( ) );
#1458 = VECTOR ( 'NONE', #6844, 1000.000000000000227 ) ;
#1459 = VERTEX_POINT ( 'NONE', #5910 ) ;
#1460 = DIRECTION ( 'NONE',  ( 0.000000000000000000, 0.000000000000000000, -1.000000000000000000 ) ) ;
#1461 = ORIENTED_EDGE ( 'NONE', *, *, #2713, .F. ) ;
#1462 = CARTESIAN_POINT ( 'NONE',  ( 4.092000000000001414, 0.6499999999999999112, 0.6745000000000010987 ) ) ;
#1463 = DIRECTION ( 'NONE',  ( 0.000000000000000000, 0.9729913731149246736, -0.2308414777372849447 ) ) ;
#1464 = VECTOR ( 'NONE', #4399, 1000.000000000000000 ) ;
#1465 = ORIENTED_EDGE ( 'NONE', *, *, #5680, .F. ) ;
#1466 = AXIS2_PLACEMENT_3D ( 'NONE', #7936, #2723, #7618 ) ;
#1468 = ORIENTED_EDGE ( 'NONE', *, *, #8004, .F. ) ;
#1467 = CARTESIAN_POINT ( 'NONE',  ( 2.324500000000000011, 0.9399999999999997247, -0.1087920875194616499 ) ) ;
#1469 = CARTESIAN_POINT ( 'NONE',  ( 3.824500000000000011, 0.4984000000000007313, 3.908104603363323548 ) ) ;
#1470 = CARTESIAN_POINT ( 'NONE',  ( 1.824500000000000233, 0.6749881066967827747, -0.9500000000000002887 ) ) ;
#1471 = DIRECTION ( 'NONE',  ( -1.000000000000000000, 0.000000000000000000, 0.000000000000000000 ) ) ;
#1472 = CARTESIAN_POINT ( 'NONE',  ( 1.324500000000000233, 1.119999999999999885, 3.179260447756191432 ) ) ;
#1473 = ORIENTED_EDGE ( 'NONE', *, *, #2308, .F. ) ;
#1474 = FACE_OUTER_BOUND ( 'NONE', #2649, .T. ) ;
#1475 = DIRECTION ( 'NONE',  ( 0.000000000000000000, 0.000000000000000000, -1.000000000000000000 ) ) ;
#1476 = VERTEX_POINT ( 'NONE', #479 ) ;
#1477 = ADVANCED_FACE ( 'NONE', ( #4482 ), #1788, .F. ) ;
#1478 = CARTESIAN_POINT ( 'NONE',  ( 3.824500000000000011, 1.071938878923327065, -0.2853126666036561732 ) ) ;
#1479 = CARTESIAN_POINT ( 'NONE',  ( 3.824500000000000011, 0.6749881066967827747, -0.9500000000000002887 ) ) ;
#1480 = PLANE ( 'NONE',  #4251 ) ;
#1481 = CARTESIAN_POINT ( 'NONE',  ( 3.824500000000000011, 0.6749881066967827747, 3.950000000000000178 ) ) ;
#1482 = EDGE_CURVE ( 'NONE', #202, #3775, #5562, .T. ) ;
#1483 =( GEOMETRIC_REPRESENTATION_CONTEXT ( 3 ) GLOBAL_UNCERTAINTY_ASSIGNED_CONTEXT ( ( #5549 ) ) GLOBAL_UNIT_ASSIGNED_CONTEXT ( ( #69, #2885, #6971 ) ) REPRESENTATION_CONTEXT ( 'NONE', 'WORKASPACE' ) );
#1484 = ORIENTED_EDGE ( 'NONE', *, *, #1907, .T. ) ;
#1485 = ORIENTED_EDGE ( 'NONE', *, *, #7869, .F. ) ;
#1486 = VERTEX_POINT ( 'NONE', #8179 ) ;
#1487 = DIRECTION ( 'NONE',  ( 1.000000000000000000, 0.000000000000000000, -1.239088197126289289E-15 ) ) ;
#1488 = VERTEX_POINT ( 'NONE', #5286 ) ;
#1489 = CARTESIAN_POINT ( 'NONE',  ( 1.324500000000000233, 0.8399999999999998579, 3.108792087519462122 ) ) ;
#1490 = VERTEX_POINT ( 'NONE', #3950 ) ;
#1491 = CARTESIAN_POINT ( 'NONE',  ( 3.094500000000000028, 0.5335548349585852446, -0.5736286912392993820 ) ) ;
#1492 = LINE ( 'NONE', #2085, #724 ) ;
#1493 = ORIENTED_EDGE ( 'NONE', *, *, #2308, .T. ) ;
#1494 = EDGE_CURVE ( 'NONE', #9047, #1331, #3835, .T. ) ;
#1495 = VERTEX_POINT ( 'NONE', #6030 ) ;
#1496 = FACE_OUTER_BOUND ( 'NONE', #5486, .T. ) ;
#1497 = ORIENTED_EDGE ( 'NONE', *, *, #8886, .T. ) ;
#1498 = AXIS2_PLACEMENT_3D ( 'NONE', #8821, #8786, #483 ) ;
#1499 = EDGE_LOOP ( 'NONE', ( #4846, #2903, #4393, #6158 ) ) ;
#1500 = CIRCLE ( 'NONE', #7210, 0.2799999999999998601 ) ;
#1501 = CARTESIAN_POINT ( 'NONE',  ( 1.094500000000000028, 1.119999999999999885, -0.1792604477561911547 ) ) ;
#1502 = DIRECTION ( 'NONE',  ( 0.000000000000000000, 0.000000000000000000, -1.000000000000000000 ) ) ;
#1503 = VERTEX_POINT ( 'NONE', #1064 ) ;
#1504 = EDGE_CURVE ( 'NONE', #4045, #754, #3632, .T. ) ;
#1505 = EDGE_CURVE ( 'NONE', #751, #6515, #1888, .T. ) ;
#1506 = DIRECTION ( 'NONE',  ( 1.000000000000000000, -0.000000000000000000, -0.000000000000000000 ) ) ;
#1507 = VERTEX_POINT ( 'NONE', #2716 ) ;
#1508 = CARTESIAN_POINT ( 'NONE',  ( 1.347000000000000419, 0.5999999999999999778, 2.445499999999999563 ) ) ;
#1509 = FACE_OUTER_BOUND ( 'NONE', #4667, .T. ) ;
#1510 = DIRECTION ( 'NONE',  ( 0.000000000000000000, 0.000000000000000000, -1.000000000000000000 ) ) ;
#1511 = CARTESIAN_POINT ( 'NONE',  ( 3.824500000000000011, 0.9399999999999998357, 0.000000000000000000 ) ) ;
#1512 = ORIENTED_EDGE ( 'NONE', *, *, #7320, .T. ) ;
#1513 = DIRECTION ( 'NONE',  ( 0.000000000000000000, -0.9945218953682732899, 0.1045284632676540260 ) ) ;
#1514 = VECTOR ( 'NONE', #2710, 1000.000000000000000 ) ;
#1515 = EDGE_CURVE ( 'NONE', #2620, #5754, #8887, .T. ) ;
#1516 = LINE ( 'NONE', #6546, #5191 ) ;
#1517 = ADVANCED_FACE ( 'NONE', ( #1456 ), #6765, .F. ) ;
#1518 = VERTEX_POINT ( 'NONE', #1286 ) ;
#1519 = DIRECTION ( 'NONE',  ( 0.000000000000000000, 0.000000000000000000, -1.000000000000000000 ) ) ;
#1520 = PLANE ( 'NONE',  #7274 ) ;
#1521 = LINE ( 'NONE', #3945, #2057 ) ;
#1522 = DIRECTION ( 'NONE',  ( -1.000000000000000000, 2.824178620696807171E-17, -8.306407707931765496E-18 ) ) ;
#1523 = CARTESIAN_POINT ( 'NONE',  ( 2.324500000000000011, 1.000393720129284736, -0.1889732133504053169 ) ) ;
#1524 = VERTEX_POINT ( 'NONE', #8967 ) ;
#1525 = VECTOR ( 'NONE', #3992, 1000.000000000000000 ) ;
#1526 = DIRECTION ( 'NONE',  ( 0.000000000000000000, 0.000000000000000000, -1.000000000000000000 ) ) ;
#1527 = EDGE_CURVE ( 'NONE', #2751, #4821, #813, .T. ) ;
#1528 = CYLINDRICAL_SURFACE ( 'NONE', #5260, 0.1200000000000000233 ) ;
#1529 = DIRECTION ( 'NONE',  ( 0.000000000000000000, 0.5962096566170173029, 0.8028287771104236636 ) ) ;
#1530 = CARTESIAN_POINT ( 'NONE',  ( 2.824500000000000011, 0.8996209656617012440, -0.1890749652305044881 ) ) ;
#1531 = VERTEX_POINT ( 'NONE', #3981 ) ;
#1532 = DIRECTION ( 'NONE',  ( 0.000000000000000000, -1.000000000000000000, 0.000000000000000000 ) ) ;
#1533 = ORIENTED_EDGE ( 'NONE', *, *, #8621, .T. ) ;
#1534 = EDGE_CURVE ( 'NONE', #5168, #4771, #1986, .T. ) ;
#1535 = PLANE ( 'NONE',  #8667 ) ;
#1536 = LINE ( 'NONE', #5518, #887 ) ;
#1537 = ORIENTED_EDGE ( 'NONE', *, *, #100, .F. ) ;
#1538 = CARTESIAN_POINT ( 'NONE',  ( 3.824500000000000011, 0.9399999999999997247, -0.1087920875194616499 ) ) ;
#1539 = EDGE_CURVE ( 'NONE', #6474, #3426, #6778, .T. ) ;
#1540 = ORIENTED_EDGE ( 'NONE', *, *, #7981, .F. ) ;
#1541 = VECTOR ( 'NONE', #7739, 1000.000000000000000 ) ;
#1542 = CARTESIAN_POINT ( 'NONE',  ( 4.640623213158055371, 0.6055189247373893302, 2.901623213158056380 ) ) ;
#1543 = DIRECTION ( 'NONE',  ( 1.000000000000000000, -0.000000000000000000, -0.000000000000000000 ) ) ;
#1544 = CARTESIAN_POINT ( 'NONE',  ( 3.824500000000000011, 0.8399999999999998579, -0.1087920875194620801 ) ) ;
#1545 = FACE_OUTER_BOUND ( 'NONE', #1068, .T. ) ;
#1546 = CIRCLE ( 'NONE', #3734, 0.09999999999999982514 ) ;
#1547 = EDGE_CURVE ( 'NONE', #7273, #6901, #4165, .T. ) ;
#1548 = LINE ( 'NONE', #3721, #6561 ) ;
#1549 = EDGE_CURVE ( 'NONE', #528, #1023, #7339, .T. ) ;
#1550 = CARTESIAN_POINT ( 'NONE',  ( 2.824500000000000011, 0.5335548349585852446, 3.573628691239299382 ) ) ;
#1551 = FACE_OUTER_BOUND ( 'NONE', #5690, .T. ) ;
#1552 = DIRECTION ( 'NONE',  ( 0.000000000000000000, -0.1045284632676515141, -0.9945218953682735119 ) ) ;
#1553 = VECTOR ( 'NONE', #2500, 1000.000000000000000 ) ;
#1554 = AXIS2_PLACEMENT_3D ( 'NONE', #5533, #6221, #671 ) ;
#1555 = COLOUR_RGB ( '',0.8941176470588234615, 0.9137254901960784048, 0.9294117647058823817 ) ;
#1556 = DIRECTION ( 'NONE',  ( -0.000000000000000000, 0.9729913731149246736, 0.2308414777372849447 ) ) ;
#1557 = LINE ( 'NONE', #8258, #913 ) ;
#1558 = ORIENTED_EDGE ( 'NONE', *, *, #3527, .F. ) ;
#1559 = EDGE_LOOP ( 'NONE', ( #8178, #3733, #7366, #4273 ) ) ;
#1560 = DIRECTION ( 'NONE',  ( 0.000000000000000000, -0.8028287771104236636, 0.5962096566170173029 ) ) ;
#1561 = ADVANCED_FACE ( 'NONE', ( #50 ), #4683, .T. ) ;
#1562 = PLANE ( 'NONE',  #4218 ) ;
#1563 = CARTESIAN_POINT ( 'NONE',  ( 2.324500000000000011, 0.5335548349585852446, 3.573628691239299382 ) ) ;
#1564 = ORIENTED_EDGE ( 'NONE', *, *, #1051, .T. ) ;
#1565 = CARTESIAN_POINT ( 'NONE',  ( 4.624035241003918273, 1.459999999999999964, 0.1149647589960807736 ) ) ;
#1566 = ORIENTED_EDGE ( 'NONE', *, *, #6072, .F. ) ;
#1567 = CARTESIAN_POINT ( 'NONE',  ( 0.8245000000000001217, 1.071938878923327065, 3.285312666603656062 ) ) ;
#1568 = VECTOR ( 'NONE', #3338, 1000.000000000000000 ) ;
#1569 = VERTEX_POINT ( 'NONE', #6151 ) ;
#1570 = CARTESIAN_POINT ( 'NONE',  ( 4.492000000000000881, 0.5999999999999999778, 2.205500000000000238 ) ) ;
#1571 = VERTEX_POINT ( 'NONE', #8291 ) ;
#1572 =( BOUNDED_CURVE ( )  B_SPLINE_CURVE ( 3, ( #6426, #893, #5003, #842 ),
 .UNSPECIFIED., .F., .F. ) 
 B_SPLINE_CURVE_WITH_KNOTS ( ( 4, 4 ),
 ( 4.712388980384693227, 5.997133865462275004 ),
 .UNSPECIFIED. ) 
 CURVE ( )  GEOMETRIC_REPRESENTATION_ITEM ( )  RATIONAL_B_SPLINE_CURVE ( ( 1.000000000000000000, 0.8671177933693101636, 0.8671177933693101636, 1.000000000000000000 ) ) 
 REPRESENTATION_ITEM ( '' )  );
#1573 = ORIENTED_EDGE ( 'NONE', *, *, #7993, .T. ) ;
#1574 = ORIENTED_EDGE ( 'NONE', *, *, #4266, .F. ) ;
#1575 = VECTOR ( 'NONE', #8792, 1000.000000000000000 ) ;
#1576 = ORIENTED_EDGE ( 'NONE', *, *, #4169, .T. ) ;
#1577 = DIRECTION ( 'NONE',  ( -1.000000000000000000, 2.824178620696807171E-17, 0.000000000000000000 ) ) ;
#1578 = AXIS2_PLACEMENT_3D ( 'NONE', #5322, #5349, #1828 ) ;
#1579 = VERTEX_POINT ( 'NONE', #5465 ) ;
#1580 = ORIENTED_EDGE ( 'NONE', *, *, #7037, .T. ) ;
#1581 = FACE_OUTER_BOUND ( 'NONE', #4391, .T. ) ;
#1582 = AXIS2_PLACEMENT_3D ( 'NONE', #789, #7637, #3513 ) ;
#1583 = DIRECTION ( 'NONE',  ( 0.000000000000000000, 0.000000000000000000, 1.000000000000000000 ) ) ;
#1584 = ORIENTED_EDGE ( 'NONE', *, *, #7160, .F. ) ;
#1585 = DIRECTION ( 'NONE',  ( -0.000000000000000000, 0.8028287771104243298, -0.5962096566170164147 ) ) ;
#1586 = CARTESIAN_POINT ( 'NONE',  ( 4.142000000000000348, 0.5999999999999998668, 0.7945000000000000950 ) ) ;
#1587 = ORIENTED_EDGE ( 'NONE', *, *, #1607, .F. ) ;
#1588 = LINE ( 'NONE', #393, #3438 ) ;
#1589 = CARTESIAN_POINT ( 'NONE',  ( 1.347000000000000641, 0.5999999999999999778, 0.5544999999999995488 ) ) ;
#1590 = ORIENTED_EDGE ( 'NONE', *, *, #6453, .T. ) ;
#1591 = EDGE_LOOP ( 'NONE', ( #75, #5031, #8575, #1129 ) ) ;
#1592 = DIRECTION ( 'NONE',  ( -1.000000000000000000, 0.000000000000000000, 0.000000000000000000 ) ) ;
#1593 = VERTEX_POINT ( 'NONE', #8260 ) ;
#1594 = AXIS2_PLACEMENT_3D ( 'NONE', #2841, #7708, #6316 ) ;
#1595 = ORIENTED_EDGE ( 'NONE', *, *, #8638, .T. ) ;
#1596 = DIRECTION ( 'NONE',  ( 0.000000000000000000, 0.000000000000000000, 1.000000000000000000 ) ) ;
#1597 = AXIS2_PLACEMENT_3D ( 'NONE', #8593, #7111, #7821 ) ;
#1598 = ORIENTED_EDGE ( 'NONE', *, *, #1026, .F. ) ;
#1599 = AXIS2_PLACEMENT_3D ( 'NONE', #1905, #6738, #3301 ) ;
#1600 = LINE ( 'NONE', #2161, #5823 ) ;
#1601 = DIRECTION ( 'NONE',  ( 0.000000000000000000, -1.000000000000000000, 0.000000000000000000 ) ) ;
#1602 = ORIENTED_EDGE ( 'NONE', *, *, #6794, .F. ) ;
#1603 = VERTEX_POINT ( 'NONE', #569 ) ;
#1604 = FACE_OUTER_BOUND ( 'NONE', #5423, .T. ) ;
#1605 = PLANE ( 'NONE',  #8197 ) ;
#1606 = ADVANCED_FACE ( 'NONE', ( #2643 ), #7130, .T. ) ;
#1607 = EDGE_CURVE ( 'NONE', #5421, #624, #7237, .T. ) ;
#1608 = DIRECTION ( 'NONE',  ( 0.000000000000000000, 0.1045284632676540260, 0.9945218953682732899 ) ) ;
#1609 = CIRCLE ( 'NONE', #4031, 0.09999999999999982514 ) ;
#1610 = ORIENTED_EDGE ( 'NONE', *, *, #8182, .F. ) ;
#1611 = AXIS2_PLACEMENT_3D ( 'NONE', #2412, #7295, #6525 ) ;
#1612 = CARTESIAN_POINT ( 'NONE',  ( 4.639000000000000234, 0.6143566735201689832, 2.904222551035344324 ) ) ;
#1613 = ORIENTED_EDGE ( 'NONE', *, *, #5854, .T. ) ;
#1614 = CARTESIAN_POINT ( 'NONE',  ( 4.624035241003919161, 0.5999999999999998668, 0.1149647589960814398 ) ) ;
#1615 = VERTEX_POINT ( 'NONE', #4651 ) ;
#1616 = DIRECTION ( 'NONE',  ( -1.000000000000000000, 0.000000000000000000, 0.000000000000000000 ) ) ;
#1617 = CARTESIAN_POINT ( 'NONE',  ( 2.824500000000000011, 0.9399999999999998357, 3.000000000000000000 ) ) ;
#1618 = VECTOR ( 'NONE', #5658, 1000.000000000000000 ) ;
#1619 = EDGE_CURVE ( 'NONE', #8131, #7736, #7793, .T. ) ;
#1620 = EDGE_CURVE ( 'NONE', #4099, #8832, #6118, .T. ) ;
#1621 = CARTESIAN_POINT ( 'NONE',  ( 2.094500000000000028, 0.9399999999999998357, 3.000000000000000000 ) ) ;
#1622 = CARTESIAN_POINT ( 'NONE',  ( 2.324500000000000011, 0.8399999999999998579, 3.108792087519462122 ) ) ;
#1623 = CARTESIAN_POINT ( 'NONE',  ( 0.7983767868419443525, 1.454481075262610723, 2.901623213158057268 ) ) ;
#1624 = ORIENTED_EDGE ( 'NONE', *, *, #1805, .T. ) ;
#1625 = CARTESIAN_POINT ( 'NONE',  ( 0.9470000000000003970, 0.5999999999999999778, 2.445499999999999563 ) ) ;
#1626 = VECTOR ( 'NONE', #450, 1000.000000000000000 ) ;
#1627 = DIRECTION ( 'NONE',  ( -1.000000000000000000, -0.000000000000000000, -0.000000000000000000 ) ) ;
#1628 = PLANE ( 'NONE',  #4817 ) ;
#1629 = LINE ( 'NONE', #5709, #231 ) ;
#1630 = ORIENTED_EDGE ( 'NONE', *, *, #1805, .F. ) ;
#1631 = LINE ( 'NONE', #1066, #3255 ) ;
#1632 = CARTESIAN_POINT ( 'NONE',  ( 4.492000000000000881, 0.5999999999999998668, 2.205500000000000238 ) ) ;
#1633 = STYLED_ITEM ( 'NONE', ( #7549 ), #2242 ) ;
#1634 = CIRCLE ( 'NONE', #4639, 0.09999999999999993616 ) ;
#1635 = ORIENTED_EDGE ( 'NONE', *, *, #4765, .F. ) ;
#1636 = DIRECTION ( 'NONE',  ( -1.000000000000000000, -0.000000000000000000, -0.000000000000000000 ) ) ;
#1637 = CARTESIAN_POINT ( 'NONE',  ( 4.324500000000000455, 0.7523999999999998467, -0.5226137832432001806 ) ) ;
#1638 = LINE ( 'NONE', #4407, #5758 ) ;
#1639 = VERTEX_POINT ( 'NONE', #4009 ) ;
#1640 = LINE ( 'NONE', #2818, #8861 ) ;
#1641 = DIRECTION ( 'NONE',  ( 0.000000000000000000, 0.000000000000000000, 1.000000000000000000 ) ) ;
#1642 = CLOSED_SHELL ( 'NONE', ( #3279, #165, #6579, #3146, #6313, #788, #601, #8068, #8627, #1832, #2509, #4336, #614, #1321 ) ) ;
#1643 = FACE_OUTER_BOUND ( 'NONE', #7018, .T. ) ;
#1644 = EDGE_LOOP ( 'NONE', ( #1468, #1170, #4080, #7540 ) ) ;
#1645 = CARTESIAN_POINT ( 'NONE',  ( 3.594500000000000028, 1.119999999999999885, 3.000000000000000000 ) ) ;
#1646 = PLANE ( 'NONE',  #2287 ) ;
#1647 = AXIS2_PLACEMENT_3D ( 'NONE', #7819, #177, #8505 ) ;
#1648 = ADVANCED_FACE ( 'NONE', ( #1777 ), #265, .T. ) ;
#1649 = CARTESIAN_POINT ( 'NONE',  ( 1.094500000000000028, 0.7523999999999998467, -0.5226137832432001806 ) ) ;
#1650 = COLOUR_RGB ( '',0.8941176470588234615, 0.9137254901960784048, 0.9294117647058823817 ) ;
#1651 = ORIENTED_EDGE ( 'NONE', *, *, #8441, .T. ) ;
#1652 = VECTOR ( 'NONE', #2752, 1000.000000000000000 ) ;
#1653 = DIRECTION ( 'NONE',  ( 0.000000000000000000, 0.9729913731149246736, -0.2308414777372849447 ) ) ;
#1654 = VECTOR ( 'NONE', #472, 1000.000000000000000 ) ;
#1655 = PLANE ( 'NONE',  #8784 ) ;
#1656 = CARTESIAN_POINT ( 'NONE',  ( 0.6999999999999998446, 1.119999999999999885, 3.000000000000000000 ) ) ;
#1658 = EDGE_CURVE ( 'NONE', #2101, #3009, #1668, .T. ) ;
#1657 = CIRCLE ( 'NONE', #1142, 0.2799999999999999711 ) ;
#1659 = FACE_OUTER_BOUND ( 'NONE', #7475, .T. ) ;
#1660 = FACE_OUTER_BOUND ( 'NONE', #7040, .T. ) ;
#1661 = AXIS2_PLACEMENT_3D ( 'NONE', #7249, #6567, #3066 ) ;
#1662 = CIRCLE ( 'NONE', #2354, 0.2799999999999998601 ) ;
#1663 = AXIS2_PLACEMENT_3D ( 'NONE', #2966, #2322, #3668 ) ;
#1664 = CARTESIAN_POINT ( 'NONE',  ( 1.347000000000000641, 0.5999999999999999778, 0.6745000000000007656 ) ) ;
#1665 = CARTESIAN_POINT ( 'NONE',  ( 2.324500000000000011, 0.8399999999999998579, -0.1087920875194620801 ) ) ;
#1666 = EDGE_CURVE ( 'NONE', #6724, #7639, #4271, .T. ) ;
#1667 = VECTOR ( 'NONE', #1653, 1000.000000000000227 ) ;
#1668 = LINE ( 'NONE', #3582, #5130 ) ;
#1669 = LINE ( 'NONE', #648, #1337 ) ;
#1670 = ORIENTED_EDGE ( 'NONE', *, *, #1504, .F. ) ;
#1671 = EDGE_CURVE ( 'NONE', #707, #4971, #3401, .T. ) ;
#1672 = ORIENTED_EDGE ( 'NONE', *, *, #5034, .F. ) ;
#1673 = CARTESIAN_POINT ( 'NONE',  ( 4.092000000000001414, 0.5999999999999999778, 2.445500000000000007 ) ) ;
#1674 = DIRECTION ( 'NONE',  ( 0.000000000000000000, 0.1045284632676540260, 0.9945218953682732899 ) ) ;
#1675 = AXIS2_PLACEMENT_3D ( 'NONE', #8703, #5149, #1703 ) ;
#1676 = ORIENTED_EDGE ( 'NONE', *, *, #1216, .T. ) ;
#1677 = LINE ( 'NONE', #1825, #3425 ) ;
#1678 = CARTESIAN_POINT ( 'NONE',  ( 1.824500000000000233, 1.119999999999999885, 3.179260447756191432 ) ) ;
#1679 = ORIENTED_EDGE ( 'NONE', *, *, #8730, .F. ) ;
#1680 = CARTESIAN_POINT ( 'NONE',  ( 0.8245000000000001217, 0.8399999999999998579, -0.1087920875194620801 ) ) ;
#1681 = PRODUCT_CONTEXT ( 'NONE', #290, 'mechanical' ) ;
#1682 = DIRECTION ( 'NONE',  ( -1.000000000000000000, 2.824178620696807171E-17, 0.000000000000000000 ) ) ;
#1683 = DIRECTION ( 'NONE',  ( -2.824178620696807171E-17, -1.000000000000000000, -0.000000000000000000 ) ) ;
#1684 = EDGE_CURVE ( 'NONE', #8655, #4726, #362, .T. ) ;
#1685 = PRESENTATION_LAYER_ASSIGNMENT (  '', '', ( #8759 ) ) ;
#1686 = EDGE_LOOP ( 'NONE', ( #7573, #82 ) ) ;
#1687 = LINE ( 'NONE', #3500, #2881 ) ;
#1688 = DIRECTION ( 'NONE',  ( 0.000000000000000000, 0.5962096566170173029, -0.8028287771104236636 ) ) ;
#1689 = ORIENTED_EDGE ( 'NONE', *, *, #145, .F. ) ;
#1690 = DIRECTION ( 'NONE',  ( 1.000000000000000000, -0.000000000000000000, -0.000000000000000000 ) ) ;
#1691 = ORIENTED_EDGE ( 'NONE', *, *, #1494, .F. ) ;
#1692 = VERTEX_POINT ( 'NONE', #2846 ) ;
#1693 = ADVANCED_FACE ( 'NONE', ( #2430, #5683 ), #1480, .F. ) ;
#1694 = ORIENTED_EDGE ( 'NONE', *, *, #8808, .T. ) ;
#1695 = DIRECTION ( 'NONE',  ( 0.000000000000000000, -0.8028287771104236636, -0.5962096566170171918 ) ) ;
#1696 = SURFACE_STYLE_USAGE ( .BOTH. , #7304 ) ;
#1697 = ORIENTED_EDGE ( 'NONE', *, *, #6742, .T. ) ;
#1698 = VERTEX_POINT ( 'NONE', #4884 ) ;
#1699 = CARTESIAN_POINT ( 'NONE',  ( 4.094500000000000028, 0.5335548349585852446, 3.573628691239299382 ) ) ;
#1700 = VERTEX_POINT ( 'NONE', #5624 ) ;
#1701 = LINE ( 'NONE', #1433, #6278 ) ;
#1702 = EDGE_CURVE ( 'NONE', #1869, #4194, #5896, .T. ) ;
#1703 = DIRECTION ( 'NONE',  ( 2.824178620696807171E-17, 1.000000000000000000, 0.000000000000000000 ) ) ;
#1704 = VERTEX_POINT ( 'NONE', #723 ) ;
#1705 = CARTESIAN_POINT ( 'NONE',  ( 0.9470000000000003970, 0.5999999999999999778, 0.7944999999999992069 ) ) ;
#1706 = EDGE_LOOP ( 'NONE', ( #7265, #8580, #2924, #5112 ) ) ;
#1707 = VECTOR ( 'NONE', #7108, 1000.000000000000227 ) ;
#1708 = VERTEX_POINT ( 'NONE', #7061 ) ;
#1709 = CARTESIAN_POINT ( 'NONE',  ( 4.324500000000000455, 1.119999999999999885, 0.000000000000000000 ) ) ;
#1710 = EDGE_CURVE ( 'NONE', #6949, #839, #5791, .T. ) ;
#1711 = DIRECTION ( 'NONE',  ( 0.000000000000000000, 0.000000000000000000, -1.000000000000000000 ) ) ;
#1712 = FACE_OUTER_BOUND ( 'NONE', #4722, .T. ) ;
#1713 = DIRECTION ( 'NONE',  ( 1.000000000000000000, 0.000000000000000000, 0.000000000000000000 ) ) ;
#1714 = EDGE_LOOP ( 'NONE', ( #878, #665, #4397, #3362 ) ) ;
#1715 = EDGE_CURVE ( 'NONE', #3561, #4677, #8773, .T. ) ;
#1716 = AXIS2_PLACEMENT_3D ( 'NONE', #7844, #4930, #7757 ) ;
#1717 = CARTESIAN_POINT ( 'NONE',  ( 1.324500000000000233, 0.6749881066967827747, -0.9500000000000002887 ) ) ;
#1718 = VERTEX_POINT ( 'NONE', #8422 ) ;
#1719 = AXIS2_PLACEMENT_3D ( 'NONE', #497, #558, #6139 ) ;
#1720 = AXIS2_PLACEMENT_3D ( 'NONE', #4239, #6352, #3548 ) ;
#1721 = ORIENTED_EDGE ( 'NONE', *, *, #7629, .F. ) ;
#1722 = CARTESIAN_POINT ( 'NONE',  ( 1.347000000000000419, 0.5999999999999999778, 2.445499999999999563 ) ) ;
#1723 = FACE_OUTER_BOUND ( 'NONE', #1346, .T. ) ;
#1724 = EDGE_CURVE ( 'NONE', #6356, #5045, #7679, .T. ) ;
#1725 = CARTESIAN_POINT ( 'NONE',  ( 1.824500000000000233, 0.7125687761248743479, 3.592443814627477305 ) ) ;
#1726 = ORIENTED_EDGE ( 'NONE', *, *, #1684, .T. ) ;
#1727 = EDGE_CURVE ( 'NONE', #7599, #5259, #3729, .T. ) ;
#1728 = ORIENTED_EDGE ( 'NONE', *, *, #5843, .T. ) ;
#1729 = CARTESIAN_POINT ( 'NONE',  ( 3.824500000000000011, 0.8120209656617016769, -0.6028966609542426580 ) ) ;
#1730 = DIRECTION ( 'NONE',  ( 0.000000000000000000, 0.000000000000000000, 1.000000000000000000 ) ) ;
#1731 = LINE ( 'NONE', #1316, #7192 ) ;
#1732 = AXIS2_PLACEMENT_3D ( 'NONE', #4937, #809, #2193 ) ;
#1733 = DIRECTION ( 'NONE',  ( -1.000000000000000000, 0.000000000000000000, 0.000000000000000000 ) ) ;
#1734 = LINE ( 'NONE', #6310, #3995 ) ;
#1735 = DIRECTION ( 'NONE',  ( 0.000000000000000000, 0.5962096566170173029, 0.8028287771104236636 ) ) ;
#1736 = EDGE_LOOP ( 'NONE', ( #7829, #8871, #1153, #3321 ) ) ;
#1737 = MANIFOLD_SOLID_BREP ( 'Mirror1[5]', #8810 ) ;
#1738 = VECTOR ( 'NONE', #8584, 1000.000000000000000 ) ;
#1739 = CARTESIAN_POINT ( 'NONE',  ( 4.594500000000000028, 0.8399999999999998579, -0.1087920875194620801 ) ) ;
#1740 = PRESENTATION_STYLE_ASSIGNMENT (( #4587 ) ) ;
#1741 = DIRECTION ( 'NONE',  ( 1.000000000000000000, 0.000000000000000000, 0.000000000000000000 ) ) ;
#1742 = ADVANCED_FACE ( 'NONE', ( #4897 ), #5501, .T. ) ;
#1743 = CARTESIAN_POINT ( 'NONE',  ( 3.594500000000000028, 1.071938878923327065, -0.2853126666036561732 ) ) ;
#1744 = CARTESIAN_POINT ( 'NONE',  ( 0.000000000000000000, 0.000000000000000000, 0.000000000000000000 ) ) ;
#1745 = VERTEX_POINT ( 'NONE', #2777 ) ;
#1746 = DIRECTION ( 'NONE',  ( -0.000000000000000000, 1.000000000000000000, -0.000000000000000000 ) ) ;
#1747 = FACE_OUTER_BOUND ( 'NONE', #7049, .T. ) ;
#1748 = LINE ( 'NONE', #3699, #5753 ) ;
#1749 = VERTEX_POINT ( 'NONE', #8390 ) ;
#1750 = CARTESIAN_POINT ( 'NONE',  ( 4.324500000000000455, 1.119999999999999885, 3.000000000000000000 ) ) ;
#1751 = ORIENTED_EDGE ( 'NONE', *, *, #8402, .T. ) ;
#1752 = DIRECTION ( 'NONE',  ( 1.000000000000000000, 0.000000000000000000, -1.239088197126290669E-15 ) ) ;
#1753 = AXIS2_PLACEMENT_3D ( 'NONE', #1840, #7355, #6613 ) ;
#1754 = LINE ( 'NONE', #6686, #7107 ) ;
#1755 = ORIENTED_EDGE ( 'NONE', *, *, #5409, .T. ) ;
#1756 = FILL_AREA_STYLE ('',( #4311 ) ) ;
#1757 = AXIS2_PLACEMENT_3D ( 'NONE', #6351, #4238, #2051 ) ;
#1758 = CIRCLE ( 'NONE', #2488, 0.09999999999999982514 ) ;
#1759 = VERTEX_POINT ( 'NONE', #8451 ) ;
#1760 = CYLINDRICAL_SURFACE ( 'NONE', #4429, 0.2799999999999998601 ) ;
#1761 = CARTESIAN_POINT ( 'NONE',  ( 4.094500000000000028, 1.071938878923327065, -0.2853126666036561732 ) ) ;
#1762 = LINE ( 'NONE', #4324, #6102 ) ;
#1763 = CARTESIAN_POINT ( 'NONE',  ( 2.824500000000000011, 1.071938878923327065, 3.285312666603656062 ) ) ;
#1764 = CARTESIAN_POINT ( 'NONE',  ( 1.824500000000000233, 1.119999999999999885, 0.000000000000000000 ) ) ;
#1765 = LINE ( 'NONE', #176, #7546 ) ;
#1766 = AXIS2_PLACEMENT_3D ( 'NONE', #9049, #6262, #38 ) ;
#1767 = CARTESIAN_POINT ( 'NONE',  ( 2.324500000000000011, 0.9399999999999998357, 0.000000000000000000 ) ) ;
#1768 = FACE_OUTER_BOUND ( 'NONE', #5948, .T. ) ;
#1769 = CARTESIAN_POINT ( 'NONE',  ( 3.324500000000000011, 1.119999999999999885, 0.000000000000000000 ) ) ;
#1770 = VECTOR ( 'NONE', #3025, 1000.000000000000000 ) ;
#1771 = AXIS2_PLACEMENT_3D ( 'NONE', #722, #2113, #669 ) ;
#1772 = CARTESIAN_POINT ( 'NONE',  ( 2.324500000000000011, 0.8399999999999998579, 3.108792087519462122 ) ) ;
#1773 = AXIS2_PLACEMENT_3D ( 'NONE', #3762, #5225, #8666 ) ;
#1774 = DIRECTION ( 'NONE',  ( 0.000000000000000000, 0.000000000000000000, 1.000000000000000000 ) ) ;
#1775 = FILL_AREA_STYLE_COLOUR ( '', #2859 ) ;
#1776 = VECTOR ( 'NONE', #3283, 1000.000000000000000 ) ;
#1777 = FACE_OUTER_BOUND ( 'NONE', #2535, .T. ) ;
#1778 = VECTOR ( 'NONE', #1902, 1000.000000000000000 ) ;
#1779 = ORIENTED_EDGE ( 'NONE', *, *, #127, .F. ) ;
#1780 = CARTESIAN_POINT ( 'NONE',  ( 0.8245000000000001217, 0.6450822618089369076, 3.378104603363324188 ) ) ;
#1781 = ORIENTED_EDGE ( 'NONE', *, *, #2896, .T. ) ;
#1782 = EDGE_CURVE ( 'NONE', #8724, #2117, #5781, .T. ) ;
#1783 = DIRECTION ( 'NONE',  ( 1.548860246407862350E-15, 0.000000000000000000, -1.000000000000000000 ) ) ;
#1784 = AXIS2_PLACEMENT_3D ( 'NONE', #3418, #5462, #1379 ) ;
#1785 = LINE ( 'NONE', #302, #2750 ) ;
#1786 = ORIENTED_EDGE ( 'NONE', *, *, #5909, .T. ) ;
#1787 = ADVANCED_FACE ( 'NONE', ( #575 ), #1448, .T. ) ;
#1788 = PLANE ( 'NONE',  #5642 ) ;
#1789 = ORIENTED_EDGE ( 'NONE', *, *, #2599, .T. ) ;
#1790 = EDGE_CURVE ( 'NONE', #2127, #3590, #3934, .T. ) ;
#1791 = DIRECTION ( 'NONE',  ( -1.000000000000000000, 0.000000000000000000, 0.000000000000000000 ) ) ;
#1792 = ORIENTED_EDGE ( 'NONE', *, *, #8414, .F. ) ;
#1793 = EDGE_CURVE ( 'NONE', #3254, #5474, #2974, .T. ) ;
#1794 = VERTEX_POINT ( 'NONE', #8517 ) ;
#1795 = VECTOR ( 'NONE', #8124, 1000.000000000000227 ) ;
#1796 = ORIENTED_EDGE ( 'NONE', *, *, #6539, .F. ) ;
#1797 = CARTESIAN_POINT ( 'NONE',  ( 1.594500000000000028, 1.119999999999999885, 3.179260447756191432 ) ) ;
#1798 = ADVANCED_FACE ( 'NONE', ( #7439 ), #1628, .F. ) ;
#1799 = DIRECTION ( 'NONE',  ( -0.000000000000000000, 0.8028287771104243298, -0.5962096566170164147 ) ) ;
#1800 = DIRECTION ( 'NONE',  ( -1.000000000000000000, 2.824178620696807171E-17, 0.000000000000000000 ) ) ;
#1801 = ORIENTED_EDGE ( 'NONE', *, *, #1875, .T. ) ;
#1802 = ORIENTED_EDGE ( 'NONE', *, *, #6632, .T. ) ;
#1803 = ORIENTED_EDGE ( 'NONE', *, *, #3955, .T. ) ;
#1804 = CARTESIAN_POINT ( 'NONE',  ( 1.324500000000000233, 0.8996209656617012440, -0.1890749652305044881 ) ) ;
#1805 = EDGE_CURVE ( 'NONE', #3132, #8051, #7668, .T. ) ;
#1806 = ORIENTED_EDGE ( 'NONE', *, *, #6343, .F. ) ;
#1807 = PRESENTATION_LAYER_ASSIGNMENT (  '', '', ( #4472 ) ) ;
#1808 = LINE ( 'NONE', #306, #2458 ) ;
#1809 = DIRECTION ( 'NONE',  ( -0.000000000000000000, -0.000000000000000000, -1.000000000000000000 ) ) ;
#1810 = ORIENTED_EDGE ( 'NONE', *, *, #1684, .F. ) ;
#1811 = ORIENTED_EDGE ( 'NONE', *, *, #5850, .F. ) ;
#1812 = DIRECTION ( 'NONE',  ( 0.000000000000000000, -0.1045284632676515280, 0.9945218953682736229 ) ) ;
#1813 = ORIENTED_EDGE ( 'NONE', *, *, #2007, .T. ) ;
#1814 = ORIENTED_EDGE ( 'NONE', *, *, #2713, .T. ) ;
#1815 = CARTESIAN_POINT ( 'NONE',  ( 0.9470000000000003970, 0.5999999999999999778, 2.445499999999999563 ) ) ;
#1816 = CLOSED_SHELL ( 'NONE', ( #1378, #3433, #4380, #7688, #3422, #7188, #4056, #7357, #551, #1161, #708, #2144, #8982, #659 ) ) ;
#1817 = DIRECTION ( 'NONE',  ( 0.000000000000000000, 0.000000000000000000, 1.000000000000000000 ) ) ;
#1818 = LINE ( 'NONE', #6646, #8607 ) ;
#1819 = DIRECTION ( 'NONE',  ( 0.000000000000000000, -0.000000000000000000, -1.000000000000000000 ) ) ;
#1820 = ORIENTED_EDGE ( 'NONE', *, *, #8997, .T. ) ;
#1821 = ORIENTED_EDGE ( 'NONE', *, *, #3538, .T. ) ;
#1822 = VECTOR ( 'NONE', #4022, 1000.000000000000000 ) ;
#1823 = EDGE_LOOP ( 'NONE', ( #872, #4960, #7143, #1903 ) ) ;
#1824 = AXIS2_PLACEMENT_3D ( 'NONE', #778, #4232, #6408 ) ;
#1825 = CARTESIAN_POINT ( 'NONE',  ( 4.492000000000000881, 0.6500000000000000222, 2.445500000000000007 ) ) ;
#1826 = LINE ( 'NONE', #4325, #4326 ) ;
#1827 = ORIENTED_EDGE ( 'NONE', *, *, #2466, .T. ) ;
#1828 = DIRECTION ( 'NONE',  ( 0.000000000000000000, 0.000000000000000000, -1.000000000000000000 ) ) ;
#1829 = CARTESIAN_POINT ( 'NONE',  ( 4.324500000000000455, 0.9399999999999998357, 0.000000000000000000 ) ) ;
#1830 = EDGE_CURVE ( 'NONE', #7056, #1749, #1878, .T. ) ;
#1831 = EDGE_LOOP ( 'NONE', ( #7902, #2780, #5396, #5973 ) ) ;
#1832 = ADVANCED_FACE ( 'NONE', ( #6559 ), #5044, .F. ) ;
#1833 = CARTESIAN_POINT ( 'NONE',  ( 4.643222551035345091, 1.445643326479831181, 3.000000000000000000 ) ) ;
#1834 = ORIENTED_EDGE ( 'NONE', *, *, #1196, .F. ) ;
#1835 = EDGE_CURVE ( 'NONE', #6066, #6840, #2093, .T. ) ;
#1836 = CYLINDRICAL_SURFACE ( 'NONE', #7324, 0.2799999999999999711 ) ;
#1837 = CARTESIAN_POINT ( 'NONE',  ( 4.092000000000001414, 0.5999999999999999778, 0.6745000000000010987 ) ) ;
#1838 = CARTESIAN_POINT ( 'NONE',  ( 4.324500000000000455, 0.9399999999999997247, -0.1087920875194616499 ) ) ;
#1839 = ORIENTED_EDGE ( 'NONE', *, *, #3358, .T. ) ;
#1840 = CARTESIAN_POINT ( 'NONE',  ( 4.324500000000000455, 0.8399999999999998579, 3.108792087519462122 ) ) ;
#1841 = ADVANCED_FACE ( 'NONE', ( #8447 ), #1535, .F. ) ;
#1842 = FACE_OUTER_BOUND ( 'NONE', #3186, .T. ) ;
#1843 = EDGE_CURVE ( 'NONE', #5757, #7378, #4585, .T. ) ;
#1844 = EDGE_CURVE ( 'NONE', #2583, #6047, #4688, .T. ) ;
#1845 = VECTOR ( 'NONE', #7947, 1000.000000000000000 ) ;
#1846 = EDGE_CURVE ( 'NONE', #6022, #1524, #7004, .T. ) ;
#1847 = DIRECTION ( 'NONE',  ( 0.000000000000000000, -0.5962096566170164147, 0.8028287771104244408 ) ) ;
#1848 =( NAMED_UNIT ( * ) PLANE_ANGLE_UNIT ( ) SI_UNIT ( $, .RADIAN. ) );
#1849 = ORIENTED_EDGE ( 'NONE', *, *, #9058, .T. ) ;
#1850 = AXIS2_PLACEMENT_3D ( 'NONE', #4962, #5630, #2878 ) ;
#1851 = DIRECTION ( 'NONE',  ( 0.000000000000000000, -1.000000000000000000, 0.000000000000000000 ) ) ;
#1852 = VECTOR ( 'NONE', #1323, 1000.000000000000000 ) ;
#1853 = DIRECTION ( 'NONE',  ( 0.000000000000000000, 0.000000000000000000, -1.000000000000000000 ) ) ;
#1854 = VECTOR ( 'NONE', #2297, 1000.000000000000000 ) ;
#1855 = DIRECTION ( 'NONE',  ( -2.824178620696807171E-17, -1.000000000000000000, -0.000000000000000000 ) ) ;
#1856 = DIRECTION ( 'NONE',  ( 1.239088197126289289E-15, -3.499406395481817043E-32, -1.000000000000000000 ) ) ;
#1857 = ORIENTED_EDGE ( 'NONE', *, *, #6539, .T. ) ;
#1858 = CARTESIAN_POINT ( 'NONE',  ( 3.324500000000000011, 1.119999999999999885, 0.000000000000000000 ) ) ;
#1859 = DIRECTION ( 'NONE',  ( 1.000000000000000000, -0.000000000000000000, -0.000000000000000000 ) ) ;
#1860 = EDGE_CURVE ( 'NONE', #6302, #3026, #2858, .T. ) ;
#1861 = CIRCLE ( 'NONE', #11, 0.2000000000000000944 ) ;
#1862 = ORIENTED_EDGE ( 'NONE', *, *, #4011, .F. ) ;
#1863 = ORIENTED_EDGE ( 'NONE', *, *, #3288, .T. ) ;
#1864 = FACE_OUTER_BOUND ( 'NONE', #5371, .T. ) ;
#1865 = VERTEX_POINT ( 'NONE', #2325 ) ;
#1866 = CIRCLE ( 'NONE', #1870, 0.2000000000000000944 ) ;
#1867 = FILL_AREA_STYLE_COLOUR ( '', #7631 ) ;
#1868 = LINE ( 'NONE', #9040, #459 ) ;
#1869 = VERTEX_POINT ( 'NONE', #7208 ) ;
#1870 = AXIS2_PLACEMENT_3D ( 'NONE', #3799, #6521, #8653 ) ;
#1871 = LINE ( 'NONE', #3203, #1203 ) ;
#1872 = ADVANCED_FACE ( 'NONE', ( #1660 ), #7887, .F. ) ;
#1873 = CARTESIAN_POINT ( 'NONE',  ( 2.594500000000000028, 0.7125687761248744589, 3.592443814627477305 ) ) ;
#1874 = CARTESIAN_POINT ( 'NONE',  ( 1.824500000000000233, 0.9399999999999998357, 3.000000000000000000 ) ) ;
#1875 = EDGE_CURVE ( 'NONE', #4751, #3607, #8223, .T. ) ;
#1876 = CIRCLE ( 'NONE', #2833, 0.2799999999999998601 ) ;
#1877 = LINE ( 'NONE', #5929, #3182 ) ;
#1878 = LINE ( 'NONE', #877, #1327 ) ;
#1879 = FACE_OUTER_BOUND ( 'NONE', #1823, .T. ) ;
#1880 = DIRECTION ( 'NONE',  ( 0.000000000000000000, 0.1045284632676540260, -0.9945218953682732899 ) ) ;
#1881 = DIRECTION ( 'NONE',  ( -1.000000000000000000, 0.000000000000000000, 1.239088197126289091E-15 ) ) ;
#1882 = DIRECTION ( 'NONE',  ( -0.000000000000000000, -0.000000000000000000, 1.000000000000000000 ) ) ;
#1883 = ADVANCED_FACE ( 'NONE', ( #8120 ), #7228, .F. ) ;
#1884 = EDGE_CURVE ( 'NONE', #7496, #3263, #6110, .T. ) ;
#1885 = AXIS2_PLACEMENT_3D ( 'NONE', #1739, #2437, #7314 ) ;
#1886 = DIRECTION ( 'NONE',  ( 0.000000000000000000, -0.000000000000000000, -1.000000000000000000 ) ) ;
#1887 = CYLINDRICAL_SURFACE ( 'NONE', #1611, 0.2799999999999998601 ) ;
#1888 = LINE ( 'NONE', #4077, #2103 ) ;
#1889 = AXIS2_PLACEMENT_3D ( 'NONE', #2196, #7909, #7791 ) ;
#1890 = AXIS2_PLACEMENT_3D ( 'NONE', #625, #6877, #9018 ) ;
#1891 = FACE_OUTER_BOUND ( 'NONE', #5625, .T. ) ;
#1892 = ORIENTED_EDGE ( 'NONE', *, *, #481, .F. ) ;
#1893 = CLOSED_SHELL ( 'NONE', ( #4430, #5923, #5461, #7232, #3828, #5223, #1194, #7706, #8082, #4682, #3872, #1103, #4913, #4637 ) ) ;
#1894 = CARTESIAN_POINT ( 'NONE',  ( 1.324500000000000233, 0.5335548349585852446, 3.573628691239299382 ) ) ;
#1895 = CARTESIAN_POINT ( 'NONE',  ( 3.824500000000000011, 0.8996209656617012440, 3.189074965230504599 ) ) ;
#1896 = EDGE_CURVE ( 'NONE', #2259, #8497, #6225, .T. ) ;
#1897 = VECTOR ( 'NONE', #399, 1000.000000000000000 ) ;
#1898 = DIRECTION ( 'NONE',  ( 0.000000000000000000, 0.8028287771104243298, -0.5962096566170163037 ) ) ;
#1899 = VERTEX_POINT ( 'NONE', #7236 ) ;
#1900 = EDGE_CURVE ( 'NONE', #3109, #748, #2634, .T. ) ;
#1901 = CARTESIAN_POINT ( 'NONE',  ( 0.9470000000000003970, 0.5999999999999999778, 2.445499999999999563 ) ) ;
#1902 = DIRECTION ( 'NONE',  ( 0.000000000000000000, 0.000000000000000000, -1.000000000000000000 ) ) ;
#1903 = ORIENTED_EDGE ( 'NONE', *, *, #6527, .T. ) ;
#1904 = DIRECTION ( 'NONE',  ( 0.000000000000000000, 0.000000000000000000, -1.000000000000000000 ) ) ;
#1905 = CARTESIAN_POINT ( 'NONE',  ( 0.8245000000000001217, 0.9399999999999998357, 0.000000000000000000 ) ) ;
#1906 = ORIENTED_EDGE ( 'NONE', *, *, #2459, .F. ) ;
#1907 = EDGE_CURVE ( 'NONE', #5903, #8365, #6662, .T. ) ;
#1908 = PLANE ( 'NONE',  #8224 ) ;
#1909 = DIRECTION ( 'NONE',  ( 1.000000000000000000, 0.000000000000000000, 0.000000000000000000 ) ) ;
#1910 = LINE ( 'NONE', #1454, #3758 ) ;
#1911 = EDGE_LOOP ( 'NONE', ( #2345, #3680, #2913, #4364 ) ) ;
#1912 = DIRECTION ( 'NONE',  ( 0.000000000000000000, 0.000000000000000000, -1.000000000000000000 ) ) ;
#1913 = ORIENTED_EDGE ( 'NONE', *, *, #1896, .F. ) ;
#1914 = ORIENTED_EDGE ( 'NONE', *, *, #1141, .F. ) ;
#1915 = ORIENTED_EDGE ( 'NONE', *, *, #8480, .F. ) ;
#1916 = CARTESIAN_POINT ( 'NONE',  ( 4.492000000000000881, 0.6499999999999999112, 2.205500000000000238 ) ) ;
#1917 = CARTESIAN_POINT ( 'NONE',  ( 4.594500000000000028, 0.6749881066967827747, 3.950000000000000178 ) ) ;
#1918 = VERTEX_POINT ( 'NONE', #5100 ) ;
#1919 = ADVANCED_FACE ( 'NONE', ( #4476 ), #1655, .F. ) ;
#1920 = CARTESIAN_POINT ( 'NONE',  ( 1.324500000000000233, 0.8996209656617012440, 3.189074965230504599 ) ) ;
#1921 = FACE_OUTER_BOUND ( 'NONE', #8087, .T. ) ;
#1922 = ORIENTED_EDGE ( 'NONE', *, *, #7308, .F. ) ;
#1923 = EDGE_LOOP ( 'NONE', ( #1281, #8253, #4764, #7213 ) ) ;
#1924 = CARTESIAN_POINT ( 'NONE',  ( 3.094500000000000028, 0.7125687761248743479, 3.592443814627477305 ) ) ;
#1925 = DIRECTION ( 'NONE',  ( 1.000000000000000000, 0.000000000000000000, 0.000000000000000000 ) ) ;
#1926 = VECTOR ( 'NONE', #1244, 1000.000000000000000 ) ;
#1927 = DIRECTION ( 'NONE',  ( -1.000000000000000000, 0.000000000000000000, 0.000000000000000000 ) ) ;
#1928 = VERTEX_POINT ( 'NONE', #277 ) ;
#1929 = MECHANICAL_DESIGN_GEOMETRIC_PRESENTATION_REPRESENTATION (  '', ( #534 ), #5639 ) ;
#1930 = VECTOR ( 'NONE', #3194, 1000.000000000000000 ) ;
#1931 = PRESENTATION_LAYER_ASSIGNMENT (  '', '', ( #4071 ) ) ;
#1932 = ORIENTED_EDGE ( 'NONE', *, *, #6675, .T. ) ;
#1933 = ADVANCED_FACE ( 'NONE', ( #6349 ), #692, .F. ) ;
#1934 = CARTESIAN_POINT ( 'NONE',  ( 4.594500000000000028, 0.8996209656617012440, 3.189074965230504599 ) ) ;
#1935 = ORIENTED_EDGE ( 'NONE', *, *, #7218, .F. ) ;
#1936 = DIRECTION ( 'NONE',  ( -1.000000000000000000, 0.000000000000000000, 0.000000000000000000 ) ) ;
#1937 = CIRCLE ( 'NONE', #2475, 0.09999999999999993616 ) ;
#1938 = DIRECTION ( 'NONE',  ( 0.000000000000000000, 0.000000000000000000, 1.000000000000000000 ) ) ;
#1939 = AXIS2_PLACEMENT_3D ( 'NONE', #2062, #42, #8464 ) ;
#1940 = CARTESIAN_POINT ( 'NONE',  ( 0.8245000000000001217, 0.9399999999999997247, 3.108792087519461678 ) ) ;
#1941 = AXIS2_PLACEMENT_3D ( 'NONE', #4244, #102, #4967 ) ;
#1942 = CARTESIAN_POINT ( 'NONE',  ( 3.824500000000000011, 0.9399999999999998357, 0.000000000000000000 ) ) ;
#1943 = VERTEX_POINT ( 'NONE', #8852 ) ;
#1944 = VECTOR ( 'NONE', #4713, 1000.000000000000114 ) ;
#1945 = DIRECTION ( 'NONE',  ( 1.000000000000000000, 0.000000000000000000, 0.000000000000000000 ) ) ;
#1946 = DIRECTION ( 'NONE',  ( 0.000000000000000000, -0.5962096566170164147, -0.8028287771104244408 ) ) ;
#1947 =( BOUNDED_CURVE ( )  B_SPLINE_CURVE ( 3, ( #3504, #7572, #3470, #6276 ),
 .UNSPECIFIED., .F., .T. ) 
 B_SPLINE_CURVE_WITH_KNOTS ( ( 4, 4 ),
 ( 0.2860514417173123936, 1.570796326794896558 ),
 .UNSPECIFIED. ) 
 CURVE ( )  GEOMETRIC_REPRESENTATION_ITEM ( )  RATIONAL_B_SPLINE_CURVE ( ( 1.000000000000000000, 0.8671177933693094975, 0.8671177933693094975, 1.000000000000000000 ) ) 
 REPRESENTATION_ITEM ( '' )  );
#1948 = EDGE_CURVE ( 'NONE', #1310, #5805, #7787, .T. ) ;
#1949 = ORIENTED_EDGE ( 'NONE', *, *, #7661, .T. ) ;
#1950 = DIRECTION ( 'NONE',  ( 0.000000000000000000, -0.8028287771104236636, -0.5962096566170171918 ) ) ;
#1951 = FACE_OUTER_BOUND ( 'NONE', #4168, .T. ) ;
#1952 = DIRECTION ( 'NONE',  ( 0.000000000000000000, 0.9945218953682735119, 0.1045284632676515141 ) ) ;
#1953 = VECTOR ( 'NONE', #3352, 1000.000000000000000 ) ;
#1954 = CARTESIAN_POINT ( 'NONE',  ( 1.324500000000000233, 1.119999999999999885, -0.1792604477561911547 ) ) ;
#1955 = EDGE_CURVE ( 'NONE', #8936, #1698, #2419, .T. ) ;
#1956 = EDGE_CURVE ( 'NONE', #8492, #4848, #3185, .T. ) ;
#1957 = VECTOR ( 'NONE', #8277, 1000.000000000000227 ) ;
#1958 = ADVANCED_FACE ( 'NONE', ( #8335 ), #6038, .F. ) ;
#1959 = CARTESIAN_POINT ( 'NONE',  ( 5.719500000000000917, 1.120000000000000329, 0.000000000000000000 ) ) ;
#1960 = CARTESIAN_POINT ( 'NONE',  ( 2.094500000000000028, 1.119999999999999885, -0.1792604477561911547 ) ) ;
#1961 = VECTOR ( 'NONE', #7326, 1000.000000000000000 ) ;
#1962 = ORIENTED_EDGE ( 'NONE', *, *, #1348, .F. ) ;
#1963 = LINE ( 'NONE', #1111, #5538 ) ;
#1965 = VERTEX_POINT ( 'NONE', #520 ) ;
#1964 = CARTESIAN_POINT ( 'NONE',  ( 4.324500000000000455, 0.5335548349585852446, 3.573628691239299382 ) ) ;
#1966 = DIRECTION ( 'NONE',  ( 0.000000000000000000, 0.9593655015712707623, -0.2821663239915495613 ) ) ;
#1967 = SURFACE_SIDE_STYLE ('',( #7419 ) ) ;
#1968 = CARTESIAN_POINT ( 'NONE',  ( 4.094500000000000028, 0.5335548349585852446, -0.5736286912392993820 ) ) ;
#1969 = VECTOR ( 'NONE', #2491, 1000.000000000000114 ) ;
#1970 = ADVANCED_FACE ( 'NONE', ( #8006 ), #8643, .F. ) ;
#1971 = ORIENTED_EDGE ( 'NONE', *, *, #787, .F. ) ;
#1972 = CARTESIAN_POINT ( 'NONE',  ( 2.094500000000000028, 0.5335548349585852446, 3.573628691239299382 ) ) ;
#1973 = VECTOR ( 'NONE', #8364, 1000.000000000000000 ) ;
#1974 = CARTESIAN_POINT ( 'NONE',  ( 1.324500000000000233, 0.8120209656617016769, 3.602896660954242769 ) ) ;
#1975 = VECTOR ( 'NONE', #755, 1000.000000000000000 ) ;
#1976 = EDGE_CURVE ( 'NONE', #295, #7723, #6456, .T. ) ;
#1977 = PLANE ( 'NONE',  #970 ) ;
#1978 = AXIS2_PLACEMENT_3D ( 'NONE', #4100, #2736, #1372 ) ;
#1979 = LINE ( 'NONE', #4446, #7784 ) ;
#1980 = DIRECTION ( 'NONE',  ( 0.000000000000000000, -0.1045284632676515280, -0.9945218953682736229 ) ) ;
#1981 = LINE ( 'NONE', #6976, #4575 ) ;
#1982 = DIRECTION ( 'NONE',  ( 0.000000000000000000, -0.1045284632676515141, 0.9945218953682735119 ) ) ;
#1983 = LINE ( 'NONE', #7250, #2735 ) ;
#1984 = DIRECTION ( 'NONE',  ( 0.000000000000000000, -0.8028287771104236636, -0.5962096566170171918 ) ) ;
#1985 = VECTOR ( 'NONE', #2732, 1000.000000000000000 ) ;
#1986 = LINE ( 'NONE', #8903, #5021 ) ;
#1987 = EDGE_LOOP ( 'NONE', ( #474, #2547, #6587, #6367 ) ) ;
#1988 = EDGE_CURVE ( 'NONE', #3263, #8176, #1113, .T. ) ;
#1989 = ORIENTED_EDGE ( 'NONE', *, *, #955, .F. ) ;
#1990 = ORIENTED_EDGE ( 'NONE', *, *, #8219, .T. ) ;
#1991 = EDGE_CURVE ( 'NONE', #8812, #4385, #2086, .T. ) ;
#1992 = CARTESIAN_POINT ( 'NONE',  ( 3.094500000000000028, 1.000393720129284736, 3.188973213350405178 ) ) ;
#1993 = VECTOR ( 'NONE', #5424, 1000.000000000000000 ) ;
#1994 = ORIENTED_EDGE ( 'NONE', *, *, #7283, .T. ) ;
#1995 = PLANE ( 'NONE',  #5810 ) ;
#1996 = CARTESIAN_POINT ( 'NONE',  ( 3.324500000000000011, 0.9399999999999997247, 3.108792087519461678 ) ) ;
#1997 = ORIENTED_EDGE ( 'NONE', *, *, #7167, .F. ) ;
#1998 = EDGE_CURVE ( 'NONE', #1488, #1273, #3924, .T. ) ;
#1999 = PLANE ( 'NONE',  #5950 ) ;
#2000 = DIRECTION ( 'NONE',  ( 1.000000000000000000, 0.000000000000000000, 0.000000000000000000 ) ) ;
#2001 = VERTEX_POINT ( 'NONE', #6715 ) ;
#2002 = DIRECTION ( 'NONE',  ( 0.000000000000000000, 0.000000000000000000, -1.000000000000000000 ) ) ;
#2003 = ORIENTED_EDGE ( 'NONE', *, *, #3080, .F. ) ;
#2004 = VECTOR ( 'NONE', #8003, 1000.000000000000000 ) ;
#2005 = VERTEX_POINT ( 'NONE', #5318 ) ;
#2006 = DIRECTION ( 'NONE',  ( 1.000000000000000000, -0.000000000000000000, -0.000000000000000000 ) ) ;
#2007 = EDGE_CURVE ( 'NONE', #7246, #7797, #6218, .T. ) ;
#2008 = ORIENTED_EDGE ( 'NONE', *, *, #7817, .T. ) ;
#2009 = EDGE_CURVE ( 'NONE', #3063, #7368, #1983, .T. ) ;
#2010 = ORIENTED_EDGE ( 'NONE', *, *, #4410, .F. ) ;
#2011 = DIRECTION ( 'NONE',  ( -1.000000000000000000, 0.000000000000000000, 0.000000000000000000 ) ) ;
#2012 = ORIENTED_EDGE ( 'NONE', *, *, #7693, .F. ) ;
#2013 = ADVANCED_FACE ( 'NONE', ( #3502 ), #5290, .F. ) ;
#2014 = DIRECTION ( 'NONE',  ( 0.000000000000000000, 0.000000000000000000, -1.000000000000000000 ) ) ;
#2015 = AXIS2_PLACEMENT_3D ( 'NONE', #5317, #2550, #1880 ) ;
#2016 = ORIENTED_EDGE ( 'NONE', *, *, #8536, .F. ) ;
#2017 = VECTOR ( 'NONE', #3244, 1000.000000000000000 ) ;
#2018 = CARTESIAN_POINT ( 'NONE',  ( 0.9470000000000003970, 0.6500000000000000222, 0.5544999999999994378 ) ) ;
#2019 = EDGE_LOOP ( 'NONE', ( #4632, #1810, #7773, #8133 ) ) ;
#2020 = ORIENTED_EDGE ( 'NONE', *, *, #5316, .F. ) ;
#2021 = ORIENTED_EDGE ( 'NONE', *, *, #4398, .T. ) ;
#2022 = VERTEX_POINT ( 'NONE', #1209 ) ;
#2023 = CARTESIAN_POINT ( 'NONE',  ( 3.824500000000000011, 0.8120209656617016769, 3.602896660954242769 ) ) ;
#2024 = ORIENTED_EDGE ( 'NONE', *, *, #606, .T. ) ;
#2025 = CARTESIAN_POINT ( 'NONE',  ( 2.594500000000000028, 0.8120209656617016769, -0.6028966609542426580 ) ) ;
#2026 = CARTESIAN_POINT ( 'NONE',  ( 3.324500000000000011, 0.8996209656617012440, 3.189074965230504599 ) ) ;
#2027 = VERTEX_POINT ( 'NONE', #3767 ) ;
#2028 = DIRECTION ( 'NONE',  ( 0.000000000000000000, -0.1045284632676515280, -0.9945218953682736229 ) ) ;
#2029 = CIRCLE ( 'NONE', #35, 0.1199999999999998845 ) ;
#2030 = ORIENTED_EDGE ( 'NONE', *, *, #7058, .T. ) ;
#2031 = ORIENTED_EDGE ( 'NONE', *, *, #7394, .F. ) ;
#2032 = CARTESIAN_POINT ( 'NONE',  ( 0.9470000000000003970, 0.6500000000000000222, 0.7944999999999992069 ) ) ;
#2033 = CARTESIAN_POINT ( 'NONE',  ( 1.347000000000000419, 0.5999999999999999778, 2.325499999999998568 ) ) ;
#2034 = DIRECTION ( 'NONE',  ( -0.000000000000000000, -0.000000000000000000, 1.000000000000000000 ) ) ;
#2035 = ORIENTED_EDGE ( 'NONE', *, *, #4448, .F. ) ;
#2036 = CYLINDRICAL_SURFACE ( 'NONE', #620, 0.02000000000000005246 ) ;
#2037 = CARTESIAN_POINT ( 'NONE',  ( 2.824500000000000011, 0.7125687761248743479, 3.592443814627477305 ) ) ;
#2038 = CARTESIAN_POINT ( 'NONE',  ( 4.092000000000001414, 0.5999999999999998668, 2.445500000000000007 ) ) ;
#2039 = CARTESIAN_POINT ( 'NONE',  ( 1.824500000000000233, 0.7125687761248744589, -0.5924438146274771944 ) ) ;
#2040 = ORIENTED_EDGE ( 'NONE', *, *, #152, .T. ) ;
#2041 = DIRECTION ( 'NONE',  ( 0.000000000000000000, 0.000000000000000000, 1.000000000000000000 ) ) ;
#2042 = EDGE_LOOP ( 'NONE', ( #6194, #5895, #7932, #8468 ) ) ;
#2043 = CARTESIAN_POINT ( 'NONE',  ( 2.324500000000000011, 1.119999999999999885, 3.000000000000000000 ) ) ;
#2044 = ORIENTED_EDGE ( 'NONE', *, *, #1435, .T. ) ;
#2045 = AXIS2_PLACEMENT_3D ( 'NONE', #5146, #3068, #2339 ) ;
#2046 = DIRECTION ( 'NONE',  ( 0.000000000000000000, -0.5962096566170164147, 0.8028287771104244408 ) ) ;
#2047 = DIRECTION ( 'NONE',  ( 0.000000000000000000, -0.8028287771104236636, 0.5962096566170171918 ) ) ;
#2048 = LINE ( 'NONE', #825, #1618 ) ;
#2049 = DIRECTION ( 'NONE',  ( 0.000000000000000000, -0.1045284632676515141, 0.9945218953682735119 ) ) ;
#2050 = ADVANCED_FACE ( 'NONE', ( #5014 ), #8765, .F. ) ;
#2051 = DIRECTION ( 'NONE',  ( -1.000000000000000000, 0.000000000000000000, -0.000000000000000000 ) ) ;
#2052 = ORIENTED_EDGE ( 'NONE', *, *, #6345, .T. ) ;
#2053 = DIRECTION ( 'NONE',  ( 0.000000000000000000, -0.5962096566170164147, 0.8028287771104244408 ) ) ;
#2054 = LINE ( 'NONE', #1229, #229 ) ;
#2055 = DIRECTION ( 'NONE',  ( 0.000000000000000000, 0.000000000000000000, 1.000000000000000000 ) ) ;
#2056 = DIRECTION ( 'NONE',  ( 0.000000000000000000, -0.9945218953682732899, 0.1045284632676540260 ) ) ;
#2057 = VECTOR ( 'NONE', #1192, 1000.000000000000000 ) ;
#2058 = AXIS2_PLACEMENT_3D ( 'NONE', #617, #7621, #1945 ) ;
#2059 = UNCERTAINTY_MEASURE_WITH_UNIT (LENGTH_MEASURE( 1.000000000000000082E-05 ), #2395, 'distance_accuracy_value', 'NONE');
#2060 = ADVANCED_FACE ( 'NONE', ( #4147 ), #8297, .F. ) ;
#2061 = ORIENTED_EDGE ( 'NONE', *, *, #1072, .F. ) ;
#2062 = CARTESIAN_POINT ( 'NONE',  ( 1.824500000000000233, 0.9399999999999998357, 0.000000000000000000 ) ) ;
#2063 = DIRECTION ( 'NONE',  ( -0.000000000000000000, -0.000000000000000000, -1.000000000000000000 ) ) ;
#2064 = LINE ( 'NONE', #8105, #5096 ) ;
#2065 = EDGE_CURVE ( 'NONE', #240, #9034, #3621, .T. ) ;
#2066 = ORIENTED_EDGE ( 'NONE', *, *, #2767, .T. ) ;
#2067 = ORIENTED_EDGE ( 'NONE', *, *, #2658, .T. ) ;
#2068 = ORIENTED_EDGE ( 'NONE', *, *, #7508, .T. ) ;
#2069 = PLANE ( 'NONE',  #6896 ) ;
#2070 = LINE ( 'NONE', #2925, #3161 ) ;
#2071 = ORIENTED_EDGE ( 'NONE', *, *, #7167, .T. ) ;
#2072 = FACE_OUTER_BOUND ( 'NONE', #8897, .T. ) ;
#2073 = SURFACE_SIDE_STYLE ('',( #2738 ) ) ;
#2074 = ORIENTED_EDGE ( 'NONE', *, *, #629, .F. ) ;
#2075 = CARTESIAN_POINT ( 'NONE',  ( 3.824500000000000011, 0.9399999999999998357, 0.000000000000000000 ) ) ;
#2076 = EDGE_CURVE ( 'NONE', #5540, #4160, #4369, .T. ) ;
#2077 = VERTEX_POINT ( 'NONE', #6068 ) ;
#2078 = FACE_OUTER_BOUND ( 'NONE', #289, .T. ) ;
#2079 = EDGE_CURVE ( 'NONE', #4184, #2506, #2524, .T. ) ;
#2080 = PLANE ( 'NONE',  #6736 ) ;
#2081 = CARTESIAN_POINT ( 'NONE',  ( 3.094500000000000028, 0.7125687761248744589, -0.5924438146274771944 ) ) ;
#2082 = FILL_AREA_STYLE_COLOUR ( '', #4543 ) ;
#2083 = DIRECTION ( 'NONE',  ( 1.000000000000000000, -0.000000000000000000, -0.000000000000000000 ) ) ;
#2084 = VECTOR ( 'NONE', #4601, 1000.000000000000000 ) ;
#2085 = CARTESIAN_POINT ( 'NONE',  ( 2.594500000000000028, 1.119999999999999885, 0.000000000000000000 ) ) ;
#2086 = LINE ( 'NONE', #458, #5113 ) ;
#2087 = DIRECTION ( 'NONE',  ( -0.000000000000000000, 1.000000000000000000, -0.000000000000000000 ) ) ;
#2088 = CARTESIAN_POINT ( 'NONE',  ( 2.594500000000000028, 0.4984000000000007313, 3.908104603363323548 ) ) ;
#2089 = VECTOR ( 'NONE', #1408, 1000.000000000000000 ) ;
#2090 = SURFACE_SIDE_STYLE ('',( #5969 ) ) ;
#2091 = DIRECTION ( 'NONE',  ( -0.000000000000000000, -0.000000000000000000, -1.000000000000000000 ) ) ;
#2092 = CIRCLE ( 'NONE', #1442, 0.1199999999999998845 ) ;
#2093 = LINE ( 'NONE', #5721, #2316 ) ;
#2094 = VECTOR ( 'NONE', #2739, 1000.000000000000000 ) ;
#2095 = ADVANCED_FACE ( 'NONE', ( #684 ), #8872, .F. ) ;
#2096 = DIRECTION ( 'NONE',  ( 0.000000000000000000, 0.8028287771104243298, -0.5962096566170163037 ) ) ;
#2097 = CIRCLE ( 'NONE', #5070, 0.1200000000000000233 ) ;
#2098 = CARTESIAN_POINT ( 'NONE',  ( 1.824500000000000233, 0.7523999999999998467, -0.5226137832432001806 ) ) ;
#2099 = DIRECTION ( 'NONE',  ( 0.000000000000000000, 0.000000000000000000, 1.000000000000000000 ) ) ;
#2100 = CARTESIAN_POINT ( 'NONE',  ( 1.347000000000000419, 0.5999999999999999778, 2.325499999999998568 ) ) ;
#2101 = VERTEX_POINT ( 'NONE', #7553 ) ;
#2102 = ORIENTED_EDGE ( 'NONE', *, *, #6622, .F. ) ;
#2103 = VECTOR ( 'NONE', #8322, 1000.000000000000000 ) ;
#2104 = PLANE ( 'NONE',  #1053 ) ;
#2105 = FACE_OUTER_BOUND ( 'NONE', #1206, .T. ) ;
#2106 = ORIENTED_EDGE ( 'NONE', *, *, #6341, .F. ) ;
#2107 = ORIENTED_EDGE ( 'NONE', *, *, #4730, .F. ) ;
#2108 = CARTESIAN_POINT ( 'NONE',  ( 3.594500000000000028, 0.6450822618089369076, -0.3781046033633239101 ) ) ;
#2109 = ADVANCED_FACE ( 'NONE', ( #5991 ), #4720, .F. ) ;
#2110 = CARTESIAN_POINT ( 'NONE',  ( 1.824500000000000233, 0.9399999999999998357, 0.000000000000000000 ) ) ;
#2111 = DIRECTION ( 'NONE',  ( 1.000000000000000000, -0.000000000000000000, -0.000000000000000000 ) ) ;
#2112 = CARTESIAN_POINT ( 'NONE',  ( 1.594500000000000028, 1.071938878923327065, -0.2853126666036561732 ) ) ;
#2113 = DIRECTION ( 'NONE',  ( 0.000000000000000000, -0.5962096566170164147, -0.8028287771104244408 ) ) ;
#2114 = LINE ( 'NONE', #8534, #5915 ) ;
#2115 = AXIS2_PLACEMENT_3D ( 'NONE', #7575, #3382, #6023 ) ;
#2116 = ORIENTED_EDGE ( 'NONE', *, *, #6600, .F. ) ;
#2117 = VERTEX_POINT ( 'NONE', #6806 ) ;
#2118 = CARTESIAN_POINT ( 'NONE',  ( 2.324500000000000011, 0.8996209656617012440, 3.189074965230504599 ) ) ;
#2119 = ORIENTED_EDGE ( 'NONE', *, *, #7408, .F. ) ;
#2120 = PRESENTATION_STYLE_ASSIGNMENT (( #8412 ) ) ;
#2121 = ORIENTED_EDGE ( 'NONE', *, *, #2065, .T. ) ;
#2122 = EDGE_CURVE ( 'NONE', #6339, #8361, #354, .T. ) ;
#2123 = DIRECTION ( 'NONE',  ( 0.000000000000000000, 0.000000000000000000, 1.000000000000000000 ) ) ;
#2124 = DIRECTION ( 'NONE',  ( -0.000000000000000000, 0.9729913731149246736, 0.2308414777372849447 ) ) ;
#2125 = DIRECTION ( 'NONE',  ( 0.000000000000000000, -0.1045284632676515280, 0.9945218953682736229 ) ) ;
#2126 = LINE ( 'NONE', #8971, #8261 ) ;
#2127 = VERTEX_POINT ( 'NONE', #546 ) ;
#2128 = ORIENTED_EDGE ( 'NONE', *, *, #2830, .F. ) ;
#2129 = DIRECTION ( 'NONE',  ( 1.000000000000000000, 0.000000000000000000, -1.239088197126290669E-15 ) ) ;
#2130 = PLANE ( 'NONE',  #6704 ) ;
#2131 = ORIENTED_EDGE ( 'NONE', *, *, #3095, .F. ) ;
#2132 = ORIENTED_EDGE ( 'NONE', *, *, #4653, .T. ) ;
#2133 = EDGE_CURVE ( 'NONE', #5759, #8034, #3393, .T. ) ;
#2134 = CARTESIAN_POINT ( 'NONE',  ( 0.9470000000000003970, 0.6500000000000000222, 0.7944999999999992069 ) ) ;
#2135 = ORIENTED_EDGE ( 'NONE', *, *, #4457, .T. ) ;
#2136 = EDGE_CURVE ( 'NONE', #5515, #2230, #5438, .T. ) ;
#2137 = VECTOR ( 'NONE', #4104, 1000.000000000000000 ) ;
#2138 = DIRECTION ( 'NONE',  ( -2.824178620696807171E-17, -1.000000000000000000, -0.000000000000000000 ) ) ;
#2139 = ORIENTED_EDGE ( 'NONE', *, *, #4843, .F. ) ;
#2140 = DIRECTION ( 'NONE',  ( 0.000000000000000000, 1.000000000000000000, -0.000000000000000000 ) ) ;
#2141 = ORIENTED_EDGE ( 'NONE', *, *, #8099, .T. ) ;
#2142 = VECTOR ( 'NONE', #8522, 1000.000000000000000 ) ;
#2143 = EDGE_LOOP ( 'NONE', ( #6817, #3636, #5362, #5500 ) ) ;
#2144 = ADVANCED_FACE ( 'NONE', ( #461 ), #6161, .F. ) ;
#2145 = DIRECTION ( 'NONE',  ( 0.000000000000000000, 0.000000000000000000, 1.000000000000000000 ) ) ;
#2146 = PLANE ( 'NONE',  #6390 ) ;
#2147 = VECTOR ( 'NONE', #8738, 1000.000000000000000 ) ;
#2148 = CARTESIAN_POINT ( 'NONE',  ( 1.347000000000000641, 0.5999999999999999778, 0.5544999999999995488 ) ) ;
#2149 = CARTESIAN_POINT ( 'NONE',  ( 4.324500000000000455, 1.071938878923327065, -0.2853126666036561732 ) ) ;
#2150 = ORIENTED_EDGE ( 'NONE', *, *, #1150, .F. ) ;
#2151 = CARTESIAN_POINT ( 'NONE',  ( 1.324500000000000233, 0.5335548349585852446, -0.5736286912392993820 ) ) ;
#2152 = VERTEX_POINT ( 'NONE', #8240 ) ;
#2153 = EDGE_CURVE ( 'NONE', #4194, #2847, #4781, .T. ) ;
#2154 = CARTESIAN_POINT ( 'NONE',  ( 1.297000000000000375, 0.6500000000000000222, 2.205499999999999350 ) ) ;
#2155 = CARTESIAN_POINT ( 'NONE',  ( 2.094500000000000028, 1.119999999999999885, 3.000000000000000000 ) ) ;
#2156 = AXIS2_PLACEMENT_3D ( 'NONE', #996, #4555, #7987 ) ;
#2157 = ORIENTED_EDGE ( 'NONE', *, *, #6126, .T. ) ;
#2158 = ADVANCED_FACE ( 'NONE', ( #6879 ), #1995, .F. ) ;
#2159 = VECTOR ( 'NONE', #8512, 1000.000000000000227 ) ;
#2160 = CARTESIAN_POINT ( 'NONE',  ( 0.8245000000000001217, 0.9399999999999998357, 3.000000000000000000 ) ) ;
#2161 = CARTESIAN_POINT ( 'NONE',  ( 4.594500000000000028, 1.119999999999999885, 0.000000000000000000 ) ) ;
#2162 = DIRECTION ( 'NONE',  ( 0.000000000000000000, -0.8028287771104236636, 0.5962096566170171918 ) ) ;
#2163 = ORIENTED_EDGE ( 'NONE', *, *, #750, .T. ) ;
#2164 = DIRECTION ( 'NONE',  ( -1.239088197126289289E-15, 0.000000000000000000, -1.000000000000000000 ) ) ;
#2165 = CARTESIAN_POINT ( 'NONE',  ( 1.324500000000000233, 0.9399999999999998357, 3.000000000000000000 ) ) ;
#2166 = DIRECTION ( 'NONE',  ( 0.000000000000000000, -0.8028287771104236636, 0.5962096566170171918 ) ) ;
#2167 = DIRECTION ( 'NONE',  ( 0.000000000000000000, -0.9945218953682732899, -0.1045284632676540260 ) ) ;
#2168 = VECTOR ( 'NONE', #236, 1000.000000000000000 ) ;
#2169 = EDGE_CURVE ( 'NONE', #6733, #5421, #2968, .T. ) ;
#2170 = DIRECTION ( 'NONE',  ( -0.000000000000000000, -0.000000000000000000, -1.000000000000000000 ) ) ;
#2171 = PLANE ( 'NONE',  #798 ) ;
#2172 = ORIENTED_EDGE ( 'NONE', *, *, #6942, .T. ) ;
#2173 = CARTESIAN_POINT ( 'NONE',  ( 3.824500000000000011, 0.6450822618089369076, -0.3781046033633239101 ) ) ;
#2174 = FACE_OUTER_BOUND ( 'NONE', #379, .T. ) ;
#2175 = EDGE_CURVE ( 'NONE', #5045, #2224, #253, .T. ) ;
#2176 = CARTESIAN_POINT ( 'NONE',  ( 0.9470000000000003970, 0.6500000000000000222, 0.7944999999999992069 ) ) ;
#2177 = CARTESIAN_POINT ( 'NONE',  ( 1.824500000000000233, 0.7523999999999998467, 3.522613783243200292 ) ) ;
#2179 = EDGE_CURVE ( 'NONE', #8578, #7818, #151, .T. ) ;
#2178 = DIRECTION ( 'NONE',  ( 1.000000000000000000, -0.000000000000000000, -0.000000000000000000 ) ) ;
#2180 = AXIS2_PLACEMENT_3D ( 'NONE', #4489, #1859, #3796 ) ;
#2181 = VECTOR ( 'NONE', #4804, 1000.000000000000000 ) ;
#2182 = DIRECTION ( 'NONE',  ( -1.000000000000000000, 0.000000000000000000, 0.000000000000000000 ) ) ;
#2183 = AXIS2_PLACEMENT_3D ( 'NONE', #125, #7062, #7776 ) ;
#2184 = DIRECTION ( 'NONE',  ( 0.000000000000000000, 0.9729913731149246736, 0.2308414777372849447 ) ) ;
#2185 = VECTOR ( 'NONE', #1082, 999.9999999999998863 ) ;
#2186 = ORIENTED_EDGE ( 'NONE', *, *, #3806, .T. ) ;
#2187 = CARTESIAN_POINT ( 'NONE',  ( 4.324500000000000455, 0.8996209656617012440, 3.189074965230504599 ) ) ;
#2188 = LINE ( 'NONE', #1815, #3491 ) ;
#2189 = ORIENTED_EDGE ( 'NONE', *, *, #1087, .T. ) ;
#2190 = EDGE_CURVE ( 'NONE', #401, #8603, #7431, .T. ) ;
#2191 = CARTESIAN_POINT ( 'NONE',  ( 1.347000000000000641, 0.6500000000000000222, 0.5544999999999995488 ) ) ;
#2192 = EDGE_CURVE ( 'NONE', #2493, #8025, #2206, .T. ) ;
#2193 = DIRECTION ( 'NONE',  ( 0.000000000000000000, -0.8028287771104236636, 0.5962096566170173029 ) ) ;
#2195 = DIRECTION ( 'NONE',  ( 0.000000000000000000, 0.000000000000000000, 1.000000000000000000 ) ) ;
#2194 = VECTOR ( 'NONE', #8881, 1000.000000000000000 ) ;
#2196 = CARTESIAN_POINT ( 'NONE',  ( 1.300000000000000266, 1.409999999999999920, 2.400000000000000799 ) ) ;
#2197 = VERTEX_POINT ( 'NONE', #5566 ) ;
#2198 = AXIS2_PLACEMENT_3D ( 'NONE', #8377, #2164, #1401 ) ;
#2199 = VECTOR ( 'NONE', #2709, 1000.000000000000000 ) ;
#2200 = DIRECTION ( 'NONE',  ( 0.000000000000000000, 0.000000000000000000, -1.000000000000000000 ) ) ;
#2201 = ADVANCED_FACE ( 'NONE', ( #3275 ), #8331, .F. ) ;
#2202 = VECTOR ( 'NONE', #1746, 1000.000000000000000 ) ;
#2203 = DIRECTION ( 'NONE',  ( 0.000000000000000000, -0.5962096566170164147, -0.8028287771104244408 ) ) ;
#2204 = CARTESIAN_POINT ( 'NONE',  ( 1.824500000000000233, 0.5335548349585852446, -0.5736286912392993820 ) ) ;
#2205 = VECTOR ( 'NONE', #8033, 1000.000000000000227 ) ;
#2206 = CIRCLE ( 'NONE', #3034, 0.09999999999999993616 ) ;
#2207 = DIRECTION ( 'NONE',  ( 0.000000000000000000, 0.000000000000000000, 1.000000000000000000 ) ) ;
#2208 = LINE ( 'NONE', #3049, #8450 ) ;
#2209 = CARTESIAN_POINT ( 'NONE',  ( 3.824500000000000011, 0.8996209656617012440, 3.189074965230504599 ) ) ;
#2210 = CARTESIAN_POINT ( 'NONE',  ( 1.824500000000000233, 0.8996209656617012440, 3.189074965230504599 ) ) ;
#2211 = VECTOR ( 'NONE', #1510, 1000.000000000000000 ) ;
#2212 = LINE ( 'NONE', #1275, #1985 ) ;
#2213 = VECTOR ( 'NONE', #7021, 1000.000000000000000 ) ;
#2214 = VECTOR ( 'NONE', #2773, 1000.000000000000000 ) ;
#2215 = ORIENTED_EDGE ( 'NONE', *, *, #2599, .F. ) ;
#2216 = FILL_AREA_STYLE_COLOUR ( '', #2959 ) ;
#2217 = EDGE_LOOP ( 'NONE', ( #1587, #8506, #3409, #3310 ) ) ;
#2218 = DIRECTION ( 'NONE',  ( 0.000000000000000000, 0.000000000000000000, -1.000000000000000000 ) ) ;
#2219 = CARTESIAN_POINT ( 'NONE',  ( 4.094500000000000028, 0.8399999999999998579, 3.108792087519462122 ) ) ;
#2220 = PLANE ( 'NONE',  #2420 ) ;
#2221 = AXIS2_PLACEMENT_3D ( 'NONE', #5960, #2507, #3205 ) ;
#2222 = LINE ( 'NONE', #2394, #7571 ) ;
#2223 = ORIENTED_EDGE ( 'NONE', *, *, #2639, .F. ) ;
#2224 = VERTEX_POINT ( 'NONE', #706 ) ;
#2225 = CARTESIAN_POINT ( 'NONE',  ( 2.324500000000000011, 0.8120209656617016769, 3.602896660954242769 ) ) ;
#2226 = ORIENTED_EDGE ( 'NONE', *, *, #5725, .T. ) ;
#2227 = CARTESIAN_POINT ( 'NONE',  ( 2.324500000000000011, 0.8996209656617012440, 3.189074965230504599 ) ) ;
#2228 = ORIENTED_EDGE ( 'NONE', *, *, #4024, .T. ) ;
#2229 = FACE_OUTER_BOUND ( 'NONE', #5523, .T. ) ;
#2230 = VERTEX_POINT ( 'NONE', #3558 ) ;
#2231 = DIRECTION ( 'NONE',  ( 0.000000000000000000, 0.000000000000000000, 1.000000000000000000 ) ) ;
#2232 = AXIS2_PLACEMENT_3D ( 'NONE', #7650, #6298, #2123 ) ;
#2233 = CARTESIAN_POINT ( 'NONE',  ( 1.594500000000000028, 0.7125687761248743479, 3.592443814627477305 ) ) ;
#2234 = DIRECTION ( 'NONE',  ( 1.000000000000000000, 0.000000000000000000, 0.000000000000000000 ) ) ;
#2235 = AXIS2_PLACEMENT_3D ( 'NONE', #4957, #5663, #7094 ) ;
#2236 =( GEOMETRIC_REPRESENTATION_CONTEXT ( 3 ) GLOBAL_UNCERTAINTY_ASSIGNED_CONTEXT ( ( #2059 ) ) GLOBAL_UNIT_ASSIGNED_CONTEXT ( ( #2395, #2368, #8727 ) ) REPRESENTATION_CONTEXT ( 'NONE', 'WORKASPACE' ) );
#2237 = ORIENTED_EDGE ( 'NONE', *, *, #502, .F. ) ;
#2238 = ORIENTED_EDGE ( 'NONE', *, *, #3700, .T. ) ;
#2239 = DIRECTION ( 'NONE',  ( 0.000000000000000000, 0.000000000000000000, 1.000000000000000000 ) ) ;
#2240 = VERTEX_POINT ( 'NONE', #2088 ) ;
#2241 = ORIENTED_EDGE ( 'NONE', *, *, #5406, .F. ) ;
#2242 = MANIFOLD_SOLID_BREP ( 'LPattern2[2]', #96 ) ;
#2243 = ORIENTED_EDGE ( 'NONE', *, *, #8276, .T. ) ;
#2244 = CARTESIAN_POINT ( 'NONE',  ( 4.094500000000000028, 0.4984000000000007313, 3.908104603363323548 ) ) ;
#2245 = LINE ( 'NONE', #5341, #4824 ) ;
#2246 = ORIENTED_EDGE ( 'NONE', *, *, #6086, .F. ) ;
#2247 = ADVANCED_FACE ( 'NONE', ( #1768 ), #3488, .F. ) ;
#2248 = EDGE_CURVE ( 'NONE', #9033, #823, #2514, .T. ) ;
#2249 = ORIENTED_EDGE ( 'NONE', *, *, #3930, .F. ) ;
#2250 = CARTESIAN_POINT ( 'NONE',  ( 4.324500000000000455, 0.9399999999999998357, 0.000000000000000000 ) ) ;
#2251 = DIRECTION ( 'NONE',  ( 1.000000000000000000, -0.000000000000000000, -0.000000000000000000 ) ) ;
#2252 = ORIENTED_EDGE ( 'NONE', *, *, #1314, .F. ) ;
#2253 = ORIENTED_EDGE ( 'NONE', *, *, #3820, .T. ) ;
#2254 = AXIS2_PLACEMENT_3D ( 'NONE', #8338, #4868, #9052 ) ;
#2255 = ORIENTED_EDGE ( 'NONE', *, *, #2895, .F. ) ;
#2256 = DIRECTION ( 'NONE',  ( 1.000000000000000000, -0.000000000000000000, -0.000000000000000000 ) ) ;
#2257 = DIRECTION ( 'NONE',  ( 1.000000000000000000, 0.000000000000000000, 0.000000000000000000 ) ) ;
#2258 = CARTESIAN_POINT ( 'NONE',  ( 2.324500000000000011, 0.8120209656617016769, -0.6028966609542426580 ) ) ;
#2259 = VERTEX_POINT ( 'NONE', #3589 ) ;
#2260 = VERTEX_POINT ( 'NONE', #2879 ) ;
#2261 = EDGE_CURVE ( 'NONE', #7639, #6477, #8656, .T. ) ;
#2262 = EDGE_CURVE ( 'NONE', #455, #5391, #6763, .T. ) ;
#2263 = DIRECTION ( 'NONE',  ( 0.000000000000000000, -0.1045284632676515280, -0.9945218953682736229 ) ) ;
#2264 = ORIENTED_EDGE ( 'NONE', *, *, #2786, .F. ) ;
#2265 = CARTESIAN_POINT ( 'NONE',  ( 4.094500000000000028, 1.000393720129284736, 3.188973213350405178 ) ) ;
#2266 = LINE ( 'NONE', #8566, #7386 ) ;
#2267 = CARTESIAN_POINT ( 'NONE',  ( 3.824500000000000011, 0.5335548349585852446, -0.5736286912392993820 ) ) ;
#2268 = EDGE_LOOP ( 'NONE', ( #5596, #3156, #484, #8809 ) ) ;
#2269 = CARTESIAN_POINT ( 'NONE',  ( 1.324500000000000233, 0.6450822618089369076, 3.378104603363324188 ) ) ;
#2270 = ORIENTED_EDGE ( 'NONE', *, *, #1702, .F. ) ;
#2271 = DIRECTION ( 'NONE',  ( 2.824178620696807171E-17, 1.000000000000000000, 0.000000000000000000 ) ) ;
#2272 = CIRCLE ( 'NONE', #2183, 0.09999999999999993616 ) ;
#2273 = EDGE_CURVE ( 'NONE', #6595, #1486, #1441, .T. ) ;
#2274 = DIRECTION ( 'NONE',  ( 0.000000000000000000, 0.8028287771104243298, 0.5962096566170164147 ) ) ;
#2275 = AXIS2_PLACEMENT_3D ( 'NONE', #2404, #7256, #211 ) ;
#2276 = VERTEX_POINT ( 'NONE', #8399 ) ;
#2277 = LINE ( 'NONE', #636, #1514 ) ;
#2278 = DIRECTION ( 'NONE',  ( 1.000000000000000000, 0.000000000000000000, 0.000000000000000000 ) ) ;
#2279 = CARTESIAN_POINT ( 'NONE',  ( 4.094500000000000028, 0.6749881066967827747, -0.9500000000000002887 ) ) ;
#2280 = LINE ( 'NONE', #8128, #4447 ) ;
#2281 = DIRECTION ( 'NONE',  ( 1.000000000000000000, -0.000000000000000000, -0.000000000000000000 ) ) ;
#2282 = DIRECTION ( 'NONE',  ( 0.000000000000000000, 0.000000000000000000, -1.000000000000000000 ) ) ;
#2283 = CARTESIAN_POINT ( 'NONE',  ( 3.594500000000000028, 0.8399999999999998579, 3.108792087519462122 ) ) ;
#2284 = EDGE_LOOP ( 'NONE', ( #2238, #7279, #1789, #7290, #5067, #4423, #5922, #3113, #5494, #895, #6005, #5166 ) ) ;
#2285 = DIRECTION ( 'NONE',  ( 0.000000000000000000, -0.8028287771104236636, 0.5962096566170171918 ) ) ;
#2286 = LINE ( 'NONE', #7240, #7098 ) ;
#2287 = AXIS2_PLACEMENT_3D ( 'NONE', #4464, #6602, #2380 ) ;
#2288 = ADVANCED_FACE ( 'NONE', ( #4027 ), #5668, .F. ) ;
#2289 = CARTESIAN_POINT ( 'NONE',  ( 3.324500000000000011, 1.071938878923327065, 3.285312666603656062 ) ) ;
#2290 = ORIENTED_EDGE ( 'NONE', *, *, #2248, .T. ) ;
#2291 = VERTEX_POINT ( 'NONE', #6324 ) ;
#2292 = DIRECTION ( 'NONE',  ( 0.000000000000000000, 0.000000000000000000, -1.000000000000000000 ) ) ;
#2293 = EDGE_CURVE ( 'NONE', #445, #8102, #4256, .T. ) ;
#2294 = DIRECTION ( 'NONE',  ( 0.000000000000000000, 0.8028287771104243298, 0.5962096566170164147 ) ) ;
#2295 = DIRECTION ( 'NONE',  ( 1.000000000000000000, -0.000000000000000000, -0.000000000000000000 ) ) ;
#2296 = VECTOR ( 'NONE', #6075, 1000.000000000000000 ) ;
#2297 = DIRECTION ( 'NONE',  ( 1.000000000000000000, 0.000000000000000000, 0.000000000000000000 ) ) ;
#2298 = FACE_OUTER_BOUND ( 'NONE', #6229, .T. ) ;
#2299 = EDGE_CURVE ( 'NONE', #263, #4050, #7998, .T. ) ;
#2300 = ORIENTED_EDGE ( 'NONE', *, *, #8918, .F. ) ;
#2301 = VECTOR ( 'NONE', #6935, 1000.000000000000000 ) ;
#2302 = ORIENTED_EDGE ( 'NONE', *, *, #7613, .T. ) ;
#2303 = LINE ( 'NONE', #6577, #456 ) ;
#2304 = CARTESIAN_POINT ( 'NONE',  ( 4.643222551035345091, 0.6143566735201688722, 2.904222551035344324 ) ) ;
#2305 = DIRECTION ( 'NONE',  ( -2.824178620696807171E-17, -1.000000000000000000, -0.000000000000000000 ) ) ;
#2306 = CIRCLE ( 'NONE', #179, 0.09999999999999982514 ) ;
#2307 = VECTOR ( 'NONE', #6094, 1000.000000000000000 ) ;
#2308 = EDGE_CURVE ( 'NONE', #6041, #8161, #6871, .T. ) ;
#2309 = DIRECTION ( 'NONE',  ( -1.000000000000000000, 3.949734690293275516E-17, -1.579893876117310207E-16 ) ) ;
#2310 = EDGE_CURVE ( 'NONE', #5540, #6041, #3916, .T. ) ;
#2311 = EDGE_CURVE ( 'NONE', #309, #1358, #3615, .T. ) ;
#2312 = CARTESIAN_POINT ( 'NONE',  ( 3.094500000000000028, 0.8399999999999998579, 3.108792087519462122 ) ) ;
#2313 = LINE ( 'NONE', #3507, #2089 ) ;
#2314 = CARTESIAN_POINT ( 'NONE',  ( 2.824500000000000011, 0.6749881066967827747, 3.950000000000000178 ) ) ;
#2315 = VECTOR ( 'NONE', #7565, 1000.000000000000000 ) ;
#2316 = VECTOR ( 'NONE', #936, 1000.000000000000000 ) ;
#2317 = PLANE ( 'NONE',  #2275 ) ;
#2318 = LINE ( 'NONE', #1478, #8121 ) ;
#2319 = FACE_OUTER_BOUND ( 'NONE', #6927, .T. ) ;
#2320 = PLANE ( 'NONE',  #7193 ) ;
#2321 = CARTESIAN_POINT ( 'NONE',  ( 2.324500000000000011, 0.6749881066967827747, -0.9500000000000002887 ) ) ;
#2322 = DIRECTION ( 'NONE',  ( -1.000000000000000000, 0.000000000000000000, 0.000000000000000000 ) ) ;
#2323 = ORIENTED_EDGE ( 'NONE', *, *, #152, .F. ) ;
#2324 = ORIENTED_EDGE ( 'NONE', *, *, #7517, .F. ) ;
#2325 = CARTESIAN_POINT ( 'NONE',  ( 1.824500000000000233, 0.7125687761248743479, -0.5924438146274771944 ) ) ;
#2326 = EDGE_CURVE ( 'NONE', #372, #7268, #4469, .T. ) ;
#2327 = SURFACE_STYLE_FILL_AREA ( #5584 ) ;
#2328 = VECTOR ( 'NONE', #2091, 1000.000000000000000 ) ;
#2329 = ORIENTED_EDGE ( 'NONE', *, *, #235, .F. ) ;
#2330 = EDGE_LOOP ( 'NONE', ( #3671, #7839, #2504, #6144 ) ) ;
#2331 = CARTESIAN_POINT ( 'NONE',  ( 3.094500000000000028, 0.6749881066967827747, 3.950000000000000178 ) ) ;
#2332 = ORIENTED_EDGE ( 'NONE', *, *, #7676, .T. ) ;
#2333 = LINE ( 'NONE', #5291, #60 ) ;
#2334 = VERTEX_POINT ( 'NONE', #1632 ) ;
#2335 = ADVANCED_FACE ( 'NONE', ( #7113 ), #1760, .T. ) ;
#2336 = DIRECTION ( 'NONE',  ( 0.000000000000000000, -0.9945218953682732899, 0.1045284632676540260 ) ) ;
#2337 = CARTESIAN_POINT ( 'NONE',  ( 3.324500000000000011, 0.7125687761248743479, 3.592443814627477305 ) ) ;
#2338 = AXIS2_PLACEMENT_3D ( 'NONE', #6240, #4102, #3505 ) ;
#2339 = DIRECTION ( 'NONE',  ( 0.000000000000000000, 0.000000000000000000, -1.000000000000000000 ) ) ;
#2340 = ORIENTED_EDGE ( 'NONE', *, *, #2293, .F. ) ;
#2341 = ORIENTED_EDGE ( 'NONE', *, *, #8984, .T. ) ;
#2342 = VECTOR ( 'NONE', #4228, 1000.000000000000227 ) ;
#2343 = EDGE_CURVE ( 'NONE', #5655, #8319, #142, .T. ) ;
#2344 = DIRECTION ( 'NONE',  ( 1.000000000000000000, 0.000000000000000000, 0.000000000000000000 ) ) ;
#2345 = ORIENTED_EDGE ( 'NONE', *, *, #4276, .T. ) ;
#2346 = DIRECTION ( 'NONE',  ( -0.000000000000000000, -0.000000000000000000, -1.000000000000000000 ) ) ;
#2347 = DIRECTION ( 'NONE',  ( -0.000000000000000000, -0.000000000000000000, -1.000000000000000000 ) ) ;
#2348 = LINE ( 'NONE', #3265, #944 ) ;
#2349 = ORIENTED_EDGE ( 'NONE', *, *, #7880, .T. ) ;
#2350 = ORIENTED_EDGE ( 'NONE', *, *, #1141, .T. ) ;
#2351 =( NAMED_UNIT ( * ) SI_UNIT ( $, .STERADIAN. ) SOLID_ANGLE_UNIT ( ) );
#2352 = ORIENTED_EDGE ( 'NONE', *, *, #234, .F. ) ;
#2353 = EDGE_CURVE ( 'NONE', #6939, #4533, #8758, .T. ) ;
#2354 = AXIS2_PLACEMENT_3D ( 'NONE', #6828, #7609, #507 ) ;
#2355 = VERTEX_POINT ( 'NONE', #8579 ) ;
#2356 = DIRECTION ( 'NONE',  ( 0.000000000000000000, 0.9729913731149246736, -0.2308414777372849447 ) ) ;
#2357 = VERTEX_POINT ( 'NONE', #3730 ) ;
#2358 = MECHANICAL_DESIGN_GEOMETRIC_PRESENTATION_REPRESENTATION (  '', ( #8744 ), #5597 ) ;
#2359 = VECTOR ( 'NONE', #5734, 1000.000000000000000 ) ;
#2360 = VERTEX_POINT ( 'NONE', #2244 ) ;
#2361 = ORIENTED_EDGE ( 'NONE', *, *, #4753, .T. ) ;
#2362 = FACE_OUTER_BOUND ( 'NONE', #2499, .T. ) ;
#2363 = ORIENTED_EDGE ( 'NONE', *, *, #3658, .F. ) ;
#2364 = EDGE_CURVE ( 'NONE', #3763, #5826, #2626, .T. ) ;
#2365 = DIRECTION ( 'NONE',  ( 0.000000000000000000, -0.1045284632676515280, 0.9945218953682736229 ) ) ;
#2366 = EDGE_CURVE ( 'NONE', #4807, #4763, #3169, .T. ) ;
#2367 = VECTOR ( 'NONE', #1774, 1000.000000000000000 ) ;
#2368 =( NAMED_UNIT ( * ) PLANE_ANGLE_UNIT ( ) SI_UNIT ( $, .RADIAN. ) );
#2369 = EDGE_LOOP ( 'NONE', ( #3867, #3815, #4025, #1098 ) ) ;
#2370 = CARTESIAN_POINT ( 'NONE',  ( 3.324500000000000011, 0.9399999999999997247, 3.108792087519461678 ) ) ;
#2371 = ORIENTED_EDGE ( 'NONE', *, *, #1835, .T. ) ;
#2372 = CARTESIAN_POINT ( 'NONE',  ( 1.594500000000000028, 0.7125687761248744589, -0.5924438146274771944 ) ) ;
#2373 = ORIENTED_EDGE ( 'NONE', *, *, #3357, .F. ) ;
#2374 = CARTESIAN_POINT ( 'NONE',  ( 4.643222551035345091, 0.6143566735201689832, 3.000000000000000000 ) ) ;
#2375 = CARTESIAN_POINT ( 'NONE',  ( 0.9470000000000003970, 0.5999999999999999778, 2.205499999999999794 ) ) ;
#2376 = VECTOR ( 'NONE', #2619, 1000.000000000000000 ) ;
#2377 = EDGE_CURVE ( 'NONE', #8102, #1182, #910, .T. ) ;
#2378 = DIRECTION ( 'NONE',  ( -1.000000000000000000, 0.000000000000000000, 0.000000000000000000 ) ) ;
#2379 = ORIENTED_EDGE ( 'NONE', *, *, #5425, .F. ) ;
#2380 = DIRECTION ( 'NONE',  ( 0.000000000000000000, 0.9729913731149246736, -0.2308414777372849447 ) ) ;
#2381 = ADVANCED_FACE ( 'NONE', ( #8551 ), #225, .F. ) ;
#2382 = CARTESIAN_POINT ( 'NONE',  ( 2.594500000000000028, 1.071938878923327065, -0.2853126666036561732 ) ) ;
#2383 = ORIENTED_EDGE ( 'NONE', *, *, #515, .F. ) ;
#2384 = APPLICATION_PROTOCOL_DEFINITION ( 'draft international standard', 'automotive_design', 1998, #6550 ) ;
#2385 = LINE ( 'NONE', #3389, #8951 ) ;
#2386 = CARTESIAN_POINT ( 'NONE',  ( 4.092000000000001414, 0.5999999999999999778, 2.325499999999999012 ) ) ;
#2387 = CIRCLE ( 'NONE', #4926, 0.1199999999999998845 ) ;
#2388 = CARTESIAN_POINT ( 'NONE',  ( 1.094500000000000028, 0.8996209656617012440, -0.1890749652305044881 ) ) ;
#2389 = VERTEX_POINT ( 'NONE', #4306 ) ;
#2390 = VECTOR ( 'NONE', #8615, 1000.000000000000000 ) ;
#2391 = CARTESIAN_POINT ( 'NONE',  ( 3.324500000000000011, 0.7125687761248743479, -0.5924438146274771944 ) ) ;
#2392 = AXIS2_PLACEMENT_3D ( 'NONE', #4117, #4802, #673 ) ;
#2393 = CIRCLE ( 'NONE', #1978, 0.2799999999999998601 ) ;
#2394 = CARTESIAN_POINT ( 'NONE',  ( 1.594500000000000028, 0.8996209656617012440, 3.189074965230504599 ) ) ;
#2395 =( LENGTH_UNIT ( ) NAMED_UNIT ( * ) SI_UNIT ( .MILLI., .METRE. ) );
#2396 = DIRECTION ( 'NONE',  ( -1.000000000000000000, 0.000000000000000000, 1.239088197126289091E-15 ) ) ;
#2397 = DIRECTION ( 'NONE',  ( 0.000000000000000000, -1.000000000000000000, 0.000000000000000000 ) ) ;
#2398 = CARTESIAN_POINT ( 'NONE',  ( 3.324500000000000011, 0.7125687761248744589, -0.5924438146274771944 ) ) ;
#2399 = CARTESIAN_POINT ( 'NONE',  ( 0.8000000000000003775, 1.445643326479830737, 2.904222551035344768 ) ) ;
#2400 = VERTEX_POINT ( 'NONE', #5752 ) ;
#2401 = VECTOR ( 'NONE', #8691, 1000.000000000000000 ) ;
#2402 = MANIFOLD_SOLID_BREP ( 'Mirror1[8]', #1816 ) ;
#2403 = ORIENTED_EDGE ( 'NONE', *, *, #7754, .F. ) ;
#2404 = CARTESIAN_POINT ( 'NONE',  ( 1.324500000000000233, 1.119999999999999885, 0.000000000000000000 ) ) ;
#2405 = AXIS2_PLACEMENT_3D ( 'NONE', #8567, #6463, #2292 ) ;
#2406 = CARTESIAN_POINT ( 'NONE',  ( 1.594500000000000028, 0.9399999999999997247, -0.1087920875194616499 ) ) ;
#2407 = AXIS2_PLACEMENT_3D ( 'NONE', #7035, #4152, #3 ) ;
#2408 = PLANE ( 'NONE',  #3351 ) ;
#2409 = CIRCLE ( 'NONE', #6858, 0.09999999999999993616 ) ;
#2410 = ORIENTED_EDGE ( 'NONE', *, *, #1190, .T. ) ;
#2411 = VECTOR ( 'NONE', #1061, 1000.000000000000000 ) ;
#2412 = CARTESIAN_POINT ( 'NONE',  ( 2.324500000000000011, 0.8120209656617016769, 3.602896660954242769 ) ) ;
#2413 = VECTOR ( 'NONE', #781, 1000.000000000000000 ) ;
#2414 = DIRECTION ( 'NONE',  ( 0.000000000000000000, -0.8028287771104236636, -0.5962096566170173029 ) ) ;
#2416 = EDGE_CURVE ( 'NONE', #61, #651, #8318, .T. ) ;
#2415 = LINE ( 'NONE', #7184, #4893 ) ;
#2417 = CYLINDRICAL_SURFACE ( 'NONE', #5555, 0.09999999999999982514 ) ;
#2418 = CARTESIAN_POINT ( 'NONE',  ( 4.324500000000000455, 0.6749881066967827747, -0.9500000000000002887 ) ) ;
#2419 = CIRCLE ( 'NONE', #8314, 0.2799999999999998601 ) ;
#2420 = AXIS2_PLACEMENT_3D ( 'NONE', #3011, #5060, #886 ) ;
#2421 = PLANE ( 'NONE',  #3625 ) ;
#2422 = ADVANCED_FACE ( 'NONE', ( #5665 ), #1605, .F. ) ;
#2423 = DIRECTION ( 'NONE',  ( 0.000000000000000000, -0.8028287771104236636, 0.5962096566170171918 ) ) ;
#2424 = DIRECTION ( 'NONE',  ( 0.000000000000000000, 0.000000000000000000, 1.000000000000000000 ) ) ;
#2425 = VECTOR ( 'NONE', #4175, 1000.000000000000000 ) ;
#2426 = EDGE_CURVE ( 'NONE', #3654, #8970, #6553, .T. ) ;
#2427 = VECTOR ( 'NONE', #3347, 1000.000000000000000 ) ;
#2428 = CARTESIAN_POINT ( 'NONE',  ( 3.324500000000000011, 0.8399999999999998579, -0.1087920875194620801 ) ) ;
#2429 = EDGE_CURVE ( 'NONE', #3660, #2077, #6441, .T. ) ;
#2430 = FACE_OUTER_BOUND ( 'NONE', #7927, .T. ) ;
#2431 = CIRCLE ( 'NONE', #1716, 0.09999999999999982514 ) ;
#2432 = ORIENTED_EDGE ( 'NONE', *, *, #2248, .F. ) ;
#2433 = VECTOR ( 'NONE', #6770, 1000.000000000000000 ) ;
#2434 = CARTESIAN_POINT ( 'NONE',  ( 3.094500000000000028, 0.6450822618089369076, 3.378104603363324188 ) ) ;
#2435 = CARTESIAN_POINT ( 'NONE',  ( 1.094500000000000028, 0.5335548349585852446, -0.5736286912392993820 ) ) ;
#2436 = VERTEX_POINT ( 'NONE', #4451 ) ;
#2437 = DIRECTION ( 'NONE',  ( -1.000000000000000000, 0.000000000000000000, 0.000000000000000000 ) ) ;
#2438 = LINE ( 'NONE', #5172, #8465 ) ;
#2439 = DIRECTION ( 'NONE',  ( -1.000000000000000000, 0.000000000000000000, 0.000000000000000000 ) ) ;
#2440 = ORIENTED_EDGE ( 'NONE', *, *, #41, .F. ) ;
#2441 = DIRECTION ( 'NONE',  ( 0.000000000000000000, 0.000000000000000000, 1.000000000000000000 ) ) ;
#2442 =( NAMED_UNIT ( * ) PLANE_ANGLE_UNIT ( ) SI_UNIT ( $, .RADIAN. ) );
#2443 = EDGE_LOOP ( 'NONE', ( #1338, #4420, #5374, #1697 ) ) ;
#2444 = SURFACE_STYLE_USAGE ( .BOTH. , #349 ) ;
#2445 = EDGE_CURVE ( 'NONE', #6442, #5187, #2725, .T. ) ;
#2446 = VERTEX_POINT ( 'NONE', #2391 ) ;
#2447 = LINE ( 'NONE', #3904, #1897 ) ;
#2448 = ORIENTED_EDGE ( 'NONE', *, *, #3227, .F. ) ;
#2449 = CARTESIAN_POINT ( 'NONE',  ( 1.094500000000000028, 0.7523999999999998467, 3.522613783243200292 ) ) ;
#2450 = ORIENTED_EDGE ( 'NONE', *, *, #2426, .T. ) ;
#2451 = ORIENTED_EDGE ( 'NONE', *, *, #2192, .F. ) ;
#2452 = DIRECTION ( 'NONE',  ( 1.000000000000000000, -0.000000000000000000, -0.000000000000000000 ) ) ;
#2453 = DIRECTION ( 'NONE',  ( 0.000000000000000000, 0.2308414777372849447, 0.9729913731149246736 ) ) ;
#2454 = ORIENTED_EDGE ( 'NONE', *, *, #3515, .F. ) ;
#2455 = ORIENTED_EDGE ( 'NONE', *, *, #6783, .F. ) ;
#2456 = PLANE ( 'NONE',  #6973 ) ;
#2457 = ORIENTED_EDGE ( 'NONE', *, *, #4761, .F. ) ;
#2458 = VECTOR ( 'NONE', #7305, 1000.000000000000000 ) ;
#2459 = EDGE_CURVE ( 'NONE', #2291, #1134, #4773, .T. ) ;
#2460 = DIRECTION ( 'NONE',  ( -0.000000000000000000, 0.8028287771104243298, -0.5962096566170164147 ) ) ;
#2461 = ORIENTED_EDGE ( 'NONE', *, *, #5101, .F. ) ;
#2462 = ORIENTED_EDGE ( 'NONE', *, *, #1843, .T. ) ;
#2463 = ORIENTED_EDGE ( 'NONE', *, *, #1884, .T. ) ;
#2464 = ORIENTED_EDGE ( 'NONE', *, *, #5733, .F. ) ;
#2465 = DIRECTION ( 'NONE',  ( -0.000000000000000000, -0.000000000000000000, -1.000000000000000000 ) ) ;
#2466 = EDGE_CURVE ( 'NONE', #190, #281, #8101, .T. ) ;
#2467 = ORIENTED_EDGE ( 'NONE', *, *, #7482, .F. ) ;
#2468 = DIRECTION ( 'NONE',  ( -1.000000000000000000, 0.000000000000000000, 0.000000000000000000 ) ) ;
#2469 = ADVANCED_FACE ( 'NONE', ( #6340 ), #2421, .F. ) ;
#2470 = DIRECTION ( 'NONE',  ( 0.000000000000000000, -1.000000000000000000, 0.000000000000000000 ) ) ;
#2471 = VECTOR ( 'NONE', #5270, 1000.000000000000000 ) ;
#2472 = DIRECTION ( 'NONE',  ( 0.000000000000000000, 0.000000000000000000, 1.000000000000000000 ) ) ;
#2473 = ORIENTED_EDGE ( 'NONE', *, *, #5370, .T. ) ;
#2474 = EDGE_CURVE ( 'NONE', #2276, #223, #4363, .T. ) ;
#2475 = AXIS2_PLACEMENT_3D ( 'NONE', #2904, #3801, #992 ) ;
#2476 = VERTEX_POINT ( 'NONE', #7333 ) ;
#2477 = CARTESIAN_POINT ( 'NONE',  ( 3.324500000000000011, 0.7523999999999998467, 3.522613783243200292 ) ) ;
#2478 = LINE ( 'NONE', #5124, #7843 ) ;
#2479 = DIRECTION ( 'NONE',  ( -1.000000000000000000, 0.000000000000000000, 0.000000000000000000 ) ) ;
#2480 = ADVANCED_FACE ( 'NONE', ( #4679 ), #5222, .T. ) ;
#2481 = EDGE_CURVE ( 'NONE', #2983, #1126, #7772, .T. ) ;
#2482 = ORIENTED_EDGE ( 'NONE', *, *, #3678, .F. ) ;
#2483 = ORIENTED_EDGE ( 'NONE', *, *, #7129, .T. ) ;
#2484 = EDGE_CURVE ( 'NONE', #1132, #5515, #5116, .T. ) ;
#2485 = ORIENTED_EDGE ( 'NONE', *, *, #2429, .T. ) ;
#2486 = DIRECTION ( 'NONE',  ( -1.000000000000000000, 0.000000000000000000, 0.000000000000000000 ) ) ;
#2487 = LINE ( 'NONE', #8307, #646 ) ;
#2488 = AXIS2_PLACEMENT_3D ( 'NONE', #1096, #5944, #425 ) ;
#2489 = PLANE ( 'NONE',  #1359 ) ;
#2490 = CARTESIAN_POINT ( 'NONE',  ( 1.324500000000000233, 0.8120209656617016769, -0.6028966609542426580 ) ) ;
#2491 = DIRECTION ( 'NONE',  ( 0.000000000000000000, 0.1045284632676540260, 0.9945218953682732899 ) ) ;
#2492 = CARTESIAN_POINT ( 'NONE',  ( 1.824500000000000233, 0.8996209656617012440, 3.189074965230504599 ) ) ;
#2493 = VERTEX_POINT ( 'NONE', #6639 ) ;
#2494 = CARTESIAN_POINT ( 'NONE',  ( 2.824500000000000011, 0.5335548349585852446, -0.5736286912392993820 ) ) ;
#2495 = CARTESIAN_POINT ( 'NONE',  ( 0.9470000000000003970, 0.6500000000000000222, 2.205499999999999794 ) ) ;
#2496 = VECTOR ( 'NONE', #144, 1000.000000000000000 ) ;
#2497 = CARTESIAN_POINT ( 'NONE',  ( 2.824500000000000011, 1.119999999999999885, 3.000000000000000000 ) ) ;
#2498 = DIRECTION ( 'NONE',  ( -0.000000000000000000, -0.000000000000000000, 1.000000000000000000 ) ) ;
#2499 = EDGE_LOOP ( 'NONE', ( #8716, #2052, #8232, #4613, #8100, #5933, #8313, #4395, #1814, #8093, #1573, #554 ) ) ;
#2500 = DIRECTION ( 'NONE',  ( -2.824178620696807171E-17, -1.000000000000000000, -0.000000000000000000 ) ) ;
#2501 = VECTOR ( 'NONE', #6394, 1000.000000000000000 ) ;
#2502 = CARTESIAN_POINT ( 'NONE',  ( 4.594500000000000028, 0.5335548349585852446, 3.573628691239299382 ) ) ;
#2503 = VECTOR ( 'NONE', #764, 1000.000000000000000 ) ;
#2504 = ORIENTED_EDGE ( 'NONE', *, *, #7296, .F. ) ;
#2505 = CARTESIAN_POINT ( 'NONE',  ( 3.824500000000000011, 1.000393720129284736, -0.1889732133504053169 ) ) ;
#2506 = VERTEX_POINT ( 'NONE', #2449 ) ;
#2507 = DIRECTION ( 'NONE',  ( 1.579893876117310207E-16, 0.000000000000000000, -1.000000000000000000 ) ) ;
#2508 = VECTOR ( 'NONE', #4976, 1000.000000000000000 ) ;
#2509 = ADVANCED_FACE ( 'NONE', ( #7421 ), #1430, .T. ) ;
#2510 = CARTESIAN_POINT ( 'NONE',  ( 3.324500000000000011, 1.000393720129284736, 3.188973213350405178 ) ) ;
#2511 = PRESENTATION_STYLE_ASSIGNMENT (( #1416 ) ) ;
#2512 = ORIENTED_EDGE ( 'NONE', *, *, #8145, .T. ) ;
#2513 = VECTOR ( 'NONE', #8052, 1000.000000000000000 ) ;
#2514 =( BOUNDED_CURVE ( )  B_SPLINE_CURVE ( 3, ( #2821, #1392, #7645, #7070 ),
 .UNSPECIFIED., .F., .F. ) 
 B_SPLINE_CURVE_WITH_KNOTS ( ( 4, 4 ),
 ( 1.570796326794896558, 2.855541211872493434 ),
 .UNSPECIFIED. ) 
 CURVE ( )  GEOMETRIC_REPRESENTATION_ITEM ( )  RATIONAL_B_SPLINE_CURVE ( ( 1.000000000000000000, 0.8671177933693071660, 0.8671177933693071660, 1.000000000000000000 ) ) 
 REPRESENTATION_ITEM ( '' )  );
#2516 = EDGE_LOOP ( 'NONE', ( #7254, #3865, #6543, #8044 ) ) ;
#2515 = DIRECTION ( 'NONE',  ( -0.000000000000000000, -0.000000000000000000, -1.000000000000000000 ) ) ;
#2517 = VECTOR ( 'NONE', #8351, 1000.000000000000000 ) ;
#2518 = DIRECTION ( 'NONE',  ( 1.000000000000000000, -0.000000000000000000, -0.000000000000000000 ) ) ;
#2519 = DIRECTION ( 'NONE',  ( 0.000000000000000000, 0.000000000000000000, -1.000000000000000000 ) ) ;
#2520 = LINE ( 'NONE', #4373, #8555 ) ;
#2521 = ADVANCED_FACE ( 'NONE', ( #4245 ), #5905, .F. ) ;
#2522 = AXIS2_PLACEMENT_3D ( 'NONE', #9026, #5333, #5463 ) ;
#2523 = DIRECTION ( 'NONE',  ( 0.000000000000000000, -0.1045284632676515141, -0.9945218953682735119 ) ) ;
#2524 = LINE ( 'NONE', #6129, #7330 ) ;
#2525 = PLANE ( 'NONE',  #6634 ) ;
#2526 = AXIS2_PLACEMENT_3D ( 'NONE', #4346, #7853, #3657 ) ;
#2527 = AXIS2_PLACEMENT_3D ( 'NONE', #7995, #6589, #1730 ) ;
#2528 = FACE_OUTER_BOUND ( 'NONE', #1559, .T. ) ;
#2529 = DIRECTION ( 'NONE',  ( 1.000000000000000000, -0.000000000000000000, -0.000000000000000000 ) ) ;
#2530 = CYLINDRICAL_SURFACE ( 'NONE', #7999, 0.09999999999999995004 ) ;
#2531 = VECTOR ( 'NONE', #8670, 1000.000000000000000 ) ;
#2532 = FACE_OUTER_BOUND ( 'NONE', #8287, .T. ) ;
#2533 = CIRCLE ( 'NONE', #3045, 0.1199999999999998845 ) ;
#2534 = EDGE_CURVE ( 'NONE', #598, #7856, #2188, .T. ) ;
#2535 = EDGE_LOOP ( 'NONE', ( #5868, #5024, #7811, #6042 ) ) ;
#2536 = ORIENTED_EDGE ( 'NONE', *, *, #4659, .F. ) ;
#2537 = AXIS2_PLACEMENT_3D ( 'NONE', #1804, #6049, #466 ) ;
#2538 = CYLINDRICAL_SURFACE ( 'NONE', #4707, 0.2799999999999999711 ) ;
#2539 = LINE ( 'NONE', #6076, #8130 ) ;
#2540 = ORIENTED_EDGE ( 'NONE', *, *, #7334, .F. ) ;
#2541 = DIRECTION ( 'NONE',  ( 0.000000000000000000, 0.000000000000000000, -1.000000000000000000 ) ) ;
#2542 = DIRECTION ( 'NONE',  ( 0.000000000000000000, 0.000000000000000000, 1.000000000000000000 ) ) ;
#2543 = ORIENTED_EDGE ( 'NONE', *, *, #6771, .F. ) ;
#2544 = EDGE_CURVE ( 'NONE', #8350, #494, #32, .T. ) ;
#2545 = CARTESIAN_POINT ( 'NONE',  ( 1.824500000000000233, 1.119999999999999885, 0.000000000000000000 ) ) ;
#2546 = EDGE_CURVE ( 'NONE', #418, #2748, #6328, .T. ) ;
#2547 = ORIENTED_EDGE ( 'NONE', *, *, #5514, .F. ) ;
#2548 = ORIENTED_EDGE ( 'NONE', *, *, #3979, .T. ) ;
#2549 = FACE_OUTER_BOUND ( 'NONE', #6160, .T. ) ;
#2550 = DIRECTION ( 'NONE',  ( 0.000000000000000000, -0.9945218953682732899, -0.1045284632676540260 ) ) ;
#2551 = ORIENTED_EDGE ( 'NONE', *, *, #1196, .T. ) ;
#2552 = ORIENTED_EDGE ( 'NONE', *, *, #6179, .T. ) ;
#2553 = ADVANCED_FACE ( 'NONE', ( #5869 ), #4590, .F. ) ;
#2554 = DIRECTION ( 'NONE',  ( -2.824178620696807171E-17, -1.000000000000000000, -0.000000000000000000 ) ) ;
#2555 = ORIENTED_EDGE ( 'NONE', *, *, #3930, .T. ) ;
#2556 = LINE ( 'NONE', #4812, #2342 ) ;
#2557 = ORIENTED_EDGE ( 'NONE', *, *, #5735, .F. ) ;
#2558 = DIRECTION ( 'NONE',  ( 0.000000000000000000, 0.000000000000000000, -1.000000000000000000 ) ) ;
#2559 = ORIENTED_EDGE ( 'NONE', *, *, #5344, .F. ) ;
#2560 = AXIS2_PLACEMENT_3D ( 'NONE', #5109, #4992, #7187 ) ;
#2561 = VECTOR ( 'NONE', #7548, 1000.000000000000000 ) ;
#2562 = CARTESIAN_POINT ( 'NONE',  ( 1.824500000000000233, 0.5335548349585852446, 3.573628691239299382 ) ) ;
#2563 = ORIENTED_EDGE ( 'NONE', *, *, #7956, .T. ) ;
#2564 = ORIENTED_EDGE ( 'NONE', *, *, #6179, .F. ) ;
#2565 = DIRECTION ( 'NONE',  ( -0.000000000000000000, 0.8028287771104243298, -0.5962096566170164147 ) ) ;
#2566 = ORIENTED_EDGE ( 'NONE', *, *, #45, .T. ) ;
#2567 = ADVANCED_FACE ( 'NONE', ( #7434 ), #5282, .F. ) ;
#2568 = ORIENTED_EDGE ( 'NONE', *, *, #7160, .T. ) ;
#2569 = ORIENTED_EDGE ( 'NONE', *, *, #8932, .T. ) ;
#2570 = VECTOR ( 'NONE', #6133, 1000.000000000000000 ) ;
#2571 = CARTESIAN_POINT ( 'NONE',  ( 1.324500000000000233, 1.119999999999999885, 0.000000000000000000 ) ) ;
#2572 = ORIENTED_EDGE ( 'NONE', *, *, #1547, .F. ) ;
#2573 = VERTEX_POINT ( 'NONE', #6703 ) ;
#2574 = VECTOR ( 'NONE', #2124, 1000.000000000000227 ) ;
#2575 = ORIENTED_EDGE ( 'NONE', *, *, #2136, .T. ) ;
#2576 = CARTESIAN_POINT ( 'NONE',  ( 3.594500000000000028, 0.5335548349585852446, -0.5736286912392993820 ) ) ;
#2577 = EDGE_CURVE ( 'NONE', #503, #4484, #8864, .T. ) ;
#2578 = DIRECTION ( 'NONE',  ( 0.000000000000000000, 0.000000000000000000, 1.000000000000000000 ) ) ;
#2579 = AXIS2_PLACEMENT_3D ( 'NONE', #6954, #4133, #8315 ) ;
#2580 = DIRECTION ( 'NONE',  ( 1.536785503168681241E-16, 0.000000000000000000, -1.000000000000000000 ) ) ;
#2581 = CARTESIAN_POINT ( 'NONE',  ( 0.9470000000000003970, 0.5999999999999999778, 2.205499999999999794 ) ) ;
#2582 = LINE ( 'NONE', #1833, #6509 ) ;
#2583 = VERTEX_POINT ( 'NONE', #3894 ) ;
#2584 = ORIENTED_EDGE ( 'NONE', *, *, #4744, .F. ) ;
#2585 = VERTEX_POINT ( 'NONE', #3051 ) ;
#2586 = EDGE_CURVE ( 'NONE', #5534, #6130, #8658, .T. ) ;
#2587 = LINE ( 'NONE', #7612, #6727 ) ;
#2588 = CARTESIAN_POINT ( 'NONE',  ( 4.324500000000000455, 0.4984000000000007313, -0.9081046033633235481 ) ) ;
#2589 = PLANE ( 'NONE',  #4961 ) ;
#2590 = AXIS2_PLACEMENT_3D ( 'NONE', #4341, #7106, #2922 ) ;
#2591 = EDGE_LOOP ( 'NONE', ( #8616, #6674, #5766, #3228 ) ) ;
#2592 = FILL_AREA_STYLE ('',( #1867 ) ) ;
#2593 = VERTEX_POINT ( 'NONE', #1750 ) ;
#2594 = DIRECTION ( 'NONE',  ( -0.000000000000000000, -0.000000000000000000, -1.000000000000000000 ) ) ;
#2595 = VECTOR ( 'NONE', #8086, 1000.000000000000000 ) ;
#2596 = EDGE_CURVE ( 'NONE', #736, #3336, #555, .T. ) ;
#2597 = COLOUR_RGB ( '',0.8941176470588234615, 0.9137254901960784048, 0.9294117647058823817 ) ;
#2598 = ADVANCED_FACE ( 'NONE', ( #1864 ), #4506, .T. ) ;
#2599 = EDGE_CURVE ( 'NONE', #3611, #3840, #5324, .T. ) ;
#2600 = DIRECTION ( 'NONE',  ( 0.000000000000000000, 0.000000000000000000, 1.000000000000000000 ) ) ;
#2601 = PLANE ( 'NONE',  #5777 ) ;
#2602 = EDGE_LOOP ( 'NONE', ( #7579, #4435, #364, #8719 ) ) ;
#2603 = AXIS2_PLACEMENT_3D ( 'NONE', #2812, #7808, #156 ) ;
#2604 = DIRECTION ( 'NONE',  ( 1.000000000000000000, 0.000000000000000000, 0.000000000000000000 ) ) ;
#2605 = DIRECTION ( 'NONE',  ( 0.000000000000000000, 0.1045284632676540260, 0.9945218953682732899 ) ) ;
#2606 = DIRECTION ( 'NONE',  ( 0.2821663239915502275, 0.9593655015712704293, 0.000000000000000000 ) ) ;
#2607 = CARTESIAN_POINT ( 'NONE',  ( 1.594500000000000028, 0.5335548349585852446, 3.573628691239299382 ) ) ;
#2608 = CARTESIAN_POINT ( 'NONE',  ( 2.324500000000000011, 0.5335548349585852446, 3.573628691239299382 ) ) ;
#2609 = ADVANCED_FACE ( 'NONE', ( #4461 ), #3808, .T. ) ;
#2610 = CARTESIAN_POINT ( 'NONE',  ( 1.094500000000000028, 0.8120209656617016769, 3.602896660954242769 ) ) ;
#2611 = EDGE_CURVE ( 'NONE', #8384, #417, #998, .T. ) ;
#2612 = VECTOR ( 'NONE', #8243, 1000.000000000000000 ) ;
#2613 = DIRECTION ( 'NONE',  ( 0.000000000000000000, -0.8028287771104236636, 0.5962096566170173029 ) ) ;
#2614 = AXIS2_PLACEMENT_3D ( 'NONE', #5163, #1688, #2414 ) ;
#2615 = COLOUR_RGB ( '',0.8941176470588234615, 0.9137254901960784048, 0.9294117647058823817 ) ;
#2616 = ORIENTED_EDGE ( 'NONE', *, *, #8577, .T. ) ;
#2617 = VECTOR ( 'NONE', #4335, 999.9999999999998863 ) ;
#2618 = CARTESIAN_POINT ( 'NONE',  ( 3.324500000000000011, 0.5335548349585852446, -0.5736286912392993820 ) ) ;
#2619 = DIRECTION ( 'NONE',  ( 1.000000000000000000, -0.000000000000000000, -0.000000000000000000 ) ) ;
#2620 = VERTEX_POINT ( 'NONE', #6584 ) ;
#2621 = ORIENTED_EDGE ( 'NONE', *, *, #630, .F. ) ;
#2622 = LINE ( 'NONE', #6036, #561 ) ;
#2623 = DIRECTION ( 'NONE',  ( 0.000000000000000000, 0.000000000000000000, -1.000000000000000000 ) ) ;
#2624 = ORIENTED_EDGE ( 'NONE', *, *, #29, .F. ) ;
#2625 = PLANE ( 'NONE',  #5013 ) ;
#2626 = LINE ( 'NONE', #3679, #7322 ) ;
#2627 = CIRCLE ( 'NONE', #2338, 0.09999999999999982514 ) ;
#2628 = DIRECTION ( 'NONE',  ( 1.000000000000000000, 0.000000000000000000, 0.000000000000000000 ) ) ;
#2629 = CARTESIAN_POINT ( 'NONE',  ( 0.8245000000000001217, 0.7125687761248744589, 3.592443814627477305 ) ) ;
#2630 = EDGE_CURVE ( 'NONE', #661, #2744, #3277, .T. ) ;
#2631 = LINE ( 'NONE', #2386, #2202 ) ;
#2632 = LINE ( 'NONE', #5094, #8986 ) ;
#2633 = CARTESIAN_POINT ( 'NONE',  ( 1.594500000000000028, 0.6749881066967827747, 3.950000000000000178 ) ) ;
#2634 = LINE ( 'NONE', #264, #805 ) ;
#2635 = EDGE_CURVE ( 'NONE', #3941, #6246, #8874, .T. ) ;
#2636 = CIRCLE ( 'NONE', #7570, 0.09999999999999982514 ) ;
#2637 = CARTESIAN_POINT ( 'NONE',  ( 2.324500000000000011, 1.119999999999999885, 0.000000000000000000 ) ) ;
#2638 = PLANE ( 'NONE',  #4663 ) ;
#2639 = EDGE_CURVE ( 'NONE', #698, #3456, #7530, .T. ) ;
#2640 = CARTESIAN_POINT ( 'NONE',  ( 4.324500000000000455, 1.119999999999999885, 3.000000000000000000 ) ) ;
#2641 = CARTESIAN_POINT ( 'NONE',  ( 4.324500000000000455, 1.071938878923327065, -0.2853126666036561732 ) ) ;
#2642 = VECTOR ( 'NONE', #8742, 1000.000000000000000 ) ;
#2643 = FACE_OUTER_BOUND ( 'NONE', #5473, .T. ) ;
#2644 = AXIS2_PLACEMENT_3D ( 'NONE', #1332, #8987, #5453 ) ;
#2645 = CYLINDRICAL_SURFACE ( 'NONE', #1242, 0.09999999999999982514 ) ;
#2646 = ORIENTED_EDGE ( 'NONE', *, *, #1724, .F. ) ;
#2647 = ADVANCED_FACE ( 'NONE', ( #341 ), #3866, .F. ) ;
#2648 = DIRECTION ( 'NONE',  ( 0.000000000000000000, 0.8028287771104243298, 0.5962096566170164147 ) ) ;
#2649 = EDGE_LOOP ( 'NONE', ( #1689, #6120, #8788, #6197 ) ) ;
#2650 = CARTESIAN_POINT ( 'NONE',  ( 2.094500000000000028, 0.9399999999999997247, 3.108792087519461678 ) ) ;
#2651 = PLANE ( 'NONE',  #7551 ) ;
#2652 = DIRECTION ( 'NONE',  ( 1.000000000000000000, 0.000000000000000000, 0.000000000000000000 ) ) ;
#2653 = ORIENTED_EDGE ( 'NONE', *, *, #5369, .F. ) ;
#2654 = EDGE_CURVE ( 'NONE', #7077, #6022, #6764, .T. ) ;
#2655 = ORIENTED_EDGE ( 'NONE', *, *, #1250, .T. ) ;
#2656 = LINE ( 'NONE', #8960, #1993 ) ;
#2657 = ORIENTED_EDGE ( 'NONE', *, *, #8048, .F. ) ;
#2658 = EDGE_CURVE ( 'NONE', #2795, #1488, #1963, .T. ) ;
#2659 = ORIENTED_EDGE ( 'NONE', *, *, #5561, .T. ) ;
#2660 = DIRECTION ( 'NONE',  ( 1.000000000000000000, 0.000000000000000000, 0.000000000000000000 ) ) ;
#2661 = ADVANCED_FACE ( 'NONE', ( #1643 ), #1215, .F. ) ;
#2662 = AXIS2_PLACEMENT_3D ( 'NONE', #5543, #4161, #9 ) ;
#2663 = ORIENTED_EDGE ( 'NONE', *, *, #8526, .T. ) ;
#2664 = DIRECTION ( 'NONE',  ( 0.000000000000000000, -0.000000000000000000, -1.000000000000000000 ) ) ;
#2665 = ORIENTED_EDGE ( 'NONE', *, *, #3556, .F. ) ;
#2666 = CARTESIAN_POINT ( 'NONE',  ( 2.594500000000000028, 1.119999999999999885, 0.000000000000000000 ) ) ;
#2667 = CARTESIAN_POINT ( 'NONE',  ( 3.324500000000000011, 0.9399999999999997247, -0.1087920875194616499 ) ) ;
#2668 = CARTESIAN_POINT ( 'NONE',  ( 3.824500000000000011, 0.8120209656617016769, 3.602896660954242769 ) ) ;
#2669 = VERTEX_POINT ( 'NONE', #3892 ) ;
#2670 = ORIENTED_EDGE ( 'NONE', *, *, #394, .T. ) ;
#2671 = ORIENTED_EDGE ( 'NONE', *, *, #1152, .F. ) ;
#2672 = ORIENTED_EDGE ( 'NONE', *, *, #4770, .T. ) ;
#2673 = CARTESIAN_POINT ( 'NONE',  ( 1.324500000000000233, 0.7523999999999998467, -0.5226137832432001806 ) ) ;
#2674 = EDGE_LOOP ( 'NONE', ( #1034, #851, #3532, #4950 ) ) ;
#2675 = VECTOR ( 'NONE', #2813, 1000.000000000000000 ) ;
#2676 = VERTEX_POINT ( 'NONE', #3231 ) ;
#2677 = ORIENTED_EDGE ( 'NONE', *, *, #3649, .T. ) ;
#2678 = CARTESIAN_POINT ( 'NONE',  ( 4.633247317911317609, 1.459999999999999742, 0.1057526820886822289 ) ) ;
#2679 = ORIENTED_EDGE ( 'NONE', *, *, #3227, .T. ) ;
#2680 = DIRECTION ( 'NONE',  ( 1.000000000000000000, 0.000000000000000000, -0.000000000000000000 ) ) ;
#2681 = VERTEX_POINT ( 'NONE', #3809 ) ;
#2682 = PRESENTATION_LAYER_ASSIGNMENT (  '', '', ( #1633 ) ) ;
#2683 = CARTESIAN_POINT ( 'NONE',  ( 4.092000000000001414, 0.6499999999999999112, 0.6745000000000010987 ) ) ;
#2684 = ORIENTED_EDGE ( 'NONE', *, *, #5372, .T. ) ;
#2685 = VECTOR ( 'NONE', #6689, 1000.000000000000000 ) ;
#2686 = CARTESIAN_POINT ( 'NONE',  ( 3.824500000000000011, 0.8120209656617016769, -0.6028966609542426580 ) ) ;
#2687 = ORIENTED_EDGE ( 'NONE', *, *, #1051, .F. ) ;
#2688 = CARTESIAN_POINT ( 'NONE',  ( 0.8245000000000001217, 1.000393720129284736, -0.1889732133504053169 ) ) ;
#2689 = ORIENTED_EDGE ( 'NONE', *, *, #2273, .F. ) ;
#2690 = ADVANCED_FACE ( 'NONE', ( #3058 ), #5990, .F. ) ;
#2691 = VERTEX_POINT ( 'NONE', #2418 ) ;
#2692 = DIRECTION ( 'NONE',  ( 1.000000000000000000, 0.000000000000000000, 0.000000000000000000 ) ) ;
#2693 = DIRECTION ( 'NONE',  ( 1.000000000000000000, -0.000000000000000000, -0.000000000000000000 ) ) ;
#2694 = EDGE_CURVE ( 'NONE', #5474, #1236, #1871, .T. ) ;
#2695 = DIRECTION ( 'NONE',  ( 0.000000000000000000, -1.000000000000000000, 0.000000000000000000 ) ) ;
#2696 = AXIS2_PLACEMENT_3D ( 'NONE', #7136, #4338, #5815 ) ;
#2697 = CARTESIAN_POINT ( 'NONE',  ( 2.324500000000000011, 1.119999999999999885, 0.000000000000000000 ) ) ;
#2698 = ORIENTED_EDGE ( 'NONE', *, *, #113, .T. ) ;
#2699 = ADVANCED_FACE ( 'NONE', ( #8432 ), #5107, .T. ) ;
#2700 = DIRECTION ( 'NONE',  ( 0.000000000000000000, -1.000000000000000000, 0.000000000000000000 ) ) ;
#2701 = VECTOR ( 'NONE', #5210, 1000.000000000000000 ) ;
#2702 = EDGE_CURVE ( 'NONE', #6047, #1099, #7222, .T. ) ;
#2703 = ORIENTED_EDGE ( 'NONE', *, *, #7563, .T. ) ;
#2704 = DIRECTION ( 'NONE',  ( 0.000000000000000000, 0.000000000000000000, -1.000000000000000000 ) ) ;
#2705 = DIRECTION ( 'NONE',  ( 0.000000000000000000, 0.1045284632676540260, 0.9945218953682732899 ) ) ;
#2706 = DIRECTION ( 'NONE',  ( 0.000000000000000000, 0.9729913731149246736, -0.2308414777372849447 ) ) ;
#2707 = VECTOR ( 'NONE', #275, 1000.000000000000000 ) ;
#2708 = LINE ( 'NONE', #5427, #7861 ) ;
#2709 = DIRECTION ( 'NONE',  ( 1.000000000000000000, 0.000000000000000000, 0.000000000000000000 ) ) ;
#2710 = DIRECTION ( 'NONE',  ( 1.000000000000000000, 0.000000000000000000, 0.000000000000000000 ) ) ;
#2711 = ORIENTED_EDGE ( 'NONE', *, *, #6961, .T. ) ;
#2712 = DIRECTION ( 'NONE',  ( 0.000000000000000000, 0.000000000000000000, 1.000000000000000000 ) ) ;
#2713 = EDGE_CURVE ( 'NONE', #2276, #4449, #8650, .T. ) ;
#2714 = EDGE_CURVE ( 'NONE', #3858, #6188, #3714, .T. ) ;
#2715 = FACE_OUTER_BOUND ( 'NONE', #4481, .T. ) ;
#2716 = CARTESIAN_POINT ( 'NONE',  ( 1.094500000000000028, 0.6450822618089369076, -0.3781046033633239101 ) ) ;
#2717 = CARTESIAN_POINT ( 'NONE',  ( 0.8245000000000001217, 0.8120209656617016769, -0.6028966609542426580 ) ) ;
#2718 = ORIENTED_EDGE ( 'NONE', *, *, #2353, .F. ) ;
#2719 = EDGE_LOOP ( 'NONE', ( #8845, #2020, #6930, #6270 ) ) ;
#2720 = FACE_OUTER_BOUND ( 'NONE', #6249, .T. ) ;
#2721 = DIRECTION ( 'NONE',  ( -0.000000000000000000, -0.000000000000000000, 1.000000000000000000 ) ) ;
#2722 = EDGE_LOOP ( 'NONE', ( #7178, #2323, #8928, #1149 ) ) ;
#2723 = DIRECTION ( 'NONE',  ( 1.000000000000000000, -0.000000000000000000, -0.000000000000000000 ) ) ;
#2724 = ORIENTED_EDGE ( 'NONE', *, *, #3288, .F. ) ;
#2725 = LINE ( 'NONE', #7301, #2411 ) ;
#2726 = CARTESIAN_POINT ( 'NONE',  ( 3.324500000000000011, 0.9399999999999997247, -0.1087920875194616499 ) ) ;
#2727 = ORIENTED_EDGE ( 'NONE', *, *, #6910, .T. ) ;
#2728 = VECTOR ( 'NONE', #8565, 999.9999999999998863 ) ;
#2729 = EDGE_CURVE ( 'NONE', #2892, #7413, #5654, .T. ) ;
#2730 = DIRECTION ( 'NONE',  ( -1.000000000000000000, 0.000000000000000000, -0.000000000000000000 ) ) ;
#2731 = AXIS2_PLACEMENT_3D ( 'NONE', #8198, #440, #1898 ) ;
#2732 = DIRECTION ( 'NONE',  ( 0.000000000000000000, -1.000000000000000000, 0.000000000000000000 ) ) ;
#2733 = VECTOR ( 'NONE', #2257, 1000.000000000000000 ) ;
#2734 = PLANE ( 'NONE',  #5594 ) ;
#2735 = VECTOR ( 'NONE', #7968, 1000.000000000000000 ) ;
#2736 = DIRECTION ( 'NONE',  ( -1.000000000000000000, 0.000000000000000000, 0.000000000000000000 ) ) ;
#2737 = ADVANCED_FACE ( 'NONE', ( #4891 ), #1255, .F. ) ;
#2738 = SURFACE_STYLE_FILL_AREA ( #719 ) ;
#2739 = DIRECTION ( 'NONE',  ( -0.000000000000000000, 1.000000000000000000, -0.000000000000000000 ) ) ;
#2740 = LINE ( 'NONE', #7503, #6886 ) ;
#2741 = VECTOR ( 'NONE', #124, 1000.000000000000227 ) ;
#2742 = DIRECTION ( 'NONE',  ( -0.000000000000000000, 1.000000000000000000, -0.000000000000000000 ) ) ;
#2743 = AXIS2_PLACEMENT_3D ( 'NONE', #1207, #6065, #1938 ) ;
#2744 = VERTEX_POINT ( 'NONE', #4676 ) ;
#2745 = DIRECTION ( 'NONE',  ( 0.000000000000000000, 0.000000000000000000, 1.000000000000000000 ) ) ;
#2746 = ORIENTED_EDGE ( 'NONE', *, *, #8875, .T. ) ;
#2747 = EDGE_CURVE ( 'NONE', #6393, #5812, #246, .T. ) ;
#2748 = VERTEX_POINT ( 'NONE', #8898 ) ;
#2749 = CARTESIAN_POINT ( 'NONE',  ( 0.8245000000000001217, 0.9399999999999998357, 3.000000000000000000 ) ) ;
#2750 = VECTOR ( 'NONE', #1695, 1000.000000000000227 ) ;
#2751 = VERTEX_POINT ( 'NONE', #1954 ) ;
#2752 = DIRECTION ( 'NONE',  ( 1.000000000000000000, -0.000000000000000000, -0.000000000000000000 ) ) ;
#2753 = VERTEX_POINT ( 'NONE', #7539 ) ;
#2754 = EDGE_CURVE ( 'NONE', #6246, #3426, #7214, .T. ) ;
#2755 = FILL_AREA_STYLE_COLOUR ( '', #7866 ) ;
#2756 = ORIENTED_EDGE ( 'NONE', *, *, #2273, .T. ) ;
#2757 = AXIS2_PLACEMENT_3D ( 'NONE', #6802, #4015, #8944 ) ;
#2758 = ORIENTED_EDGE ( 'NONE', *, *, #8245, .F. ) ;
#2759 = VECTOR ( 'NONE', #1674, 1000.000000000000114 ) ;
#2760 = ORIENTED_EDGE ( 'NONE', *, *, #6282, .T. ) ;
#2761 = DIRECTION ( 'NONE',  ( -1.000000000000000000, 0.000000000000000000, 0.000000000000000000 ) ) ;
#2762 = CARTESIAN_POINT ( 'NONE',  ( 2.594500000000000028, 0.8399999999999998579, -0.1087920875194620801 ) ) ;
#2763 = EDGE_CURVE ( 'NONE', #8832, #1476, #2842, .T. ) ;
#2764 = EDGE_CURVE ( 'NONE', #736, #2127, #20, .T. ) ;
#2765 = DIRECTION ( 'NONE',  ( 0.000000000000000000, 0.000000000000000000, -1.000000000000000000 ) ) ;
#2766 = ORIENTED_EDGE ( 'NONE', *, *, #7517, .T. ) ;
#2767 = EDGE_CURVE ( 'NONE', #6474, #4302, #3264, .T. ) ;
#2768 = EDGE_LOOP ( 'NONE', ( #5476, #7616, #297, #4643 ) ) ;
#2769 = FACE_OUTER_BOUND ( 'NONE', #6093, .T. ) ;
#2770 = CARTESIAN_POINT ( 'NONE',  ( 1.824500000000000233, 0.8399999999999998579, 3.108792087519462122 ) ) ;
#2771 = ORIENTED_EDGE ( 'NONE', *, *, #446, .F. ) ;
#2772 = CARTESIAN_POINT ( 'NONE',  ( 2.824500000000000011, 1.119999999999999885, 3.000000000000000000 ) ) ;
#2773 = DIRECTION ( 'NONE',  ( 1.000000000000000000, 0.000000000000000000, 0.000000000000000000 ) ) ;
#2774 = AXIS2_PLACEMENT_3D ( 'NONE', #4892, #7031, #6293 ) ;
#2775 = ORIENTED_EDGE ( 'NONE', *, *, #2153, .T. ) ;
#2776 = CARTESIAN_POINT ( 'NONE',  ( 2.824500000000000011, 0.5335548349585852446, 3.573628691239299382 ) ) ;
#2777 = CARTESIAN_POINT ( 'NONE',  ( 1.594500000000000028, 0.9399999999999998357, 3.000000000000000000 ) ) ;
#2778 = VECTOR ( 'NONE', #1389, 1000.000000000000227 ) ;
#2779 = CARTESIAN_POINT ( 'NONE',  ( 1.824500000000000233, 0.5335548349585852446, 3.573628691239299382 ) ) ;
#2780 = ORIENTED_EDGE ( 'NONE', *, *, #5304, .T. ) ;
#2781 = ORIENTED_EDGE ( 'NONE', *, *, #6791, .T. ) ;
#2782 = ORIENTED_EDGE ( 'NONE', *, *, #8730, .T. ) ;
#2783 = CARTESIAN_POINT ( 'NONE',  ( 4.324500000000000455, 0.9399999999999998357, 3.000000000000000000 ) ) ;
#2784 = ORIENTED_EDGE ( 'NONE', *, *, #4894, .F. ) ;
#2785 = CLOSED_SHELL ( 'NONE', ( #3341, #1517, #3961, #6364, #6749, #3022, #4855, #3618, #5936, #5281, #4140, #8162, #4742, #8993 ) ) ;
#2786 = EDGE_CURVE ( 'NONE', #6440, #363, #6986, .T. ) ;
#2787 = PLANE ( 'NONE',  #6518 ) ;
#2788 = ORIENTED_EDGE ( 'NONE', *, *, #8918, .T. ) ;
#2789 = FACE_OUTER_BOUND ( 'NONE', #4948, .T. ) ;
#2790 = ORIENTED_EDGE ( 'NONE', *, *, #1432, .T. ) ;
#2791 = ADVANCED_FACE ( 'NONE', ( #6544 ), #6855, .F. ) ;
#2792 = VERTEX_POINT ( 'NONE', #5430 ) ;
#2793 = CARTESIAN_POINT ( 'NONE',  ( 1.824500000000000233, 0.7125687761248744589, -0.5924438146274771944 ) ) ;
#2794 = LINE ( 'NONE', #5648, #1169 ) ;
#2795 = VERTEX_POINT ( 'NONE', #8992 ) ;
#2796 = DIRECTION ( 'NONE',  ( -1.000000000000000000, 0.000000000000000000, 0.000000000000000000 ) ) ;
#2797 = LINE ( 'NONE', #5479, #962 ) ;
#2798 = DIRECTION ( 'NONE',  ( 1.000000000000000000, 0.000000000000000000, -0.000000000000000000 ) ) ;
#2799 = ORIENTED_EDGE ( 'NONE', *, *, #2884, .F. ) ;
#2800 = DIRECTION ( 'NONE',  ( 1.000000000000000000, 0.000000000000000000, 0.000000000000000000 ) ) ;
#2801 = ORIENTED_EDGE ( 'NONE', *, *, #2937, .T. ) ;
#2802 = DIRECTION ( 'NONE',  ( 1.000000000000000000, 0.000000000000000000, -1.239088197126290669E-15 ) ) ;
#2803 = ORIENTED_EDGE ( 'NONE', *, *, #4200, .T. ) ;
#2804 = EDGE_CURVE ( 'NONE', #3941, #6474, #2627, .T. ) ;
#2805 = CARTESIAN_POINT ( 'NONE',  ( 1.324500000000000233, 0.8120209656617016769, -0.6028966609542426580 ) ) ;
#2806 = LINE ( 'NONE', #3514, #6842 ) ;
#2807 = DIRECTION ( 'NONE',  ( 0.000000000000000000, -1.000000000000000000, 0.000000000000000000 ) ) ;
#2808 = ORIENTED_EDGE ( 'NONE', *, *, #2484, .F. ) ;
#2809 = CARTESIAN_POINT ( 'NONE',  ( 3.824500000000000011, 0.6749881066967827747, -0.9500000000000002887 ) ) ;
#2810 = DIRECTION ( 'NONE',  ( 0.000000000000000000, 0.000000000000000000, -1.000000000000000000 ) ) ;
#2811 = ORIENTED_EDGE ( 'NONE', *, *, #4852, .F. ) ;
#2812 = CARTESIAN_POINT ( 'NONE',  ( 4.324500000000000455, 0.7125687761248744589, -0.5924438146274771944 ) ) ;
#2814 = EDGE_CURVE ( 'NONE', #7367, #607, #5217, .T. ) ;
#2813 = DIRECTION ( 'NONE',  ( 0.000000000000000000, 0.000000000000000000, -1.000000000000000000 ) ) ;
#2815 = AXIS2_PLACEMENT_3D ( 'NONE', #2688, #4075, #3385 ) ;
#2816 = VECTOR ( 'NONE', #5911, 1000.000000000000227 ) ;
#2817 = AXIS2_PLACEMENT_3D ( 'NONE', #3792, #4440, #5179 ) ;
#2818 = CARTESIAN_POINT ( 'NONE',  ( 3.094500000000000028, 0.7125687761248744589, 3.592443814627477305 ) ) ;
#2819 = LINE ( 'NONE', #5768, #6737 ) ;
#2820 = AXIS2_PLACEMENT_3D ( 'NONE', #8292, #4079, #2664 ) ;
#2821 = CARTESIAN_POINT ( 'NONE',  ( 0.8149647589960815619, 1.459999999999999964, 0.1149647589960807736 ) ) ;
#2822 = ORIENTED_EDGE ( 'NONE', *, *, #3994, .T. ) ;
#2823 = PLANE ( 'NONE',  #3910 ) ;
#2824 = DIRECTION ( 'NONE',  ( 1.000000000000000000, 0.000000000000000000, 0.000000000000000000 ) ) ;
#2825 = CYLINDRICAL_SURFACE ( 'NONE', #8330, 0.1199999999999998845 ) ;
#2826 = EDGE_CURVE ( 'NONE', #5364, #2983, #567, .T. ) ;
#2827 = CARTESIAN_POINT ( 'NONE',  ( 2.094500000000000028, 0.9399999999999997247, -0.1087920875194616499 ) ) ;
#2828 = DIRECTION ( 'NONE',  ( -1.000000000000000000, 0.000000000000000000, 0.000000000000000000 ) ) ;
#2829 = FACE_OUTER_BOUND ( 'NONE', #3266, .T. ) ;
#2830 = EDGE_CURVE ( 'NONE', #442, #6595, #8760, .T. ) ;
#2831 = PLANE ( 'NONE',  #5283 ) ;
#2832 = PLANE ( 'NONE',  #4831 ) ;
#2833 = AXIS2_PLACEMENT_3D ( 'NONE', #4139, #8321, #9068 ) ;
#2834 = LINE ( 'NONE', #1858, #6748 ) ;
#2835 = FILL_AREA_STYLE ('',( #814 ) ) ;
#2836 = VECTOR ( 'NONE', #1422, 1000.000000000000114 ) ;
#2837 = DIRECTION ( 'NONE',  ( -1.000000000000000000, 0.000000000000000000, 0.000000000000000000 ) ) ;
#2838 = ADVANCED_FACE ( 'NONE', ( #2078 ), #8320, .F. ) ;
#2839 = DIRECTION ( 'NONE',  ( 2.824178620696807171E-17, 1.000000000000000000, 0.000000000000000000 ) ) ;
#2840 = ORIENTED_EDGE ( 'NONE', *, *, #3966, .F. ) ;
#2841 = CARTESIAN_POINT ( 'NONE',  ( 1.297000000000000375, 0.5999999999999999778, 2.205499999999999350 ) ) ;
#2842 = CIRCLE ( 'NONE', #5115, 0.2799999999999999711 ) ;
#2843 = EDGE_CURVE ( 'NONE', #4527, #2224, #3172, .T. ) ;
#2844 = ORIENTED_EDGE ( 'NONE', *, *, #3580, .F. ) ;
#2845 = CARTESIAN_POINT ( 'NONE',  ( 2.094500000000000028, 1.119999999999999885, 3.000000000000000000 ) ) ;
#2846 = CARTESIAN_POINT ( 'NONE',  ( 3.324500000000000011, 0.6749881066967827747, 3.950000000000000178 ) ) ;
#2847 = VERTEX_POINT ( 'NONE', #2108 ) ;
#2848 = DIRECTION ( 'NONE',  ( -0.9593655015712704293, 0.2821663239915508381, 0.000000000000000000 ) ) ;
#2849 = VECTOR ( 'NONE', #5970, 1000.000000000000000 ) ;
#2850 = DIRECTION ( 'NONE',  ( 0.000000000000000000, 0.000000000000000000, 1.000000000000000000 ) ) ;
#2851 = ORIENTED_EDGE ( 'NONE', *, *, #7869, .T. ) ;
#2852 = VECTOR ( 'NONE', #6222, 1000.000000000000000 ) ;
#2853 = VECTOR ( 'NONE', #5860, 1000.000000000000000 ) ;
#2854 = DIRECTION ( 'NONE',  ( -1.000000000000000000, 2.824178620696807171E-17, -1.536785503168681241E-16 ) ) ;
#2855 = CARTESIAN_POINT ( 'NONE',  ( 0.8245000000000001217, 0.8996209656617012440, 3.189074965230504599 ) ) ;
#2856 = LINE ( 'NONE', #7836, #6557 ) ;
#2857 = VECTOR ( 'NONE', #4520, 1000.000000000000000 ) ;
#2858 = LINE ( 'NONE', #6466, #8879 ) ;
#2859 = COLOUR_RGB ( '',1.000000000000000000, 1.000000000000000000, 1.000000000000000000 ) ;
#2860 = PLANE ( 'NONE',  #49 ) ;
#2861 = AXIS2_PLACEMENT_3D ( 'NONE', #7275, #3843, #8021 ) ;
#2862 = DIRECTION ( 'NONE',  ( -0.000000000000000000, 0.9729913731149246736, 0.2308414777372849447 ) ) ;
#2863 = PLANE ( 'NONE',  #812 ) ;
#2864 = DIRECTION ( 'NONE',  ( 0.000000000000000000, 0.000000000000000000, -1.000000000000000000 ) ) ;
#2865 = CIRCLE ( 'NONE', #2982, 0.09999999999999982514 ) ;
#2866 = CARTESIAN_POINT ( 'NONE',  ( 4.594500000000000028, 0.8996209656617012440, -0.1890749652305044881 ) ) ;
#2867 = LINE ( 'NONE', #4, #1225 ) ;
#2868 = ORIENTED_EDGE ( 'NONE', *, *, #8263, .F. ) ;
#2869 = LINE ( 'NONE', #745, #4795 ) ;
#2870 = DIRECTION ( 'NONE',  ( 0.000000000000000000, 0.000000000000000000, 1.000000000000000000 ) ) ;
#2871 = ORIENTED_EDGE ( 'NONE', *, *, #9032, .T. ) ;
#2872 = CARTESIAN_POINT ( 'NONE',  ( 4.092000000000001414, 0.5999999999999999778, 0.5544999999999998819 ) ) ;
#2873 = LINE ( 'NONE', #6878, #6125 ) ;
#2874 = EDGE_CURVE ( 'NONE', #1708, #1038, #8981, .T. ) ;
#2875 = EDGE_LOOP ( 'NONE', ( #7104, #4425, #4939, #4305 ) ) ;
#2876 = PLANE ( 'NONE',  #4348 ) ;
#2877 = ORIENTED_EDGE ( 'NONE', *, *, #6503, .F. ) ;
#2878 = DIRECTION ( 'NONE',  ( 0.000000000000000000, 0.000000000000000000, 1.000000000000000000 ) ) ;
#2879 = CARTESIAN_POINT ( 'NONE',  ( 4.594500000000000028, 0.5335548349585852446, -0.5736286912392993820 ) ) ;
#2880 = ORIENTED_EDGE ( 'NONE', *, *, #6836, .T. ) ;
#2881 = VECTOR ( 'NONE', #5519, 1000.000000000000227 ) ;
#2882 = ORIENTED_EDGE ( 'NONE', *, *, #1446, .F. ) ;
#2883 = ADVANCED_FACE ( 'NONE', ( #7779 ), #6204, .F. ) ;
#2884 = EDGE_CURVE ( 'NONE', #1571, #3334, #1313, .T. ) ;
#2885 =( NAMED_UNIT ( * ) PLANE_ANGLE_UNIT ( ) SI_UNIT ( $, .RADIAN. ) );
#2886 = CARTESIAN_POINT ( 'NONE',  ( 4.492000000000000881, 0.5999999999999998668, 0.5544999999999998819 ) ) ;
#2887 = DIRECTION ( 'NONE',  ( 1.000000000000000000, -2.824178620696807171E-17, -8.306407707931771659E-18 ) ) ;
#2888 = EDGE_LOOP ( 'NONE', ( #3891, #5908, #4954, #6625 ) ) ;
#2889 = EDGE_LOOP ( 'NONE', ( #7878, #8477, #7941, #6269 ) ) ;
#2890 = CARTESIAN_POINT ( 'NONE',  ( 2.094500000000000028, 0.8996209656617012440, -0.1890749652305044881 ) ) ;
#2891 = DIRECTION ( 'NONE',  ( 0.000000000000000000, 0.000000000000000000, 1.000000000000000000 ) ) ;
#2892 = VERTEX_POINT ( 'NONE', #6918 ) ;
#2893 = CARTESIAN_POINT ( 'NONE',  ( 3.594500000000000028, 1.119999999999999885, 0.000000000000000000 ) ) ;
#2894 = ORIENTED_EDGE ( 'NONE', *, *, #7802, .F. ) ;
#2895 = EDGE_CURVE ( 'NONE', #1698, #4098, #1006, .T. ) ;
#2896 = EDGE_CURVE ( 'NONE', #8156, #715, #4572, .T. ) ;
#2897 = SURFACE_SIDE_STYLE ('',( #8190 ) ) ;
#2898 = VERTEX_POINT ( 'NONE', #5578 ) ;
#2899 = CARTESIAN_POINT ( 'NONE',  ( 3.324500000000000011, 0.4984000000000007313, -0.9081046033633235481 ) ) ;
#2900 = VECTOR ( 'NONE', #8088, 1000.000000000000000 ) ;
#2901 = CARTESIAN_POINT ( 'NONE',  ( 0.9212389380530969785, 0.1877876106194702743, 0.2212389380530960514 ) ) ;
#2902 = UNCERTAINTY_MEASURE_WITH_UNIT (LENGTH_MEASURE( 1.000000000000000082E-05 ), #6420, 'distance_accuracy_value', 'NONE');
#2903 = ORIENTED_EDGE ( 'NONE', *, *, #8554, .T. ) ;
#2904 = CARTESIAN_POINT ( 'NONE',  ( 1.324500000000000233, 0.8399999999999998579, -0.1087920875194620801 ) ) ;
#2905 = ORIENTED_EDGE ( 'NONE', *, *, #174, .T. ) ;
#2906 = SURFACE_SIDE_STYLE ('',( #4377 ) ) ;
#2907 = VECTOR ( 'NONE', #4942, 1000.000000000000000 ) ;
#2908 = EDGE_LOOP ( 'NONE', ( #2646, #6388, #4460, #8628 ) ) ;
#2909 = CARTESIAN_POINT ( 'NONE',  ( 1.094500000000000028, 1.119999999999999885, 3.000000000000000000 ) ) ;
#2910 = EDGE_LOOP ( 'NONE', ( #2771, #9056, #342, #1726 ) ) ;
#2911 = CYLINDRICAL_SURFACE ( 'NONE', #6254, 0.09999999999999993616 ) ;
#2912 =( LENGTH_UNIT ( ) NAMED_UNIT ( * ) SI_UNIT ( .MILLI., .METRE. ) );
#2913 = ORIENTED_EDGE ( 'NONE', *, *, #3817, .F. ) ;
#2914 = ORIENTED_EDGE ( 'NONE', *, *, #871, .T. ) ;
#2915 = EDGE_CURVE ( 'NONE', #598, #8236, #6648, .T. ) ;
#2916 = SURFACE_STYLE_USAGE ( .BOTH. , #975 ) ;
#2917 = AXIS2_PLACEMENT_3D ( 'NONE', #5684, #5647, #2928 ) ;
#2918 = ORIENTED_EDGE ( 'NONE', *, *, #8651, .F. ) ;
#2919 = VECTOR ( 'NONE', #6913, 1000.000000000000114 ) ;
#2920 = CARTESIAN_POINT ( 'NONE',  ( 2.324500000000000011, 1.000393720129284736, 3.188973213350405178 ) ) ;
#2921 = DIRECTION ( 'NONE',  ( 0.000000000000000000, 0.000000000000000000, -1.000000000000000000 ) ) ;
#2922 = DIRECTION ( 'NONE',  ( 0.000000000000000000, 0.000000000000000000, 1.000000000000000000 ) ) ;
#2923 = ORIENTED_EDGE ( 'NONE', *, *, #7152, .T. ) ;
#2924 = ORIENTED_EDGE ( 'NONE', *, *, #5406, .T. ) ;
#2925 = CARTESIAN_POINT ( 'NONE',  ( 3.824500000000000011, 1.119999999999999885, 3.000000000000000000 ) ) ;
#2926 = DIRECTION ( 'NONE',  ( 0.000000000000000000, 0.000000000000000000, 1.000000000000000000 ) ) ;
#2927 = VECTOR ( 'NONE', #7713, 1000.000000000000000 ) ;
#2928 = DIRECTION ( 'NONE',  ( 1.000000000000000000, 0.000000000000000000, 1.239088197126289289E-15 ) ) ;
#2929 = VECTOR ( 'NONE', #5037, 1000.000000000000000 ) ;
#2930 = EDGE_CURVE ( 'NONE', #1524, #1160, #6443, .T. ) ;
#2931 = CARTESIAN_POINT ( 'NONE',  ( 4.094500000000000028, 0.5335548349585852446, 3.573628691239299382 ) ) ;
#2932 = ADVANCED_FACE ( 'NONE', ( #8217 ), #4257, .T. ) ;
#2933 = DIRECTION ( 'NONE',  ( 0.000000000000000000, 0.000000000000000000, 1.000000000000000000 ) ) ;
#2934 = ORIENTED_EDGE ( 'NONE', *, *, #5909, .F. ) ;
#2935 = CARTESIAN_POINT ( 'NONE',  ( 1.347000000000000419, 0.6500000000000000222, 2.445499999999999563 ) ) ;
#2936 = CARTESIAN_POINT ( 'NONE',  ( 4.092000000000001414, 0.6499999999999999112, 2.445500000000000007 ) ) ;
#2937 = EDGE_CURVE ( 'NONE', #4073, #6384, #3387, .T. ) ;
#2938 = CARTESIAN_POINT ( 'NONE',  ( 1.594500000000000028, 0.8120209656617016769, -0.6028966609542426580 ) ) ;
#2939 = VECTOR ( 'NONE', #3920, 1000.000000000000000 ) ;
#2940 =( LENGTH_UNIT ( ) NAMED_UNIT ( * ) SI_UNIT ( .MILLI., .METRE. ) );
#2941 = EDGE_CURVE ( 'NONE', #6530, #61, #6874, .T. ) ;
#2942 = ORIENTED_EDGE ( 'NONE', *, *, #7100, .T. ) ;
#2943 = LINE ( 'NONE', #5385, #5 ) ;
#2944 = AXIS2_PLACEMENT_3D ( 'NONE', #1680, #8600, #933 ) ;
#2945 = CARTESIAN_POINT ( 'NONE',  ( 1.324500000000000233, 0.8120209656617016769, 3.602896660954242769 ) ) ;
#2946 = VECTOR ( 'NONE', #791, 1000.000000000000000 ) ;
#2947 = ORIENTED_EDGE ( 'NONE', *, *, #3412, .T. ) ;
#2948 = DIRECTION ( 'NONE',  ( 0.000000000000000000, 0.000000000000000000, -1.000000000000000000 ) ) ;
#2949 =( NAMED_UNIT ( * ) PLANE_ANGLE_UNIT ( ) SI_UNIT ( $, .RADIAN. ) );
#2950 = ORIENTED_EDGE ( 'NONE', *, *, #7489, .F. ) ;
#2951 = EDGE_CURVE ( 'NONE', #5311, #5045, #796, .T. ) ;
#2952 = DIRECTION ( 'NONE',  ( 0.000000000000000000, -0.5962096566170164147, 0.8028287771104244408 ) ) ;
#2953 = LINE ( 'NONE', #6776, #8311 ) ;
#2954 = EDGE_CURVE ( 'NONE', #2001, #18, #4777, .T. ) ;
#2955 = ADVANCED_FACE ( 'NONE', ( #7323 ), #2990, .F. ) ;
#2956 = CARTESIAN_POINT ( 'NONE',  ( 0.8245000000000001217, 0.8399999999999998579, -0.1087920875194620801 ) ) ;
#2957 = CARTESIAN_POINT ( 'NONE',  ( 4.094500000000000028, 0.7523999999999998467, 3.522613783243200292 ) ) ;
#2958 = ORIENTED_EDGE ( 'NONE', *, *, #4471, .F. ) ;
#2959 = COLOUR_RGB ( '',0.8941176470588234615, 0.9137254901960784048, 0.9294117647058823817 ) ;
#2960 = AXIS2_PLACEMENT_3D ( 'NONE', #4115, #2056, #7584 ) ;
#2961 = EDGE_LOOP ( 'NONE', ( #6705, #3960, #4864, #1199, #4309, #8066, #1485, #175, #5817, #1047, #1971, #1465 ) ) ;
#2962 = FACE_OUTER_BOUND ( 'NONE', #2888, .T. ) ;
#2963 = PLANE ( 'NONE',  #3372 ) ;
#2964 = CARTESIAN_POINT ( 'NONE',  ( 2.324500000000000011, 0.7125687761248743479, 3.592443814627477305 ) ) ;
#2965 = DIRECTION ( 'NONE',  ( 0.000000000000000000, 0.000000000000000000, -1.000000000000000000 ) ) ;
#2966 = CARTESIAN_POINT ( 'NONE',  ( 2.324500000000000011, 0.8399999999999998579, -0.1087920875194620801 ) ) ;
#2967 = VECTOR ( 'NONE', #1040, 1000.000000000000000 ) ;
#2968 = LINE ( 'NONE', #4767, #5673 ) ;
#2969 = DIRECTION ( 'NONE',  ( 1.000000000000000000, 0.000000000000000000, 1.184920407087982840E-16 ) ) ;
#2970 = LINE ( 'NONE', #1625, #4149 ) ;
#2971 = DIRECTION ( 'NONE',  ( -0.2715627232967849913, 0.9233132592090664836, -0.2715627232967826044 ) ) ;
#2972 = PLANE ( 'NONE',  #5104 ) ;
#2973 = VECTOR ( 'NONE', #8802, 1000.000000000000227 ) ;
#2974 = CIRCLE ( 'NONE', #6709, 0.2799999999999999711 ) ;
#2975 = FACE_OUTER_BOUND ( 'NONE', #390, .T. ) ;
#2976 = CARTESIAN_POINT ( 'NONE',  ( 2.324500000000000011, 0.7523999999999998467, 3.522613783243200292 ) ) ;
#2977 = CYLINDRICAL_SURFACE ( 'NONE', #7745, 0.02000000000000005246 ) ;
#2978 = ADVANCED_FACE ( 'NONE', ( #2962 ), #4259, .F. ) ;
#2979 = PLANE ( 'NONE',  #6019 ) ;
#2980 = LINE ( 'NONE', #5110, #6235 ) ;
#2981 = ORIENTED_EDGE ( 'NONE', *, *, #8974, .F. ) ;
#2982 = AXIS2_PLACEMENT_3D ( 'NONE', #3927, #2452, #1090 ) ;
#2983 = VERTEX_POINT ( 'NONE', #7855 ) ;
#2984 = CARTESIAN_POINT ( 'NONE',  ( 0.8000000000000003775, 0.5999999999999999778, 2.885035241003918838 ) ) ;
#2985 = DIRECTION ( 'NONE',  ( 0.000000000000000000, 0.5962096566170173029, -0.8028287771104236636 ) ) ;
#2986 = DIRECTION ( 'NONE',  ( 0.000000000000000000, 0.000000000000000000, 1.000000000000000000 ) ) ;
#2987 = DIRECTION ( 'NONE',  ( 1.000000000000000000, -0.000000000000000000, -0.000000000000000000 ) ) ;
#2988 = ORIENTED_EDGE ( 'NONE', *, *, #330, .F. ) ;
#2989 = LINE ( 'NONE', #3100, #3531 ) ;
#2990 = PLANE ( 'NONE',  #5573 ) ;
#2991 = ORIENTED_EDGE ( 'NONE', *, *, #2544, .F. ) ;
#2992 = CARTESIAN_POINT ( 'NONE',  ( 2.094500000000000028, 0.4984000000000007313, 3.908104603363323548 ) ) ;
#2993 = DIRECTION ( 'NONE',  ( 1.000000000000000000, 0.000000000000000000, 0.000000000000000000 ) ) ;
#2994 = AXIS2_PLACEMENT_3D ( 'NONE', #7287, #3098, #339 ) ;
#2995 = ORIENTED_EDGE ( 'NONE', *, *, #920, .F. ) ;
#2996 = EDGE_LOOP ( 'NONE', ( #817, #1365, #8092, #3377 ) ) ;
#2997 = VECTOR ( 'NONE', #2166, 1000.000000000000227 ) ;
#2998 = CARTESIAN_POINT ( 'NONE',  ( 2.094500000000000028, 1.119999999999999885, 0.000000000000000000 ) ) ;
#2999 = VERTEX_POINT ( 'NONE', #5713 ) ;
#3000 = ORIENTED_EDGE ( 'NONE', *, *, #3738, .T. ) ;
#3001 = DIRECTION ( 'NONE',  ( -0.000000000000000000, 0.9729913731149246736, 0.2308414777372849447 ) ) ;
#3002 = LINE ( 'NONE', #2666, #2561 ) ;
#3003 = EDGE_LOOP ( 'NONE', ( #220, #486, #5178, #7262 ) ) ;
#3004 = VERTEX_POINT ( 'NONE', #8540 ) ;
#3005 = EDGE_CURVE ( 'NONE', #5714, #5812, #1762, .T. ) ;
#3006 = VERTEX_POINT ( 'NONE', #3605 ) ;
#3007 = CARTESIAN_POINT ( 'NONE',  ( 3.324500000000000011, 0.7523999999999998467, -0.5226137832432001806 ) ) ;
#3008 = DIRECTION ( 'NONE',  ( -1.000000000000000000, 0.000000000000000000, 0.000000000000000000 ) ) ;
#3009 = VERTEX_POINT ( 'NONE', #5619 ) ;
#3010 = ORIENTED_EDGE ( 'NONE', *, *, #1998, .F. ) ;
#3011 = CARTESIAN_POINT ( 'NONE',  ( 0.8245000000000001217, 0.8996209656617012440, -0.1890749652305044881 ) ) ;
#3012 = VERTEX_POINT ( 'NONE', #8511 ) ;
#3013 = VECTOR ( 'NONE', #8407, 1000.000000000000227 ) ;
#3014 = CARTESIAN_POINT ( 'NONE',  ( 4.594500000000000028, 1.119999999999999885, 0.000000000000000000 ) ) ;
#3015 = UNCERTAINTY_MEASURE_WITH_UNIT (LENGTH_MEASURE( 1.000000000000000082E-05 ), #2940, 'distance_accuracy_value', 'NONE');
#3016 = EDGE_LOOP ( 'NONE', ( #6762, #2811, #6790, #4525 ) ) ;
#3017 = EDGE_LOOP ( 'NONE', ( #5800, #6052, #2024, #7165 ) ) ;
#3018 = EDGE_CURVE ( 'NONE', #7648, #1099, #896, .T. ) ;
#3019 = LINE ( 'NONE', #5610, #7177 ) ;
#3020 = EDGE_CURVE ( 'NONE', #2676, #6901, #5666, .T. ) ;
#3021 = CARTESIAN_POINT ( 'NONE',  ( 4.594500000000000028, 0.7523999999999998467, 3.522613783243200292 ) ) ;
#3022 = ADVANCED_FACE ( 'NONE', ( #8001 ), #8476, .F. ) ;
#3023 = CARTESIAN_POINT ( 'NONE',  ( 1.594500000000000028, 0.8399999999999998579, 3.108792087519462122 ) ) ;
#3024 = LINE ( 'NONE', #8890, #4955 ) ;
#3025 = DIRECTION ( 'NONE',  ( 1.000000000000000000, 0.000000000000000000, 0.000000000000000000 ) ) ;
#3026 = VERTEX_POINT ( 'NONE', #4945 ) ;
#3027 = DIRECTION ( 'NONE',  ( 0.000000000000000000, 0.000000000000000000, -1.000000000000000000 ) ) ;
#3028 = ORIENTED_EDGE ( 'NONE', *, *, #3696, .F. ) ;
#3029 = DIRECTION ( 'NONE',  ( 0.000000000000000000, 0.9729913731149246736, -0.2308414777372849447 ) ) ;
#3030 = ORIENTED_EDGE ( 'NONE', *, *, #8467, .F. ) ;
#3031 = PLANE ( 'NONE',  #7823 ) ;
#3032 = CIRCLE ( 'NONE', #1720, 0.2799999999999998601 ) ;
#3033 = CARTESIAN_POINT ( 'NONE',  ( 4.633247317911316721, 0.5999999999999999778, 2.894247317911317285 ) ) ;
#3034 = AXIS2_PLACEMENT_3D ( 'NONE', #36, #1425, #4834 ) ;
#3035 = ORIENTED_EDGE ( 'NONE', *, *, #4287, .F. ) ;
#3036 = ORIENTED_EDGE ( 'NONE', *, *, #1702, .T. ) ;
#3037 = CARTESIAN_POINT ( 'NONE',  ( 3.824500000000000011, 0.9399999999999997247, 3.108792087519461678 ) ) ;
#3038 = DIRECTION ( 'NONE',  ( 0.000000000000000000, 1.000000000000000000, 0.000000000000000000 ) ) ;
#3039 = DIRECTION ( 'NONE',  ( 0.000000000000000000, 0.000000000000000000, 1.000000000000000000 ) ) ;
#3040 = CIRCLE ( 'NONE', #8078, 0.1200000000000000233 ) ;
#3041 = DIRECTION ( 'NONE',  ( 1.000000000000000000, 0.000000000000000000, 0.000000000000000000 ) ) ;
#3042 = ORIENTED_EDGE ( 'NONE', *, *, #543, .F. ) ;
#3043 = SURFACE_STYLE_FILL_AREA ( #1756 ) ;
#3044 = PLANE ( 'NONE',  #7134 ) ;
#3045 = AXIS2_PLACEMENT_3D ( 'NONE', #1992, #6864, #4084 ) ;
#3046 = VECTOR ( 'NONE', #7961, 1000.000000000000000 ) ;
#3047 = AXIS2_PLACEMENT_3D ( 'NONE', #4201, #3472, #54 ) ;
#3048 = CARTESIAN_POINT ( 'NONE',  ( 2.824500000000000011, 0.9399999999999998357, 3.000000000000000000 ) ) ;
#3049 = CARTESIAN_POINT ( 'NONE',  ( 2.824500000000000011, 0.8996209656617012440, -0.1890749652305044881 ) ) ;
#3050 = DIRECTION ( 'NONE',  ( -2.824178620696807171E-17, -1.000000000000000000, 0.000000000000000000 ) ) ;
#3051 = CARTESIAN_POINT ( 'NONE',  ( 4.092000000000001414, 0.6500000000000000222, 2.445500000000000007 ) ) ;
#3052 = FACE_OUTER_BOUND ( 'NONE', #2516, .T. ) ;
#3053 = ORIENTED_EDGE ( 'NONE', *, *, #5785, .T. ) ;
#3054 = CARTESIAN_POINT ( 'NONE',  ( 1.094500000000000028, 1.000393720129284736, -0.1889732133504053169 ) ) ;
#3055 = LINE ( 'NONE', #1550, #8206 ) ;
#3056 = EDGE_CURVE ( 'NONE', #5391, #2360, #5879, .T. ) ;
#3057 = VERTEX_POINT ( 'NONE', #7798 ) ;
#3058 = FACE_OUTER_BOUND ( 'NONE', #4837, .T. ) ;
#3059 = EDGE_LOOP ( 'NONE', ( #386, #6795, #4719, #4826 ) ) ;
#3060 = ADVANCED_FACE ( 'NONE', ( #5433 ), #7768, .F. ) ;
#3061 = DIRECTION ( 'NONE',  ( 0.000000000000000000, 0.9729913731149246736, -0.2308414777372849447 ) ) ;
#3062 = VECTOR ( 'NONE', #8295, 1000.000000000000000 ) ;
#3063 = VERTEX_POINT ( 'NONE', #6376 ) ;
#3064 = COLOUR_RGB ( '',0.8941176470588234615, 0.9137254901960784048, 0.9294117647058823817 ) ;
#3065 = EDGE_CURVE ( 'NONE', #3435, #8826, #3616, .T. ) ;
#3066 = DIRECTION ( 'NONE',  ( 0.000000000000000000, 0.000000000000000000, 1.000000000000000000 ) ) ;
#3067 = VECTOR ( 'NONE', #6700, 1000.000000000000000 ) ;
#3068 = DIRECTION ( 'NONE',  ( 1.000000000000000000, -0.000000000000000000, -0.000000000000000000 ) ) ;
#3069 = EDGE_CURVE ( 'NONE', #6988, #1331, #6213, .T. ) ;
#3070 = VECTOR ( 'NONE', #7432, 1000.000000000000114 ) ;
#3071 = FACE_OUTER_BOUND ( 'NONE', #2719, .T. ) ;
#3072 = AXIS2_PLACEMENT_3D ( 'NONE', #519, #7490, #8849 ) ;
#3073 = CARTESIAN_POINT ( 'NONE',  ( 3.824500000000000011, 0.7125687761248743479, -0.5924438146274771944 ) ) ;
#3074 = DIRECTION ( 'NONE',  ( 1.000000000000000000, -0.000000000000000000, -0.000000000000000000 ) ) ;
#3075 = CARTESIAN_POINT ( 'NONE',  ( 1.594500000000000028, 1.119999999999999885, -0.1792604477561911547 ) ) ;
#3076 = CARTESIAN_POINT ( 'NONE',  ( 2.824500000000000011, 1.119999999999999885, -0.1792604477561911547 ) ) ;
#3077 =( NAMED_UNIT ( * ) PLANE_ANGLE_UNIT ( ) SI_UNIT ( $, .RADIAN. ) );
#3078 = VECTOR ( 'NONE', #2969, 1000.000000000000000 ) ;
#3079 = VERTEX_POINT ( 'NONE', #7828 ) ;
#3080 = EDGE_CURVE ( 'NONE', #7056, #5906, #3819, .T. ) ;
#3081 = VECTOR ( 'NONE', #5257, 1000.000000000000000 ) ;
#3082 = LINE ( 'NONE', #3993, #6119 ) ;
#3083 = ORIENTED_EDGE ( 'NONE', *, *, #8228, .T. ) ;
#3084 = CARTESIAN_POINT ( 'NONE',  ( 1.594500000000000028, 0.8120209656617016769, -0.6028966609542426580 ) ) ;
#3085 = VECTOR ( 'NONE', #4933, 1000.000000000000000 ) ;
#3086 = VERTEX_POINT ( 'NONE', #213 ) ;
#3087 = DIRECTION ( 'NONE',  ( -1.000000000000000000, 0.000000000000000000, 0.000000000000000000 ) ) ;
#3088 = VECTOR ( 'NONE', #1001, 1000.000000000000000 ) ;
#3089 = ORIENTED_EDGE ( 'NONE', *, *, #1406, .T. ) ;
#3090 = DIRECTION ( 'NONE',  ( 0.2715627232967844362, 0.9233132592090664836, 0.2715627232967830484 ) ) ;
#3091 = ORIENTED_EDGE ( 'NONE', *, *, #5496, .F. ) ;
#3092 = CARTESIAN_POINT ( 'NONE',  ( 4.324500000000000455, 0.8996209656617012440, -0.1890749652305044881 ) ) ;
#3093 = ORIENTED_EDGE ( 'NONE', *, *, #276, .F. ) ;
#3094 = VECTOR ( 'NONE', #6894, 1000.000000000000000 ) ;
#3095 = EDGE_CURVE ( 'NONE', #1331, #8319, #5985, .T. ) ;
#3096 = DIRECTION ( 'NONE',  ( 0.000000000000000000, 0.000000000000000000, -1.000000000000000000 ) ) ;
#3097 = ORIENTED_EDGE ( 'NONE', *, *, #806, .T. ) ;
#3098 = DIRECTION ( 'NONE',  ( 1.000000000000000000, -0.000000000000000000, -0.000000000000000000 ) ) ;
#3099 = EDGE_CURVE ( 'NONE', #3319, #5159, #4365, .T. ) ;
#3100 = CARTESIAN_POINT ( 'NONE',  ( 2.824500000000000011, 1.071938878923327065, -0.2853126666036561732 ) ) ;
#3101 = VERTEX_POINT ( 'NONE', #6460 ) ;
#3102 = ADVANCED_FACE ( 'NONE', ( #143 ), #1646, .F. ) ;
#3103 = CARTESIAN_POINT ( 'NONE',  ( 0.8149647589960815619, 1.459999999999999964, 2.885035241003919282 ) ) ;
#3104 = ORIENTED_EDGE ( 'NONE', *, *, #1432, .F. ) ;
#3105 =( NAMED_UNIT ( * ) SI_UNIT ( $, .STERADIAN. ) SOLID_ANGLE_UNIT ( ) );
#3106 = ORIENTED_EDGE ( 'NONE', *, *, #3933, .F. ) ;
#3107 = EDGE_CURVE ( 'NONE', #2999, #4073, #2303, .T. ) ;
#3108 =( GEOMETRIC_REPRESENTATION_CONTEXT ( 3 ) GLOBAL_UNCERTAINTY_ASSIGNED_CONTEXT ( ( #338 ) ) GLOBAL_UNIT_ASSIGNED_CONTEXT ( ( #963, #1076, #2351 ) ) REPRESENTATION_CONTEXT ( 'NONE', 'WORKASPACE' ) );
#3109 = VERTEX_POINT ( 'NONE', #4493 ) ;
#3110 = CARTESIAN_POINT ( 'NONE',  ( 0.8245000000000001217, 1.071938878923327065, 3.285312666603656062 ) ) ;
#3111 = ORIENTED_EDGE ( 'NONE', *, *, #7709, .F. ) ;
#3112 = FACE_OUTER_BOUND ( 'NONE', #5194, .T. ) ;
#3113 = ORIENTED_EDGE ( 'NONE', *, *, #6980, .T. ) ;
#3114 = VERTEX_POINT ( 'NONE', #5831 ) ;
#3115 = CARTESIAN_POINT ( 'NONE',  ( 1.324500000000000233, 0.7125687761248743479, 3.592443814627477305 ) ) ;
#3116 = VECTOR ( 'NONE', #7050, 1000.000000000000227 ) ;
#3117 = ORIENTED_EDGE ( 'NONE', *, *, #8740, .T. ) ;
#3118 = EDGE_CURVE ( 'NONE', #391, #7568, #7652, .T. ) ;
#3119 =( LENGTH_UNIT ( ) NAMED_UNIT ( * ) SI_UNIT ( .MILLI., .METRE. ) );
#3120 = ORIENTED_EDGE ( 'NONE', *, *, #515, .T. ) ;
#3121 = EDGE_CURVE ( 'NONE', #2022, #2753, #6554, .T. ) ;
#3122 = CARTESIAN_POINT ( 'NONE',  ( 1.594500000000000028, 0.9399999999999997247, 3.108792087519461678 ) ) ;
#3123 = LINE ( 'NONE', #6657, #2471 ) ;
#3124 = CARTESIAN_POINT ( 'NONE',  ( 4.092000000000001414, 0.6500000000000000222, 2.445500000000000007 ) ) ;
#3125 = ORIENTED_EDGE ( 'NONE', *, *, #3708, .F. ) ;
#3126 = AXIS2_PLACEMENT_3D ( 'NONE', #3781, #8685, #2356 ) ;
#3127 = PLANE ( 'NONE',  #5195 ) ;
#3128 = EDGE_LOOP ( 'NONE', ( #8818, #9053, #8075, #6092 ) ) ;
#3129 = ORIENTED_EDGE ( 'NONE', *, *, #2611, .T. ) ;
#3130 = CIRCLE ( 'NONE', #3588, 0.1200000000000000233 ) ;
#3131 = CARTESIAN_POINT ( 'NONE',  ( 3.324500000000000011, 1.119999999999999885, 3.179260447756191432 ) ) ;
#3132 = VERTEX_POINT ( 'NONE', #2406 ) ;
#3133 = CARTESIAN_POINT ( 'NONE',  ( 2.324500000000000011, 0.8996209656617012440, -0.1890749652305044881 ) ) ;
#3134 = ORIENTED_EDGE ( 'NONE', *, *, #5036, .T. ) ;
#3135 = APPLICATION_PROTOCOL_DEFINITION ( 'draft international standard', 'automotive_design', 1998, #290 ) ;
#3136 = FILL_AREA_STYLE ('',( #8657 ) ) ;
#3137 = LINE ( 'NONE', #2866, #6845 ) ;
#3138 = DIRECTION ( 'NONE',  ( 0.000000000000000000, 0.8028287771104243298, 0.5962096566170163037 ) ) ;
#3139 = PLANE ( 'NONE',  #5987 ) ;
#3140 = VERTEX_POINT ( 'NONE', #7977 ) ;
#3141 = DIRECTION ( 'NONE',  ( -1.000000000000000000, 0.000000000000000000, -1.548860246407862350E-15 ) ) ;
#3142 = FACE_OUTER_BOUND ( 'NONE', #857, .T. ) ;
#3143 = DIRECTION ( 'NONE',  ( 1.000000000000000000, 0.000000000000000000, 1.184920407087982840E-16 ) ) ;
#3144 = MECHANICAL_DESIGN_GEOMETRIC_PRESENTATION_REPRESENTATION (  '', ( #1633 ), #4249 ) ;
#3145 = LINE ( 'NONE', #8079, #3366 ) ;
#3146 = ADVANCED_FACE ( 'NONE', ( #248 ), #7291, .F. ) ;
#3147 = CARTESIAN_POINT ( 'NONE',  ( 3.824500000000000011, 0.8996209656617012440, -0.1890749652305044881 ) ) ;
#3148 = AXIS2_PLACEMENT_3D ( 'NONE', #7898, #4513, #8613 ) ;
#3149 = DIRECTION ( 'NONE',  ( 0.2821663239915507826, -0.9593655015712703182, 0.000000000000000000 ) ) ;
#3150 = ORIENTED_EDGE ( 'NONE', *, *, #3979, .F. ) ;
#3151 = DIRECTION ( 'NONE',  ( 0.000000000000000000, 0.000000000000000000, -1.000000000000000000 ) ) ;
#3152 = LINE ( 'NONE', #7687, #4349 ) ;
#3153 = CARTESIAN_POINT ( 'NONE',  ( 4.324500000000000455, 0.7125687761248744589, 3.592443814627477305 ) ) ;
#3154 = LINE ( 'NONE', #4956, #2503 ) ;
#3155 = PLANE ( 'NONE',  #3278 ) ;
#3156 = ORIENTED_EDGE ( 'NONE', *, *, #3475, .F. ) ;
#3157 = EDGE_LOOP ( 'NONE', ( #2803, #1997, #1400, #8779 ) ) ;
#3158 = STYLED_ITEM ( 'NONE', ( #5557 ), #8908 ) ;
#3159 = CARTESIAN_POINT ( 'NONE',  ( 4.492000000000000881, 0.6500000000000000222, 2.205500000000000238 ) ) ;
#3160 = CARTESIAN_POINT ( 'NONE',  ( 1.094500000000000028, 0.7125687761248744589, -0.5924438146274771944 ) ) ;
#3161 = VECTOR ( 'NONE', #139, 1000.000000000000000 ) ;
#3162 = EDGE_CURVE ( 'NONE', #8684, #5714, #8439, .T. ) ;
#3163 = MECHANICAL_DESIGN_GEOMETRIC_PRESENTATION_REPRESENTATION (  '', ( #5832 ), #7862 ) ;
#3164 = ORIENTED_EDGE ( 'NONE', *, *, #1534, .T. ) ;
#3165 = DIRECTION ( 'NONE',  ( 0.000000000000000000, 0.2308414777372849447, -0.9729913731149246736 ) ) ;
#3166 = CARTESIAN_POINT ( 'NONE',  ( 3.324500000000000011, 0.8120209656617016769, -0.6028966609542426580 ) ) ;
#3167 = PRESENTATION_STYLE_ASSIGNMENT (( #1292 ) ) ;
#3168 = ORIENTED_EDGE ( 'NONE', *, *, #1183, .T. ) ;
#3169 = LINE ( 'NONE', #5083, #3386 ) ;
#3170 = CARTESIAN_POINT ( 'NONE',  ( 1.324500000000000233, 0.7523999999999998467, 3.522613783243200292 ) ) ;
#3171 = EDGE_LOOP ( 'NONE', ( #4131, #3429, #790, #4255 ) ) ;
#3172 = LINE ( 'NONE', #8383, #4029 ) ;
#3173 = CARTESIAN_POINT ( 'NONE',  ( 3.594500000000000028, 0.9399999999999997247, 3.108792087519461678 ) ) ;
#3174 = EDGE_CURVE ( 'NONE', #7701, #5483, #4681, .T. ) ;
#3175 = VECTOR ( 'NONE', #7109, 1000.000000000000000 ) ;
#3176 = CARTESIAN_POINT ( 'NONE',  ( 1.824500000000000233, 1.000393720129284736, 3.188973213350405178 ) ) ;
#3177 = VECTOR ( 'NONE', #7524, 1000.000000000000000 ) ;
#3178 = AXIS2_PLACEMENT_3D ( 'NONE', #4810, #6818, #7532 ) ;
#3179 = DIRECTION ( 'NONE',  ( 0.000000000000000000, 0.000000000000000000, -1.000000000000000000 ) ) ;
#3180 = VECTOR ( 'NONE', #6318, 1000.000000000000000 ) ;
#3181 = EDGE_CURVE ( 'NONE', #616, #4674, #1866, .T. ) ;
#3182 = VECTOR ( 'NONE', #3860, 1000.000000000000000 ) ;
#3183 = DIRECTION ( 'NONE',  ( 0.000000000000000000, -0.9945218953682732899, 0.1045284632676540260 ) ) ;
#3184 = EDGE_CURVE ( 'NONE', #1593, #3611, #7424, .T. ) ;
#3185 = LINE ( 'NONE', #983, #8561 ) ;
#3186 = EDGE_LOOP ( 'NONE', ( #4163, #4300, #5715, #741 ) ) ;
#3187 = EDGE_LOOP ( 'NONE', ( #7142, #3460, #583, #2822 ) ) ;
#3188 = DIRECTION ( 'NONE',  ( 0.000000000000000000, 0.1045284632676540260, 0.9945218953682732899 ) ) ;
#3189 = DIRECTION ( 'NONE',  ( 0.000000000000000000, -0.8028287771104236636, 0.5962096566170171918 ) ) ;
#3190 = LINE ( 'NONE', #4479, #3088 ) ;
#3191 = VECTOR ( 'NONE', #771, 1000.000000000000000 ) ;
#3192 = CLOSED_SHELL ( 'NONE', ( #5833, #5403, #1933, #8026, #6585, #5550, #5235, #373, #329, #473, #8246, #5872, #119, #524 ) ) ;
#3193 = ADVANCED_FACE ( 'NONE', ( #5315 ), #2320, .F. ) ;
#3194 = DIRECTION ( 'NONE',  ( 0.000000000000000000, 0.000000000000000000, -1.000000000000000000 ) ) ;
#3195 = ORIENTED_EDGE ( 'NONE', *, *, #6064, .F. ) ;
#3196 = CARTESIAN_POINT ( 'NONE',  ( 3.324500000000000011, 0.9399999999999998357, 0.000000000000000000 ) ) ;
#3197 = ORIENTED_EDGE ( 'NONE', *, *, #7578, .T. ) ;
#3198 = EDGE_CURVE ( 'NONE', #1459, #7937, #2989, .T. ) ;
#3199 = VERTEX_POINT ( 'NONE', #6490 ) ;
#3200 = CIRCLE ( 'NONE', #1131, 0.09999999999999982514 ) ;
#3201 = CARTESIAN_POINT ( 'NONE',  ( 2.824500000000000011, 0.8399999999999998579, -0.1087920875194620801 ) ) ;
#3202 = ORIENTED_EDGE ( 'NONE', *, *, #873, .F. ) ;
#3203 = CARTESIAN_POINT ( 'NONE',  ( 1.594500000000000028, 0.5335548349585852446, -0.5736286912392993820 ) ) ;
#3204 = ADVANCED_FACE ( 'NONE', ( #1336 ), #260, .T. ) ;
#3205 = DIRECTION ( 'NONE',  ( -1.000000000000000000, 0.000000000000000000, -1.579893876117310207E-16 ) ) ;
#3206 = ORIENTED_EDGE ( 'NONE', *, *, #8932, .F. ) ;
#3207 = VERTEX_POINT ( 'NONE', #8036 ) ;
#3208 = DIRECTION ( 'NONE',  ( 1.000000000000000000, -0.000000000000000000, -0.000000000000000000 ) ) ;
#3209 = FACE_OUTER_BOUND ( 'NONE', #1256, .T. ) ;
#3210 = EDGE_LOOP ( 'NONE', ( #2361, #317, #7871, #5284 ) ) ;
#3211 = CARTESIAN_POINT ( 'NONE',  ( 1.347000000000000419, 0.6500000000000000222, 2.445499999999999563 ) ) ;
#3212 = CARTESIAN_POINT ( 'NONE',  ( 1.324500000000000233, 1.119999999999999885, 3.000000000000000000 ) ) ;
#3213 = ORIENTED_EDGE ( 'NONE', *, *, #2311, .T. ) ;
#3214 = VECTOR ( 'NONE', #517, 1000.000000000000000 ) ;
#3215 = AXIS2_PLACEMENT_3D ( 'NONE', #3804, #7325, #3138 ) ;
#3216 = EDGE_LOOP ( 'NONE', ( #4609, #7901, #1353, #1140 ) ) ;
#3217 = CARTESIAN_POINT ( 'NONE',  ( 0.8245000000000001217, 0.8996209656617012440, -0.1890749652305044881 ) ) ;
#3218 = CARTESIAN_POINT ( 'NONE',  ( 1.347000000000000419, 0.5999999999999999778, 2.325499999999998568 ) ) ;
#3219 = VERTEX_POINT ( 'NONE', #7202 ) ;
#3220 = VERTEX_POINT ( 'NONE', #7948 ) ;
#3221 = ORIENTED_EDGE ( 'NONE', *, *, #1089, .T. ) ;
#3222 = EDGE_CURVE ( 'NONE', #6932, #263, #1546, .T. ) ;
#3223 = ORIENTED_EDGE ( 'NONE', *, *, #6841, .T. ) ;
#3224 = DIRECTION ( 'NONE',  ( 0.000000000000000000, 0.2308414777372849447, 0.9729913731149246736 ) ) ;
#3225 = LINE ( 'NONE', #5878, #5373 ) ;
#3226 = ORIENTED_EDGE ( 'NONE', *, *, #753, .F. ) ;
#3227 = EDGE_CURVE ( 'NONE', #3006, #7568, #3503, .T. ) ;
#3228 = ORIENTED_EDGE ( 'NONE', *, *, #7028, .T. ) ;
#3229 = LINE ( 'NONE', #108, #6050 ) ;
#3230 = CIRCLE ( 'NONE', #4501, 0.1199999999999998845 ) ;
#3231 = CARTESIAN_POINT ( 'NONE',  ( 0.7957774489646561866, 0.6143566735201689832, 0.09577744896465548163 ) ) ;
#3232 = EDGE_LOOP ( 'NONE', ( #7399, #1052, #3247, #6027, #8210, #1308, #5686, #3807, #6142, #4291, #5273, #2403 ) ) ;
#3233 = EDGE_CURVE ( 'NONE', #5103, #8176, #4138, .T. ) ;
#3234 = DIRECTION ( 'NONE',  ( -1.000000000000000000, 0.000000000000000000, 0.000000000000000000 ) ) ;
#3235 = EDGE_LOOP ( 'NONE', ( #478, #2950, #7132, #4985 ) ) ;
#3236 = ORIENTED_EDGE ( 'NONE', *, *, #3118, .T. ) ;
#3237 = ADVANCED_FACE ( 'NONE', ( #8553 ), #8067, .F. ) ;
#3238 = EDGE_CURVE ( 'NONE', #7066, #2197, #8590, .T. ) ;
#3239 = EDGE_LOOP ( 'NONE', ( #769, #6805, #1915, #783 ) ) ;
#3240 = DIRECTION ( 'NONE',  ( 0.000000000000000000, 0.000000000000000000, -1.000000000000000000 ) ) ;
#3241 = CARTESIAN_POINT ( 'NONE',  ( 0.8245000000000001217, 0.4984000000000007313, -0.9081046033633235481 ) ) ;
#3242 = LINE ( 'NONE', #3424, #870 ) ;
#3243 = AXIS2_PLACEMENT_3D ( 'NONE', #6184, #732, #9007 ) ;
#3244 = DIRECTION ( 'NONE',  ( 0.000000000000000000, 0.000000000000000000, -1.000000000000000000 ) ) ;
#3245 = PLANE ( 'NONE',  #3072 ) ;
#3246 = CARTESIAN_POINT ( 'NONE',  ( 2.594500000000000028, 0.8120209656617016769, 3.602896660954242769 ) ) ;
#3247 = ORIENTED_EDGE ( 'NONE', *, *, #3596, .F. ) ;
#3248 = ADVANCED_FACE ( 'NONE', ( #2769 ), #7347, .F. ) ;
#3249 = LINE ( 'NONE', #6797, #4229 ) ;
#3250 = CARTESIAN_POINT ( 'NONE',  ( 1.824500000000000233, 0.8996209656617012440, -0.1890749652305044881 ) ) ;
#3251 = EDGE_CURVE ( 'NONE', #4749, #4729, #7216, .T. ) ;
#3252 = FACE_OUTER_BOUND ( 'NONE', #5175, .T. ) ;
#3253 = CARTESIAN_POINT ( 'NONE',  ( 1.824500000000000233, 1.119999999999999885, 0.000000000000000000 ) ) ;
#3254 = VERTEX_POINT ( 'NONE', #6272 ) ;
#3255 = VECTOR ( 'NONE', #8783, 1000.000000000000114 ) ;
#3256 = EDGE_LOOP ( 'NONE', ( #2107, #13, #6279, #5379 ) ) ;
#3257 = AXIS2_PLACEMENT_3D ( 'NONE', #8598, #5688, #4351 ) ;
#3258 = VECTOR ( 'NONE', #5738, 1000.000000000000000 ) ;
#3259 = ORIENTED_EDGE ( 'NONE', *, *, #8740, .F. ) ;
#3260 = DIRECTION ( 'NONE',  ( 0.000000000000000000, -1.000000000000000000, 0.000000000000000000 ) ) ;
#3261 = PLANE ( 'NONE',  #1599 ) ;
#3262 = EDGE_CURVE ( 'NONE', #7599, #598, #7658, .T. ) ;
#3263 = VERTEX_POINT ( 'NONE', #3467 ) ;
#3264 = LINE ( 'NONE', #4740, #6754 ) ;
#3266 = EDGE_LOOP ( 'NONE', ( #2462, #8545, #307, #367 ) ) ;
#3265 = CARTESIAN_POINT ( 'NONE',  ( 0.6999999999999998446, 1.119999999999999885, 3.000000000000000000 ) ) ;
#3267 = FILL_AREA_STYLE ('',( #544 ) ) ;
#3268 = CARTESIAN_POINT ( 'NONE',  ( 0.8245000000000001217, 0.8399999999999998579, -0.1087920875194620801 ) ) ;
#3269 = DIRECTION ( 'NONE',  ( 0.000000000000000000, 0.2308414777372849447, 0.9729913731149246736 ) ) ;
#3270 = FACE_OUTER_BOUND ( 'NONE', #5736, .T. ) ;
#3271 = EDGE_CURVE ( 'NONE', #6211, #7367, #4037, .T. ) ;
#3272 = AXIS2_PLACEMENT_3D ( 'NONE', #7771, #4880, #7740 ) ;
#3273 = ORIENTED_EDGE ( 'NONE', *, *, #4905, .F. ) ;
#3274 = DIRECTION ( 'NONE',  ( 0.000000000000000000, 0.000000000000000000, 1.000000000000000000 ) ) ;
#3275 = FACE_OUTER_BOUND ( 'NONE', #8030, .T. ) ;
#3276 = CARTESIAN_POINT ( 'NONE',  ( 0.8245000000000001217, 0.6749881066967827747, 3.950000000000000178 ) ) ;
#3277 = LINE ( 'NONE', #1084, #3723 ) ;
#3278 = AXIS2_PLACEMENT_3D ( 'NONE', #1764, #1042, #6624 ) ;
#3279 = ADVANCED_FACE ( 'NONE', ( #8339 ), #2831, .F. ) ;
#3280 = CARTESIAN_POINT ( 'NONE',  ( 0.8245000000000001217, 0.7125687761248744589, -0.5924438146274771944 ) ) ;
#3281 = LINE ( 'NONE', #4532, #5669 ) ;
#3282 = DIRECTION ( 'NONE',  ( 1.000000000000000000, 0.000000000000000000, 0.000000000000000000 ) ) ;
#3283 = DIRECTION ( 'NONE',  ( -0.000000000000000000, -0.000000000000000000, -1.000000000000000000 ) ) ;
#3285 = CARTESIAN_POINT ( 'NONE',  ( 1.594500000000000028, 0.9399999999999998357, 0.000000000000000000 ) ) ;
#3284 = FACE_OUTER_BOUND ( 'NONE', #292, .T. ) ;
#3286 = CARTESIAN_POINT ( 'NONE',  ( 1.324500000000000233, 0.7125687761248744589, 3.592443814627477305 ) ) ;
#3287 = VECTOR ( 'NONE', #1683, 1000.000000000000000 ) ;
#3288 = EDGE_CURVE ( 'NONE', #4751, #1503, #995, .T. ) ;
#3289 = CIRCLE ( 'NONE', #8631, 0.09999999999999993616 ) ;
#3290 = DIRECTION ( 'NONE',  ( 1.000000000000000000, 0.000000000000000000, 0.000000000000000000 ) ) ;
#3291 = EDGE_CURVE ( 'NONE', #8134, #6393, #6865, .T. ) ;
#3292 = CARTESIAN_POINT ( 'NONE',  ( 1.594500000000000028, 0.8120209656617016769, 3.602896660954242769 ) ) ;
#3293 = ADVANCED_FACE ( 'NONE', ( #4563 ), #5613, .F. ) ;
#3294 = CARTESIAN_POINT ( 'NONE',  ( 4.594500000000000028, 0.9399999999999998357, 0.000000000000000000 ) ) ;
#3295 = VECTOR ( 'NONE', #7089, 1000.000000000000000 ) ;
#3296 = EDGE_LOOP ( 'NONE', ( #2249, #3028, #4359, #590, #5600, #6810, #173, #4246, #471, #6275, #3432, #7920 ) ) ;
#3297 = VECTOR ( 'NONE', #696, 1000.000000000000000 ) ;
#3298 = CIRCLE ( 'NONE', #1419, 0.09999999999999982514 ) ;
#3299 = ORIENTED_EDGE ( 'NONE', *, *, #2546, .T. ) ;
#3300 = CARTESIAN_POINT ( 'NONE',  ( 4.094500000000000028, 0.8120209656617016769, 3.602896660954242769 ) ) ;
#3301 = DIRECTION ( 'NONE',  ( 0.000000000000000000, 0.000000000000000000, -1.000000000000000000 ) ) ;
#3302 = ORIENTED_EDGE ( 'NONE', *, *, #3706, .T. ) ;
#3303 = EDGE_CURVE ( 'NONE', #2127, #8741, #6979, .T. ) ;
#3304 = PLANE ( 'NONE',  #4280 ) ;
#3305 = ORIENTED_EDGE ( 'NONE', *, *, #3184, .F. ) ;
#3306 = ORIENTED_EDGE ( 'NONE', *, *, #2326, .F. ) ;
#3307 = LINE ( 'NONE', #8063, #8237 ) ;
#3308 = ORIENTED_EDGE ( 'NONE', *, *, #5591, .T. ) ;
#3309 = DIRECTION ( 'NONE',  ( -1.000000000000000000, -0.000000000000000000, -0.000000000000000000 ) ) ;
#3310 = ORIENTED_EDGE ( 'NONE', *, *, #4121, .T. ) ;
#3311 = CARTESIAN_POINT ( 'NONE',  ( 1.347000000000000641, 0.6500000000000000222, 0.6745000000000007656 ) ) ;
#3312 = CARTESIAN_POINT ( 'NONE',  ( 2.094500000000000028, 0.6450822618089369076, -0.3781046033633239101 ) ) ;
#3313 = CARTESIAN_POINT ( 'NONE',  ( 4.492000000000000881, 0.5999999999999999778, 0.7944999999999996509 ) ) ;
#3314 = ORIENTED_EDGE ( 'NONE', *, *, #1035, .T. ) ;
#3315 = FACE_OUTER_BOUND ( 'NONE', #7389, .T. ) ;
#3316 = CLOSED_SHELL ( 'NONE', ( #1188, #5308, #5009, #1798, #287, #1112, #4820, #7647, #1411, #4593, #3884, #4150, #429, #5367 ) ) ;
#3317 = DIRECTION ( 'NONE',  ( 1.000000000000000000, -0.000000000000000000, -0.000000000000000000 ) ) ;
#3318 = CARTESIAN_POINT ( 'NONE',  ( 1.324500000000000233, 0.5335548349585852446, 3.573628691239299382 ) ) ;
#3319 = VERTEX_POINT ( 'NONE', #8378 ) ;
#3320 = EDGE_LOOP ( 'NONE', ( #7348, #5818, #6155, #7312 ) ) ;
#3321 = ORIENTED_EDGE ( 'NONE', *, *, #4905, .T. ) ;
#3322 = AXIS2_PLACEMENT_3D ( 'NONE', #8940, #1200, #2600 ) ;
#3323 = CARTESIAN_POINT ( 'NONE',  ( 4.092000000000001414, 0.5999999999999999778, 0.6745000000000010987 ) ) ;
#3324 = VERTEX_POINT ( 'NONE', #7626 ) ;
#3325 = ORIENTED_EDGE ( 'NONE', *, *, #3394, .T. ) ;
#3326 = VERTEX_POINT ( 'NONE', #4253 ) ;
#3327 = ADVANCED_FACE ( 'NONE', ( #3610 ), #2130, .F. ) ;
#3328 = CARTESIAN_POINT ( 'NONE',  ( 2.094500000000000028, 1.071938878923327065, -0.2853126666036561732 ) ) ;
#3329 = LINE ( 'NONE', #5638, #3013 ) ;
#3330 = CARTESIAN_POINT ( 'NONE',  ( 0.8245000000000001217, 1.071938878923327065, 3.285312666603656062 ) ) ;
#3331 = ORIENTED_EDGE ( 'NONE', *, *, #8905, .F. ) ;
#3332 = ORIENTED_EDGE ( 'NONE', *, *, #6670, .F. ) ;
#3333 = VECTOR ( 'NONE', #8117, 1000.000000000000000 ) ;
#3334 = VERTEX_POINT ( 'NONE', #6337 ) ;
#3335 = AXIS2_PLACEMENT_3D ( 'NONE', #2490, #8090, #7363 ) ;
#3336 = VERTEX_POINT ( 'NONE', #47 ) ;
#3337 = CARTESIAN_POINT ( 'NONE',  ( 3.094500000000000028, 1.071938878923327065, 3.285312666603656062 ) ) ;
#3338 = DIRECTION ( 'NONE',  ( 1.000000000000000000, 0.000000000000000000, 0.000000000000000000 ) ) ;
#3339 = VECTOR ( 'NONE', #5242, 1000.000000000000000 ) ;
#3340 = ORIENTED_EDGE ( 'NONE', *, *, #2814, .F. ) ;
#3341 = ADVANCED_FACE ( 'NONE', ( #5979 ), #776, .F. ) ;
#3342 = DIRECTION ( 'NONE',  ( 0.000000000000000000, 0.1045284632676540260, 0.9945218953682732899 ) ) ;
#3343 = ORIENTED_EDGE ( 'NONE', *, *, #8519, .T. ) ;
#3344 = ORIENTED_EDGE ( 'NONE', *, *, #937, .F. ) ;
#3345 = EDGE_CURVE ( 'NONE', #707, #1965, #12, .T. ) ;
#3346 = LINE ( 'NONE', #4180, #6612 ) ;
#3347 = DIRECTION ( 'NONE',  ( 1.000000000000000000, -0.000000000000000000, -0.000000000000000000 ) ) ;
#3348 = CARTESIAN_POINT ( 'NONE',  ( 3.094500000000000028, 0.5335548349585852446, -0.5736286912392993820 ) ) ;
#3349 =( NAMED_UNIT ( * ) SI_UNIT ( $, .STERADIAN. ) SOLID_ANGLE_UNIT ( ) );
#3350 = AXIS2_PLACEMENT_3D ( 'NONE', #7487, #4655, #8846 ) ;
#3351 = AXIS2_PLACEMENT_3D ( 'NONE', #5890, #7951, #5862 ) ;
#3352 = DIRECTION ( 'NONE',  ( -0.000000000000000000, -0.000000000000000000, 1.000000000000000000 ) ) ;
#3353 = ORIENTED_EDGE ( 'NONE', *, *, #4017, .T. ) ;
#3354 = DIRECTION ( 'NONE',  ( 0.000000000000000000, 0.000000000000000000, 1.000000000000000000 ) ) ;
#3355 = LINE ( 'NONE', #7566, #5511 ) ;
#3356 = DIRECTION ( 'NONE',  ( 1.000000000000000000, 0.000000000000000000, 0.000000000000000000 ) ) ;
#3357 = EDGE_CURVE ( 'NONE', #4674, #616, #1861, .T. ) ;
#3358 = EDGE_CURVE ( 'NONE', #8741, #6932, #4766, .T. ) ;
#3359 = LINE ( 'NONE', #3718, #6623 ) ;
#3360 = DIRECTION ( 'NONE',  ( 1.000000000000000000, -0.000000000000000000, -0.000000000000000000 ) ) ;
#3361 = CARTESIAN_POINT ( 'NONE',  ( 0.000000000000000000, 0.9399999999999998357, 3.000000000000000000 ) ) ;
#3362 = ORIENTED_EDGE ( 'NONE', *, *, #7591, .T. ) ;
#3363 = CARTESIAN_POINT ( 'NONE',  ( 2.324500000000000011, 0.7523999999999998467, -0.5226137832432001806 ) ) ;
#3364 = FACE_OUTER_BOUND ( 'NONE', #8149, .T. ) ;
#3365 = CARTESIAN_POINT ( 'NONE',  ( 4.094500000000000028, 0.6450822618089369076, -0.3781046033633239101 ) ) ;
#3366 = VECTOR ( 'NONE', #6556, 1000.000000000000000 ) ;
#3367 = ORIENTED_EDGE ( 'NONE', *, *, #432, .F. ) ;
#3368 = DIRECTION ( 'NONE',  ( 1.000000000000000000, 0.000000000000000000, 0.000000000000000000 ) ) ;
#3369 = EDGE_CURVE ( 'NONE', #6595, #827, #243, .T. ) ;
#3370 = VECTOR ( 'NONE', #802, 1000.000000000000000 ) ;
#3371 = CARTESIAN_POINT ( 'NONE',  ( 0.8245000000000001217, 0.9399999999999998357, 3.000000000000000000 ) ) ;
#3372 = AXIS2_PLACEMENT_3D ( 'NONE', #7794, #6373, #7082 ) ;
#3373 = LINE ( 'NONE', #6635, #3702 ) ;
#3374 = ORIENTED_EDGE ( 'NONE', *, *, #779, .T. ) ;
#3375 = CARTESIAN_POINT ( 'NONE',  ( 0.8245000000000001217, 1.119999999999999885, 0.000000000000000000 ) ) ;
#3376 = SURFACE_SIDE_STYLE ('',( #5392 ) ) ;
#3377 = ORIENTED_EDGE ( 'NONE', *, *, #6833, .T. ) ;
#3378 = CARTESIAN_POINT ( 'NONE',  ( 2.594500000000000028, 0.5335548349585852446, -0.5736286912392993820 ) ) ;
#3379 = VECTOR ( 'NONE', #6425, 1000.000000000000000 ) ;
#3380 = ORIENTED_EDGE ( 'NONE', *, *, #7269, .F. ) ;
#3381 = VECTOR ( 'NONE', #7971, 999.9999999999998863 ) ;
#3382 = DIRECTION ( 'NONE',  ( -1.000000000000000000, 2.824178620696807171E-17, 0.000000000000000000 ) ) ;
#3383 = ADVANCED_FACE ( 'NONE', ( #2720 ), #6307, .F. ) ;
#3384 = EDGE_LOOP ( 'NONE', ( #3411, #2102, #564, #6037 ) ) ;
#3385 = DIRECTION ( 'NONE',  ( 0.000000000000000000, 0.000000000000000000, 1.000000000000000000 ) ) ;
#3386 = VECTOR ( 'NONE', #5728, 1000.000000000000000 ) ;
#3387 = CIRCLE ( 'NONE', #4371, 0.1199999999999998845 ) ;
#3388 = CARTESIAN_POINT ( 'NONE',  ( 1.324500000000000233, 0.8120209656617016769, -0.6028966609542426580 ) ) ;
#3389 = CARTESIAN_POINT ( 'NONE',  ( 4.094500000000000028, 1.119999999999999885, 0.000000000000000000 ) ) ;
#3390 = EDGE_CURVE ( 'NONE', #5714, #2593, #1420, .T. ) ;
#3391 = LINE ( 'NONE', #6271, #8324 ) ;
#3392 = DIRECTION ( 'NONE',  ( 0.000000000000000000, 0.000000000000000000, 1.000000000000000000 ) ) ;
#3393 = LINE ( 'NONE', #2697, #7885 ) ;
#3394 = EDGE_CURVE ( 'NONE', #3009, #2676, #1536, .T. ) ;
#3395 = PRESENTATION_STYLE_ASSIGNMENT (( #375 ) ) ;
#3396 = CARTESIAN_POINT ( 'NONE',  ( 3.324500000000000011, 0.6450822618089369076, -0.3781046033633239101 ) ) ;
#3397 = DIRECTION ( 'NONE',  ( 0.000000000000000000, 0.1045284632676540260, -0.9945218953682732899 ) ) ;
#3398 = EDGE_CURVE ( 'NONE', #3694, #736, #5102, .T. ) ;
#3399 = CARTESIAN_POINT ( 'NONE',  ( 1.824500000000000233, 1.071938878923327065, 3.285312666603656062 ) ) ;
#3400 = LINE ( 'NONE', #840, #8221 ) ;
#3401 = LINE ( 'NONE', #4918, #3297 ) ;
#3402 = LINE ( 'NONE', #784, #6458 ) ;
#3403 = VERTEX_POINT ( 'NONE', #8558 ) ;
#3404 = CARTESIAN_POINT ( 'NONE',  ( 1.324500000000000233, 1.071938878923327065, 3.285312666603656062 ) ) ;
#3405 = VERTEX_POINT ( 'NONE', #4345 ) ;
#3406 = DIRECTION ( 'NONE',  ( 0.000000000000000000, -0.1045284632676515280, -0.9945218953682736229 ) ) ;
#3407 = CARTESIAN_POINT ( 'NONE',  ( 1.594500000000000028, 1.071938878923327065, 3.285312666603656062 ) ) ;
#3408 = CARTESIAN_POINT ( 'NONE',  ( 0.9470000000000003970, 0.5999999999999999778, 2.205499999999999794 ) ) ;
#3409 = ORIENTED_EDGE ( 'NONE', *, *, #7227, .T. ) ;
#3410 = EDGE_CURVE ( 'NONE', #3694, #8911, #8644, .T. ) ;
#3411 = ORIENTED_EDGE ( 'NONE', *, *, #2874, .T. ) ;
#3412 = EDGE_CURVE ( 'NONE', #7239, #4763, #2070, .T. ) ;
#3413 = LINE ( 'NONE', #8027, #6672 ) ;
#3414 = EDGE_LOOP ( 'NONE', ( #8604, #6495, #1863, #242 ) ) ;
#3415 = EDGE_CURVE ( 'NONE', #5826, #5133, #3485, .T. ) ;
#3416 = EDGE_LOOP ( 'NONE', ( #3226, #1343, #5579, #4929 ) ) ;
#3417 = CARTESIAN_POINT ( 'NONE',  ( 0.9470000000000003970, 0.5999999999999999778, 2.445499999999999563 ) ) ;
#3418 = CARTESIAN_POINT ( 'NONE',  ( 4.324500000000000455, 1.119999999999999885, 3.000000000000000000 ) ) ;
#3419 = CARTESIAN_POINT ( 'NONE',  ( 2.324500000000000011, 0.8996209656617012440, -0.1890749652305044881 ) ) ;
#3420 = AXIS2_PLACEMENT_3D ( 'NONE', #6997, #1513, #1387 ) ;
#3421 = DIRECTION ( 'NONE',  ( 0.000000000000000000, 0.000000000000000000, 1.000000000000000000 ) ) ;
#3422 = ADVANCED_FACE ( 'NONE', ( #6640 ), #3909, .T. ) ;
#3423 = EDGE_LOOP ( 'NONE', ( #628, #3957, #8438, #2141 ) ) ;
#3424 = CARTESIAN_POINT ( 'NONE',  ( 4.092000000000001414, 0.5999999999999999778, 0.6745000000000010987 ) ) ;
#3425 = VECTOR ( 'NONE', #427, 1000.000000000000000 ) ;
#3426 = VERTEX_POINT ( 'NONE', #5763 ) ;
#3427 = CARTESIAN_POINT ( 'NONE',  ( 2.324500000000000011, 0.7523999999999998467, 3.522613783243200292 ) ) ;
#3428 = CARTESIAN_POINT ( 'NONE',  ( 1.824500000000000233, 0.6749881066967827747, -0.9500000000000002887 ) ) ;
#3429 = ORIENTED_EDGE ( 'NONE', *, *, #3649, .F. ) ;
#3430 = ORIENTED_EDGE ( 'NONE', *, *, #8717, .T. ) ;
#3431 = LINE ( 'NONE', #3318, #495 ) ;
#3432 = ORIENTED_EDGE ( 'NONE', *, *, #6473, .F. ) ;
#3433 = ADVANCED_FACE ( 'NONE', ( #3707 ), #5209, .F. ) ;
#3434 = DIRECTION ( 'NONE',  ( 0.000000000000000000, 0.1045284632676540260, -0.9945218953682732899 ) ) ;
#3435 = VERTEX_POINT ( 'NONE', #3688 ) ;
#3436 = CARTESIAN_POINT ( 'NONE',  ( 1.324500000000000233, 0.6749881066967827747, 3.950000000000000178 ) ) ;
#3437 = DIRECTION ( 'NONE',  ( 0.000000000000000000, 0.000000000000000000, 1.000000000000000000 ) ) ;
#3438 = VECTOR ( 'NONE', #5201, 1000.000000000000000 ) ;
#3439 = ORIENTED_EDGE ( 'NONE', *, *, #2009, .T. ) ;
#3440 = ORIENTED_EDGE ( 'NONE', *, *, #1300, .T. ) ;
#3441 = ORIENTED_EDGE ( 'NONE', *, *, #1671, .F. ) ;
#3442 = DIRECTION ( 'NONE',  ( -1.000000000000000000, 0.000000000000000000, 0.000000000000000000 ) ) ;
#3443 = ORIENTED_EDGE ( 'NONE', *, *, #7170, .F. ) ;
#3444 = DIRECTION ( 'NONE',  ( 1.000000000000000000, -0.000000000000000000, -0.000000000000000000 ) ) ;
#3445 = ORIENTED_EDGE ( 'NONE', *, *, #7225, .T. ) ;
#3446 = LINE ( 'NONE', #7654, #7604 ) ;
#3447 = ORIENTED_EDGE ( 'NONE', *, *, #3303, .F. ) ;
#3448 = EDGE_LOOP ( 'NONE', ( #8927, #2363, #1512, #5980 ) ) ;
#3449 = LINE ( 'NONE', #6368, #5605 ) ;
#3450 = CARTESIAN_POINT ( 'NONE',  ( 4.492000000000000881, 0.5999999999999999778, 0.7944999999999996509 ) ) ;
#3451 = CARTESIAN_POINT ( 'NONE',  ( 2.324500000000000011, 0.8399999999999998579, -0.1087920875194620801 ) ) ;
#3452 =( BOUNDED_CURVE ( )  B_SPLINE_CURVE ( 3, ( #3529, #5477, #9011, #677 ),
 .UNSPECIFIED., .F., .F. ) 
 B_SPLINE_CURVE_WITH_KNOTS ( ( 4, 4 ),
 ( 3.427644095307110117, 4.712388980384689674 ),
 .UNSPECIFIED. ) 
 CURVE ( )  GEOMETRIC_REPRESENTATION_ITEM ( )  RATIONAL_B_SPLINE_CURVE ( ( 1.000000000000000000, 0.8671177933693103856, 0.8671177933693103856, 1.000000000000000000 ) ) 
 REPRESENTATION_ITEM ( '' )  );
#3453 = LINE ( 'NONE', #991, #216 ) ;
#3454 = VERTEX_POINT ( 'NONE', #3014 ) ;
#3455 = STYLED_ITEM ( 'NONE', ( #4272 ), #8636 ) ;
#3456 = VERTEX_POINT ( 'NONE', #3599 ) ;
#3457 = AXIS2_PLACEMENT_3D ( 'NONE', #8853, #1856, #6039 ) ;
#3458 = CARTESIAN_POINT ( 'NONE',  ( 1.347000000000000419, 0.6500000000000000222, 2.445499999999999563 ) ) ;
#3459 = AXIS2_PLACEMENT_3D ( 'NONE', #4578, #1800, #431 ) ;
#3460 = ORIENTED_EDGE ( 'NONE', *, *, #449, .F. ) ;
#3461 = VECTOR ( 'NONE', #2652, 1000.000000000000000 ) ;
#3462 = PLANE ( 'NONE',  #2232 ) ;
#3463 = CARTESIAN_POINT ( 'NONE',  ( 0.8245000000000001217, 0.9399999999999997247, -0.1087920875194616499 ) ) ;
#3464 = EDGE_CURVE ( 'NONE', #2892, #2259, #1638, .T. ) ;
#3465 = ORIENTED_EDGE ( 'NONE', *, *, #1014, .T. ) ;
#3466 = DIRECTION ( 'NONE',  ( -2.710505431213760099E-16, 0.000000000000000000, 1.000000000000000000 ) ) ;
#3467 = CARTESIAN_POINT ( 'NONE',  ( 4.492000000000000881, 0.5999999999999998668, 0.7944999999999996509 ) ) ;
#3468 = FILL_AREA_STYLE_COLOUR ( '', #7703 ) ;
#3469 = AXIS2_PLACEMENT_3D ( 'NONE', #8435, #3466, #7695 ) ;
#3470 = CARTESIAN_POINT ( 'NONE',  ( 4.633247317911315832, 1.459999999999999964, 2.894247317911317285 ) ) ;
#3471 = CIRCLE ( 'NONE', #4307, 0.2799999999999999711 ) ;
#3472 = DIRECTION ( 'NONE',  ( 1.000000000000000000, -0.000000000000000000, -0.000000000000000000 ) ) ;
#3473 = ADVANCED_FACE ( 'NONE', ( #7416 ), #7110, .F. ) ;
#3474 = ORIENTED_EDGE ( 'NONE', *, *, #5830, .F. ) ;
#3475 = EDGE_CURVE ( 'NONE', #7041, #9044, #5532, .T. ) ;
#3476 = EDGE_CURVE ( 'NONE', #715, #5216, #1306, .T. ) ;
#3477 = DIRECTION ( 'NONE',  ( 0.000000000000000000, -0.2821663239915497834, 0.9593655015712707623 ) ) ;
#3478 = PLANE ( 'NONE',  #1771 ) ;
#3479 = CARTESIAN_POINT ( 'NONE',  ( 2.824500000000000011, 0.6749881066967827747, 3.950000000000000178 ) ) ;
#3480 = CARTESIAN_POINT ( 'NONE',  ( 4.092000000000001414, 0.5999999999999999778, 2.445500000000000007 ) ) ;
#3481 = CIRCLE ( 'NONE', #2156, 0.1200000000000000233 ) ;
#3482 = ORIENTED_EDGE ( 'NONE', *, *, #5231, .T. ) ;
#3483 = DIRECTION ( 'NONE',  ( 0.000000000000000000, 0.8028287771104243298, 0.5962096566170164147 ) ) ;
#3484 = CARTESIAN_POINT ( 'NONE',  ( 1.297000000000000375, 0.6500000000000000222, 2.205499999999999350 ) ) ;
#3485 = LINE ( 'NONE', #254, #3379 ) ;
#3486 = FILL_AREA_STYLE_COLOUR ( '', #5105 ) ;
#3487 = EDGE_LOOP ( 'NONE', ( #4403, #6710, #7144, #3837 ) ) ;
#3488 = PLANE ( 'NONE',  #5329 ) ;
#3489 = FACE_OUTER_BOUND ( 'NONE', #3581, .T. ) ;
#3490 = ORIENTED_EDGE ( 'NONE', *, *, #3834, .T. ) ;
#3491 = VECTOR ( 'NONE', #8111, 1000.000000000000000 ) ;
#3492 = CARTESIAN_POINT ( 'NONE',  ( 0.9470000000000003970, 0.6500000000000000222, 2.445499999999999563 ) ) ;
#3493 = ORIENTED_EDGE ( 'NONE', *, *, #871, .F. ) ;
#3494 = DIRECTION ( 'NONE',  ( 1.000000000000000000, 0.000000000000000000, 1.239088197126289091E-15 ) ) ;
#3495 = PLANE ( 'NONE',  #439 ) ;
#3496 = MECHANICAL_DESIGN_GEOMETRIC_PRESENTATION_REPRESENTATION (  '', ( #6757 ), #8664 ) ;
#3497 = CARTESIAN_POINT ( 'NONE',  ( 0.8245000000000001217, 0.8996209656617012440, -0.1890749652305044881 ) ) ;
#3498 = CARTESIAN_POINT ( 'NONE',  ( 2.094500000000000028, 0.7125687761248744589, 3.592443814627477305 ) ) ;
#3499 = CARTESIAN_POINT ( 'NONE',  ( 4.594500000000000028, 1.071938878923327065, 3.285312666603656062 ) ) ;
#3500 = CARTESIAN_POINT ( 'NONE',  ( 2.594500000000000028, 0.8996209656617012440, -0.1890749652305044881 ) ) ;
#3501 = EDGE_LOOP ( 'NONE', ( #6970, #1635, #141, #3768 ) ) ;
#3502 = FACE_OUTER_BOUND ( 'NONE', #6033, .T. ) ;
#3503 = CIRCLE ( 'NONE', #4197, 0.1199999999999998845 ) ;
#3504 = CARTESIAN_POINT ( 'NONE',  ( 4.643222551035345091, 1.445643326479830737, 2.904222551035344768 ) ) ;
#3505 = DIRECTION ( 'NONE',  ( 0.000000000000000000, 0.000000000000000000, -1.000000000000000000 ) ) ;
#3506 = VECTOR ( 'NONE', #5499, 1000.000000000000227 ) ;
#3507 = CARTESIAN_POINT ( 'NONE',  ( 0.8245000000000001217, 0.7523999999999998467, -0.5226137832432001806 ) ) ;
#3508 = CARTESIAN_POINT ( 'NONE',  ( 4.492000000000000881, 0.5999999999999999778, 0.5544999999999998819 ) ) ;
#3509 = CYLINDRICAL_SURFACE ( 'NONE', #3178, 0.09999999999999982514 ) ;
#3510 = PLANE ( 'NONE',  #5959 ) ;
#3511 = COLOUR_RGB ( '',0.8941176470588234615, 0.9137254901960784048, 0.9294117647058823817 ) ;
#3512 = ADVANCED_FACE ( 'NONE', ( #3052 ), #5919, .F. ) ;
#3513 = DIRECTION ( 'NONE',  ( 0.000000000000000000, 0.000000000000000000, -1.000000000000000000 ) ) ;
#3514 = CARTESIAN_POINT ( 'NONE',  ( 1.324500000000000233, 0.8996209656617012440, -0.1890749652305044881 ) ) ;
#3515 = EDGE_CURVE ( 'NONE', #8936, #2117, #6200, .T. ) ;
#3516 = AXIS2_PLACEMENT_3D ( 'NONE', #8884, #430, #3188 ) ;
#3517 = DIRECTION ( 'NONE',  ( 0.000000000000000000, -0.1045284632676515280, -0.9945218953682736229 ) ) ;
#3518 = DIRECTION ( 'NONE',  ( 1.000000000000000000, -2.824178620696807171E-17, 0.000000000000000000 ) ) ;
#3519 = VECTOR ( 'NONE', #8546, 1000.000000000000227 ) ;
#3520 = VECTOR ( 'NONE', #4141, 1000.000000000000114 ) ;
#3521 = CARTESIAN_POINT ( 'NONE',  ( 2.824500000000000011, 0.9399999999999998357, 0.000000000000000000 ) ) ;
#3522 = VECTOR ( 'NONE', #7622, 1000.000000000000114 ) ;
#3523 = ORIENTED_EDGE ( 'NONE', *, *, #5880, .F. ) ;
#3524 =( NAMED_UNIT ( * ) SI_UNIT ( $, .STERADIAN. ) SOLID_ANGLE_UNIT ( ) );
#3525 = EDGE_LOOP ( 'NONE', ( #2555, #7140, #1913, #8801 ) ) ;
#3526 = ADVANCED_FACE ( 'NONE', ( #8548 ), #869, .T. ) ;
#3527 = EDGE_CURVE ( 'NONE', #8946, #2493, #7642, .T. ) ;
#3528 = DIRECTION ( 'NONE',  ( 1.000000000000000000, 0.000000000000000000, 0.000000000000000000 ) ) ;
#3529 = CARTESIAN_POINT ( 'NONE',  ( 0.7957774489646560756, 0.6143566735201689832, 2.904222551035344324 ) ) ;
#3530 = ORIENTED_EDGE ( 'NONE', *, *, #750, .F. ) ;
#3531 = VECTOR ( 'NONE', #1741, 1000.000000000000000 ) ;
#3532 = ORIENTED_EDGE ( 'NONE', *, *, #6320, .F. ) ;
#3533 = CARTESIAN_POINT ( 'NONE',  ( 3.094500000000000028, 0.9399999999999998357, 0.000000000000000000 ) ) ;
#3534 = DIRECTION ( 'NONE',  ( -0.000000000000000000, 0.1045284632676540260, -0.9945218953682732899 ) ) ;
#3535 = DIRECTION ( 'NONE',  ( 0.000000000000000000, 1.000000000000000000, 0.000000000000000000 ) ) ;
#3536 = DIRECTION ( 'NONE',  ( 0.000000000000000000, 0.000000000000000000, 1.000000000000000000 ) ) ;
#3537 = EDGE_CURVE ( 'NONE', #8812, #7596, #2953, .T. ) ;
#3538 = EDGE_CURVE ( 'NONE', #823, #3660, #4358, .T. ) ;
#3539 = DIRECTION ( 'NONE',  ( 0.000000000000000000, 0.000000000000000000, 1.000000000000000000 ) ) ;
#3540 = CARTESIAN_POINT ( 'NONE',  ( 2.094500000000000028, 0.8996209656617012440, 3.189074965230504599 ) ) ;
#3541 = EDGE_CURVE ( 'NONE', #1531, #7587, #2834, .T. ) ;
#3542 = EDGE_LOOP ( 'NONE', ( #8609, #3635, #8275, #3764 ) ) ;
#3543 = LINE ( 'NONE', #1368, #2997 ) ;
#3544 = ORIENTED_EDGE ( 'NONE', *, *, #1077, .F. ) ;
#3545 = PLANE ( 'NONE',  #743 ) ;
#3546 = AXIS2_PLACEMENT_3D ( 'NONE', #4799, #6933, #4085 ) ;
#3547 = DIRECTION ( 'NONE',  ( 1.000000000000000000, -3.949734690293276133E-17, 1.184920407087982840E-16 ) ) ;
#3548 = DIRECTION ( 'NONE',  ( 0.000000000000000000, 0.000000000000000000, -1.000000000000000000 ) ) ;
#3549 = VERTEX_POINT ( 'NONE', #5977 ) ;
#3550 = ORIENTED_EDGE ( 'NONE', *, *, #6357, .T. ) ;
#3551 = ORIENTED_EDGE ( 'NONE', *, *, #2654, .T. ) ;
#3552 = PLANE ( 'NONE',  #6348 ) ;
#3553 = EDGE_LOOP ( 'NONE', ( #5932, #1373, #8408, #8915 ) ) ;
#3554 = CARTESIAN_POINT ( 'NONE',  ( 2.594500000000000028, 1.119999999999999885, -0.1792604477561911547 ) ) ;
#3555 = VERTEX_POINT ( 'NONE', #1916 ) ;
#3556 = EDGE_CURVE ( 'NONE', #7596, #7778, #6436, .T. ) ;
#3557 = ORIENTED_EDGE ( 'NONE', *, *, #269, .T. ) ;
#3558 = CARTESIAN_POINT ( 'NONE',  ( 1.297000000000000597, 0.5999999999999999778, 0.7944999999999997620 ) ) ;
#3559 = AXIS2_PLACEMENT_3D ( 'NONE', #6952, #3444, #2765 ) ;
#3560 = LINE ( 'NONE', #1612, #204 ) ;
#3561 = VERTEX_POINT ( 'NONE', #4633 ) ;
#3562 = VERTEX_POINT ( 'NONE', #1100 ) ;
#3563 = CARTESIAN_POINT ( 'NONE',  ( 0.8245000000000001217, 1.000393720129284736, -0.1889732133504053169 ) ) ;
#3564 = DIRECTION ( 'NONE',  ( 1.000000000000000000, -0.000000000000000000, -0.000000000000000000 ) ) ;
#3565 = LINE ( 'NONE', #6334, #5827 ) ;
#3566 = ORIENTED_EDGE ( 'NONE', *, *, #4951, .F. ) ;
#3567 = DIRECTION ( 'NONE',  ( -0.000000000000000000, -0.000000000000000000, 1.000000000000000000 ) ) ;
#3568 = VECTOR ( 'NONE', #8711, 1000.000000000000000 ) ;
#3569 = DIRECTION ( 'NONE',  ( -1.000000000000000000, 0.000000000000000000, 0.000000000000000000 ) ) ;
#3570 = DIRECTION ( 'NONE',  ( 0.000000000000000000, 0.000000000000000000, -1.000000000000000000 ) ) ;
#3571 = EDGE_LOOP ( 'NONE', ( #1630, #8346, #7285, #6953 ) ) ;
#3572 = ORIENTED_EDGE ( 'NONE', *, *, #4885, .T. ) ;
#3573 = CARTESIAN_POINT ( 'NONE',  ( 2.824500000000000011, 0.5335548349585852446, -0.5736286912392993820 ) ) ;
#3574 = ORIENTED_EDGE ( 'NONE', *, *, #4636, .F. ) ;
#3575 = EDGE_CURVE ( 'NONE', #5265, #6292, #8858, .T. ) ;
#3576 = CARTESIAN_POINT ( 'NONE',  ( 1.324500000000000233, 0.5335548349585852446, -0.5736286912392993820 ) ) ;
#3577 = ADVANCED_FACE ( 'NONE', ( #6538 ), #8064, .F. ) ;
#3578 = PRESENTATION_STYLE_ASSIGNMENT (( #4035 ) ) ;
#3579 = CARTESIAN_POINT ( 'NONE',  ( 1.824500000000000233, 0.8120209656617016769, 3.602896660954242769 ) ) ;
#3580 = EDGE_CURVE ( 'NONE', #786, #5364, #1197, .T. ) ;
#3581 = EDGE_LOOP ( 'NONE', ( #3302, #4815, #3664, #1083, #4654, #632, #6267, #7714, #4055, #2066, #2253, #2551 ) ) ;
#3582 = CARTESIAN_POINT ( 'NONE',  ( 4.517761061946903745, 0.1877876106194703854, 0.2212389380530960514 ) ) ;
#3583 = CARTESIAN_POINT ( 'NONE',  ( 4.142000000000000348, 0.6499999999999999112, 2.205499999999999794 ) ) ;
#3584 = VERTEX_POINT ( 'NONE', #7463 ) ;
#3585 = DIRECTION ( 'NONE',  ( 1.000000000000000000, 0.000000000000000000, 0.000000000000000000 ) ) ;
#3586 = EDGE_CURVE ( 'NONE', #4496, #6211, #7316, .T. ) ;
#3587 = VECTOR ( 'NONE', #570, 1000.000000000000000 ) ;
#3588 = AXIS2_PLACEMENT_3D ( 'NONE', #900, #3637, #2231 ) ;
#3589 = CARTESIAN_POINT ( 'NONE',  ( 0.8245000000000001217, 1.119999999999999885, 3.000000000000000000 ) ) ;
#3590 = VERTEX_POINT ( 'NONE', #8159 ) ;
#3591 = PLANE ( 'NONE',  #1941 ) ;
#3592 = DIRECTION ( 'NONE',  ( 0.000000000000000000, 0.000000000000000000, 1.000000000000000000 ) ) ;
#3593 = EDGE_CURVE ( 'NONE', #754, #3737, #8752, .T. ) ;
#3594 = EDGE_CURVE ( 'NONE', #4449, #3745, #1754, .T. ) ;
#3595 = FACE_OUTER_BOUND ( 'NONE', #7185, .T. ) ;
#3596 = EDGE_CURVE ( 'NONE', #3086, #7872, #8966, .T. ) ;
#3597 = ADVANCED_FACE ( 'NONE', ( #8427 ), #1127, .F. ) ;
#3598 = PLANE ( 'NONE',  #3469 ) ;
#3599 = CARTESIAN_POINT ( 'NONE',  ( 1.324500000000000233, 0.8996209656617012440, 3.189074965230504599 ) ) ;
#3600 = CARTESIAN_POINT ( 'NONE',  ( 2.324500000000000011, 1.119999999999999885, 3.179260447756191432 ) ) ;
#3601 = AXIS2_PLACEMENT_3D ( 'NONE', #5127, #8011, #8043 ) ;
#3602 = LINE ( 'NONE', #3311, #1525 ) ;
#3603 = CARTESIAN_POINT ( 'NONE',  ( 2.594500000000000028, 1.119999999999999885, 0.000000000000000000 ) ) ;
#3604 = FACE_OUTER_BOUND ( 'NONE', #7719, .T. ) ;
#3605 = CARTESIAN_POINT ( 'NONE',  ( 2.094500000000000028, 1.071938878923327065, 3.285312666603656062 ) ) ;
#3606 = CARTESIAN_POINT ( 'NONE',  ( 1.324500000000000233, 0.7125687761248744589, 3.592443814627477305 ) ) ;
#3607 = VERTEX_POINT ( 'NONE', #460 ) ;
#3608 = ORIENTED_EDGE ( 'NONE', *, *, #7613, .F. ) ;
#3609 = DIRECTION ( 'NONE',  ( 0.000000000000000000, 0.9945218953682735119, -0.1045284632676515141 ) ) ;
#3610 = FACE_OUTER_BOUND ( 'NONE', #7488, .T. ) ;
#3611 = VERTEX_POINT ( 'NONE', #7372 ) ;
#3612 = DIRECTION ( 'NONE',  ( -0.000000000000000000, 0.8028287771104243298, -0.5962096566170164147 ) ) ;
#3613 = FACE_OUTER_BOUND ( 'NONE', #7169, .T. ) ;
#3614 = ORIENTED_EDGE ( 'NONE', *, *, #3541, .T. ) ;
#3615 = LINE ( 'NONE', #6417, #1106 ) ;
#3616 = CIRCLE ( 'NONE', #7427, 0.09999999999999982514 ) ;
#3617 = DIRECTION ( 'NONE',  ( 1.000000000000000000, -0.000000000000000000, -0.000000000000000000 ) ) ;
#3618 = ADVANCED_FACE ( 'NONE', ( #6633 ), #8189, .F. ) ;
#3619 = DIRECTION ( 'NONE',  ( 1.000000000000000000, 0.000000000000000000, 0.000000000000000000 ) ) ;
#3620 = VECTOR ( 'NONE', #890, 1000.000000000000000 ) ;
#3621 = LINE ( 'NONE', #4020, #3177 ) ;
#3622 = CARTESIAN_POINT ( 'NONE',  ( 4.492000000000000881, 0.6500000000000000222, 0.5544999999999998819 ) ) ;
#3623 = FACE_OUTER_BOUND ( 'NONE', #7270, .T. ) ;
#3624 = CARTESIAN_POINT ( 'NONE',  ( 2.824500000000000011, 0.7125687761248743479, -0.5924438146274771944 ) ) ;
#3625 = AXIS2_PLACEMENT_3D ( 'NONE', #1664, #1029, #3143 ) ;
#3626 = AXIS2_PLACEMENT_3D ( 'NONE', #8756, #5993, #3240 ) ;
#3627 = CARTESIAN_POINT ( 'NONE',  ( 2.594500000000000028, 1.119999999999999885, 3.000000000000000000 ) ) ;
#3628 = CARTESIAN_POINT ( 'NONE',  ( 0.8149647589960814509, 0.5999999999999999778, 3.000000000000000000 ) ) ;
#3629 = PRESENTATION_STYLE_ASSIGNMENT (( #5580 ) ) ;
#3630 = CARTESIAN_POINT ( 'NONE',  ( 0.000000000000000000, 1.119999999999999885, 3.000000000000000000 ) ) ;
#3631 = LINE ( 'NONE', #4975, #8998 ) ;
#3632 = CIRCLE ( 'NONE', #657, 0.09999999999999982514 ) ;
#3633 = CARTESIAN_POINT ( 'NONE',  ( 2.324500000000000011, 1.119999999999999885, 0.000000000000000000 ) ) ;
#3634 = LINE ( 'NONE', #5401, #1778 ) ;
#3635 = ORIENTED_EDGE ( 'NONE', *, *, #4340, .F. ) ;
#3636 = ORIENTED_EDGE ( 'NONE', *, *, #1539, .F. ) ;
#3637 = DIRECTION ( 'NONE',  ( 1.000000000000000000, -0.000000000000000000, -0.000000000000000000 ) ) ;
#3638 = DIRECTION ( 'NONE',  ( 1.000000000000000000, 0.000000000000000000, 0.000000000000000000 ) ) ;
#3639 = CARTESIAN_POINT ( 'NONE',  ( 3.324500000000000011, 1.000393720129284736, -0.1889732133504053169 ) ) ;
#3640 = VECTOR ( 'NONE', #8588, 999.9999999999998863 ) ;
#3641 = AXIS2_PLACEMENT_3D ( 'NONE', #4691, #6095, #5413 ) ;
#3642 = AXIS2_PLACEMENT_3D ( 'NONE', #8028, #7336, #358 ) ;
#3643 = ORIENTED_EDGE ( 'NONE', *, *, #2179, .T. ) ;
#3644 = ORIENTED_EDGE ( 'NONE', *, *, #6375, .T. ) ;
#3645 =( NAMED_UNIT ( * ) PLANE_ANGLE_UNIT ( ) SI_UNIT ( $, .RADIAN. ) );
#3646 = ORIENTED_EDGE ( 'NONE', *, *, #1035, .F. ) ;
#3647 = CIRCLE ( 'NONE', #322, 0.09999999999999993616 ) ;
#3648 = ORIENTED_EDGE ( 'NONE', *, *, #6453, .F. ) ;
#3649 = EDGE_CURVE ( 'NONE', #9036, #4484, #7766, .T. ) ;
#3650 = CARTESIAN_POINT ( 'NONE',  ( 1.324500000000000233, 1.119999999999999885, 3.000000000000000000 ) ) ;
#3651 = AXIS2_PLACEMENT_3D ( 'NONE', #775, #8410, #4872 ) ;
#3652 = STYLED_ITEM ( 'NONE', ( #3395 ), #8844 ) ;
#3653 = ORIENTED_EDGE ( 'NONE', *, *, #5089, .F. ) ;
#3654 = VERTEX_POINT ( 'NONE', #1972 ) ;
#3655 = DIRECTION ( 'NONE',  ( 0.000000000000000000, 0.000000000000000000, -1.000000000000000000 ) ) ;
#3656 = ORIENTED_EDGE ( 'NONE', *, *, #5535, .T. ) ;
#3657 = DIRECTION ( 'NONE',  ( -1.000000000000000000, 0.000000000000000000, -2.710505431213760099E-16 ) ) ;
#3658 = EDGE_CURVE ( 'NONE', #9022, #4614, #7636, .T. ) ;
#3659 = EDGE_CURVE ( 'NONE', #6374, #2691, #438, .T. ) ;
#3660 = VERTEX_POINT ( 'NONE', #1243 ) ;
#3661 = PRODUCT ( 'LT3022EMSE', 'LT3022EMSE', '', ( #1681 ) ) ;
#3662 = LINE ( 'NONE', #6891, #1054 ) ;
#3663 = ORIENTED_EDGE ( 'NONE', *, *, #2190, .F. ) ;
#3664 = ORIENTED_EDGE ( 'NONE', *, *, #2639, .T. ) ;
#3665 = ADVANCED_FACE ( 'NONE', ( #1095 ), #1999, .F. ) ;
#3666 = PLANE ( 'NONE',  #4963 ) ;
#3667 = ORIENTED_EDGE ( 'NONE', *, *, #5091, .F. ) ;
#3668 = DIRECTION ( 'NONE',  ( 0.000000000000000000, 0.000000000000000000, -1.000000000000000000 ) ) ;
#3669 = ORIENTED_EDGE ( 'NONE', *, *, #5218, .F. ) ;
#3670 = DIRECTION ( 'NONE',  ( 1.000000000000000000, 0.000000000000000000, 0.000000000000000000 ) ) ;
#3671 = ORIENTED_EDGE ( 'NONE', *, *, #2702, .T. ) ;
#3672 = ORIENTED_EDGE ( 'NONE', *, *, #1620, .T. ) ;
#3673 = FACE_OUTER_BOUND ( 'NONE', #7610, .T. ) ;
#3674 = DIRECTION ( 'NONE',  ( 2.824178620696807171E-17, 1.000000000000000000, 0.000000000000000000 ) ) ;
#3675 = ORIENTED_EDGE ( 'NONE', *, *, #920, .T. ) ;
#3676 = EDGE_LOOP ( 'NONE', ( #376, #8652, #1624, #1252, #6730, #8863, #2228, #3881, #2703, #6545, #6471, #8693 ) ) ;
#3677 = LINE ( 'NONE', #6937, #8475 ) ;
#3678 = EDGE_CURVE ( 'NONE', #8655, #1335, #8538, .T. ) ;
#3679 = CARTESIAN_POINT ( 'NONE',  ( 1.324500000000000233, 1.071938878923327065, -0.2853126666036561732 ) ) ;
#3680 = ORIENTED_EDGE ( 'NONE', *, *, #2611, .F. ) ;
#3681 = FACE_OUTER_BOUND ( 'NONE', #8367, .T. ) ;
#3682 = PLANE ( 'NONE',  #4718 ) ;
#3683 = EDGE_LOOP ( 'NONE', ( #595, #3111, #91, #2677 ) ) ;
#3684 = CARTESIAN_POINT ( 'NONE',  ( 3.824500000000000011, 1.119999999999999885, 0.000000000000000000 ) ) ;
#3685 = ORIENTED_EDGE ( 'NONE', *, *, #7114, .F. ) ;
#3686 = CARTESIAN_POINT ( 'NONE',  ( 4.094500000000000028, 0.6450822618089369076, 3.378104603363324188 ) ) ;
#3687 = VERTEX_POINT ( 'NONE', #5443 ) ;
#3688 = CARTESIAN_POINT ( 'NONE',  ( 3.594500000000000028, 0.7125687761248743479, 3.592443814627477305 ) ) ;
#3689 = LINE ( 'NONE', #3361, #1395 ) ;
#3690 = CARTESIAN_POINT ( 'NONE',  ( 1.824500000000000233, 0.8996209656617012440, 3.189074965230504599 ) ) ;
#3691 = EDGE_CURVE ( 'NONE', #8138, #2792, #8743, .T. ) ;
#3692 = DIRECTION ( 'NONE',  ( 1.000000000000000000, 0.000000000000000000, 0.000000000000000000 ) ) ;
#3693 = CARTESIAN_POINT ( 'NONE',  ( 4.094500000000000028, 0.6749881066967827747, -0.9500000000000002887 ) ) ;
#3694 = VERTEX_POINT ( 'NONE', #4772 ) ;
#3695 = FACE_OUTER_BOUND ( 'NONE', #8673, .T. ) ;
#3696 = EDGE_CURVE ( 'NONE', #7413, #6098, #5418, .T. ) ;
#3697 = CARTESIAN_POINT ( 'NONE',  ( 1.347000000000000641, 0.5999999999999999778, 0.6745000000000007656 ) ) ;
#3698 = PRESENTATION_STYLE_ASSIGNMENT (( #4981 ) ) ;
#3699 = CARTESIAN_POINT ( 'NONE',  ( 1.094500000000000028, 0.7125687761248744589, 3.592443814627477305 ) ) ;
#3700 = EDGE_CURVE ( 'NONE', #2593, #1593, #335, .T. ) ;
#3701 = VERTEX_POINT ( 'NONE', #6870 ) ;
#3702 = VECTOR ( 'NONE', #6665, 1000.000000000000000 ) ;
#3703 = ADVANCED_FACE ( 'NONE', ( #5646 ), #647, .F. ) ;
#3704 = ORIENTED_EDGE ( 'NONE', *, *, #2190, .T. ) ;
#3705 = CARTESIAN_POINT ( 'NONE',  ( 4.324500000000000455, 0.7523999999999998467, 3.522613783243200292 ) ) ;
#3706 = EDGE_CURVE ( 'NONE', #4741, #4408, #2943, .T. ) ;
#3707 = FACE_OUTER_BOUND ( 'NONE', #3918, .T. ) ;
#3708 = EDGE_CURVE ( 'NONE', #8176, #7043, #6088, .T. ) ;
#3709 = ORIENTED_EDGE ( 'NONE', *, *, #2377, .F. ) ;
#3710 = CARTESIAN_POINT ( 'NONE',  ( 2.511049745210805977E-17, 0.6500000000000000222, 0.000000000000000000 ) ) ;
#3712 = CARTESIAN_POINT ( 'NONE',  ( 0.9470000000000003970, 0.6500000000000000222, 0.5544999999999994378 ) ) ;
#3711 = VECTOR ( 'NONE', #4052, 1000.000000000000000 ) ;
#3713 = ORIENTED_EDGE ( 'NONE', *, *, #7433, .F. ) ;
#3714 = LINE ( 'NONE', #504, #6090 ) ;
#3715 = MECHANICAL_DESIGN_GEOMETRIC_PRESENTATION_REPRESENTATION (  '', ( #5913 ), #6987 ) ;
#3716 = ORIENTED_EDGE ( 'NONE', *, *, #2076, .F. ) ;
#3717 = VECTOR ( 'NONE', #5071, 1000.000000000000000 ) ;
#3718 = CARTESIAN_POINT ( 'NONE',  ( 2.824500000000000011, 1.119999999999999885, 3.000000000000000000 ) ) ;
#3719 = DIRECTION ( 'NONE',  ( 1.000000000000000000, -0.000000000000000000, -0.000000000000000000 ) ) ;
#3720 = DIRECTION ( 'NONE',  ( 0.000000000000000000, 1.000000000000000000, -0.000000000000000000 ) ) ;
#3721 = CARTESIAN_POINT ( 'NONE',  ( 1.300000000000000266, 1.409999999999999920, 2.200000000000000622 ) ) ;
#3722 = DIRECTION ( 'NONE',  ( 1.000000000000000000, 0.000000000000000000, 0.000000000000000000 ) ) ;
#3723 = VECTOR ( 'NONE', #1812, 999.9999999999998863 ) ;
#3724 = CARTESIAN_POINT ( 'NONE',  ( 3.824500000000000011, 0.8399999999999998579, -0.1087920875194620801 ) ) ;
#3725 = EDGE_CURVE ( 'NONE', #7066, #2276, #7527, .T. ) ;
#3726 = DIRECTION ( 'NONE',  ( 1.000000000000000000, -2.824178620696807171E-17, 0.000000000000000000 ) ) ;
#3727 = VECTOR ( 'NONE', #588, 1000.000000000000114 ) ;
#3728 = VECTOR ( 'NONE', #4126, 1000.000000000000000 ) ;
#3729 = LINE ( 'NONE', #761, #1012 ) ;
#3730 = CARTESIAN_POINT ( 'NONE',  ( 0.8149647589960815619, 1.459999999999999964, 2.885035241003919282 ) ) ;
#3731 = ORIENTED_EDGE ( 'NONE', *, *, #6251, .F. ) ;
#3732 = CARTESIAN_POINT ( 'NONE',  ( 0.8245000000000001217, 1.071938878923327065, -0.2853126666036561732 ) ) ;
#3733 = ORIENTED_EDGE ( 'NONE', *, *, #8076, .F. ) ;
#3734 = AXIS2_PLACEMENT_3D ( 'NONE', #1772, #6655, #8768 ) ;
#3735 = CARTESIAN_POINT ( 'NONE',  ( 4.324500000000000455, 1.119999999999999885, 0.000000000000000000 ) ) ;
#3736 = VECTOR ( 'NONE', #3260, 1000.000000000000000 ) ;
#3737 = VERTEX_POINT ( 'NONE', #6903 ) ;
#3738 = EDGE_CURVE ( 'NONE', #4086, #3012, #4008, .T. ) ;
#3739 = ORIENTED_EDGE ( 'NONE', *, *, #3541, .F. ) ;
#3740 = DIRECTION ( 'NONE',  ( -0.000000000000000000, 0.1045284632676540260, -0.9945218953682732899 ) ) ;
#3741 = PLANE ( 'NONE',  #33 ) ;
#3742 = DIRECTION ( 'NONE',  ( 1.000000000000000000, 0.000000000000000000, 0.000000000000000000 ) ) ;
#3743 = VECTOR ( 'NONE', #3937, 1000.000000000000000 ) ;
#3744 = DIRECTION ( 'NONE',  ( 0.000000000000000000, -0.000000000000000000, -1.000000000000000000 ) ) ;
#3745 = VERTEX_POINT ( 'NONE', #3399 ) ;
#3746 = ADVANCED_FACE ( 'NONE', ( #1747 ), #7984, .T. ) ;
#3747 = DIRECTION ( 'NONE',  ( -1.000000000000000000, -0.000000000000000000, -0.000000000000000000 ) ) ;
#3748 = DIRECTION ( 'NONE',  ( 1.000000000000000000, 0.000000000000000000, 0.000000000000000000 ) ) ;
#3749 = EDGE_CURVE ( 'NONE', #2389, #1132, #8089, .T. ) ;
#3750 = CARTESIAN_POINT ( 'NONE',  ( 0.8245000000000001217, 1.119999999999999885, 3.000000000000000000 ) ) ;
#3751 = CARTESIAN_POINT ( 'NONE',  ( 4.639000000000001123, 1.459999999999999964, 3.000000000000000000 ) ) ;
#3752 = MECHANICAL_DESIGN_GEOMETRIC_PRESENTATION_REPRESENTATION (  '', ( #5897 ), #8924 ) ;
#3753 = DIRECTION ( 'NONE',  ( 0.000000000000000000, 0.000000000000000000, 1.000000000000000000 ) ) ;
#3754 = EDGE_LOOP ( 'NONE', ( #5615, #2894, #3788, #1144, #4882, #3667, #8135, #8803, #513, #5267, #2584, #7608 ) ) ;
#3755 = LINE ( 'NONE', #2100, #3951 ) ;
#3756 = ORIENTED_EDGE ( 'NONE', *, *, #6560, .F. ) ;
#3757 = EDGE_CURVE ( 'NONE', #4279, #3561, #3803, .T. ) ;
#3758 = VECTOR ( 'NONE', #1417, 1000.000000000000000 ) ;
#3759 = ORIENTED_EDGE ( 'NONE', *, *, #4328, .F. ) ;
#3760 = EDGE_CURVE ( 'NONE', #4050, #6502, #6429, .T. ) ;
#3761 = EDGE_LOOP ( 'NONE', ( #6029, #3793, #4934, #1390 ) ) ;
#3762 = CARTESIAN_POINT ( 'NONE',  ( 2.324500000000000011, 0.9399999999999998357, 3.000000000000000000 ) ) ;
#3763 = VERTEX_POINT ( 'NONE', #2673 ) ;
#3764 = ORIENTED_EDGE ( 'NONE', *, *, #2930, .T. ) ;
#3765 = AXIS2_PLACEMENT_3D ( 'NONE', #59, #4883, #1449 ) ;
#3766 = CARTESIAN_POINT ( 'NONE',  ( 2.094500000000000028, 0.7523999999999998467, -0.5226137832432001806 ) ) ;
#3767 = CARTESIAN_POINT ( 'NONE',  ( 4.594500000000000028, 0.8996209656617012440, -0.1890749652305044881 ) ) ;
#3768 = ORIENTED_EDGE ( 'NONE', *, *, #6512, .T. ) ;
#3769 = LINE ( 'NONE', #7168, #3964 ) ;
#3770 = DIRECTION ( 'NONE',  ( 0.000000000000000000, -0.8028287771104236636, 0.5962096566170171918 ) ) ;
#3771 = ORIENTED_EDGE ( 'NONE', *, *, #8875, .F. ) ;
#3772 = ORIENTED_EDGE ( 'NONE', *, *, #6966, .T. ) ;
#3773 = EDGE_CURVE ( 'NONE', #3199, #3326, #3602, .T. ) ;
#3774 = LINE ( 'NONE', #2279, #1707 ) ;
#3775 = VERTEX_POINT ( 'NONE', #770 ) ;
#3776 = DIRECTION ( 'NONE',  ( 1.000000000000000000, -0.000000000000000000, 2.710505431213760099E-16 ) ) ;
#3777 = CARTESIAN_POINT ( 'NONE',  ( 0.8245000000000001217, 0.5335548349585852446, -0.5736286912392993820 ) ) ;
#3778 = LINE ( 'NONE', #3997, #8614 ) ;
#3779 = DIRECTION ( 'NONE',  ( 0.000000000000000000, -0.1045284632676515280, -0.9945218953682736229 ) ) ;
#3780 = ORIENTED_EDGE ( 'NONE', *, *, #8095, .T. ) ;
#3781 = CARTESIAN_POINT ( 'NONE',  ( 2.824500000000000011, 0.6749881066967827747, -0.9500000000000002887 ) ) ;
#3782 = ORIENTED_EDGE ( 'NONE', *, *, #481, .T. ) ;
#3783 = EDGE_LOOP ( 'NONE', ( #7454, #5266, #2255, #1212 ) ) ;
#3784 = DIRECTION ( 'NONE',  ( 0.000000000000000000, 0.000000000000000000, 1.000000000000000000 ) ) ;
#3785 = AXIS2_PLACEMENT_3D ( 'NONE', #2637, #9009, #6186 ) ;
#3786 = VERTEX_POINT ( 'NONE', #8216 ) ;
#3787 = ADVANCED_FACE ( 'NONE', ( #2715 ), #2823, .F. ) ;
#3788 = ORIENTED_EDGE ( 'NONE', *, *, #3854, .F. ) ;
#3789 = CARTESIAN_POINT ( 'NONE',  ( 1.594500000000000028, 0.6749881066967827747, -0.9500000000000002887 ) ) ;
#3790 = FACE_OUTER_BOUND ( 'NONE', #7420, .T. ) ;
#3791 = LINE ( 'NONE', #4290, #8524 ) ;
#3792 = CARTESIAN_POINT ( 'NONE',  ( 2.324500000000000011, 0.8399999999999998579, 3.108792087519462122 ) ) ;
#3793 = ORIENTED_EDGE ( 'NONE', *, *, #6675, .F. ) ;
#3794 = ADVANCED_FACE ( 'NONE', ( #6322 ), #3591, .F. ) ;
#3795 = LINE ( 'NONE', #5756, #4004 ) ;
#3796 = DIRECTION ( 'NONE',  ( 0.000000000000000000, 0.000000000000000000, -1.000000000000000000 ) ) ;
#3797 = AXIS2_PLACEMENT_3D ( 'NONE', #6711, #572, #5875 ) ;
#3798 = VECTOR ( 'NONE', #500, 1000.000000000000000 ) ;
#3799 = CARTESIAN_POINT ( 'NONE',  ( 1.300000000000000266, 1.459999999999999964, 2.400000000000000799 ) ) ;
#3800 = AXIS2_PLACEMENT_3D ( 'NONE', #5947, #6653, #8127 ) ;
#3801 = DIRECTION ( 'NONE',  ( -1.000000000000000000, -0.000000000000000000, -0.000000000000000000 ) ) ;
#3802 = DIRECTION ( 'NONE',  ( 1.000000000000000000, -0.000000000000000000, -0.000000000000000000 ) ) ;
#3803 = LINE ( 'NONE', #675, #6859 ) ;
#3804 = CARTESIAN_POINT ( 'NONE',  ( 3.824500000000000011, 1.071938878923327065, -0.2853126666036561732 ) ) ;
#3805 = CARTESIAN_POINT ( 'NONE',  ( 1.824500000000000233, 0.8120209656617016769, -0.6028966609542426580 ) ) ;
#3806 = EDGE_CURVE ( 'NONE', #7341, #5259, #7306, .T. ) ;
#3807 = ORIENTED_EDGE ( 'NONE', *, *, #1300, .F. ) ;
#3808 = CYLINDRICAL_SURFACE ( 'NONE', #5455, 0.1199999999999998845 ) ;
#3809 = CARTESIAN_POINT ( 'NONE',  ( 3.824500000000000011, 1.071938878923327065, -0.2853126666036561732 ) ) ;
#3810 = EDGE_LOOP ( 'NONE', ( #3713, #2995, #3440, #2371 ) ) ;
#3811 = DIRECTION ( 'NONE',  ( 0.2715627232967849358, -0.9233132592090664836, -0.2715627232967829374 ) ) ;
#3812 = ORIENTED_EDGE ( 'NONE', *, *, #4151, .T. ) ;
#3813 = DIRECTION ( 'NONE',  ( 1.000000000000000000, 0.000000000000000000, 0.000000000000000000 ) ) ;
#3814 = CARTESIAN_POINT ( 'NONE',  ( 4.142000000000000348, 0.5999999999999999778, 0.7945000000000000950 ) ) ;
#3815 = ORIENTED_EDGE ( 'NONE', *, *, #314, .F. ) ;
#3816 = VECTOR ( 'NONE', #3001, 1000.000000000000227 ) ;
#3817 = EDGE_CURVE ( 'NONE', #7727, #8384, #3152, .T. ) ;
#3818 = DIRECTION ( 'NONE',  ( 0.000000000000000000, 0.000000000000000000, -1.000000000000000000 ) ) ;
#3819 = LINE ( 'NONE', #5040, #8103 ) ;
#3820 = EDGE_CURVE ( 'NONE', #4302, #8059, #4991, .T. ) ;
#3821 = CARTESIAN_POINT ( 'NONE',  ( 2.324500000000000011, 0.6450822618089369076, 3.378104603363324188 ) ) ;
#3822 = CYLINDRICAL_SURFACE ( 'NONE', #508, 0.2799999999999998601 ) ;
#3823 = DIRECTION ( 'NONE',  ( -1.000000000000000000, 0.000000000000000000, 0.000000000000000000 ) ) ;
#3824 = FACE_OUTER_BOUND ( 'NONE', #4488, .T. ) ;
#3825 = VECTOR ( 'NONE', #6867, 1000.000000000000227 ) ;
#3826 = DIRECTION ( 'NONE',  ( -0.000000000000000000, -0.000000000000000000, 1.000000000000000000 ) ) ;
#3827 = VECTOR ( 'NONE', #1713, 1000.000000000000000 ) ;
#3828 = ADVANCED_FACE ( 'NONE', ( #1297 ), #662, .T. ) ;
#3829 = CARTESIAN_POINT ( 'NONE',  ( 4.092000000000001414, 0.6499999999999999112, 0.5544999999999998819 ) ) ;
#3830 = CARTESIAN_POINT ( 'NONE',  ( 2.824500000000000011, 0.8120209656617016769, 3.602896660954242769 ) ) ;
#3831 = FACE_OUTER_BOUND ( 'NONE', #867, .T. ) ;
#3832 = CARTESIAN_POINT ( 'NONE',  ( 1.324500000000000233, 0.9399999999999998357, 3.000000000000000000 ) ) ;
#3833 = LINE ( 'NONE', #6196, #4375 ) ;
#3834 = EDGE_CURVE ( 'NONE', #6056, #6901, #6191, .T. ) ;
#3835 = LINE ( 'NONE', #1873, #8455 ) ;
#3836 = VECTOR ( 'NONE', #6958, 1000.000000000000000 ) ;
#3837 = ORIENTED_EDGE ( 'NONE', *, *, #6922, .T. ) ;
#3838 = AXIS2_PLACEMENT_3D ( 'NONE', #5361, #5302, #469 ) ;
#3839 = DIRECTION ( 'NONE',  ( 0.000000000000000000, 0.000000000000000000, 1.000000000000000000 ) ) ;
#3840 = VERTEX_POINT ( 'NONE', #2187 ) ;
#3841 = CARTESIAN_POINT ( 'NONE',  ( 4.324500000000000455, 0.8399999999999998579, -0.1087920875194620801 ) ) ;
#3842 = ORIENTED_EDGE ( 'NONE', *, *, #7385, .F. ) ;
#3843 = DIRECTION ( 'NONE',  ( 1.000000000000000000, -0.000000000000000000, -0.000000000000000000 ) ) ;
#3844 = FACE_OUTER_BOUND ( 'NONE', #8625, .T. ) ;
#3845 = EDGE_LOOP ( 'NONE', ( #2512, #7473, #8142, #5930 ) ) ;
#3846 = VERTEX_POINT ( 'NONE', #4221 ) ;
#3847 = MANIFOLD_SOLID_BREP ( 'LPattern1[4]', #3192 ) ;
#3848 = EDGE_LOOP ( 'NONE', ( #4697, #8490, #2552, #3164 ) ) ;
#3849 = VECTOR ( 'NONE', #6406, 1000.000000000000000 ) ;
#3850 = EDGE_CURVE ( 'NONE', #4738, #7818, #880, .T. ) ;
#3851 = DIRECTION ( 'NONE',  ( 1.000000000000000000, 0.000000000000000000, 0.000000000000000000 ) ) ;
#3852 = ORIENTED_EDGE ( 'NONE', *, *, #5830, .T. ) ;
#3853 = DIRECTION ( 'NONE',  ( 0.000000000000000000, 0.9729913731149246736, -0.2308414777372849447 ) ) ;
#3854 = EDGE_CURVE ( 'NONE', #5483, #8487, #4867, .T. ) ;
#3855 = DIRECTION ( 'NONE',  ( 0.000000000000000000, 0.000000000000000000, 1.000000000000000000 ) ) ;
#3856 = ORIENTED_EDGE ( 'NONE', *, *, #2534, .F. ) ;
#3857 = VERTEX_POINT ( 'NONE', #7756 ) ;
#3858 = VERTEX_POINT ( 'NONE', #1462 ) ;
#3859 = EDGE_CURVE ( 'NONE', #1899, #8358, #123, .T. ) ;
#3860 = DIRECTION ( 'NONE',  ( -0.000000000000000000, -0.000000000000000000, -1.000000000000000000 ) ) ;
#3861 = ORIENTED_EDGE ( 'NONE', *, *, #3358, .F. ) ;
#3862 = AXIS2_PLACEMENT_3D ( 'NONE', #4142, #1385, #4760 ) ;
#3863 = FACE_OUTER_BOUND ( 'NONE', #8125, .T. ) ;
#3864 = EDGE_LOOP ( 'NONE', ( #1062, #2799, #3042, #1279 ) ) ;
#3865 = ORIENTED_EDGE ( 'NONE', *, *, #1860, .F. ) ;
#3866 = PLANE ( 'NONE',  #8780 ) ;
#3867 = ORIENTED_EDGE ( 'NONE', *, *, #3757, .F. ) ;
#3868 = ORIENTED_EDGE ( 'NONE', *, *, #8463, .T. ) ;
#3869 = EDGE_CURVE ( 'NONE', #7047, #503, #4237, .T. ) ;
#3870 = DIRECTION ( 'NONE',  ( -1.579893876117310207E-16, 4.461902507900318171E-33, 1.000000000000000000 ) ) ;
#3871 = EDGE_LOOP ( 'NONE', ( #6284, #7690, #7112, #5207 ) ) ;
#3872 = ADVANCED_FACE ( 'NONE', ( #3364 ), #4986, .T. ) ;
#3873 = EDGE_CURVE ( 'NONE', #4729, #2476, #988, .T. ) ;
#3874 = DIRECTION ( 'NONE',  ( 0.000000000000000000, 0.000000000000000000, -1.000000000000000000 ) ) ;
#3875 = VECTOR ( 'NONE', #6536, 1000.000000000000000 ) ;
#3876 =( NAMED_UNIT ( * ) PLANE_ANGLE_UNIT ( ) SI_UNIT ( $, .RADIAN. ) );
#3877 = ORIENTED_EDGE ( 'NONE', *, *, #3198, .T. ) ;
#3878 = ORIENTED_EDGE ( 'NONE', *, *, #1087, .F. ) ;
#3879 = PRESENTATION_LAYER_ASSIGNMENT (  '', '', ( #7455 ) ) ;
#3880 = CARTESIAN_POINT ( 'NONE',  ( 4.492000000000000881, 0.6499999999999999112, 2.205500000000000238 ) ) ;
#3881 = ORIENTED_EDGE ( 'NONE', *, *, #1948, .T. ) ;
#3882 = VECTOR ( 'NONE', #8893, 1000.000000000000000 ) ;
#3883 = ORIENTED_EDGE ( 'NONE', *, *, #8369, .F. ) ;
#3884 = ADVANCED_FACE ( 'NONE', ( #7758 ), #8847, .T. ) ;
#3885 = PLANE ( 'NONE',  #3420 ) ;
#3886 = DIRECTION ( 'NONE',  ( 0.000000000000000000, 0.000000000000000000, -1.000000000000000000 ) ) ;
#3887 = DIRECTION ( 'NONE',  ( 0.000000000000000000, 0.000000000000000000, 1.000000000000000000 ) ) ;
#3888 = ORIENTED_EDGE ( 'NONE', *, *, #615, .F. ) ;
#3889 = LINE ( 'NONE', #1413, #224 ) ;
#3890 = DIRECTION ( 'NONE',  ( -1.000000000000000000, 0.000000000000000000, 0.000000000000000000 ) ) ;
#3891 = ORIENTED_EDGE ( 'NONE', *, *, #6084, .T. ) ;
#3892 = CARTESIAN_POINT ( 'NONE',  ( 3.324500000000000011, 0.9399999999999998357, 0.000000000000000000 ) ) ;
#3893 = VECTOR ( 'NONE', #1179, 1000.000000000000000 ) ;
#3894 = CARTESIAN_POINT ( 'NONE',  ( 1.324500000000000233, 0.6450822618089369076, 3.378104603363324188 ) ) ;
#3895 = AXIS2_PLACEMENT_3D ( 'NONE', #2770, #4171, #9063 ) ;
#3896 = CARTESIAN_POINT ( 'NONE',  ( 3.324500000000000011, 0.7523999999999998467, -0.5226137832432001806 ) ) ;
#3897 = DIRECTION ( 'NONE',  ( 0.000000000000000000, 0.000000000000000000, -1.000000000000000000 ) ) ;
#3898 = MECHANICAL_DESIGN_GEOMETRIC_PRESENTATION_REPRESENTATION (  '', ( #4071 ), #5000 ) ;
#3899 = ORIENTED_EDGE ( 'NONE', *, *, #3065, .T. ) ;
#3900 = DIRECTION ( 'NONE',  ( 0.000000000000000000, -0.000000000000000000, -1.000000000000000000 ) ) ;
#3901 = PLANE ( 'NONE',  #6489 ) ;
#3902 = VECTOR ( 'NONE', #8979, 1000.000000000000227 ) ;
#3903 = CARTESIAN_POINT ( 'NONE',  ( 1.324500000000000233, 0.8996209656617012440, -0.1890749652305044881 ) ) ;
#3904 = CARTESIAN_POINT ( 'NONE',  ( 0.8245000000000001217, 0.9399999999999997247, -0.1087920875194616499 ) ) ;
#3905 = ORIENTED_EDGE ( 'NONE', *, *, #7917, .T. ) ;
#3906 = VERTEX_POINT ( 'NONE', #2337 ) ;
#3907 = AXIS2_PLACEMENT_3D ( 'NONE', #4678, #4007, #6175 ) ;
#3908 = DIRECTION ( 'NONE',  ( 1.000000000000000000, -0.000000000000000000, -0.000000000000000000 ) ) ;
#3909 = CYLINDRICAL_SURFACE ( 'NONE', #1115, 0.2799999999999999711 ) ;
#3910 = AXIS2_PLACEMENT_3D ( 'NONE', #6261, #7649, #3528 ) ;
#3911 = ADVANCED_FACE ( 'NONE', ( #2174 ), #6510, .T. ) ;
#3912 = VERTEX_POINT ( 'NONE', #7219 ) ;
#3913 = CARTESIAN_POINT ( 'NONE',  ( 3.324500000000000011, 0.5335548349585852446, -0.5736286912392993820 ) ) ;
#3914 = LINE ( 'NONE', #6991, #5982 ) ;
#3915 = ORIENTED_EDGE ( 'NONE', *, *, #2954, .T. ) ;
#3916 = LINE ( 'NONE', #98, #7542 ) ;
#3917 = DIRECTION ( 'NONE',  ( 0.000000000000000000, 0.000000000000000000, 1.000000000000000000 ) ) ;
#3918 = EDGE_LOOP ( 'NONE', ( #3091, #5161, #8688, #5056 ) ) ;
#3919 = VECTOR ( 'NONE', #3776, 1000.000000000000000 ) ;
#3920 = DIRECTION ( 'NONE',  ( 1.000000000000000000, 0.000000000000000000, 0.000000000000000000 ) ) ;
#3921 = EDGE_CURVE ( 'NONE', #494, #6899, #3795, .T. ) ;
#3922 = VECTOR ( 'NONE', #5508, 1000.000000000000000 ) ;
#3923 = ADVANCED_FACE ( 'NONE', ( #3142 ), #862, .F. ) ;
#3924 = LINE ( 'NONE', #308, #1318 ) ;
#3925 = STYLED_ITEM ( 'NONE', ( #7327 ), #6317 ) ;
#3926 = SURFACE_STYLE_FILL_AREA ( #1048 ) ;
#3927 = CARTESIAN_POINT ( 'NONE',  ( 4.594500000000000028, 0.8399999999999998579, 3.108792087519462122 ) ) ;
#3928 = DIRECTION ( 'NONE',  ( -1.000000000000000000, 0.000000000000000000, 0.000000000000000000 ) ) ;
#3929 = VECTOR ( 'NONE', #5556, 1000.000000000000000 ) ;
#3930 = EDGE_CURVE ( 'NONE', #6098, #6981, #6531, .T. ) ;
#3931 = LINE ( 'NONE', #4000, #361 ) ;
#3932 = CARTESIAN_POINT ( 'NONE',  ( 4.594500000000000028, 1.119999999999999885, 0.000000000000000000 ) ) ;
#3933 = EDGE_CURVE ( 'NONE', #5483, #2476, #8196, .T. ) ;
#3934 = LINE ( 'NONE', #7125, #4155 ) ;
#3935 = FACE_OUTER_BOUND ( 'NONE', #5305, .T. ) ;
#3936 = LINE ( 'NONE', #6682, #516 ) ;
#3937 = DIRECTION ( 'NONE',  ( 0.000000000000000000, -1.000000000000000000, 0.000000000000000000 ) ) ;
#3938 = ORIENTED_EDGE ( 'NONE', *, *, #8417, .T. ) ;
#3939 = FACE_OUTER_BOUND ( 'NONE', #1923, .T. ) ;
#3940 = FACE_OUTER_BOUND ( 'NONE', #1714, .T. ) ;
#3941 = VERTEX_POINT ( 'NONE', #4367 ) ;
#3942 = ORIENTED_EDGE ( 'NONE', *, *, #4573, .F. ) ;
#3943 = CARTESIAN_POINT ( 'NONE',  ( 3.824500000000000011, 0.8120209656617016769, -0.6028966609542426580 ) ) ;
#3944 = VECTOR ( 'NONE', #5206, 999.9999999999998863 ) ;
#3945 = CARTESIAN_POINT ( 'NONE',  ( 3.324500000000000011, 0.9399999999999998357, 3.000000000000000000 ) ) ;
#3946 = ORIENTED_EDGE ( 'NONE', *, *, #4169, .F. ) ;
#3947 = ORIENTED_EDGE ( 'NONE', *, *, #3580, .T. ) ;
#3948 = ADVANCED_FACE ( 'NONE', ( #1951 ), #3682, .F. ) ;
#3949 = EDGE_LOOP ( 'NONE', ( #5095, #6822, #626, #2071 ) ) ;
#3950 = CARTESIAN_POINT ( 'NONE',  ( 3.324500000000000011, 0.4984000000000007313, -0.9081046033633235481 ) ) ;
#3951 = VECTOR ( 'NONE', #7697, 1000.000000000000000 ) ;
#3952 = ORIENTED_EDGE ( 'NONE', *, *, #1190, .F. ) ;
#3953 = CARTESIAN_POINT ( 'NONE',  ( 0.8245000000000001217, 0.4984000000000007313, 3.908104603363323548 ) ) ;
#3954 = LINE ( 'NONE', #8909, #2900 ) ;
#3955 = EDGE_CURVE ( 'NONE', #4741, #181, #8637, .T. ) ;
#3956 = CARTESIAN_POINT ( 'NONE',  ( 1.297000000000000375, 0.6500000000000000222, 2.205499999999999350 ) ) ;
#3957 = ORIENTED_EDGE ( 'NONE', *, *, #793, .F. ) ;
#3958 = DIRECTION ( 'NONE',  ( 1.000000000000000000, 0.000000000000000000, 0.000000000000000000 ) ) ;
#3959 = ORIENTED_EDGE ( 'NONE', *, *, #630, .T. ) ;
#3960 = ORIENTED_EDGE ( 'NONE', *, *, #6455, .F. ) ;
#3961 = ADVANCED_FACE ( 'NONE', ( #7088 ), #6743, .F. ) ;
#3962 = ORIENTED_EDGE ( 'NONE', *, *, #609, .F. ) ;
#3963 = ORIENTED_EDGE ( 'NONE', *, *, #6732, .T. ) ;
#3964 = VECTOR ( 'NONE', #7815, 1000.000000000000000 ) ;
#3965 = ORIENTED_EDGE ( 'NONE', *, *, #6000, .F. ) ;
#3966 = EDGE_CURVE ( 'NONE', #5655, #3694, #1290, .T. ) ;
#3967 = ORIENTED_EDGE ( 'NONE', *, *, #3994, .F. ) ;
#3968 = CARTESIAN_POINT ( 'NONE',  ( 4.639000000000001123, 1.459999999999999964, 2.885035241003919282 ) ) ;
#3969 = CARTESIAN_POINT ( 'NONE',  ( 3.824500000000000011, 1.071938878923327065, 3.285312666603656062 ) ) ;
#3970 = LINE ( 'NONE', #4268, #2142 ) ;
#3971 = CARTESIAN_POINT ( 'NONE',  ( 4.643222551035345091, 0.6143566735201688722, 2.904222551035344324 ) ) ;
#3972 = ORIENTED_EDGE ( 'NONE', *, *, #4618, .F. ) ;
#3973 = PRODUCT_RELATED_PRODUCT_CATEGORY ( 'part', '', ( #3661 ) ) ;
#3974 = LINE ( 'NONE', #3280, #5383 ) ;
#3975 = ORIENTED_EDGE ( 'NONE', *, *, #8284, .F. ) ;
#3976 = CARTESIAN_POINT ( 'NONE',  ( 2.824500000000000011, 0.8399999999999998579, -0.1087920875194620801 ) ) ;
#3977 = EDGE_CURVE ( 'NONE', #6571, #5917, #8530, .T. ) ;
#3978 = ORIENTED_EDGE ( 'NONE', *, *, #3056, .F. ) ;
#3979 = EDGE_CURVE ( 'NONE', #7736, #4738, #7300, .T. ) ;
#3980 = ORIENTED_EDGE ( 'NONE', *, *, #310, .F. ) ;
#3981 = CARTESIAN_POINT ( 'NONE',  ( 3.324500000000000011, 1.119999999999999885, -0.1792604477561911547 ) ) ;
#3982 = DIRECTION ( 'NONE',  ( 1.000000000000000000, -0.000000000000000000, -0.000000000000000000 ) ) ;
#3983 = AXIS2_PLACEMENT_3D ( 'NONE', #1673, #3851, #1007 ) ;
#3984 = CARTESIAN_POINT ( 'NONE',  ( 2.824500000000000011, 1.119999999999999885, 0.000000000000000000 ) ) ;
#3985 = CLOSED_SHELL ( 'NONE', ( #8256, #3327, #6534, #8401, #6114, #6809, #1872, #5601, #5320, #2883, #1787, #2690, #5414, #6492 ) ) ;
#3986 = CARTESIAN_POINT ( 'NONE',  ( 4.142000000000000348, 0.5999999999999998668, 2.205499999999999794 ) ) ;
#3987 = DIRECTION ( 'NONE',  ( 0.000000000000000000, 0.000000000000000000, -1.000000000000000000 ) ) ;
#3988 = DIRECTION ( 'NONE',  ( -0.000000000000000000, 0.1045284632676540260, -0.9945218953682732899 ) ) ;
#3989 = VERTEX_POINT ( 'NONE', #981 ) ;
#3990 = CARTESIAN_POINT ( 'NONE',  ( 4.739000000000000767, 1.119999999999999885, 3.000000000000000000 ) ) ;
#3991 = LINE ( 'NONE', #4623, #7294 ) ;
#3992 = DIRECTION ( 'NONE',  ( 1.000000000000000000, 0.000000000000000000, 1.184920407087982840E-16 ) ) ;
#3993 = CARTESIAN_POINT ( 'NONE',  ( 3.824500000000000011, 0.5335548349585852446, 3.573628691239299382 ) ) ;
#3994 = EDGE_CURVE ( 'NONE', #4449, #4994, #5858, .T. ) ;
#3995 = VECTOR ( 'NONE', #1556, 1000.000000000000227 ) ;
#3996 = ADVANCED_FACE ( 'NONE', ( #325 ), #2825, .T. ) ;
#3997 = CARTESIAN_POINT ( 'NONE',  ( 3.094500000000000028, 1.071938878923327065, -0.2853126666036561732 ) ) ;
#3998 = AXIS2_PLACEMENT_3D ( 'NONE', #4231, #2167, #6407 ) ;
#3999 = ORIENTED_EDGE ( 'NONE', *, *, #2310, .T. ) ;
#4000 = CARTESIAN_POINT ( 'NONE',  ( 0.8245000000000001217, 0.5335548349585852446, -0.5736286912392993820 ) ) ;
#4001 = CARTESIAN_POINT ( 'NONE',  ( 4.324500000000000455, 0.7125687761248743479, -0.5924438146274771944 ) ) ;
#4002 = MANIFOLD_SOLID_BREP ( 'Boss-Extrude3', #1166 ) ;
#4003 = DIRECTION ( 'NONE',  ( 0.000000000000000000, -0.9945218953682732899, -0.1045284632676540260 ) ) ;
#4004 = VECTOR ( 'NONE', #4433, 1000.000000000000000 ) ;
#4005 = DIRECTION ( 'NONE',  ( 1.000000000000000000, 0.000000000000000000, 0.000000000000000000 ) ) ;
#4006 = ADVANCED_FACE ( 'NONE', ( #4656 ), #4860, .F. ) ;
#4007 = DIRECTION ( 'NONE',  ( 1.000000000000000000, -0.000000000000000000, -0.000000000000000000 ) ) ;
#4008 = LINE ( 'NONE', #580, #128 ) ;
#4009 = CARTESIAN_POINT ( 'NONE',  ( 1.824500000000000233, 0.9399999999999997247, -0.1087920875194616499 ) ) ;
#4010 = DIRECTION ( 'NONE',  ( 0.2715627232967843252, -0.9233132592090663726, -0.2715627232967837701 ) ) ;
#4011 = EDGE_CURVE ( 'NONE', #506, #5311, #1631, .T. ) ;
#4012 = LINE ( 'NONE', #9073, #1201 ) ;
#4013 = ORIENTED_EDGE ( 'NONE', *, *, #382, .T. ) ;
#4014 = VECTOR ( 'NONE', #8081, 1000.000000000000000 ) ;
#4016 = ORIENTED_EDGE ( 'NONE', *, *, #4910, .T. ) ;
#4015 = DIRECTION ( 'NONE',  ( -1.000000000000000000, 0.000000000000000000, 0.000000000000000000 ) ) ;
#4017 = EDGE_CURVE ( 'NONE', #6056, #823, #7512, .T. ) ;
#4018 =( NAMED_UNIT ( * ) SI_UNIT ( $, .STERADIAN. ) SOLID_ANGLE_UNIT ( ) );
#4019 = ORIENTED_EDGE ( 'NONE', *, *, #3921, .T. ) ;
#4020 = CARTESIAN_POINT ( 'NONE',  ( 4.092000000000001414, 0.6499999999999999112, 2.325499999999999012 ) ) ;
#4021 = DIRECTION ( 'NONE',  ( 0.000000000000000000, -0.000000000000000000, -1.000000000000000000 ) ) ;
#4022 = DIRECTION ( 'NONE',  ( -0.000000000000000000, -0.000000000000000000, -1.000000000000000000 ) ) ;
#4023 = LINE ( 'NONE', #7364, #3381 ) ;
#4024 = EDGE_CURVE ( 'NONE', #1236, #1310, #5520, .T. ) ;
#4025 = ORIENTED_EDGE ( 'NONE', *, *, #6978, .T. ) ;
#4026 = DIRECTION ( 'NONE',  ( -2.824178620696807171E-17, -1.000000000000000000, -0.000000000000000000 ) ) ;
#4027 = FACE_OUTER_BOUND ( 'NONE', #3235, .T. ) ;
#4028 = CARTESIAN_POINT ( 'NONE',  ( 1.324500000000000233, 0.8996209656617012440, -0.1890749652305044881 ) ) ;
#4029 = VECTOR ( 'NONE', #15, 1000.000000000000000 ) ;
#4030 = AXIS2_PLACEMENT_3D ( 'NONE', #5327, #7534, #7504 ) ;
#4031 = AXIS2_PLACEMENT_3D ( 'NONE', #8444, #8542, #5010 ) ;
#4032 = VECTOR ( 'NONE', #3027, 1000.000000000000000 ) ;
#4033 = DIRECTION ( 'NONE',  ( 1.000000000000000000, 0.000000000000000000, 0.000000000000000000 ) ) ;
#4035 = SURFACE_STYLE_USAGE ( .BOTH. , #3376 ) ;
#4034 = CYLINDRICAL_SURFACE ( 'NONE', #4561, 0.2799999999999999711 ) ;
#4036 = PLANE ( 'NONE',  #4030 ) ;
#4037 = LINE ( 'NONE', #7763, #1121 ) ;
#4038 = EDGE_CURVE ( 'NONE', #5078, #5006, #4339, .T. ) ;
#4039 = CARTESIAN_POINT ( 'NONE',  ( 4.492000000000000881, 0.6500000000000000222, 2.445500000000000007 ) ) ;
#4040 = EDGE_CURVE ( 'NONE', #2585, #1943, #6965, .T. ) ;
#4041 = FACE_OUTER_BOUND ( 'NONE', #7585, .T. ) ;
#4042 = LINE ( 'NONE', #2618, #7557 ) ;
#4043 = VECTOR ( 'NONE', #4565, 1000.000000000000000 ) ;
#4044 = VECTOR ( 'NONE', #2111, 1000.000000000000000 ) ;
#4045 = VERTEX_POINT ( 'NONE', #5964 ) ;
#4046 = ADVANCED_FACE ( 'NONE', ( #4114 ), #7400, .T. ) ;
#4047 = CARTESIAN_POINT ( 'NONE',  ( 1.324500000000000233, 0.9399999999999998357, 0.000000000000000000 ) ) ;
#4048 = DIRECTION ( 'NONE',  ( 1.000000000000000000, -0.000000000000000000, -0.000000000000000000 ) ) ;
#4049 = LINE ( 'NONE', #3984, #259 ) ;
#4050 = VERTEX_POINT ( 'NONE', #5142 ) ;
#4051 = VECTOR ( 'NONE', #8988, 1000.000000000000227 ) ;
#4052 = DIRECTION ( 'NONE',  ( -0.000000000000000000, 1.000000000000000000, -0.000000000000000000 ) ) ;
#4053 = ORIENTED_EDGE ( 'NONE', *, *, #3121, .T. ) ;
#4054 = DIRECTION ( 'NONE',  ( -0.000000000000000000, 0.8028287771104243298, -0.5962096566170164147 ) ) ;
#4055 = ORIENTED_EDGE ( 'NONE', *, *, #2804, .T. ) ;
#4056 = ADVANCED_FACE ( 'NONE', ( #537 ), #8056, .F. ) ;
#4057 = CARTESIAN_POINT ( 'NONE',  ( 0.9470000000000003970, 0.6500000000000000222, 2.205499999999999794 ) ) ;
#4058 = DIRECTION ( 'NONE',  ( 0.000000000000000000, -0.8028287771104236636, -0.5962096566170171918 ) ) ;
#4059 = ORIENTED_EDGE ( 'NONE', *, *, #1619, .F. ) ;
#4060 = DIRECTION ( 'NONE',  ( 1.000000000000000000, -0.000000000000000000, -0.000000000000000000 ) ) ;
#4061 = EDGE_LOOP ( 'NONE', ( #2270, #8050, #5846, #2021 ) ) ;
#4062 = VECTOR ( 'NONE', #7491, 1000.000000000000000 ) ;
#4063 = ORIENTED_EDGE ( 'NONE', *, *, #3659, .F. ) ;
#4064 = CARTESIAN_POINT ( 'NONE',  ( 3.824500000000000011, 0.7125687761248744589, -0.5924438146274771944 ) ) ;
#4065 = DIRECTION ( 'NONE',  ( 1.000000000000000000, 0.000000000000000000, 0.000000000000000000 ) ) ;
#4066 = CARTESIAN_POINT ( 'NONE',  ( 4.094500000000000028, 1.071938878923327065, -0.2853126666036561732 ) ) ;
#4067 = CARTESIAN_POINT ( 'NONE',  ( 3.094500000000000028, 0.6749881066967827747, 3.950000000000000178 ) ) ;
#4068 = AXIS2_PLACEMENT_3D ( 'NONE', #8722, #2479, #353 ) ;
#4069 = ORIENTED_EDGE ( 'NONE', *, *, #9046, .F. ) ;
#4070 = EDGE_LOOP ( 'NONE', ( #6255, #8280, #207, #3236 ) ) ;
#4071 = STYLED_ITEM ( 'NONE', ( #476 ), #1737 ) ;
#4072 = CARTESIAN_POINT ( 'NONE',  ( 1.824500000000000233, 0.8120209656617016769, 3.602896660954242769 ) ) ;
#4073 = VERTEX_POINT ( 'NONE', #5873 ) ;
#4074 = EDGE_LOOP ( 'NONE', ( #5084, #7241, #2461, #5268, #2131, #1691, #2657, #8917, #3344, #8239, #5165, #8964 ) ) ;
#4075 = DIRECTION ( 'NONE',  ( 1.000000000000000000, 0.000000000000000000, 0.000000000000000000 ) ) ;
#4076 = ORIENTED_EDGE ( 'NONE', *, *, #5355, .F. ) ;
#4077 = CARTESIAN_POINT ( 'NONE',  ( 3.594500000000000028, 1.119999999999999885, 0.000000000000000000 ) ) ;
#4078 = VECTOR ( 'NONE', #1181, 1000.000000000000000 ) ;
#4079 = DIRECTION ( 'NONE',  ( 0.000000000000000000, -1.000000000000000000, 0.000000000000000000 ) ) ;
#4080 = ORIENTED_EDGE ( 'NONE', *, *, #5218, .T. ) ;
#4081 = ORIENTED_EDGE ( 'NONE', *, *, #6455, .T. ) ;
#4082 = ORIENTED_EDGE ( 'NONE', *, *, #568, .T. ) ;
#4083 = EDGE_LOOP ( 'NONE', ( #3782, #2035, #7943, #1932 ) ) ;
#4084 = DIRECTION ( 'NONE',  ( 0.000000000000000000, 0.000000000000000000, -1.000000000000000000 ) ) ;
#4085 = DIRECTION ( 'NONE',  ( 0.000000000000000000, -0.1045284632676515141, -0.9945218953682735119 ) ) ;
#4086 = VERTEX_POINT ( 'NONE', #7248 ) ;
#4087 = LINE ( 'NONE', #3777, #3568 ) ;
#4088 = VERTEX_POINT ( 'NONE', #3814 ) ;
#4089 = DIRECTION ( 'NONE',  ( 0.000000000000000000, 0.000000000000000000, -1.000000000000000000 ) ) ;
#4090 = ORIENTED_EDGE ( 'NONE', *, *, #8585, .T. ) ;
#4091 = CARTESIAN_POINT ( 'NONE',  ( 3.824500000000000011, 0.8399999999999998579, 3.108792087519462122 ) ) ;
#4092 = ORIENTED_EDGE ( 'NONE', *, *, #2192, .T. ) ;
#4093 = EDGE_CURVE ( 'NONE', #7915, #3220, #765, .T. ) ;
#4094 = COLOUR_RGB ( '',0.8941176470588234615, 0.9137254901960784048, 0.9294117647058823817 ) ;
#4095 = CARTESIAN_POINT ( 'NONE',  ( 3.594500000000000028, 1.000393720129284736, 3.188973213350405178 ) ) ;
#4096 = CARTESIAN_POINT ( 'NONE',  ( 2.594500000000000028, 0.7523999999999998467, -0.5226137832432001806 ) ) ;
#4097 = CARTESIAN_POINT ( 'NONE',  ( 0.8245000000000001217, 0.6749881066967827747, 3.950000000000000178 ) ) ;
#4098 = VERTEX_POINT ( 'NONE', #1002 ) ;
#4099 = VERTEX_POINT ( 'NONE', #3147 ) ;
#4100 = CARTESIAN_POINT ( 'NONE',  ( 2.094500000000000028, 0.8120209656617016769, 3.602896660954242769 ) ) ;
#4101 = ORIENTED_EDGE ( 'NONE', *, *, #8819, .T. ) ;
#4102 = DIRECTION ( 'NONE',  ( 1.000000000000000000, -0.000000000000000000, -0.000000000000000000 ) ) ;
#4103 = ADVANCED_FACE ( 'NONE', ( #3695 ), #389, .F. ) ;
#4104 = DIRECTION ( 'NONE',  ( 0.000000000000000000, -1.000000000000000000, 0.000000000000000000 ) ) ;
#4105 = FACE_OUTER_BOUND ( 'NONE', #1239, .T. ) ;
#4106 = CARTESIAN_POINT ( 'NONE',  ( 0.7983767868419442415, 0.6055189247373894412, 0.09837678684194414713 ) ) ;
#4107 = EDGE_CURVE ( 'NONE', #1233, #5431, #6309, .T. ) ;
#4108 = EDGE_CURVE ( 'NONE', #4196, #3562, #5958, .T. ) ;
#4109 = CARTESIAN_POINT ( 'NONE',  ( 3.324500000000000011, 0.6749881066967827747, 3.950000000000000178 ) ) ;
#4110 = DIRECTION ( 'NONE',  ( 0.000000000000000000, 0.8028287771104243298, 0.5962096566170164147 ) ) ;
#4111 = SURFACE_STYLE_USAGE ( .BOTH. , #6960 ) ;
#4112 = EDGE_LOOP ( 'NONE', ( #194, #4518, #3669, #2557, #8235, #1862, #4178, #1540, #2241, #6089, #3306, #612 ) ) ;
#4113 = CARTESIAN_POINT ( 'NONE',  ( 4.324500000000000455, 1.000393720129284736, -0.1889732133504053169 ) ) ;
#4114 = FACE_OUTER_BOUND ( 'NONE', #1706, .T. ) ;
#4115 = CARTESIAN_POINT ( 'NONE',  ( 2.824500000000000011, 0.7125687761248744589, -0.5924438146274771944 ) ) ;
#4116 = FACE_OUTER_BOUND ( 'NONE', #2143, .T. ) ;
#4117 = CARTESIAN_POINT ( 'NONE',  ( 3.094500000000000028, 0.8120209656617016769, -0.6028966609542426580 ) ) ;
#4118 = ORIENTED_EDGE ( 'NONE', *, *, #3291, .T. ) ;
#4119 = DIRECTION ( 'NONE',  ( -0.000000000000000000, -0.000000000000000000, -1.000000000000000000 ) ) ;
#4120 = MANIFOLD_SOLID_BREP ( 'Mirror1[6]', #2785 ) ;
#4121 = EDGE_CURVE ( 'NONE', #3086, #624, #4648, .T. ) ;
#4122 = PRESENTATION_STYLE_ASSIGNMENT (( #835 ) ) ;
#4123 = PLANE ( 'NONE',  #383 ) ;
#4124 = LINE ( 'NONE', #4392, #1299 ) ;
#4125 = ORIENTED_EDGE ( 'NONE', *, *, #1241, .F. ) ;
#4126 = DIRECTION ( 'NONE',  ( 0.000000000000000000, 0.000000000000000000, 1.000000000000000000 ) ) ;
#4127 = CARTESIAN_POINT ( 'NONE',  ( 1.347000000000000419, 0.5999999999999999778, 2.445499999999999563 ) ) ;
#4128 = ORIENTED_EDGE ( 'NONE', *, *, #4944, .T. ) ;
#4129 = VECTOR ( 'NONE', #5294, 1000.000000000000000 ) ;
#4130 = CARTESIAN_POINT ( 'NONE',  ( 5.719500000000000917, 1.119999999999999885, 3.000000000000000000 ) ) ;
#4131 = ORIENTED_EDGE ( 'NONE', *, *, #5659, .F. ) ;
#4132 = VECTOR ( 'NONE', #3612, 1000.000000000000000 ) ;
#4133 = DIRECTION ( 'NONE',  ( -1.000000000000000000, -0.000000000000000000, -0.000000000000000000 ) ) ;
#4134 = DIRECTION ( 'NONE',  ( 1.000000000000000000, 0.000000000000000000, 0.000000000000000000 ) ) ;
#4135 = ORIENTED_EDGE ( 'NONE', *, *, #3586, .F. ) ;
#4136 = DIRECTION ( 'NONE',  ( 0.000000000000000000, 0.000000000000000000, -1.000000000000000000 ) ) ;
#4137 = ORIENTED_EDGE ( 'NONE', *, *, #1326, .T. ) ;
#4138 = LINE ( 'NONE', #5240, #23 ) ;
#4139 = CARTESIAN_POINT ( 'NONE',  ( 3.324500000000000011, 0.8120209656617016769, 3.602896660954242769 ) ) ;
#4140 = ADVANCED_FACE ( 'NONE', ( #1842 ), #7966, .T. ) ;
#4141 = DIRECTION ( 'NONE',  ( 0.000000000000000000, 0.1045284632676540260, 0.9945218953682732899 ) ) ;
#4142 = CARTESIAN_POINT ( 'NONE',  ( 2.824500000000000011, 0.8996209656617012440, -0.1890749652305044881 ) ) ;
#4143 = AXIS2_PLACEMENT_3D ( 'NONE', #9042, #1294, #1912 ) ;
#4144 = AXIS2_PLACEMENT_3D ( 'NONE', #6346, #3074, #315 ) ;
#4145 = LINE ( 'NONE', #6897, #7656 ) ;
#4146 = CARTESIAN_POINT ( 'NONE',  ( 4.492000000000000881, 0.6499999999999999112, 2.445500000000000007 ) ) ;
#4147 = FACE_OUTER_BOUND ( 'NONE', #1499, .T. ) ;
#4148 = EDGE_CURVE ( 'NONE', #2751, #5061, #6074, .T. ) ;
#4149 = VECTOR ( 'NONE', #7916, 1000.000000000000000 ) ;
#4150 = ADVANCED_FACE ( 'NONE', ( #9072 ), #2601, .F. ) ;
#4151 = EDGE_CURVE ( 'NONE', #2691, #6211, #7749, .T. ) ;
#4152 = DIRECTION ( 'NONE',  ( 0.000000000000000000, 1.000000000000000000, 0.000000000000000000 ) ) ;
#4153 = DIRECTION ( 'NONE',  ( -1.000000000000000000, 0.000000000000000000, 0.000000000000000000 ) ) ;
#4154 = VECTOR ( 'NONE', #5325, 1000.000000000000000 ) ;
#4155 = VECTOR ( 'NONE', #5079, 1000.000000000000000 ) ;
#4156 = AXIS2_PLACEMENT_3D ( 'NONE', #8000, #1791, #5819 ) ;
#4157 = VECTOR ( 'NONE', #5553, 1000.000000000000000 ) ;
#4158 = DIRECTION ( 'NONE',  ( 0.000000000000000000, 0.000000000000000000, 1.000000000000000000 ) ) ;
#4159 = LINE ( 'NONE', #7039, #3085 ) ;
#4160 = VERTEX_POINT ( 'NONE', #1874 ) ;
#4161 = DIRECTION ( 'NONE',  ( 1.000000000000000000, -0.000000000000000000, -0.000000000000000000 ) ) ;
#4162 = DIRECTION ( 'NONE',  ( 0.000000000000000000, 0.9729913731149246736, 0.2308414777372849447 ) ) ;
#4163 = ORIENTED_EDGE ( 'NONE', *, *, #4621, .F. ) ;
#4164 = EDGE_CURVE ( 'NONE', #6442, #7595, #8840, .T. ) ;
#4165 = LINE ( 'NONE', #8204, #4695 ) ;
#4166 = DIRECTION ( 'NONE',  ( 0.000000000000000000, -0.000000000000000000, -1.000000000000000000 ) ) ;
#4167 = LINE ( 'NONE', #5539, #2328 ) ;
#4168 = EDGE_LOOP ( 'NONE', ( #6154, #3975, #7837, #2008 ) ) ;
#4169 = EDGE_CURVE ( 'NONE', #1531, #3403, #2054, .T. ) ;
#4170 = ORIENTED_EDGE ( 'NONE', *, *, #8269, .T. ) ;
#4171 = DIRECTION ( 'NONE',  ( 1.000000000000000000, -0.000000000000000000, -0.000000000000000000 ) ) ;
#4172 = DIRECTION ( 'NONE',  ( 0.000000000000000000, 0.000000000000000000, 1.000000000000000000 ) ) ;
#4173 = DIRECTION ( 'NONE',  ( -1.000000000000000000, -0.000000000000000000, -0.000000000000000000 ) ) ;
#4174 = AXIS2_PLACEMENT_3D ( 'NONE', #7426, #8151, #576 ) ;
#4175 = DIRECTION ( 'NONE',  ( 0.000000000000000000, 0.000000000000000000, 1.000000000000000000 ) ) ;
#4176 = EDGE_LOOP ( 'NONE', ( #6290, #7242, #8830, #3445 ) ) ;
#4177 = LINE ( 'NONE', #2492, #1795 ) ;
#4178 = ORIENTED_EDGE ( 'NONE', *, *, #278, .F. ) ;
#4179 = CARTESIAN_POINT ( 'NONE',  ( 4.492000000000000881, 0.5999999999999999778, 2.445500000000000007 ) ) ;
#4180 = CARTESIAN_POINT ( 'NONE',  ( 3.594500000000000028, 0.8996209656617012440, 3.189074965230504599 ) ) ;
#4181 = EDGE_CURVE ( 'NONE', #839, #300, #3249, .T. ) ;
#4182 = ORIENTED_EDGE ( 'NONE', *, *, #8587, .F. ) ;
#4183 = AXIS2_PLACEMENT_3D ( 'NONE', #8312, #4813, #2802 ) ;
#4184 = VERTEX_POINT ( 'NONE', #1261 ) ;
#4185 = VECTOR ( 'NONE', #7627, 999.9999999999998863 ) ;
#4186 = ORIENTED_EDGE ( 'NONE', *, *, #3357, .T. ) ;
#4187 = PLANE ( 'NONE',  #1289 ) ;
#4188 = ADVANCED_FACE ( 'NONE', ( #3790 ), #3261, .F. ) ;
#4189 = LINE ( 'NONE', #3880, #4078 ) ;
#4190 = EDGE_LOOP ( 'NONE', ( #1049, #6244, #7034, #4787 ) ) ;
#4191 = EDGE_LOOP ( 'NONE', ( #1367, #6599, #420, #7053 ) ) ;
#4192 = CARTESIAN_POINT ( 'NONE',  ( 2.824500000000000011, 0.6749881066967827747, -0.9500000000000002887 ) ) ;
#4193 = DIRECTION ( 'NONE',  ( 0.000000000000000000, 0.000000000000000000, 1.000000000000000000 ) ) ;
#4194 = VERTEX_POINT ( 'NONE', #512 ) ;
#4195 =( NAMED_UNIT ( * ) SI_UNIT ( $, .STERADIAN. ) SOLID_ANGLE_UNIT ( ) );
#4196 = VERTEX_POINT ( 'NONE', #3241 ) ;
#4197 = AXIS2_PLACEMENT_3D ( 'NONE', #1073, #2468, #6629 ) ;
#4198 = ORIENTED_EDGE ( 'NONE', *, *, #1348, .T. ) ;
#4199 = LINE ( 'NONE', #4402, #2359 ) ;
#4200 = EDGE_CURVE ( 'NONE', #7933, #3079, #3991, .T. ) ;
#4201 = CARTESIAN_POINT ( 'NONE',  ( 4.324500000000000455, 1.000393720129284736, -0.1889732133504053169 ) ) ;
#4202 = ORIENTED_EDGE ( 'NONE', *, *, #6620, .T. ) ;
#4203 = ADVANCED_FACE ( 'NONE', ( #7081 ), #1404, .T. ) ;
#4204 = DIRECTION ( 'NONE',  ( 1.000000000000000000, 0.000000000000000000, 0.000000000000000000 ) ) ;
#4205 = CLOSED_SHELL ( 'NONE', ( #8126, #3948, #2661, #3473, #1360, #2288, #977, #7412, #6411, #1970, #5651, #1958, #3911, #8298 ) ) ;
#4206 = DIRECTION ( 'NONE',  ( 0.000000000000000000, 0.000000000000000000, 1.000000000000000000 ) ) ;
#4207 = LINE ( 'NONE', #201, #8930 ) ;
#4208 = ORIENTED_EDGE ( 'NONE', *, *, #6611, .T. ) ;
#4209 = DIRECTION ( 'NONE',  ( 0.000000000000000000, 0.000000000000000000, 1.000000000000000000 ) ) ;
#4210 = LINE ( 'NONE', #7435, #8502 ) ;
#4211 = DIRECTION ( 'NONE',  ( -1.000000000000000000, 0.000000000000000000, 0.000000000000000000 ) ) ;
#4212 = ORIENTED_EDGE ( 'NONE', *, *, #3556, .T. ) ;
#4214 = EDGE_CURVE ( 'NONE', #8384, #5903, #5088, .T. ) ;
#4213 = CARTESIAN_POINT ( 'NONE',  ( 4.594500000000000028, 0.9399999999999997247, 3.108792087519461678 ) ) ;
#4215 = MECHANICAL_DESIGN_GEOMETRIC_PRESENTATION_REPRESENTATION (  '', ( #3158 ), #4660 ) ;
#4216 = EDGE_LOOP ( 'NONE', ( #7476, #1380, #7625, #7383 ) ) ;
#4217 = AXIS2_PLACEMENT_3D ( 'NONE', #521, #5348, #6685 ) ;
#4218 = AXIS2_PLACEMENT_3D ( 'NONE', #2289, #2203, #4914 ) ;
#4219 =( NAMED_UNIT ( * ) PLANE_ANGLE_UNIT ( ) SI_UNIT ( $, .RADIAN. ) );
#4220 = ORIENTED_EDGE ( 'NONE', *, *, #2635, .F. ) ;
#4221 = CARTESIAN_POINT ( 'NONE',  ( 2.594500000000000028, 0.9399999999999998357, 0.000000000000000000 ) ) ;
#4222 = EDGE_CURVE ( 'NONE', #7273, #4417, #5400, .T. ) ;
#4223 = CARTESIAN_POINT ( 'NONE',  ( 2.324500000000000011, 0.6450822618089369076, 3.378104603363324188 ) ) ;
#4224 = EDGE_CURVE ( 'NONE', #6303, #3857, #112, .T. ) ;
#4225 = ORIENTED_EDGE ( 'NONE', *, *, #6062, .T. ) ;
#4226 = CARTESIAN_POINT ( 'NONE',  ( 2.324500000000000011, 0.4984000000000007313, 3.908104603363323548 ) ) ;
#4227 = DIRECTION ( 'NONE',  ( 0.000000000000000000, 0.1045284632676540260, 0.9945218953682732899 ) ) ;
#4228 = DIRECTION ( 'NONE',  ( 0.000000000000000000, -0.8028287771104236636, 0.5962096566170171918 ) ) ;
#4229 = VECTOR ( 'NONE', #6677, 1000.000000000000114 ) ;
#4230 = AXIS2_PLACEMENT_3D ( 'NONE', #822, #4952, #2207 ) ;
#4231 = CARTESIAN_POINT ( 'NONE',  ( 0.8245000000000001217, 0.7125687761248744589, 3.592443814627477305 ) ) ;
#4232 = DIRECTION ( 'NONE',  ( -1.000000000000000000, 0.000000000000000000, 0.000000000000000000 ) ) ;
#4233 = CARTESIAN_POINT ( 'NONE',  ( 2.824500000000000011, 0.7125687761248743479, -0.5924438146274771944 ) ) ;
#4234 = ORIENTED_EDGE ( 'NONE', *, *, #3271, .F. ) ;
#4235 = DIRECTION ( 'NONE',  ( 0.000000000000000000, 0.000000000000000000, -1.000000000000000000 ) ) ;
#4236 = EDGE_CURVE ( 'NONE', #6292, #8946, #2385, .T. ) ;
#4237 = CIRCLE ( 'NONE', #7092, 0.2799999999999999711 ) ;
#4238 = DIRECTION ( 'NONE',  ( 0.000000000000000000, 0.000000000000000000, -1.000000000000000000 ) ) ;
#4239 = CARTESIAN_POINT ( 'NONE',  ( 4.594500000000000028, 0.8120209656617016769, 3.602896660954242769 ) ) ;
#4240 = VECTOR ( 'NONE', #5521, 1000.000000000000227 ) ;
#4241 = SURFACE_SIDE_STYLE ('',( #5774 ) ) ;
#4242 = ADVANCED_FACE ( 'NONE', ( #7858 ), #6153, .F. ) ;
#4243 = VERTEX_POINT ( 'NONE', #1344 ) ;
#4244 = CARTESIAN_POINT ( 'NONE',  ( 2.324500000000000011, 0.6749881066967827747, 3.950000000000000178 ) ) ;
#4245 = FACE_OUTER_BOUND ( 'NONE', #7414, .T. ) ;
#4246 = ORIENTED_EDGE ( 'NONE', *, *, #2630, .F. ) ;
#4247 = CARTESIAN_POINT ( 'NONE',  ( 4.594500000000000028, 1.119999999999999885, 3.000000000000000000 ) ) ;
#4248 = CARTESIAN_POINT ( 'NONE',  ( 2.824500000000000011, 0.9399999999999997247, 3.108792087519461678 ) ) ;
#4249 =( GEOMETRIC_REPRESENTATION_CONTEXT ( 3 ) GLOBAL_UNCERTAINTY_ASSIGNED_CONTEXT ( ( #5740 ) ) GLOBAL_UNIT_ASSIGNED_CONTEXT ( ( #6361, #4219, #3524 ) ) REPRESENTATION_CONTEXT ( 'NONE', 'WORKASPACE' ) );
#4250 = ORIENTED_EDGE ( 'NONE', *, *, #1446, .T. ) ;
#4251 = AXIS2_PLACEMENT_3D ( 'NONE', #6286, #6214, #5525 ) ;
#4253 = CARTESIAN_POINT ( 'NONE',  ( 4.092000000000001414, 0.6500000000000000222, 0.6745000000000010987 ) ) ;
#4252 = VECTOR ( 'NONE', #3096, 1000.000000000000000 ) ;
#4254 = CARTESIAN_POINT ( 'NONE',  ( 1.324500000000000233, 0.9399999999999997247, 3.108792087519461678 ) ) ;
#4255 = ORIENTED_EDGE ( 'NONE', *, *, #6660, .T. ) ;
#4256 = LINE ( 'NONE', #5632, #2852 ) ;
#4257 = CYLINDRICAL_SURFACE ( 'NONE', #8392, 0.02000000000000005246 ) ;
#4258 = PLANE ( 'NONE',  #3998 ) ;
#4259 = PLANE ( 'NONE',  #655 ) ;
#4260 = VECTOR ( 'NONE', #6381, 1000.000000000000000 ) ;
#4261 = CARTESIAN_POINT ( 'NONE',  ( 3.824500000000000011, 0.7523999999999998467, -0.5226137832432001806 ) ) ;
#4262 = VECTOR ( 'NONE', #3740, 1000.000000000000114 ) ;
#4263 = VECTOR ( 'NONE', #5188, 1000.000000000000227 ) ;
#4264 = DIRECTION ( 'NONE',  ( 1.000000000000000000, -0.000000000000000000, -0.000000000000000000 ) ) ;
#4265 = DIRECTION ( 'NONE',  ( 1.000000000000000000, 0.000000000000000000, 0.000000000000000000 ) ) ;
#4266 = EDGE_CURVE ( 'NONE', #1056, #2389, #1731, .T. ) ;
#4267 = AXIS2_PLACEMENT_3D ( 'NONE', #2494, #403, #2523 ) ;
#4268 = CARTESIAN_POINT ( 'NONE',  ( 3.824500000000000011, 1.119999999999999885, 3.179260447756191432 ) ) ;
#4269 = LINE ( 'NONE', #8995, #3727 ) ;
#4270 = LINE ( 'NONE', #5484, #2427 ) ;
#4271 = CIRCLE ( 'NONE', #8503, 0.09999999999999982514 ) ;
#4272 = PRESENTATION_STYLE_ASSIGNMENT (( #863 ) ) ;
#4273 = ORIENTED_EDGE ( 'NONE', *, *, #6771, .T. ) ;
#4274 = DIRECTION ( 'NONE',  ( -1.000000000000000000, 0.000000000000000000, 0.000000000000000000 ) ) ;
#4275 = ORIENTED_EDGE ( 'NONE', *, *, #4608, .T. ) ;
#4276 = EDGE_CURVE ( 'NONE', #2744, #417, #2587, .T. ) ;
#4277 = CARTESIAN_POINT ( 'NONE',  ( 1.324500000000000233, 1.000393720129284736, 3.188973213350405178 ) ) ;
#4278 = CARTESIAN_POINT ( 'NONE',  ( 1.094500000000000028, 0.8120209656617016769, -0.6028966609542426580 ) ) ;
#4279 = VERTEX_POINT ( 'NONE', #5558 ) ;
#4280 = AXIS2_PLACEMENT_3D ( 'NONE', #8209, #1151, #4570 ) ;
#4281 = DIRECTION ( 'NONE',  ( 1.000000000000000000, 0.000000000000000000, 0.000000000000000000 ) ) ;
#4282 = FACE_OUTER_BOUND ( 'NONE', #8813, .T. ) ;
#4283 = VERTEX_POINT ( 'NONE', #3480 ) ;
#4284 = ORIENTED_EDGE ( 'NONE', *, *, #6833, .F. ) ;
#4285 = CARTESIAN_POINT ( 'NONE',  ( 0.8245000000000001217, 1.119999999999999885, -0.1792604477561911547 ) ) ;
#4286 = PLANE ( 'NONE',  #5296 ) ;
#4287 = EDGE_CURVE ( 'NONE', #1603, #8970, #9065, .T. ) ;
#4288 = ORIENTED_EDGE ( 'NONE', *, *, #1418, .T. ) ;
#4289 = EDGE_CURVE ( 'NONE', #8747, #7273, #3689, .T. ) ;
#4290 = CARTESIAN_POINT ( 'NONE',  ( 4.324500000000000455, 0.5335548349585852446, -0.5736286912392993820 ) ) ;
#4291 = ORIENTED_EDGE ( 'NONE', *, *, #8585, .F. ) ;
#4292 = VECTOR ( 'NONE', #3823, 1000.000000000000000 ) ;
#4293 = ORIENTED_EDGE ( 'NONE', *, *, #7494, .T. ) ;
#4294 = ADVANCED_FACE ( 'NONE', ( #1078 ), #1836, .T. ) ;
#4295 = CARTESIAN_POINT ( 'NONE',  ( 3.324500000000000011, 0.5335548349585852446, 3.573628691239299382 ) ) ;
#4296 = DIRECTION ( 'NONE',  ( 0.000000000000000000, -0.1045284632676515280, 0.9945218953682736229 ) ) ;
#4297 = MANIFOLD_SOLID_BREP ( 'Mirror1[7]', #1263 ) ;
#4298 = CARTESIAN_POINT ( 'NONE',  ( 3.324500000000000011, 0.6749881066967827747, -0.9500000000000002887 ) ) ;
#4299 = VERTEX_POINT ( 'NONE', #1960 ) ;
#4300 = ORIENTED_EDGE ( 'NONE', *, *, #3415, .F. ) ;
#4301 = DIRECTION ( 'NONE',  ( 0.000000000000000000, 0.000000000000000000, 1.000000000000000000 ) ) ;
#4302 = VERTEX_POINT ( 'NONE', #1287 ) ;
#4303 = ORIENTED_EDGE ( 'NONE', *, *, #8113, .T. ) ;
#4304 = EDGE_CURVE ( 'NONE', #7595, #3654, #8833, .T. ) ;
#4305 = ORIENTED_EDGE ( 'NONE', *, *, #2481, .T. ) ;
#4306 = CARTESIAN_POINT ( 'NONE',  ( 0.9470000000000003970, 0.6500000000000000222, 2.205499999999999794 ) ) ;
#4307 = AXIS2_PLACEMENT_3D ( 'NONE', #313, #2987, #989 ) ;
#4308 = VECTOR ( 'NONE', #6741, 1000.000000000000000 ) ;
#4309 = ORIENTED_EDGE ( 'NONE', *, *, #3065, .F. ) ;
#4310 = ORIENTED_EDGE ( 'NONE', *, *, #6497, .F. ) ;
#4311 = FILL_AREA_STYLE_COLOUR ( '', #1085 ) ;
#4312 = FILL_AREA_STYLE ('',( #6366 ) ) ;
#4313 = VERTEX_POINT ( 'NONE', #604 ) ;
#4314 = ORIENTED_EDGE ( 'NONE', *, *, #4148, .T. ) ;
#4315 = CARTESIAN_POINT ( 'NONE',  ( 2.094500000000000028, 0.8399999999999998579, -0.1087920875194620801 ) ) ;
#4316 = ORIENTED_EDGE ( 'NONE', *, *, #4959, .T. ) ;
#4317 = VECTOR ( 'NONE', #1246, 1000.000000000000000 ) ;
#4318 = DIRECTION ( 'NONE',  ( 0.000000000000000000, 0.000000000000000000, -1.000000000000000000 ) ) ;
#4319 = ORIENTED_EDGE ( 'NONE', *, *, #1234, .T. ) ;
#4320 = ORIENTED_EDGE ( 'NONE', *, *, #1666, .T. ) ;
#4321 = CARTESIAN_POINT ( 'NONE',  ( 1.824500000000000233, 1.000393720129284736, 3.188973213350405178 ) ) ;
#4322 = ORIENTED_EDGE ( 'NONE', *, *, #3291, .F. ) ;
#4323 = EDGE_CURVE ( 'NONE', #4821, #5080, #4752, .T. ) ;
#4324 = CARTESIAN_POINT ( 'NONE',  ( 4.324500000000000455, 1.119999999999999885, 3.179260447756191432 ) ) ;
#4325 = CARTESIAN_POINT ( 'NONE',  ( 1.324500000000000233, 0.6450822618089369076, -0.3781046033633239101 ) ) ;
#4326 = VECTOR ( 'NONE', #7085, 1000.000000000000000 ) ;
#4327 = DIRECTION ( 'NONE',  ( -0.000000000000000000, 0.8028287771104243298, -0.5962096566170164147 ) ) ;
#4328 = EDGE_CURVE ( 'NONE', #6440, #3326, #3242, .T. ) ;
#4329 = EDGE_LOOP ( 'NONE', ( #378, #523, #4337, #1949 ) ) ;
#4330 = DIRECTION ( 'NONE',  ( 0.000000000000000000, 0.000000000000000000, 1.000000000000000000 ) ) ;
#4331 = ORIENTED_EDGE ( 'NONE', *, *, #5313, .T. ) ;
#4332 =( NAMED_UNIT ( * ) SI_UNIT ( $, .STERADIAN. ) SOLID_ANGLE_UNIT ( ) );
#4333 = EDGE_CURVE ( 'NONE', #4624, #64, #8181, .T. ) ;
#4334 = FACE_OUTER_BOUND ( 'NONE', #6169, .T. ) ;
#4335 = DIRECTION ( 'NONE',  ( 0.000000000000000000, -0.1045284632676515280, -0.9945218953682736229 ) ) ;
#4336 = ADVANCED_FACE ( 'NONE', ( #4850 ), #8391, .F. ) ;
#4337 = ORIENTED_EDGE ( 'NONE', *, *, #8526, .F. ) ;
#4338 = DIRECTION ( 'NONE',  ( 1.000000000000000000, -0.000000000000000000, -0.000000000000000000 ) ) ;
#4339 = LINE ( 'NONE', #5848, #6735 ) ;
#4340 = EDGE_CURVE ( 'NONE', #3219, #2022, #6296, .T. ) ;
#4341 = CARTESIAN_POINT ( 'NONE',  ( 3.824500000000000011, 0.9399999999999998357, 3.000000000000000000 ) ) ;
#4342 = LINE ( 'NONE', #8170, #6853 ) ;
#4343 = EDGE_CURVE ( 'NONE', #7496, #5103, #6174, .T. ) ;
#4344 = DIRECTION ( 'NONE',  ( 1.000000000000000000, -0.000000000000000000, -0.000000000000000000 ) ) ;
#4345 = CARTESIAN_POINT ( 'NONE',  ( 1.094500000000000028, 0.5335548349585852446, -0.5736286912392993820 ) ) ;
#4346 = CARTESIAN_POINT ( 'NONE',  ( 1.347000000000000641, 0.6500000000000000222, 0.5544999999999995488 ) ) ;
#4347 = ORIENTED_EDGE ( 'NONE', *, *, #4602, .F. ) ;
#4348 = AXIS2_PLACEMENT_3D ( 'NONE', #7888, #5778, #2271 ) ;
#4349 = VECTOR ( 'NONE', #5603, 1000.000000000000227 ) ;
#4350 = FACE_OUTER_BOUND ( 'NONE', #3016, .T. ) ;
#4351 = DIRECTION ( 'NONE',  ( 0.000000000000000000, 0.1045284632676540260, 0.9945218953682732899 ) ) ;
#4352 = CARTESIAN_POINT ( 'NONE',  ( 4.739000000000000767, 1.119999999999999885, 3.000000000000000000 ) ) ;
#4353 = ORIENTED_EDGE ( 'NONE', *, *, #2445, .F. ) ;
#4354 = DIRECTION ( 'NONE',  ( 0.000000000000000000, -0.1045284632676515280, 0.9945218953682736229 ) ) ;
#4355 = ORIENTED_EDGE ( 'NONE', *, *, #6910, .F. ) ;
#4356 = DIRECTION ( 'NONE',  ( 0.000000000000000000, 0.000000000000000000, -1.000000000000000000 ) ) ;
#4357 = DIRECTION ( 'NONE',  ( 1.000000000000000000, -0.000000000000000000, -0.000000000000000000 ) ) ;
#4358 = LINE ( 'NONE', #6007, #4129 ) ;
#4359 = ORIENTED_EDGE ( 'NONE', *, *, #8145, .F. ) ;
#4360 = CARTESIAN_POINT ( 'NONE',  ( 2.094500000000000028, 1.119999999999999885, 3.179260447756191432 ) ) ;
#4361 = LINE ( 'NONE', #8362, #4459 ) ;
#4362 = ORIENTED_EDGE ( 'NONE', *, *, #1505, .T. ) ;
#4363 = LINE ( 'NONE', #1725, #2513 ) ;
#4364 = ORIENTED_EDGE ( 'NONE', *, *, #330, .T. ) ;
#4365 = LINE ( 'NONE', #5742, #350 ) ;
#4366 = DIRECTION ( 'NONE',  ( 1.000000000000000000, -0.000000000000000000, -0.000000000000000000 ) ) ;
#4367 = CARTESIAN_POINT ( 'NONE',  ( 1.324500000000000233, 0.7125687761248743479, 3.592443814627477305 ) ) ;
#4368 = LINE ( 'NONE', #2984, #3620 ) ;
#4369 = LINE ( 'NONE', #4690, #903 ) ;
#4370 = PLANE ( 'NONE',  #4736 ) ;
#4371 = AXIS2_PLACEMENT_3D ( 'NONE', #5460, #2011, #6882 ) ;
#4372 = AXIS2_PLACEMENT_3D ( 'NONE', #3735, #2397, #8186 ) ;
#4373 = CARTESIAN_POINT ( 'NONE',  ( 4.142000000000000348, 0.5999999999999999778, 0.7945000000000000950 ) ) ;
#4374 = COLOUR_RGB ( '',0.8941176470588234615, 0.9137254901960784048, 0.9294117647058823817 ) ;
#4375 = VECTOR ( 'NONE', #3317, 1000.000000000000000 ) ;
#4376 = DIRECTION ( 'NONE',  ( 1.000000000000000000, 0.000000000000000000, 0.000000000000000000 ) ) ;
#4377 = SURFACE_STYLE_FILL_AREA ( #820 ) ;
#4378 = VECTOR ( 'NONE', #1909, 1000.000000000000000 ) ;
#4379 = DIRECTION ( 'NONE',  ( 1.000000000000000000, -0.000000000000000000, -0.000000000000000000 ) ) ;
#4380 = ADVANCED_FACE ( 'NONE', ( #6517 ), #6957, .F. ) ;
#4381 = CARTESIAN_POINT ( 'NONE',  ( 2.324500000000000011, 0.6749881066967827747, 3.950000000000000178 ) ) ;
#4382 = CARTESIAN_POINT ( 'NONE',  ( 4.492000000000000881, 0.5999999999999999778, 2.445500000000000007 ) ) ;
#4383 = ORIENTED_EDGE ( 'NONE', *, *, #6375, .F. ) ;
#4384 = DIRECTION ( 'NONE',  ( 0.000000000000000000, 0.000000000000000000, 1.000000000000000000 ) ) ;
#4385 = VERTEX_POINT ( 'NONE', #8483 ) ;
#4386 = DIRECTION ( 'NONE',  ( 1.000000000000000000, -0.000000000000000000, -0.000000000000000000 ) ) ;
#4387 = EDGE_LOOP ( 'NONE', ( #1202, #2454, #8912, #7182 ) ) ;
#4388 = LINE ( 'NONE', #6109, #702 ) ;
#4389 = AXIS2_PLACEMENT_3D ( 'NONE', #3563, #7785, #8495 ) ;
#4390 = CIRCLE ( 'NONE', #6892, 0.09999999999999982514 ) ;
#4391 = EDGE_LOOP ( 'NONE', ( #5213, #5825, #6938, #1564 ) ) ;
#4392 = CARTESIAN_POINT ( 'NONE',  ( 4.492000000000000881, 0.5999999999999999778, 0.7944999999999996509 ) ) ;
#4393 = ORIENTED_EDGE ( 'NONE', *, *, #4017, .F. ) ;
#4394 = ORIENTED_EDGE ( 'NONE', *, *, #8182, .T. ) ;
#4395 = ORIENTED_EDGE ( 'NONE', *, *, #3725, .T. ) ;
#4396 = CIRCLE ( 'NONE', #7374, 0.09999999999999993616 ) ;
#4397 = ORIENTED_EDGE ( 'NONE', *, *, #6401, .T. ) ;
#4398 = EDGE_CURVE ( 'NONE', #3786, #4194, #4641, .T. ) ;
#4399 = DIRECTION ( 'NONE',  ( 1.000000000000000000, -0.000000000000000000, -0.000000000000000000 ) ) ;
#4400 = DIRECTION ( 'NONE',  ( 0.000000000000000000, 0.000000000000000000, 1.000000000000000000 ) ) ;
#4401 = MECHANICAL_DESIGN_GEOMETRIC_PRESENTATION_REPRESENTATION (  '', ( #3925 ), #6447 ) ;
#4402 = CARTESIAN_POINT ( 'NONE',  ( 0.7957774489646560756, 0.6143566735201689832, 3.000000000000000000 ) ) ;
#4403 = ORIENTED_EDGE ( 'NONE', *, *, #937, .T. ) ;
#4404 = ORIENTED_EDGE ( 'NONE', *, *, #7315, .F. ) ;
#4405 = LINE ( 'NONE', #6914, #5353 ) ;
#4406 = DIRECTION ( 'NONE',  ( 0.000000000000000000, -0.1045284632676515141, -0.9945218953682735119 ) ) ;
#4407 = CARTESIAN_POINT ( 'NONE',  ( 0.8245000000000001217, 1.119999999999999885, 3.000000000000000000 ) ) ;
#4408 = VERTEX_POINT ( 'NONE', #7744 ) ;
#4409 = CARTESIAN_POINT ( 'NONE',  ( 3.824500000000000011, 0.6749881066967827747, 3.950000000000000178 ) ) ;
#4410 = EDGE_CURVE ( 'NONE', #2117, #8165, #3032, .T. ) ;
#4411 = EDGE_CURVE ( 'NONE', #839, #4533, #2048, .T. ) ;
#4412 = CARTESIAN_POINT ( 'NONE',  ( 4.594500000000000028, 0.5335548349585852446, 3.573628691239299382 ) ) ;
#4413 = ORIENTED_EDGE ( 'NONE', *, *, #8886, .F. ) ;
#4414 = VECTOR ( 'NONE', #6181, 1000.000000000000000 ) ;
#4415 = ORIENTED_EDGE ( 'NONE', *, *, #7892, .F. ) ;
#4416 = CARTESIAN_POINT ( 'NONE',  ( 0.8057526820886830032, 1.460000000000000409, 2.894247317911318174 ) ) ;
#4417 = VERTEX_POINT ( 'NONE', #7022 ) ;
#4418 = CARTESIAN_POINT ( 'NONE',  ( 0.8149647589960815619, 1.459999999999999964, 0.1149647589960807736 ) ) ;
#4419 = EDGE_LOOP ( 'NONE', ( #5925, #7990, #7244, #5828 ) ) ;
#4420 = ORIENTED_EDGE ( 'NONE', *, *, #5535, .F. ) ;
#4421 =( NAMED_UNIT ( * ) SI_UNIT ( $, .STERADIAN. ) SOLID_ANGLE_UNIT ( ) );
#4422 = DIRECTION ( 'NONE',  ( 0.000000000000000000, -1.000000000000000000, 0.000000000000000000 ) ) ;
#4423 = ORIENTED_EDGE ( 'NONE', *, *, #2895, .T. ) ;
#4424 = VECTOR ( 'NONE', #6228, 999.9999999999998863 ) ;
#4425 = ORIENTED_EDGE ( 'NONE', *, *, #4972, .F. ) ;
#4426 = EDGE_LOOP ( 'NONE', ( #7299, #4069, #1107, #8902 ) ) ;
#4427 = CYLINDRICAL_SURFACE ( 'NONE', #2405, 0.09999999999999982514 ) ;
#4428 = ORIENTED_EDGE ( 'NONE', *, *, #5101, .T. ) ;
#4429 = AXIS2_PLACEMENT_3D ( 'NONE', #2945, #3617, #881 ) ;
#4430 = ADVANCED_FACE ( 'NONE', ( #4105 ), #762, .F. ) ;
#4431 = DIRECTION ( 'NONE',  ( 1.000000000000000000, -0.000000000000000000, -0.000000000000000000 ) ) ;
#4432 = LINE ( 'NONE', #6751, #746 ) ;
#4433 = DIRECTION ( 'NONE',  ( 0.000000000000000000, 0.000000000000000000, 1.000000000000000000 ) ) ;
#4434 = AXIS2_PLACEMENT_3D ( 'NONE', #3268, #3958, #5347 ) ;
#4435 = ORIENTED_EDGE ( 'NONE', *, *, #2474, .F. ) ;
#4436 = CARTESIAN_POINT ( 'NONE',  ( 4.324500000000000455, 0.9399999999999998357, 3.000000000000000000 ) ) ;
#4437 = ORIENTED_EDGE ( 'NONE', *, *, #2714, .F. ) ;
#4438 = CARTESIAN_POINT ( 'NONE',  ( 4.324500000000000455, 1.071938878923327065, -0.2853126666036561732 ) ) ;
#4439 = VERTEX_POINT ( 'NONE', #3583 ) ;
#4440 = DIRECTION ( 'NONE',  ( 1.000000000000000000, -0.000000000000000000, -0.000000000000000000 ) ) ;
#4441 = ORIENTED_EDGE ( 'NONE', *, *, #7028, .F. ) ;
#4442 = DIRECTION ( 'NONE',  ( 0.000000000000000000, 0.8028287771104243298, 0.5962096566170164147 ) ) ;
#4443 = ORIENTED_EDGE ( 'NONE', *, *, #5852, .T. ) ;
#4444 =( LENGTH_UNIT ( ) NAMED_UNIT ( * ) SI_UNIT ( .MILLI., .METRE. ) );
#4445 = COLOUR_RGB ( '',0.8941176470588234615, 0.9137254901960784048, 0.9294117647058823817 ) ;
#4446 = CARTESIAN_POINT ( 'NONE',  ( 3.594500000000000028, 0.5335548349585852446, -0.5736286912392993820 ) ) ;
#4447 = VECTOR ( 'NONE', #5978, 1000.000000000000114 ) ;
#4448 = EDGE_CURVE ( 'NONE', #964, #4596, #1180, .T. ) ;
#4449 = VERTEX_POINT ( 'NONE', #2177 ) ;
#4450 = PRESENTATION_LAYER_ASSIGNMENT (  '', '', ( #5845 ) ) ;
#4451 = CARTESIAN_POINT ( 'NONE',  ( 3.324500000000000011, 0.6450822618089369076, 3.378104603363324188 ) ) ;
#4452 = FACE_OUTER_BOUND ( 'NONE', #8920, .T. ) ;
#4453 = FILL_AREA_STYLE ('',( #4566 ) ) ;
#4454 = EDGE_CURVE ( 'NONE', #5159, #6638, #2272, .T. ) ;
#4455 = CARTESIAN_POINT ( 'NONE',  ( 4.492000000000000881, 0.6499999999999999112, 2.205500000000000238 ) ) ;
#4456 = VECTOR ( 'NONE', #4119, 1000.000000000000000 ) ;
#4457 = EDGE_CURVE ( 'NONE', #1704, #8395, #3889, .T. ) ;
#4458 = DIRECTION ( 'NONE',  ( 0.000000000000000000, -1.000000000000000000, 0.000000000000000000 ) ) ;
#4459 = VECTOR ( 'NONE', #6967, 1000.000000000000000 ) ;
#4460 = ORIENTED_EDGE ( 'NONE', *, *, #4011, .T. ) ;
#4461 = FACE_OUTER_BOUND ( 'NONE', #5935, .T. ) ;
#4462 = ORIENTED_EDGE ( 'NONE', *, *, #5136, .T. ) ;
#4463 = CARTESIAN_POINT ( 'NONE',  ( 3.824500000000000011, 0.7523999999999998467, -0.5226137832432001806 ) ) ;
#4464 = CARTESIAN_POINT ( 'NONE',  ( 3.824500000000000011, 0.6749881066967827747, -0.9500000000000002887 ) ) ;
#4465 = ADVANCED_FACE ( 'NONE', ( #4334 ), #2146, .F. ) ;
#4466 = CARTESIAN_POINT ( 'NONE',  ( 1.094500000000000028, 0.6749881066967827747, -0.9500000000000002887 ) ) ;
#4467 = VECTOR ( 'NONE', #1184, 1000.000000000000000 ) ;
#4468 = ORIENTED_EDGE ( 'NONE', *, *, #3415, .T. ) ;
#4469 = CIRCLE ( 'NONE', #2560, 0.09999999999999993616 ) ;
#4470 = VECTOR ( 'NONE', #146, 1000.000000000000000 ) ;
#4471 = EDGE_CURVE ( 'NONE', #7071, #8051, #2806, .T. ) ;
#4472 = STYLED_ITEM ( 'NONE', ( #3698 ), #8074 ) ;
#4473 = DIRECTION ( 'NONE',  ( 0.000000000000000000, 0.1045284632676540260, -0.9945218953682732899 ) ) ;
#4474 = VECTOR ( 'NONE', #5893, 1000.000000000000000 ) ;
#4475 = LINE ( 'NONE', #4192, #6347 ) ;
#4476 = FACE_OUTER_BOUND ( 'NONE', #8892, .T. ) ;
#4477 = FACE_OUTER_BOUND ( 'NONE', #3676, .T. ) ;
#4478 = CARTESIAN_POINT ( 'NONE',  ( 0.9470000000000003970, 0.5999999999999999778, 2.205499999999999794 ) ) ;
#4479 = CARTESIAN_POINT ( 'NONE',  ( 4.092000000000001414, 0.6499999999999999112, 2.325499999999999012 ) ) ;
#4480 = CIRCLE ( 'NONE', #6087, 0.09999999999999993616 ) ;
#4481 = EDGE_LOOP ( 'NONE', ( #4491, #6491, #1409, #5332 ) ) ;
#4482 = FACE_OUTER_BOUND ( 'NONE', #4191, .T. ) ;
#4483 = CIRCLE ( 'NONE', #6073, 0.09999999999999993616 ) ;
#4484 = VERTEX_POINT ( 'NONE', #8959 ) ;
#4485 = EDGE_CURVE ( 'NONE', #2334, #5154, #6619, .T. ) ;
#4486 = VERTEX_POINT ( 'NONE', #4001 ) ;
#4487 = CARTESIAN_POINT ( 'NONE',  ( 1.094500000000000028, 0.9399999999999998357, 3.000000000000000000 ) ) ;
#4488 = EDGE_LOOP ( 'NONE', ( #5956, #8386, #188, #5076 ) ) ;
#4489 = CARTESIAN_POINT ( 'NONE',  ( 1.824500000000000233, 0.8120209656617016769, 3.602896660954242769 ) ) ;
#4490 = EDGE_CURVE ( 'NONE', #8358, #4674, #3355, .T. ) ;
#4491 = ORIENTED_EDGE ( 'NONE', *, *, #4236, .F. ) ;
#4492 = LINE ( 'NONE', #594, #172 ) ;
#4493 = CARTESIAN_POINT ( 'NONE',  ( 1.347000000000000641, 0.5999999999999999778, 0.5544999999999995488 ) ) ;
#4494 = ORIENTED_EDGE ( 'NONE', *, *, #5548, .T. ) ;
#4495 = PLANE ( 'NONE',  #4778 ) ;
#4496 = VERTEX_POINT ( 'NONE', #6108 ) ;
#4497 = EDGE_CURVE ( 'NONE', #3140, #3132, #7962, .T. ) ;
#4498 =( GEOMETRIC_REPRESENTATION_CONTEXT ( 3 ) GLOBAL_UNCERTAINTY_ASSIGNED_CONTEXT ( ( #735 ) ) GLOBAL_UNIT_ASSIGNED_CONTEXT ( ( #4444, #2442, #3105 ) ) REPRESENTATION_CONTEXT ( 'NONE', 'WORKASPACE' ) );
#4499 = CARTESIAN_POINT ( 'NONE',  ( 4.492000000000000881, 0.6499999999999999112, 2.445500000000000007 ) ) ;
#4500 = STYLED_ITEM ( 'NONE', ( #2120 ), #638 ) ;
#4501 = AXIS2_PLACEMENT_3D ( 'NONE', #2265, #5620, #2965 ) ;
#4502 = ORIENTED_EDGE ( 'NONE', *, *, #2459, .T. ) ;
#4503 = CARTESIAN_POINT ( 'NONE',  ( 3.324500000000000011, 1.119999999999999885, 0.000000000000000000 ) ) ;
#4504 = UNCERTAINTY_MEASURE_WITH_UNIT (LENGTH_MEASURE( 1.000000000000000082E-05 ), #8323, 'distance_accuracy_value', 'NONE');
#4505 = ORIENTED_EDGE ( 'NONE', *, *, #1152, .T. ) ;
#4506 = PLANE ( 'NONE',  #4068 ) ;
#4507 = EDGE_CURVE ( 'NONE', #7587, #751, #8523, .T. ) ;
#4508 = CARTESIAN_POINT ( 'NONE',  ( 1.300000000000000266, 1.409999999999999920, 2.400000000000000799 ) ) ;
#4509 = ORIENTED_EDGE ( 'NONE', *, *, #6167, .F. ) ;
#4510 = ADVANCED_FACE ( 'NONE', ( #4979 ), #1303, .T. ) ;
#4511 = EDGE_CURVE ( 'NONE', #8131, #3846, #2487, .T. ) ;
#4512 = ORIENTED_EDGE ( 'NONE', *, *, #1782, .F. ) ;
#4513 = DIRECTION ( 'NONE',  ( -1.000000000000000000, 0.000000000000000000, 0.000000000000000000 ) ) ;
#4514 = SURFACE_SIDE_STYLE ('',( #3043 ) ) ;
#4515 = EDGE_LOOP ( 'NONE', ( #8184, #4404, #6837, #3942, #7692, #6934, #7493, #3888, #7175, #2252, #4946, #3608 ) ) ;
#4516 = ORIENTED_EDGE ( 'NONE', *, *, #7810, .T. ) ;
#4517 = MANIFOLD_SOLID_BREP ( 'LPattern1[1]', #5046 ) ;
#4518 = ORIENTED_EDGE ( 'NONE', *, *, #7320, .F. ) ;
#4519 = VECTOR ( 'NONE', #7640, 1000.000000000000000 ) ;
#4520 = DIRECTION ( 'NONE',  ( 0.000000000000000000, 0.000000000000000000, 1.000000000000000000 ) ) ;
#4521 = ORIENTED_EDGE ( 'NONE', *, *, #145, .T. ) ;
#4522 = DIRECTION ( 'NONE',  ( 0.000000000000000000, -0.8028287771104236636, 0.5962096566170173029 ) ) ;
#4523 = ORIENTED_EDGE ( 'NONE', *, *, #1370, .F. ) ;
#4524 = ORIENTED_EDGE ( 'NONE', *, *, #4343, .T. ) ;
#4525 = ORIENTED_EDGE ( 'NONE', *, *, #3233, .T. ) ;
#4526 = CARTESIAN_POINT ( 'NONE',  ( 4.092000000000001414, 0.6499999999999999112, 2.325499999999999012 ) ) ;
#4527 = VERTEX_POINT ( 'NONE', #1221 ) ;
#4528 = CARTESIAN_POINT ( 'NONE',  ( 4.324500000000000455, 0.9399999999999998357, 3.000000000000000000 ) ) ;
#4529 = DIRECTION ( 'NONE',  ( 0.000000000000000000, 0.9729913731149246736, 0.2308414777372849447 ) ) ;
#4530 = FACE_OUTER_BOUND ( 'NONE', #8317, .T. ) ;
#4531 = ORIENTED_EDGE ( 'NONE', *, *, #7620, .F. ) ;
#4532 = CARTESIAN_POINT ( 'NONE',  ( 1.824500000000000233, 0.9399999999999998357, 3.000000000000000000 ) ) ;
#4533 = VERTEX_POINT ( 'NONE', #4067 ) ;
#4534 = ORIENTED_EDGE ( 'NONE', *, *, #5152, .F. ) ;
#4535 = FACE_OUTER_BOUND ( 'NONE', #2768, .T. ) ;
#4536 = CARTESIAN_POINT ( 'NONE',  ( 1.324500000000000233, 0.8399999999999998579, 3.108792087519462122 ) ) ;
#4537 = CARTESIAN_POINT ( 'NONE',  ( 0.8245000000000001217, 1.000393720129284736, 3.188973213350405178 ) ) ;
#4538 = AXIS2_PLACEMENT_3D ( 'NONE', #4536, #8139, #8748 ) ;
#4539 = ORIENTED_EDGE ( 'NONE', *, *, #7765, .F. ) ;
#4540 = ORIENTED_EDGE ( 'NONE', *, *, #1356, .F. ) ;
#4541 = CARTESIAN_POINT ( 'NONE',  ( 2.324500000000000011, 1.119999999999999885, 0.000000000000000000 ) ) ;
#4542 = AXIS2_PLACEMENT_3D ( 'NONE', #4541, #3874, #7417 ) ;
#4543 = COLOUR_RGB ( '',0.8941176470588234615, 0.9137254901960784048, 0.9294117647058823817 ) ;
#4544 = DIRECTION ( 'NONE',  ( 0.000000000000000000, 0.000000000000000000, 1.000000000000000000 ) ) ;
#4545 = VECTOR ( 'NONE', #3189, 1000.000000000000227 ) ;
#4546 = ORIENTED_EDGE ( 'NONE', *, *, #2763, .F. ) ;
#4547 = AXIS2_PLACEMENT_3D ( 'NONE', #2935, #5771, #6379 ) ;
#4548 = AXIS2_PLACEMENT_3D ( 'NONE', #7470, #627, #5454 ) ;
#4549 = FACE_OUTER_BOUND ( 'NONE', #5280, .T. ) ;
#4550 = AXIS2_PLACEMENT_3D ( 'NONE', #7073, #4838, #1429 ) ;
#4551 = ADVANCED_FACE ( 'NONE', ( #4535 ), #4755, .F. ) ;
#4552 = ORIENTED_EDGE ( 'NONE', *, *, #5659, .T. ) ;
#4553 = CARTESIAN_POINT ( 'NONE',  ( 3.594500000000000028, 0.8399999999999998579, -0.1087920875194620801 ) ) ;
#4554 = VECTOR ( 'NONE', #3342, 1000.000000000000114 ) ;
#4555 = DIRECTION ( 'NONE',  ( 1.000000000000000000, -0.000000000000000000, -0.000000000000000000 ) ) ;
#4556 = EDGE_CURVE ( 'NONE', #3989, #8381, #5074, .T. ) ;
#4557 = EDGE_LOOP ( 'NONE', ( #5788, #2012, #8799, #7063 ) ) ;
#4558 = CARTESIAN_POINT ( 'NONE',  ( 1.297000000000000597, 0.5999999999999999778, 0.7944999999999997620 ) ) ;
#4559 = ADVANCED_FACE ( 'NONE', ( #7288 ), #6082, .F. ) ;
#4560 = ORIENTED_EDGE ( 'NONE', *, *, #2786, .T. ) ;
#4561 = AXIS2_PLACEMENT_3D ( 'NONE', #7789, #5761, #8591 ) ;
#4562 = PRESENTATION_LAYER_ASSIGNMENT (  '', '', ( #3652 ) ) ;
#4563 = FACE_OUTER_BOUND ( 'NONE', #6919, .T. ) ;
#4564 = ORIENTED_EDGE ( 'NONE', *, *, #3020, .T. ) ;
#4565 = DIRECTION ( 'NONE',  ( 1.000000000000000000, 0.000000000000000000, 0.000000000000000000 ) ) ;
#4566 = FILL_AREA_STYLE_COLOUR ( '', #6083 ) ;
#4567 = ORIENTED_EDGE ( 'NONE', *, *, #5796, .F. ) ;
#4568 = VECTOR ( 'NONE', #3811, 1000.000000000000000 ) ;
#4569 = EDGE_CURVE ( 'NONE', #8550, #8937, #5730, .T. ) ;
#4571 = VERTEX_POINT ( 'NONE', #4096 ) ;
#4570 = DIRECTION ( 'NONE',  ( 1.000000000000000000, 0.000000000000000000, -0.000000000000000000 ) ) ;
#4572 = LINE ( 'NONE', #717, #1975 ) ;
#4573 = EDGE_CURVE ( 'NONE', #3426, #1708, #8825, .T. ) ;
#4574 = CARTESIAN_POINT ( 'NONE',  ( 3.094500000000000028, 1.119999999999999885, 0.000000000000000000 ) ) ;
#4575 = VECTOR ( 'NONE', #2129, 1000.000000000000000 ) ;
#4576 = CARTESIAN_POINT ( 'NONE',  ( 2.824500000000000011, 0.4984000000000007313, -0.9081046033633235481 ) ) ;
#4577 = VECTOR ( 'NONE', #1855, 1000.000000000000000 ) ;
#4578 = CARTESIAN_POINT ( 'NONE',  ( 4.092000000000001414, 0.6499999999999999112, 0.6745000000000010987 ) ) ;
#4579 = PLANE ( 'NONE',  #7498 ) ;
#4580 = ORIENTED_EDGE ( 'NONE', *, *, #8640, .T. ) ;
#4581 = FACE_OUTER_BOUND ( 'NONE', #2722, .T. ) ;
#4582 = DIRECTION ( 'NONE',  ( 1.000000000000000000, -0.000000000000000000, -0.000000000000000000 ) ) ;
#4583 = CIRCLE ( 'NONE', #5306, 0.09999999999999982514 ) ;
#4584 = EDGE_CURVE ( 'NONE', #2152, #1865, #8942, .T. ) ;
#4585 = LINE ( 'NONE', #7154, #40 ) ;
#4586 = LINE ( 'NONE', #3294, #5123 ) ;
#4587 = SURFACE_STYLE_USAGE ( .BOTH. , #8252 ) ;
#4588 = LINE ( 'NONE', #6803, #6001 ) ;
#4589 = DIRECTION ( 'NONE',  ( 1.000000000000000000, 0.000000000000000000, 0.000000000000000000 ) ) ;
#4590 = PLANE ( 'NONE',  #1278 ) ;
#4591 = LINE ( 'NONE', #5786, #8571 ) ;
#4592 = ORIENTED_EDGE ( 'NONE', *, *, #2884, .T. ) ;
#4593 = ADVANCED_FACE ( 'NONE', ( #1723 ), #8194, .F. ) ;
#4594 = ORIENTED_EDGE ( 'NONE', *, *, #2429, .F. ) ;
#4595 = DIRECTION ( 'NONE',  ( -2.824178620696807171E-17, -1.000000000000000000, -0.000000000000000000 ) ) ;
#4596 = VERTEX_POINT ( 'NONE', #652 ) ;
#4597 = FACE_OUTER_BOUND ( 'NONE', #8164, .T. ) ;
#4598 = ORIENTED_EDGE ( 'NONE', *, *, #3238, .F. ) ;
#4599 = ADVANCED_FACE ( 'NONE', ( #5278 ), #2036, .T. ) ;
#4600 = DIRECTION ( 'NONE',  ( -0.000000000000000000, 0.8028287771104243298, -0.5962096566170164147 ) ) ;
#4601 = DIRECTION ( 'NONE',  ( 1.000000000000000000, 0.000000000000000000, 0.000000000000000000 ) ) ;
#4602 = EDGE_CURVE ( 'NONE', #1490, #5375, #3453, .T. ) ;
#4603 = ORIENTED_EDGE ( 'NONE', *, *, #1234, .F. ) ;
#4604 = CARTESIAN_POINT ( 'NONE',  ( 1.324500000000000233, 0.6749881066967827747, -0.9500000000000002887 ) ) ;
#4605 = ORIENTED_EDGE ( 'NONE', *, *, #1900, .F. ) ;
#4606 = UNCERTAINTY_MEASURE_WITH_UNIT (LENGTH_MEASURE( 1.000000000000000082E-05 ), #7507, 'distance_accuracy_value', 'NONE');
#4607 = ORIENTED_EDGE ( 'NONE', *, *, #6202, .F. ) ;
#4608 = EDGE_CURVE ( 'NONE', #607, #1928, #2266, .T. ) ;
#4609 = ORIENTED_EDGE ( 'NONE', *, *, #5719, .T. ) ;
#4610 =( GEOMETRIC_REPRESENTATION_CONTEXT ( 3 ) GLOBAL_UNCERTAINTY_ASSIGNED_CONTEXT ( ( #6799 ) ) GLOBAL_UNIT_ASSIGNED_CONTEXT ( ( #55, #6206, #7664 ) ) REPRESENTATION_CONTEXT ( 'NONE', 'WORKASPACE' ) );
#4611 = FACE_OUTER_BOUND ( 'NONE', #2369, .T. ) ;
#4612 = EDGE_LOOP ( 'NONE', ( #305, #5108, #5606, #3938 ) ) ;
#4613 = ORIENTED_EDGE ( 'NONE', *, *, #974, .T. ) ;
#4614 = VERTEX_POINT ( 'NONE', #5744 ) ;
#4615 = CARTESIAN_POINT ( 'NONE',  ( 2.324500000000000011, 1.119999999999999885, 3.179260447756191432 ) ) ;
#4616 = VERTEX_POINT ( 'NONE', #7830 ) ;
#4617 = ORIENTED_EDGE ( 'NONE', *, *, #1620, .F. ) ;
#4618 = EDGE_CURVE ( 'NONE', #8696, #3941, #861, .T. ) ;
#4619 = EDGE_CURVE ( 'NONE', #7268, #4990, #7072, .T. ) ;
#4620 = ORIENTED_EDGE ( 'NONE', *, *, #6285, .F. ) ;
#4621 = EDGE_CURVE ( 'NONE', #5133, #4821, #3130, .T. ) ;
#4622 = VECTOR ( 'NONE', #8617, 1000.000000000000000 ) ;
#4623 = CARTESIAN_POINT ( 'NONE',  ( 4.142000000000000348, 0.6500000000000000222, 0.7945000000000000950 ) ) ;
#4624 = VERTEX_POINT ( 'NONE', #7120 ) ;
#4625 = VERTEX_POINT ( 'NONE', #4947 ) ;
#4626 = AXIS2_PLACEMENT_3D ( 'NONE', #6772, #6714, #1853 ) ;
#4627 = FACE_OUTER_BOUND ( 'NONE', #279, .T. ) ;
#4628 = CARTESIAN_POINT ( 'NONE',  ( 2.594500000000000028, 0.9399999999999998357, 0.000000000000000000 ) ) ;
#4629 = ORIENTED_EDGE ( 'NONE', *, *, #1241, .T. ) ;
#4630 = CARTESIAN_POINT ( 'NONE',  ( 2.324500000000000011, 1.119999999999999885, -0.1792604477561911547 ) ) ;
#4631 = VECTOR ( 'NONE', #5770, 1000.000000000000000 ) ;
#4632 = ORIENTED_EDGE ( 'NONE', *, *, #923, .F. ) ;
#4633 = CARTESIAN_POINT ( 'NONE',  ( 3.594500000000000028, 0.7125687761248743479, -0.5924438146274771944 ) ) ;
#4634 = DIRECTION ( 'NONE',  ( 1.000000000000000000, -0.000000000000000000, -0.000000000000000000 ) ) ;
#4635 = CLOSED_SHELL ( 'NONE', ( #4006, #8442, #2060, #510, #1693, #7369, #1919, #7099, #1742, #7511, #4647, #68, #1561, #7863, #6013, #7742, #2480, #7928, #7462, #695, #2791, #3665, #7317, #3193, #6260, #8938, #6999, #2521, #3923, #1477, #5974, #1016, #7499, #5784, #8174, #214, #8214, #6793, #1606, #2932, #4203, #6955, #4599, #6668, #3746, #16 ) ) ;
#4636 = EDGE_CURVE ( 'NONE', #3906, #7702, #1609, .T. ) ;
#4637 = ADVANCED_FACE ( 'NONE', ( #312 ), #2171, .F. ) ;
#4638 = PLANE ( 'NONE',  #8104 ) ;
#4639 = AXIS2_PLACEMENT_3D ( 'NONE', #3084, #1109, #3784 ) ;
#4640 = VERTEX_POINT ( 'NONE', #148 ) ;
#4641 = LINE ( 'NONE', #92, #2927 ) ;
#4642 = DIRECTION ( 'NONE',  ( -2.824178620696807171E-17, -1.000000000000000000, -0.000000000000000000 ) ) ;
#4643 = ORIENTED_EDGE ( 'NONE', *, *, #6183, .T. ) ;
#4644 = CARTESIAN_POINT ( 'NONE',  ( 3.824500000000000011, 0.8996209656617012440, -0.1890749652305044881 ) ) ;
#4645 = ORIENTED_EDGE ( 'NONE', *, *, #1884, .F. ) ;
#4646 = DIRECTION ( 'NONE',  ( 1.000000000000000000, 0.000000000000000000, 0.000000000000000000 ) ) ;
#4647 = ADVANCED_FACE ( 'NONE', ( #3681 ), #3666, .F. ) ;
#4648 = LINE ( 'NONE', #8115, #3893 ) ;
#4649 = AXIS2_PLACEMENT_3D ( 'NONE', #1901, #2660, #1174 ) ;
#4650 = VECTOR ( 'NONE', #5741, 1000.000000000000000 ) ;
#4651 = CARTESIAN_POINT ( 'NONE',  ( 4.092000000000001414, 0.6499999999999999112, 0.5544999999999998819 ) ) ;
#4652 = DIRECTION ( 'NONE',  ( 1.000000000000000000, 0.000000000000000000, 0.000000000000000000 ) ) ;
#4653 = EDGE_CURVE ( 'NONE', #3737, #4807, #3230, .T. ) ;
#4654 = ORIENTED_EDGE ( 'NONE', *, *, #7296, .T. ) ;
#4655 = DIRECTION ( 'NONE',  ( -1.000000000000000000, -0.000000000000000000, -0.000000000000000000 ) ) ;
#4656 = FACE_OUTER_BOUND ( 'NONE', #4801, .T. ) ;
#4657 = DIRECTION ( 'NONE',  ( 0.000000000000000000, 0.000000000000000000, 1.000000000000000000 ) ) ;
#4658 = DIRECTION ( 'NONE',  ( 1.000000000000000000, 0.000000000000000000, 0.000000000000000000 ) ) ;
#4659 = EDGE_CURVE ( 'NONE', #2620, #3254, #1826, .T. ) ;
#4660 =( GEOMETRIC_REPRESENTATION_CONTEXT ( 3 ) GLOBAL_UNCERTAINTY_ASSIGNED_CONTEXT ( ( #5164 ) ) GLOBAL_UNIT_ASSIGNED_CONTEXT ( ( #6412, #122, #8602 ) ) REPRESENTATION_CONTEXT ( 'NONE', 'WORKASPACE' ) );
#4661 = CARTESIAN_POINT ( 'NONE',  ( 4.094500000000000028, 1.071938878923327065, 3.285312666603656062 ) ) ;
#4662 = VECTOR ( 'NONE', #4227, 1000.000000000000114 ) ;
#4663 = AXIS2_PLACEMENT_3D ( 'NONE', #8241, #5382, #4021 ) ;
#4664 = AXIS2_PLACEMENT_3D ( 'NONE', #316, #6549, #1711 ) ;
#4665 = DIRECTION ( 'NONE',  ( 1.000000000000000000, 0.000000000000000000, 0.000000000000000000 ) ) ;
#4666 = LINE ( 'NONE', #5667, #2836 ) ;
#4667 = EDGE_LOOP ( 'NONE', ( #760, #6869, #4958, #410 ) ) ;
#4668 = DIRECTION ( 'NONE',  ( 0.000000000000000000, -0.5962096566170164147, -0.8028287771104244408 ) ) ;
#4669 = ORIENTED_EDGE ( 'NONE', *, *, #7877, .T. ) ;
#4670 = DIRECTION ( 'NONE',  ( 0.000000000000000000, 0.9945218953682735119, 0.1045284632676515141 ) ) ;
#4671 = EDGE_CURVE ( 'NONE', #7797, #3114, #7181, .T. ) ;
#4672 = CARTESIAN_POINT ( 'NONE',  ( 1.324500000000000233, 0.6749881066967827747, -0.9500000000000002887 ) ) ;
#4673 = EDGE_CURVE ( 'NONE', #2005, #4940, #6946, .T. ) ;
#4674 = VERTEX_POINT ( 'NONE', #215 ) ;
#4675 = LINE ( 'NONE', #1350, #7430 ) ;
#4676 = CARTESIAN_POINT ( 'NONE',  ( 1.094500000000000028, 0.4984000000000007313, 3.908104603363323548 ) ) ;
#4677 = VERTEX_POINT ( 'NONE', #782 ) ;
#4678 = CARTESIAN_POINT ( 'NONE',  ( 1.324500000000000233, 1.000393720129284736, -0.1889732133504053169 ) ) ;
#4679 = FACE_OUTER_BOUND ( 'NONE', #1686, .T. ) ;
#4680 = PRESENTATION_LAYER_ASSIGNMENT (  '', '', ( #3925 ) ) ;
#4681 = LINE ( 'NONE', #8626, #2853 ) ;
#4682 = ADVANCED_FACE ( 'NONE', ( #6834 ), #1562, .F. ) ;
#4683 = PLANE ( 'NONE',  #1118 ) ;
#4684 = DIRECTION ( 'NONE',  ( 0.000000000000000000, 0.000000000000000000, -1.000000000000000000 ) ) ;
#4685 = EDGE_CURVE ( 'NONE', #7368, #7071, #1937, .T. ) ;
#4686 = LINE ( 'NONE', #1469, #8762 ) ;
#4687 = CARTESIAN_POINT ( 'NONE',  ( 3.594500000000000028, 0.5335548349585852446, 3.573628691239299382 ) ) ;
#4688 = LINE ( 'NONE', #2269, #911 ) ;
#4689 = CARTESIAN_POINT ( 'NONE',  ( 4.324500000000000455, 0.7125687761248744589, -0.5924438146274771944 ) ) ;
#4690 = CARTESIAN_POINT ( 'NONE',  ( 1.824500000000000233, 1.119999999999999885, 3.000000000000000000 ) ) ;
#4691 = CARTESIAN_POINT ( 'NONE',  ( 2.094500000000000028, 0.8120209656617016769, 3.602896660954242769 ) ) ;
#4692 = ADVANCED_FACE ( 'NONE', ( #5180 ), #4748, .T. ) ;
#4693 = CARTESIAN_POINT ( 'NONE',  ( 2.094500000000000028, 1.071938878923327065, 3.285312666603656062 ) ) ;
#4694 = ORIENTED_EDGE ( 'NONE', *, *, #1988, .F. ) ;
#4695 = VECTOR ( 'NONE', #9003, 1000.000000000000000 ) ;
#4696 = LINE ( 'NONE', #2641, #4908 ) ;
#4697 = ORIENTED_EDGE ( 'NONE', *, *, #4785, .F. ) ;
#4698 = CARTESIAN_POINT ( 'NONE',  ( 1.824500000000000233, 0.9399999999999997247, 3.108792087519461678 ) ) ;
#4699 = CIRCLE ( 'NONE', #7091, 0.09999999999999993616 ) ;
#4700 = CARTESIAN_POINT ( 'NONE',  ( 2.324500000000000011, 0.8120209656617016769, -0.6028966609542426580 ) ) ;
#4701 = DIRECTION ( 'NONE',  ( 0.000000000000000000, 0.000000000000000000, -1.000000000000000000 ) ) ;
#4702 = CARTESIAN_POINT ( 'NONE',  ( 4.324500000000000455, 1.119999999999999885, 3.000000000000000000 ) ) ;
#4703 = AXIS2_PLACEMENT_3D ( 'NONE', #7685, #4925, #6294 ) ;
#4704 = LINE ( 'NONE', #1277, #8024 ) ;
#4705 = CARTESIAN_POINT ( 'NONE',  ( 2.324500000000000011, 0.9399999999999997247, -0.1087920875194616499 ) ) ;
#4706 = EDGE_LOOP ( 'NONE', ( #3221, #4540, #7059, #3213 ) ) ;
#4707 = AXIS2_PLACEMENT_3D ( 'NONE', #7247, #7930, #7190 ) ;
#4708 = ORIENTED_EDGE ( 'NONE', *, *, #5561, .F. ) ;
#4709 = DIRECTION ( 'NONE',  ( 1.000000000000000000, -0.000000000000000000, -0.000000000000000000 ) ) ;
#4710 = DIRECTION ( 'NONE',  ( 0.000000000000000000, 0.000000000000000000, 1.000000000000000000 ) ) ;
#4711 = ORIENTED_EDGE ( 'NONE', *, *, #609, .T. ) ;
#4712 = DIRECTION ( 'NONE',  ( 1.000000000000000000, -0.000000000000000000, -0.000000000000000000 ) ) ;
#4713 = DIRECTION ( 'NONE',  ( -0.000000000000000000, 0.1045284632676540260, -0.9945218953682732899 ) ) ;
#4714 = LINE ( 'NONE', #4902, #5807 ) ;
#4715 = ORIENTED_EDGE ( 'NONE', *, *, #3696, .T. ) ;
#4716 = CARTESIAN_POINT ( 'NONE',  ( 4.094500000000000028, 0.8399999999999998579, -0.1087920875194620801 ) ) ;
#4717 =( LENGTH_UNIT ( ) NAMED_UNIT ( * ) SI_UNIT ( .MILLI., .METRE. ) );
#4718 = AXIS2_PLACEMENT_3D ( 'NONE', #2250, #3038, #228 ) ;
#4719 = ORIENTED_EDGE ( 'NONE', *, *, #6732, .F. ) ;
#4720 = PLANE ( 'NONE',  #4143 ) ;
#4721 = ORIENTED_EDGE ( 'NONE', *, *, #8169, .T. ) ;
#4722 = EDGE_LOOP ( 'NONE', ( #7533, #8285, #6048, #1786 ) ) ;
#4723 = ORIENTED_EDGE ( 'NONE', *, *, #2299, .F. ) ;
#4724 = DIRECTION ( 'NONE',  ( -0.2715627232967844362, -0.9233132592090667057, 0.2715627232967827154 ) ) ;
#4725 = DIRECTION ( 'NONE',  ( 0.000000000000000000, 0.9729913731149246736, -0.2308414777372849447 ) ) ;
#4726 = VERTEX_POINT ( 'NONE', #3693 ) ;
#4727 = CARTESIAN_POINT ( 'NONE',  ( 1.094500000000000028, 0.8120209656617016769, 3.602896660954242769 ) ) ;
#4728 = VECTOR ( 'NONE', #574, 1000.000000000000000 ) ;
#4729 = VERTEX_POINT ( 'NONE', #1649 ) ;
#4730 = EDGE_CURVE ( 'NONE', #4677, #3912, #8721, .T. ) ;
#4731 = ORIENTED_EDGE ( 'NONE', *, *, #6326, .F. ) ;
#4732 = DIRECTION ( 'NONE',  ( -0.000000000000000000, -0.000000000000000000, 1.000000000000000000 ) ) ;
#4733 = LINE ( 'NONE', #2899, #2907 ) ;
#4734 = CARTESIAN_POINT ( 'NONE',  ( 1.094500000000000028, 0.6749881066967827747, -0.9500000000000002887 ) ) ;
#4735 = VERTEX_POINT ( 'NONE', #4466 ) ;
#4736 = AXIS2_PLACEMENT_3D ( 'NONE', #136, #2952, #5675 ) ;
#4737 = CARTESIAN_POINT ( 'NONE',  ( 1.824500000000000233, 0.8399999999999998579, 3.108792087519462122 ) ) ;
#4738 = VERTEX_POINT ( 'NONE', #3133 ) ;
#4739 = VECTOR ( 'NONE', #8831, 1000.000000000000000 ) ;
#4740 = CARTESIAN_POINT ( 'NONE',  ( 1.324500000000000233, 1.071938878923327065, 3.285312666603656062 ) ) ;
#4741 = VERTEX_POINT ( 'NONE', #1046 ) ;
#4742 = ADVANCED_FACE ( 'NONE', ( #1274 ), #288, .T. ) ;
#4743 = CARTESIAN_POINT ( 'NONE',  ( 1.324500000000000233, 0.6749881066967827747, 3.950000000000000178 ) ) ;
#4744 = EDGE_CURVE ( 'NONE', #5147, #295, #101, .T. ) ;
#4745 = EDGE_CURVE ( 'NONE', #109, #6939, #2478, .T. ) ;
#4746 = ORIENTED_EDGE ( 'NONE', *, *, #8060, .T. ) ;
#4747 = CARTESIAN_POINT ( 'NONE',  ( 1.324500000000000233, 1.119999999999999885, -0.1792604477561911547 ) ) ;
#4748 = CYLINDRICAL_SURFACE ( 'NONE', #6663, 0.2799999999999998601 ) ;
#4749 = VERTEX_POINT ( 'NONE', #8009 ) ;
#4750 = DIRECTION ( 'NONE',  ( 0.000000000000000000, -0.8028287771104236636, 0.5962096566170173029 ) ) ;
#4751 = VERTEX_POINT ( 'NONE', #2321 ) ;
#4752 = LINE ( 'NONE', #664, #5952 ) ;
#4753 = EDGE_CURVE ( 'NONE', #2506, #3857, #8281, .T. ) ;
#4754 = ORIENTED_EDGE ( 'NONE', *, *, #3977, .T. ) ;
#4755 = PLANE ( 'NONE',  #2644 ) ;
#4756 = PLANE ( 'NONE',  #4548 ) ;
#4757 = ORIENTED_EDGE ( 'NONE', *, *, #2065, .F. ) ;
#4758 = CARTESIAN_POINT ( 'NONE',  ( 4.739000000000000767, 0.9399999999999998357, 3.000000000000000000 ) ) ;
#4759 = VECTOR ( 'NONE', #4204, 1000.000000000000000 ) ;
#4760 = DIRECTION ( 'NONE',  ( 0.000000000000000000, -0.8028287771104236636, -0.5962096566170173029 ) ) ;
#4761 = EDGE_CURVE ( 'NONE', #2446, #1377, #1070, .T. ) ;
#4762 = CIRCLE ( 'NONE', #8288, 0.1200000000000000233 ) ;
#4763 = VERTEX_POINT ( 'NONE', #5861 ) ;
#4764 = ORIENTED_EDGE ( 'NONE', *, *, #7991, .T. ) ;
#4765 = EDGE_CURVE ( 'NONE', #5264, #9047, #642, .T. ) ;
#4766 = LINE ( 'NONE', #8469, #7873 ) ;
#4767 = CARTESIAN_POINT ( 'NONE',  ( 1.824500000000000233, 0.7523999999999998467, -0.5226137832432001806 ) ) ;
#4768 = VECTOR ( 'NONE', #5595, 1000.000000000000000 ) ;
#4769 = ADVANCED_FACE ( 'NONE', ( #1509 ), #6604, .F. ) ;
#4770 = EDGE_CURVE ( 'NONE', #8138, #2357, #7483, .T. ) ;
#4771 = VERTEX_POINT ( 'NONE', #7979 ) ;
#4772 = CARTESIAN_POINT ( 'NONE',  ( 2.324500000000000011, 1.071938878923327065, 3.285312666603656062 ) ) ;
#4773 = CIRCLE ( 'NONE', #2861, 0.2799999999999999711 ) ;
#4774 = CARTESIAN_POINT ( 'NONE',  ( 0.7957774489646561866, 1.445643326479830959, 3.000000000000000000 ) ) ;
#4775 = UNCERTAINTY_MEASURE_WITH_UNIT (LENGTH_MEASURE( 1.000000000000000082E-05 ), #79, 'distance_accuracy_value', 'NONE');
#4776 = ORIENTED_EDGE ( 'NONE', *, *, #4323, .F. ) ;
#4777 = LINE ( 'NONE', #5650, #7879 ) ;
#4778 = AXIS2_PLACEMENT_3D ( 'NONE', #3023, #345, #6522 ) ;
#4779 = LINE ( 'NONE', #336, #1110 ) ;
#4780 = DIRECTION ( 'NONE',  ( -0.000000000000000000, -0.000000000000000000, -1.000000000000000000 ) ) ;
#4781 = LINE ( 'NONE', #611, #3825 ) ;
#4782 = EDGE_CURVE ( 'NONE', #5431, #3405, #4087, .T. ) ;
#4783 = LINE ( 'NONE', #1563, #807 ) ;
#4784 = DIRECTION ( 'NONE',  ( 0.000000000000000000, -0.9593655015712709844, 0.2821663239915485621 ) ) ;
#4785 = EDGE_CURVE ( 'NONE', #4571, #4771, #6605, .T. ) ;
#4786 = CARTESIAN_POINT ( 'NONE',  ( 1.594500000000000028, 1.000393720129284736, 3.188973213350405178 ) ) ;
#4787 = ORIENTED_EDGE ( 'NONE', *, *, #5577, .T. ) ;
#4788 = VECTOR ( 'NONE', #4822, 1000.000000000000227 ) ;
#4789 = DIRECTION ( 'NONE',  ( 1.000000000000000000, 0.000000000000000000, 0.000000000000000000 ) ) ;
#4790 = LINE ( 'NONE', #7350, #1553 ) ;
#4791 = VECTOR ( 'NONE', #4422, 1000.000000000000000 ) ;
#4792 = CIRCLE ( 'NONE', #7206, 0.09999999999999982514 ) ;
#4793 = SURFACE_STYLE_USAGE ( .BOTH. , #25 ) ;
#4794 =( NAMED_UNIT ( * ) PLANE_ANGLE_UNIT ( ) SI_UNIT ( $, .RADIAN. ) );
#4795 = VECTOR ( 'NONE', #7730, 1000.000000000000000 ) ;
#4796 = CARTESIAN_POINT ( 'NONE',  ( 3.324500000000000011, 0.6450822618089369076, 3.378104603363324188 ) ) ;
#4797 = DIRECTION ( 'NONE',  ( -1.000000000000000000, -0.000000000000000000, -0.000000000000000000 ) ) ;
#4798 = FACE_OUTER_BOUND ( 'NONE', #3761, .T. ) ;
#4799 = CARTESIAN_POINT ( 'NONE',  ( 2.324500000000000011, 0.5335548349585852446, -0.5736286912392993820 ) ) ;
#4800 = LINE ( 'NONE', #4028, #5792 ) ;
#4801 = EDGE_LOOP ( 'NONE', ( #6506, #7101, #5139, #8516 ) ) ;
#4802 = DIRECTION ( 'NONE',  ( -1.000000000000000000, -0.000000000000000000, -0.000000000000000000 ) ) ;
#4803 = ORIENTED_EDGE ( 'NONE', *, *, #7331, .T. ) ;
#4804 = DIRECTION ( 'NONE',  ( -2.824178620696807171E-17, -1.000000000000000000, -0.000000000000000000 ) ) ;
#4805 = ADVANCED_FACE ( 'NONE', ( #7278 ), #4495, .F. ) ;
#4806 = ORIENTED_EDGE ( 'NONE', *, *, #8587, .T. ) ;
#4807 = VERTEX_POINT ( 'NONE', #5073 ) ;
#4808 = VECTOR ( 'NONE', #2346, 1000.000000000000000 ) ;
#4809 = ORIENTED_EDGE ( 'NONE', *, *, #8933, .T. ) ;
#4810 = CARTESIAN_POINT ( 'NONE',  ( 0.8245000000000001217, 0.8399999999999998579, 3.108792087519462122 ) ) ;
#4811 = DIRECTION ( 'NONE',  ( -0.000000000000000000, -0.000000000000000000, 1.000000000000000000 ) ) ;
#4812 = CARTESIAN_POINT ( 'NONE',  ( 2.324500000000000011, 0.8996209656617012440, 3.189074965230504599 ) ) ;
#4813 = DIRECTION ( 'NONE',  ( 1.239088197126290669E-15, 0.000000000000000000, 1.000000000000000000 ) ) ;
#4814 = ORIENTED_EDGE ( 'NONE', *, *, #6923, .F. ) ;
#4815 = ORIENTED_EDGE ( 'NONE', *, *, #5428, .T. ) ;
#4816 = CYLINDRICAL_SURFACE ( 'NONE', #7860, 0.1200000000000000233 ) ;
#4817 = AXIS2_PLACEMENT_3D ( 'NONE', #2209, #6499, #5691 ) ;
#4818 = CARTESIAN_POINT ( 'NONE',  ( 3.324500000000000011, 1.071938878923327065, -0.2853126666036561732 ) ) ;
#4819 = VERTEX_POINT ( 'NONE', #5981 ) ;
#4820 = ADVANCED_FACE ( 'NONE', ( #5611 ), #4579, .F. ) ;
#4821 = VERTEX_POINT ( 'NONE', #3075 ) ;
#4822 = DIRECTION ( 'NONE',  ( -0.000000000000000000, 0.9729913731149246736, 0.2308414777372849447 ) ) ;
#4823 = DIRECTION ( 'NONE',  ( 1.000000000000000000, -0.000000000000000000, -0.000000000000000000 ) ) ;
#4824 = VECTOR ( 'NONE', #2604, 1000.000000000000000 ) ;
#4825 = ORIENTED_EDGE ( 'NONE', *, *, #3757, .T. ) ;
#4826 = ORIENTED_EDGE ( 'NONE', *, *, #3749, .T. ) ;
#4827 = ORIENTED_EDGE ( 'NONE', *, *, #4951, .T. ) ;
#4828 = PLANE ( 'NONE',  #2757 ) ;
#4829 = AXIS2_PLACEMENT_3D ( 'NONE', #739, #4153, #7036 ) ;
#4830 = EDGE_LOOP ( 'NONE', ( #3343, #5593, #2264, #6223 ) ) ;
#4831 = AXIS2_PLACEMENT_3D ( 'NONE', #2762, #1471, #2864 ) ;
#4832 = CARTESIAN_POINT ( 'NONE',  ( 3.824500000000000011, 1.119999999999999885, 3.000000000000000000 ) ) ;
#4833 = ORIENTED_EDGE ( 'NONE', *, *, #8263, .T. ) ;
#4834 = DIRECTION ( 'NONE',  ( 0.000000000000000000, 0.000000000000000000, -1.000000000000000000 ) ) ;
#4835 = VECTOR ( 'NONE', #2063, 1000.000000000000000 ) ;
#4836 = ORIENTED_EDGE ( 'NONE', *, *, #3303, .T. ) ;
#4837 = EDGE_LOOP ( 'NONE', ( #2877, #3946, #3614, #7804 ) ) ;
#4838 = DIRECTION ( 'NONE',  ( 1.000000000000000000, -0.000000000000000000, -0.000000000000000000 ) ) ;
#4839 = DIRECTION ( 'NONE',  ( 0.000000000000000000, 0.1045284632676540260, 0.9945218953682732899 ) ) ;
#4840 = LINE ( 'NONE', #2608, #7486 ) ;
#4841 = CARTESIAN_POINT ( 'NONE',  ( 0.8245000000000001217, 0.6450822618089369076, 3.378104603363324188 ) ) ;
#4842 = DIRECTION ( 'NONE',  ( 0.000000000000000000, -0.000000000000000000, -1.000000000000000000 ) ) ;
#4843 = EDGE_CURVE ( 'NONE', #3660, #7378, #2582, .T. ) ;
#4844 = FACE_OUTER_BOUND ( 'NONE', #99, .T. ) ;
#4845 = CARTESIAN_POINT ( 'NONE',  ( 3.324500000000000011, 0.9399999999999998357, 0.000000000000000000 ) ) ;
#4846 = ORIENTED_EDGE ( 'NONE', *, *, #3691, .F. ) ;
#4847 = AXIS2_PLACEMENT_3D ( 'NONE', #1019, #1682, #3050 ) ;
#4848 = VERTEX_POINT ( 'NONE', #5924 ) ;
#4849 = ORIENTED_EDGE ( 'NONE', *, *, #3966, .T. ) ;
#4850 = FACE_OUTER_BOUND ( 'NONE', #7865, .T. ) ;
#4851 = DIRECTION ( 'NONE',  ( 0.000000000000000000, 0.000000000000000000, -1.000000000000000000 ) ) ;
#4852 = EDGE_CURVE ( 'NONE', #4439, #7043, #3123, .T. ) ;
#4853 = EDGE_CURVE ( 'NONE', #7872, #436, #8934, .T. ) ;
#4854 = CARTESIAN_POINT ( 'NONE',  ( 4.094500000000000028, 0.8120209656617016769, -0.6028966609542426580 ) ) ;
#4855 = ADVANCED_FACE ( 'NONE', ( #1269 ), #7405, .F. ) ;
#4856 = ORIENTED_EDGE ( 'NONE', *, *, #7505, .T. ) ;
#4857 = CARTESIAN_POINT ( 'NONE',  ( 4.492000000000000881, 0.6499999999999999112, 0.7944999999999996509 ) ) ;
#4858 = ORIENTED_EDGE ( 'NONE', *, *, #6026, .T. ) ;
#4859 = CARTESIAN_POINT ( 'NONE',  ( 2.324500000000000011, 1.119999999999999885, 0.000000000000000000 ) ) ;
#4860 = CYLINDRICAL_SURFACE ( 'NONE', #2527, 0.2000000000000000944 ) ;
#4861 = VECTOR ( 'NONE', #2200, 1000.000000000000000 ) ;
#4862 = SURFACE_STYLE_USAGE ( .BOTH. , #4241 ) ;
#4863 = ADVANCED_FACE ( 'NONE', ( #1712 ), #7064, .F. ) ;
#4864 = ORIENTED_EDGE ( 'NONE', *, *, #6574, .F. ) ;
#4865 = CARTESIAN_POINT ( 'NONE',  ( 3.824500000000000011, 1.000393720129284736, 3.188973213350405178 ) ) ;
#4866 = DIRECTION ( 'NONE',  ( 0.000000000000000000, 0.000000000000000000, -1.000000000000000000 ) ) ;
#4867 = CIRCLE ( 'NONE', #4389, 0.1200000000000000233 ) ;
#4868 = DIRECTION ( 'NONE',  ( 0.000000000000000000, -1.000000000000000000, 0.000000000000000000 ) ) ;
#4869 = AXIS2_PLACEMENT_3D ( 'NONE', #7992, #3087, #385 ) ;
#4870 = LINE ( 'NONE', #2502, #2185 ) ;
#4871 = AXIS2_PLACEMENT_3D ( 'NONE', #1186, #8153, #8882 ) ;
#4872 = DIRECTION ( 'NONE',  ( 0.000000000000000000, 0.000000000000000000, -1.000000000000000000 ) ) ;
#4873 = CARTESIAN_POINT ( 'NONE',  ( 4.324500000000000455, 1.119999999999999885, 0.000000000000000000 ) ) ;
#4874 = SURFACE_SIDE_STYLE ('',( #6483 ) ) ;
#4875 = VECTOR ( 'NONE', #489, 1000.000000000000000 ) ;
#4876 = VERTEX_POINT ( 'NONE', #1104 ) ;
#4877 = CIRCLE ( 'NONE', #1850, 0.2799999999999999711 ) ;
#4878 = CARTESIAN_POINT ( 'NONE',  ( 4.092000000000001414, 0.5999999999999999778, 0.6745000000000010987 ) ) ;
#4879 = ORIENTED_EDGE ( 'NONE', *, *, #2654, .F. ) ;
#4880 = DIRECTION ( 'NONE',  ( 1.000000000000000000, 0.000000000000000000, 0.000000000000000000 ) ) ;
#4881 = VECTOR ( 'NONE', #1143, 999.9999999999998863 ) ;
#4882 = ORIENTED_EDGE ( 'NONE', *, *, #6199, .F. ) ;
#4883 = DIRECTION ( 'NONE',  ( -1.000000000000000000, 0.000000000000000000, 0.000000000000000000 ) ) ;
#4884 = CARTESIAN_POINT ( 'NONE',  ( 4.324500000000000455, 0.5335548349585852446, 3.573628691239299382 ) ) ;
#4885 = EDGE_CURVE ( 'NONE', #4624, #5147, #634, .T. ) ;
#4886 = AXIS2_PLACEMENT_3D ( 'NONE', #5087, #3619, #4400 ) ;
#4887 = CARTESIAN_POINT ( 'NONE',  ( 2.594500000000000028, 1.071938878923327065, 3.285312666603656062 ) ) ;
#4888 = LINE ( 'NONE', #3396, #3062 ) ;
#4889 = EDGE_LOOP ( 'NONE', ( #8674, #4731, #164, #1803 ) ) ;
#4890 = VECTOR ( 'NONE', #7752, 1000.000000000000000 ) ;
#4891 = FACE_OUTER_BOUND ( 'NONE', #1257, .T. ) ;
#4892 = CARTESIAN_POINT ( 'NONE',  ( 1.324500000000000233, 0.8120209656617016769, 3.602896660954242769 ) ) ;
#4894 = EDGE_CURVE ( 'NONE', #4640, #74, #7838, .T. ) ;
#4893 = VECTOR ( 'NONE', #7774, 1000.000000000000000 ) ;
#4895 = DIRECTION ( 'NONE',  ( 0.000000000000000000, 0.000000000000000000, -1.000000000000000000 ) ) ;
#4896 = FACE_OUTER_BOUND ( 'NONE', #8250, .T. ) ;
#4897 = FACE_OUTER_BOUND ( 'NONE', #969, .T. ) ;
#4898 = AXIS2_PLACEMENT_3D ( 'NONE', #2805, #4134, #4172 ) ;
#4899 = CYLINDRICAL_SURFACE ( 'NONE', #319, 0.2799999999999998601 ) ;
#4900 = DIRECTION ( 'NONE',  ( 0.000000000000000000, 0.000000000000000000, 1.000000000000000000 ) ) ;
#4901 = DIRECTION ( 'NONE',  ( 0.000000000000000000, 0.000000000000000000, -1.000000000000000000 ) ) ;
#4902 = CARTESIAN_POINT ( 'NONE',  ( 2.324500000000000011, 0.5335548349585852446, -0.5736286912392993820 ) ) ;
#4903 = EDGE_CURVE ( 'NONE', #4763, #4971, #8273, .T. ) ;
#4904 = CYLINDRICAL_SURFACE ( 'NONE', #4230, 0.09999999999999995004 ) ;
#4905 = EDGE_CURVE ( 'NONE', #9034, #4625, #8055, .T. ) ;
#4906 = FACE_OUTER_BOUND ( 'NONE', #6578, .T. ) ;
#4907 = DIRECTION ( 'NONE',  ( 0.000000000000000000, 0.000000000000000000, 1.000000000000000000 ) ) ;
#4908 = VECTOR ( 'NONE', #1296, 1000.000000000000000 ) ;
#4909 = ORIENTED_EDGE ( 'NONE', *, *, #1356, .T. ) ;
#4910 = EDGE_CURVE ( 'NONE', #5156, #6511, #4210, .T. ) ;
#4911 = ORIENTED_EDGE ( 'NONE', *, *, #923, .T. ) ;
#4912 = DIRECTION ( 'NONE',  ( 1.000000000000000000, -0.000000000000000000, -0.000000000000000000 ) ) ;
#4913 = ADVANCED_FACE ( 'NONE', ( #4530 ), #4638, .T. ) ;
#4914 = DIRECTION ( 'NONE',  ( 0.000000000000000000, 0.8028287771104243298, -0.5962096566170163037 ) ) ;
#4915 = PLANE ( 'NONE',  #8919 ) ;
#4916 = ORIENTED_EDGE ( 'NONE', *, *, #4222, .T. ) ;
#4917 = CARTESIAN_POINT ( 'NONE',  ( 2.824500000000000011, 0.7125687761248743479, 3.592443814627477305 ) ) ;
#4918 = CARTESIAN_POINT ( 'NONE',  ( 3.824500000000000011, 0.9399999999999998357, 3.000000000000000000 ) ) ;
#4919 = LINE ( 'NONE', #4734, #4051 ) ;
#4920 = ORIENTED_EDGE ( 'NONE', *, *, #8835, .F. ) ;
#4921 = ORIENTED_EDGE ( 'NONE', *, *, #294, .F. ) ;
#4922 = CARTESIAN_POINT ( 'NONE',  ( 2.824500000000000011, 0.8120209656617016769, 3.602896660954242769 ) ) ;
#4923 = EDGE_CURVE ( 'NONE', #2999, #754, #4432, .T. ) ;
#4924 =( NAMED_UNIT ( * ) PLANE_ANGLE_UNIT ( ) SI_UNIT ( $, .RADIAN. ) );
#4925 = DIRECTION ( 'NONE',  ( 0.000000000000000000, 0.9945218953682735119, -0.1045284632676515141 ) ) ;
#4926 = AXIS2_PLACEMENT_3D ( 'NONE', #4321, #180, #1526 ) ;
#4927 = ORIENTED_EDGE ( 'NONE', *, *, #7058, .F. ) ;
#4928 = FACE_OUTER_BOUND ( 'NONE', #8168, .T. ) ;
#4929 = ORIENTED_EDGE ( 'NONE', *, *, #8735, .T. ) ;
#4930 = DIRECTION ( 'NONE',  ( 1.000000000000000000, -0.000000000000000000, -0.000000000000000000 ) ) ;
#4931 = DIRECTION ( 'NONE',  ( 0.000000000000000000, 0.000000000000000000, -1.000000000000000000 ) ) ;
#4932 = CARTESIAN_POINT ( 'NONE',  ( 4.594500000000000028, 0.8120209656617016769, -0.6028966609542426580 ) ) ;
#4933 = DIRECTION ( 'NONE',  ( -0.000000000000000000, -0.000000000000000000, 1.000000000000000000 ) ) ;
#4934 = ORIENTED_EDGE ( 'NONE', *, *, #14, .F. ) ;
#4935 = DIRECTION ( 'NONE',  ( 0.000000000000000000, -0.1045284632676515280, 0.9945218953682736229 ) ) ;
#4936 = EDGE_LOOP ( 'NONE', ( #979, #2784, #4208, #5809 ) ) ;
#4937 = CARTESIAN_POINT ( 'NONE',  ( 2.824500000000000011, 0.8996209656617012440, 3.189074965230504599 ) ) ;
#4938 = DIRECTION ( 'NONE',  ( 0.000000000000000000, 0.000000000000000000, 1.000000000000000000 ) ) ;
#4939 = ORIENTED_EDGE ( 'NONE', *, *, #2826, .T. ) ;
#4940 = VERTEX_POINT ( 'NONE', #493 ) ;
#4941 = EDGE_LOOP ( 'NONE', ( #1191, #5309, #2840, #6015 ) ) ;
#4942 = DIRECTION ( 'NONE',  ( 1.000000000000000000, 0.000000000000000000, 0.000000000000000000 ) ) ;
#4943 = LINE ( 'NONE', #2370, #3875 ) ;
#4944 = EDGE_CURVE ( 'NONE', #938, #7599, #8172, .T. ) ;
#4945 = CARTESIAN_POINT ( 'NONE',  ( 3.094500000000000028, 1.119999999999999885, 0.000000000000000000 ) ) ;
#4946 = ORIENTED_EDGE ( 'NONE', *, *, #8638, .F. ) ;
#4947 = CARTESIAN_POINT ( 'NONE',  ( 1.347000000000000419, 0.5999999999999999778, 2.325499999999998568 ) ) ;
#4948 = EDGE_LOOP ( 'NONE', ( #2665, #6372, #8787, #4076, #5876, #2991, #5230, #7478, #8817, #6481, #6145, #6862, #3010, #2758, #2016, #6070, #496, #5085, #7155, #3646 ) ) ;
#4949 = LINE ( 'NONE', #117, #90 ) ;
#4950 = ORIENTED_EDGE ( 'NONE', *, *, #3069, .T. ) ;
#4951 = EDGE_CURVE ( 'NONE', #1615, #4086, #5173, .T. ) ;
#4952 = DIRECTION ( 'NONE',  ( 1.000000000000000000, 0.000000000000000000, 0.000000000000000000 ) ) ;
#4953 = DIRECTION ( 'NONE',  ( 1.000000000000000000, 0.000000000000000000, 0.000000000000000000 ) ) ;
#4954 = ORIENTED_EDGE ( 'NONE', *, *, #806, .F. ) ;
#4955 = VECTOR ( 'NONE', #2034, 1000.000000000000000 ) ;
#4956 = CARTESIAN_POINT ( 'NONE',  ( 1.324500000000000233, 0.9399999999999997247, -0.1087920875194616499 ) ) ;
#4957 = CARTESIAN_POINT ( 'NONE',  ( 0.6999999999999998446, 0.9399999999999999467, 3.000000000000000000 ) ) ;
#4958 = ORIENTED_EDGE ( 'NONE', *, *, #2941, .F. ) ;
#4959 = EDGE_CURVE ( 'NONE', #8015, #4624, #5940, .T. ) ;
#4960 = ORIENTED_EDGE ( 'NONE', *, *, #6620, .F. ) ;
#4961 = AXIS2_PLACEMENT_3D ( 'NONE', #5395, #533, #2680 ) ;
#4962 = CARTESIAN_POINT ( 'NONE',  ( 4.324500000000000455, 0.8120209656617016769, -0.6028966609542426580 ) ) ;
#4963 = AXIS2_PLACEMENT_3D ( 'NONE', #4352, #4984, #2870 ) ;
#4964 = DIRECTION ( 'NONE',  ( 0.000000000000000000, 0.2308414777372849447, -0.9729913731149246736 ) ) ;
#4965 = VERTEX_POINT ( 'NONE', #6630 ) ;
#4966 = ADVANCED_FACE ( 'NONE', ( #6288 ), #2911, .F. ) ;
#4967 = DIRECTION ( 'NONE',  ( 0.000000000000000000, 0.9729913731149246736, 0.2308414777372849447 ) ) ;
#4968 = DIRECTION ( 'NONE',  ( -1.000000000000000000, -0.000000000000000000, -0.000000000000000000 ) ) ;
#4969 = EDGE_CURVE ( 'NONE', #1364, #4279, #7950, .T. ) ;
#4970 = DIRECTION ( 'NONE',  ( 0.000000000000000000, 0.000000000000000000, -1.000000000000000000 ) ) ;
#4971 = VERTEX_POINT ( 'NONE', #8983 ) ;
#4972 = EDGE_CURVE ( 'NONE', #5364, #2027, #8712, .T. ) ;
#4973 = EDGE_CURVE ( 'NONE', #9014, #6383, #6717, .T. ) ;
#4974 = ORIENTED_EDGE ( 'NONE', *, *, #6922, .F. ) ;
#4975 = CARTESIAN_POINT ( 'NONE',  ( 1.324500000000000233, 1.119999999999999885, 3.179260447756191432 ) ) ;
#4976 = DIRECTION ( 'NONE',  ( 1.000000000000000000, -0.000000000000000000, -0.000000000000000000 ) ) ;
#4977 = DIRECTION ( 'NONE',  ( 0.000000000000000000, -0.1045284632676515280, 0.9945218953682736229 ) ) ;
#4978 = DIRECTION ( 'NONE',  ( 1.000000000000000000, -0.000000000000000000, -0.000000000000000000 ) ) ;
#4979 = FACE_OUTER_BOUND ( 'NONE', #7684, .T. ) ;
#4980 = AXIS2_PLACEMENT_3D ( 'NONE', #905, #4356, #6465 ) ;
#4981 = SURFACE_STYLE_USAGE ( .BOTH. , #2897 ) ;
#4982 = LINE ( 'NONE', #1307, #4861 ) ;
#4983 = DIRECTION ( 'NONE',  ( -0.2715627232967843807, 0.9233132592090663726, -0.2715627232967836591 ) ) ;
#4984 = DIRECTION ( 'NONE',  ( -1.000000000000000000, 0.000000000000000000, 0.000000000000000000 ) ) ;
#4985 = ORIENTED_EDGE ( 'NONE', *, *, #6670, .T. ) ;
#4986 = CYLINDRICAL_SURFACE ( 'NONE', #4550, 0.1199999999999998845 ) ;
#4987 = CARTESIAN_POINT ( 'NONE',  ( 3.324500000000000011, 0.7125687761248743479, -0.5924438146274771944 ) ) ;
#4988 = DIRECTION ( 'NONE',  ( 1.000000000000000000, 0.000000000000000000, -0.000000000000000000 ) ) ;
#4989 = LINE ( 'NONE', #6696, #8736 ) ;
#4990 = VERTEX_POINT ( 'NONE', #8925 ) ;
#4991 = CIRCLE ( 'NONE', #7746, 0.1199999999999998845 ) ;
#4992 = DIRECTION ( 'NONE',  ( -1.000000000000000000, -0.000000000000000000, -0.000000000000000000 ) ) ;
#4993 = CIRCLE ( 'NONE', #6801, 0.09999999999999982514 ) ;
#4994 = VERTEX_POINT ( 'NONE', #8191 ) ;
#4995 = CARTESIAN_POINT ( 'NONE',  ( 1.094500000000000028, 1.071938878923327065, -0.2853126666036561732 ) ) ;
#4996 = ORIENTED_EDGE ( 'NONE', *, *, #1658, .T. ) ;
#4997 = DIRECTION ( 'NONE',  ( -1.000000000000000000, 0.000000000000000000, 0.000000000000000000 ) ) ;
#4998 = VECTOR ( 'NONE', #7080, 1000.000000000000000 ) ;
#4999 = ORIENTED_EDGE ( 'NONE', *, *, #8873, .T. ) ;
#5000 =( GEOMETRIC_REPRESENTATION_CONTEXT ( 3 ) GLOBAL_UNCERTAINTY_ASSIGNED_CONTEXT ( ( #9027 ) ) GLOBAL_UNIT_ASSIGNED_CONTEXT ( ( #1384, #6247, #6925 ) ) REPRESENTATION_CONTEXT ( 'NONE', 'WORKASPACE' ) );
#5001 = CARTESIAN_POINT ( 'NONE',  ( 0.8245000000000001217, 0.7125687761248743479, -0.5924438146274771944 ) ) ;
#5002 = FACE_OUTER_BOUND ( 'NONE', #7086, .T. ) ;
#5003 = CARTESIAN_POINT ( 'NONE',  ( 4.640623213158056259, 0.6055189247373893302, 0.09837678684194439693 ) ) ;
#5004 = VERTEX_POINT ( 'NONE', #650 ) ;
#5005 = PRESENTATION_STYLE_ASSIGNMENT (( #2916 ) ) ;
#5006 = VERTEX_POINT ( 'NONE', #3313 ) ;
#5007 = VECTOR ( 'NONE', #4912, 1000.000000000000000 ) ;
#5008 =( NAMED_UNIT ( * ) SI_UNIT ( $, .STERADIAN. ) SOLID_ANGLE_UNIT ( ) );
#5009 = ADVANCED_FACE ( 'NONE', ( #4844 ), #1173, .F. ) ;
#5010 = DIRECTION ( 'NONE',  ( 0.000000000000000000, 0.000000000000000000, -1.000000000000000000 ) ) ;
#5011 = LINE ( 'NONE', #7874, #150 ) ;
#5012 = DIRECTION ( 'NONE',  ( 0.000000000000000000, -0.8028287771104236636, 0.5962096566170171918 ) ) ;
#5013 = AXIS2_PLACEMENT_3D ( 'NONE', #600, #6057, #4710 ) ;
#5014 = FACE_OUTER_BOUND ( 'NONE', #610, .T. ) ;
#5015 = CARTESIAN_POINT ( 'NONE',  ( 2.594500000000000028, 1.000393720129284736, -0.1889732133504053169 ) ) ;
#5016 = CYLINDRICAL_SURFACE ( 'NONE', #7925, 0.09999999999999982514 ) ;
#5017 = CARTESIAN_POINT ( 'NONE',  ( 4.594500000000000028, 0.8996209656617012440, 3.189074965230504599 ) ) ;
#5018 = AXIS2_PLACEMENT_3D ( 'NONE', #7903, #7959, #3753 ) ;
#5019 = VECTOR ( 'NONE', #3547, 1000.000000000000000 ) ;
#5020 = FACE_OUTER_BOUND ( 'NONE', #5587, .T. ) ;
#5021 = VECTOR ( 'NONE', #2628, 1000.000000000000000 ) ;
#5022 = VECTOR ( 'NONE', #3356, 1000.000000000000000 ) ;
#5023 = FILL_AREA_STYLE ('',( #2216 ) ) ;
#5024 = ORIENTED_EDGE ( 'NONE', *, *, #4121, .F. ) ;
#5025 = EDGE_CURVE ( 'NONE', #8497, #6724, #6054, .T. ) ;
#5026 = ORIENTED_EDGE ( 'NONE', *, *, #6611, .F. ) ;
#5027 = CARTESIAN_POINT ( 'NONE',  ( 2.324500000000000011, 0.6749881066967827747, 3.950000000000000178 ) ) ;
#5028 = FACE_OUTER_BOUND ( 'NONE', #6975, .T. ) ;
#5029 = CARTESIAN_POINT ( 'NONE',  ( 2.824500000000000011, 0.6450822618089369076, 3.378104603363324188 ) ) ;
#5030 = ORIENTED_EDGE ( 'NONE', *, *, #4448, .T. ) ;
#5031 = ORIENTED_EDGE ( 'NONE', *, *, #114, .F. ) ;
#5032 = CARTESIAN_POINT ( 'NONE',  ( 1.324500000000000233, 0.7523999999999998467, -0.5226137832432001806 ) ) ;
#5033 = DIRECTION ( 'NONE',  ( 0.000000000000000000, 0.000000000000000000, -1.000000000000000000 ) ) ;
#5034 = EDGE_CURVE ( 'NONE', #1603, #7066, #2797, .T. ) ;
#5035 = VERTEX_POINT ( 'NONE', #4698 ) ;
#5036 = EDGE_CURVE ( 'NONE', #698, #1262, #303, .T. ) ;
#5037 = DIRECTION ( 'NONE',  ( 0.000000000000000000, -1.000000000000000000, 0.000000000000000000 ) ) ;
#5038 = ORIENTED_EDGE ( 'NONE', *, *, #5955, .T. ) ;
#5039 = LINE ( 'NONE', #256, #2759 ) ;
#5040 = CARTESIAN_POINT ( 'NONE',  ( 2.824500000000000011, 1.119999999999999885, 3.000000000000000000 ) ) ;
#5041 = ORIENTED_EDGE ( 'NONE', *, *, #737, .T. ) ;
#5042 = DIRECTION ( 'NONE',  ( 0.000000000000000000, 0.8028287771104243298, 0.5962096566170164147 ) ) ;
#5043 = PLANE ( 'NONE',  #271 ) ;
#5044 = PLANE ( 'NONE',  #8200 ) ;
#5045 = VERTEX_POINT ( 'NONE', #527 ) ;
#5046 = CLOSED_SHELL ( 'NONE', ( #1841, #4769, #2095, #6719, #4692, #6024, #800, #7054, #9029, #7799, #8665, #3248, #2598, #6761 ) ) ;
#5047 = CIRCLE ( 'NONE', #1889, 0.2000000000000000944 ) ;
#5048 = FILL_AREA_STYLE_COLOUR ( '', #6974 ) ;
#5049 = VERTEX_POINT ( 'NONE', #9013 ) ;
#5050 = EDGE_CURVE ( 'NONE', #2224, #7937, #3778, .T. ) ;
#5051 = EDGE_LOOP ( 'NONE', ( #1493, #3685, #3716, #3999 ) ) ;
#5052 = DIRECTION ( 'NONE',  ( 0.000000000000000000, -0.8028287771104236636, -0.5962096566170173029 ) ) ;
#5053 = LINE ( 'NONE', #2545, #3214 ) ;
#5054 = ORIENTED_EDGE ( 'NONE', *, *, #8453, .T. ) ;
#5055 = ADVANCED_FACE ( 'NONE', ( #1065 ), #8954, .F. ) ;
#5056 = ORIENTED_EDGE ( 'NONE', *, *, #488, .T. ) ;
#5057 = CARTESIAN_POINT ( 'NONE',  ( 1.094500000000000028, 1.119999999999999885, 3.000000000000000000 ) ) ;
#5058 = ORIENTED_EDGE ( 'NONE', *, *, #7796, .F. ) ;
#5059 = ORIENTED_EDGE ( 'NONE', *, *, #584, .T. ) ;
#5060 = DIRECTION ( 'NONE',  ( 0.000000000000000000, 0.5962096566170173029, -0.8028287771104236636 ) ) ;
#5061 = VERTEX_POINT ( 'NONE', #6905 ) ;
#5062 = VECTOR ( 'NONE', #199, 1000.000000000000000 ) ;
#5063 = PLANE ( 'NONE',  #230 ) ;
#5064 = DIRECTION ( 'NONE',  ( -1.000000000000000000, 0.000000000000000000, 0.000000000000000000 ) ) ;
#5065 = ORIENTED_EDGE ( 'NONE', *, *, #6401, .F. ) ;
#5066 = PLANE ( 'NONE',  #1597 ) ;
#5067 = ORIENTED_EDGE ( 'NONE', *, *, #1955, .T. ) ;
#5068 = FACE_OUTER_BOUND ( 'NONE', #5568, .T. ) ;
#5069 = DIRECTION ( 'NONE',  ( 0.000000000000000000, 0.000000000000000000, -1.000000000000000000 ) ) ;
#5070 = AXIS2_PLACEMENT_3D ( 'NONE', #5608, #7653, #6226 ) ;
#5071 = DIRECTION ( 'NONE',  ( 0.000000000000000000, 0.000000000000000000, 1.000000000000000000 ) ) ;
#5072 = AXIS2_PLACEMENT_3D ( 'NONE', #2165, #1071, #2891 ) ;
#5073 = CARTESIAN_POINT ( 'NONE',  ( 4.094500000000000028, 1.119999999999999885, 3.179260447756191432 ) ) ;
#5074 = LINE ( 'NONE', #1249, #2376 ) ;
#5075 = CARTESIAN_POINT ( 'NONE',  ( 1.594500000000000028, 0.8996209656617012440, 3.189074965230504599 ) ) ;
#5076 = ORIENTED_EDGE ( 'NONE', *, *, #114, .T. ) ;
#5077 = EDGE_CURVE ( 'NONE', #3584, #661, #1500, .T. ) ;
#5078 = VERTEX_POINT ( 'NONE', #6192 ) ;
#5079 = DIRECTION ( 'NONE',  ( 1.000000000000000000, -0.000000000000000000, -0.000000000000000000 ) ) ;
#5080 = VERTEX_POINT ( 'NONE', #1329 ) ;
#5081 = CARTESIAN_POINT ( 'NONE',  ( 4.492000000000000881, 0.6499999999999999112, 0.7944999999999996509 ) ) ;
#5082 = EDGE_CURVE ( 'NONE', #4614, #3026, #3024, .T. ) ;
#5083 = CARTESIAN_POINT ( 'NONE',  ( 4.094500000000000028, 1.119999999999999885, 3.000000000000000000 ) ) ;
#5084 = ORIENTED_EDGE ( 'NONE', *, *, #6514, .F. ) ;
#5085 = ORIENTED_EDGE ( 'NONE', *, *, #5986, .F. ) ;
#5086 = CARTESIAN_POINT ( 'NONE',  ( 2.594500000000000028, 0.7125687761248743479, 3.592443814627477305 ) ) ;
#5087 = CARTESIAN_POINT ( 'NONE',  ( 1.324500000000000233, 0.8399999999999998579, -0.1087920875194620801 ) ) ;
#5088 = LINE ( 'NONE', #2629, #1944 ) ;
#5089 = EDGE_CURVE ( 'NONE', #8741, #4819, #5834, .T. ) ;
#5090 = CARTESIAN_POINT ( 'NONE',  ( 3.324500000000000011, 0.8399999999999998579, -0.1087920875194620801 ) ) ;
#5091 = EDGE_CURVE ( 'NONE', #8433, #6400, #3974, .T. ) ;
#5092 = FACE_OUTER_BOUND ( 'NONE', #3003, .T. ) ;
#5093 = EDGE_CURVE ( 'NONE', #4073, #3737, #6402, .T. ) ;
#5094 = CARTESIAN_POINT ( 'NONE',  ( 4.324500000000000455, 1.119999999999999885, 0.000000000000000000 ) ) ;
#5095 = ORIENTED_EDGE ( 'NONE', *, *, #6649, .T. ) ;
#5096 = VECTOR ( 'NONE', #6610, 1000.000000000000227 ) ;
#5097 = DIRECTION ( 'NONE',  ( -1.239088197126290669E-15, 3.499406395481821422E-32, -1.000000000000000000 ) ) ;
#5098 = ADVANCED_FACE ( 'NONE', ( #7492 ), #1977, .F. ) ;
#5099 = EDGE_LOOP ( 'NONE', ( #6257, #5363, #5368, #8972, #1670, #5504, #1892, #3978, #7705, #3965, #4182, #192 ) ) ;
#5100 = CARTESIAN_POINT ( 'NONE',  ( 3.324500000000000011, 0.6450822618089369076, -0.3781046033633239101 ) ) ;
#5101 = EDGE_CURVE ( 'NONE', #8911, #3336, #2029, .T. ) ;
#5102 = CIRCLE ( 'NONE', #8618, 0.1199999999999998845 ) ;
#5103 = VERTEX_POINT ( 'NONE', #744 ) ;
#5104 = AXIS2_PLACEMENT_3D ( 'NONE', #1570, #856, #2239 ) ;
#5105 = COLOUR_RGB ( '',0.8941176470588234615, 0.9137254901960784048, 0.9294117647058823817 ) ;
#5106 = EDGE_LOOP ( 'NONE', ( #5701, #8212, #3566, #2659 ) ) ;
#5107 = CYLINDRICAL_SURFACE ( 'NONE', #7896, 0.1200000000000000233 ) ;
#5108 = ORIENTED_EDGE ( 'NONE', *, *, #8819, .F. ) ;
#5109 = CARTESIAN_POINT ( 'NONE',  ( 2.824500000000000011, 0.8399999999999998579, -0.1087920875194620801 ) ) ;
#5110 = CARTESIAN_POINT ( 'NONE',  ( 3.324500000000000011, 1.119999999999999885, 3.000000000000000000 ) ) ;
#5111 = VECTOR ( 'NONE', #2087, 1000.000000000000000 ) ;
#5112 = ORIENTED_EDGE ( 'NONE', *, *, #7709, .T. ) ;
#5113 = VECTOR ( 'NONE', #4657, 1000.000000000000000 ) ;
#5114 = PLANE ( 'NONE',  #1661 ) ;
#5115 = AXIS2_PLACEMENT_3D ( 'NONE', #2686, #5399, #3354 ) ;
#5116 = LINE ( 'NONE', #4478, #134 ) ;
#5117 = CARTESIAN_POINT ( 'NONE',  ( 4.324500000000000455, 0.8120209656617016769, 3.602896660954242769 ) ) ;
#5118 = EDGE_CURVE ( 'NONE', #6066, #2152, #3329, .T. ) ;
#5119 = DIRECTION ( 'NONE',  ( 0.000000000000000000, 0.000000000000000000, 1.000000000000000000 ) ) ;
#5120 = VECTOR ( 'NONE', #3041, 1000.000000000000000 ) ;
#5121 = VECTOR ( 'NONE', #7955, 1000.000000000000000 ) ;
#5122 = CARTESIAN_POINT ( 'NONE',  ( 1.094500000000000028, 1.000393720129284736, 3.188973213350405178 ) ) ;
#5123 = VECTOR ( 'NONE', #8996, 1000.000000000000000 ) ;
#5124 = CARTESIAN_POINT ( 'NONE',  ( 3.094500000000000028, 0.5335548349585852446, 3.573628691239299382 ) ) ;
#5125 = EDGE_CURVE ( 'NONE', #2748, #4751, #1701, .T. ) ;
#5126 = AXIS2_PLACEMENT_3D ( 'NONE', #1769, #343, #8795 ) ;
#5127 = CARTESIAN_POINT ( 'NONE',  ( 2.324500000000000011, 0.8120209656617016769, 3.602896660954242769 ) ) ;
#5128 = LINE ( 'NONE', #4987, #4260 ) ;
#5129 = CARTESIAN_POINT ( 'NONE',  ( 0.8245000000000001217, 1.119999999999999885, 3.000000000000000000 ) ) ;
#5130 = VECTOR ( 'NONE', #9030, 999.9999999999998863 ) ;
#5131 = MECHANICAL_DESIGN_GEOMETRIC_PRESENTATION_REPRESENTATION (  '', ( #4500 ), #7680 ) ;
#5132 = FACE_OUTER_BOUND ( 'NONE', #5384, .T. ) ;
#5133 = VERTEX_POINT ( 'NONE', #7689 ) ;
#5134 = VERTEX_POINT ( 'NONE', #44 ) ;
#5135 = ORIENTED_EDGE ( 'NONE', *, *, #6187, .F. ) ;
#5136 = EDGE_CURVE ( 'NONE', #5949, #7727, #1165, .T. ) ;
#5137 = ORIENTED_EDGE ( 'NONE', *, *, #8943, .T. ) ;
#5138 = LINE ( 'NONE', #3037, #1464 ) ;
#5139 = ORIENTED_EDGE ( 'NONE', *, *, #3181, .T. ) ;
#5140 = ADVANCED_FACE ( 'NONE', ( #2789 ), #6944, .F. ) ;
#5141 = EDGE_CURVE ( 'NONE', #1126, #2260, #7171, .T. ) ;
#5142 = CARTESIAN_POINT ( 'NONE',  ( 2.594500000000000028, 0.8996209656617012440, 3.189074965230504599 ) ) ;
#5143 = VERTEX_POINT ( 'NONE', #6332 ) ;
#5144 = AXIS2_PLACEMENT_3D ( 'NONE', #4878, #1309, #2014 ) ;
#5145 = DIRECTION ( 'NONE',  ( 0.000000000000000000, 1.000000000000000000, -0.000000000000000000 ) ) ;
#5146 = CARTESIAN_POINT ( 'NONE',  ( 4.324500000000000455, 0.8399999999999998579, 3.108792087519462122 ) ) ;
#5147 = VERTEX_POINT ( 'NONE', #3463 ) ;
#5148 = FACE_OUTER_BOUND ( 'NONE', #3157, .T. ) ;
#5149 = DIRECTION ( 'NONE',  ( 1.000000000000000000, -2.824178620696807171E-17, 0.000000000000000000 ) ) ;
#5150 = EDGE_LOOP ( 'NONE', ( #4019, #956, #5704, #4999 ) ) ;
#5151 = DIRECTION ( 'NONE',  ( 0.000000000000000000, 0.9729913731149246736, 0.2308414777372849447 ) ) ;
#5152 = EDGE_CURVE ( 'NONE', #1486, #3454, #1600, .T. ) ;
#5153 = CARTESIAN_POINT ( 'NONE',  ( 0.7957774489646560756, 1.445643326479830737, 2.904222551035344768 ) ) ;
#5154 = VERTEX_POINT ( 'NONE', #7075 ) ;
#5155 = ORIENTED_EDGE ( 'NONE', *, *, #3933, .T. ) ;
#5156 = VERTEX_POINT ( 'NONE', #71 ) ;
#5157 = CARTESIAN_POINT ( 'NONE',  ( 2.824500000000000011, 0.4984000000000007313, -0.9081046033633235481 ) ) ;
#5158 = ORIENTED_EDGE ( 'NONE', *, *, #502, .T. ) ;
#5159 = VERTEX_POINT ( 'NONE', #2827 ) ;
#5160 = PLANE ( 'NONE',  #4847 ) ;
#5161 = ORIENTED_EDGE ( 'NONE', *, *, #4511, .F. ) ;
#5162 = LINE ( 'NONE', #7138, #7051 ) ;
#5163 = CARTESIAN_POINT ( 'NONE',  ( 2.324500000000000011, 0.8996209656617012440, -0.1890749652305044881 ) ) ;
#5164 = UNCERTAINTY_MEASURE_WITH_UNIT (LENGTH_MEASURE( 1.000000000000000082E-05 ), #6412, 'distance_accuracy_value', 'NONE');
#5165 = ORIENTED_EDGE ( 'NONE', *, *, #8700, .F. ) ;
#5166 = ORIENTED_EDGE ( 'NONE', *, *, #3390, .T. ) ;
#5167 = VECTOR ( 'NONE', #6354, 1000.000000000000000 ) ;
#5168 = VERTEX_POINT ( 'NONE', #773 ) ;
#5169 = SURFACE_STYLE_USAGE ( .BOTH. , #6532 ) ;
#5170 = PRESENTATION_LAYER_ASSIGNMENT (  '', '', ( #6757 ) ) ;
#5171 = ORIENTED_EDGE ( 'NONE', *, *, #4287, .T. ) ;
#5172 = CARTESIAN_POINT ( 'NONE',  ( 1.824500000000000233, 0.5335548349585852446, -0.5736286912392993820 ) ) ;
#5173 = LINE ( 'NONE', #3829, #3339 ) ;
#5174 = AXIS2_PLACEMENT_3D ( 'NONE', #6478, #1033, #8694 ) ;
#5175 = EDGE_LOOP ( 'NONE', ( #3195, #2061, #5274, #1146 ) ) ;
#5176 = DIRECTION ( 'NONE',  ( -2.824178620696807171E-17, -1.000000000000000000, -0.000000000000000000 ) ) ;
#5177 = ORIENTED_EDGE ( 'NONE', *, *, #7315, .T. ) ;
#5178 = ORIENTED_EDGE ( 'NONE', *, *, #6812, .T. ) ;
#5179 = DIRECTION ( 'NONE',  ( 0.000000000000000000, 0.000000000000000000, -1.000000000000000000 ) ) ;
#5180 = FACE_OUTER_BOUND ( 'NONE', #5724, .T. ) ;
#5181 = ORIENTED_EDGE ( 'NONE', *, *, #1482, .F. ) ;
#5182 = AXIS2_PLACEMENT_3D ( 'NONE', #6212, #7667, #22 ) ;
#5183 = DIRECTION ( 'NONE',  ( 0.000000000000000000, 0.000000000000000000, -1.000000000000000000 ) ) ;
#5184 = PRESENTATION_LAYER_ASSIGNMENT (  '', '', ( #8037 ) ) ;
#5185 = ADVANCED_FACE ( 'NONE', ( #954 ), #3495, .F. ) ;
#5186 = DIRECTION ( 'NONE',  ( 1.000000000000000000, -0.000000000000000000, -0.000000000000000000 ) ) ;
#5187 = VERTEX_POINT ( 'NONE', #7728 ) ;
#5188 = DIRECTION ( 'NONE',  ( 0.000000000000000000, -0.8028287771104236636, -0.5962096566170171918 ) ) ;
#5189 = PRESENTATION_STYLE_ASSIGNMENT (( #1148 ) ) ;
#5190 =( LENGTH_UNIT ( ) NAMED_UNIT ( * ) SI_UNIT ( .MILLI., .METRE. ) );
#5191 = VECTOR ( 'NONE', #2347, 1000.000000000000000 ) ;
#5192 = DIRECTION ( 'NONE',  ( 0.000000000000000000, 0.000000000000000000, 1.000000000000000000 ) ) ;
#5193 = EDGE_CURVE ( 'NONE', #7043, #2334, #3446, .T. ) ;
#5194 = EDGE_LOOP ( 'NONE', ( #4310, #3739, #5937, #3842, #2457, #7390, #4347, #5026, #7164, #7822, #2559, #3648 ) ) ;
#5195 = AXIS2_PLACEMENT_3D ( 'NONE', #2428, #1733, #3151 ) ;
#5196 = LINE ( 'NONE', #8991, #6422 ) ;
#5197 = DIRECTION ( 'NONE',  ( -0.000000000000000000, 0.1045284632676540260, -0.9945218953682732899 ) ) ;
#5198 =( LENGTH_UNIT ( ) NAMED_UNIT ( * ) SI_UNIT ( .MILLI., .METRE. ) );
#5199 = ORIENTED_EDGE ( 'NONE', *, *, #3390, .F. ) ;
#5200 = EDGE_CURVE ( 'NONE', #1524, #3219, #734, .T. ) ;
#5201 = DIRECTION ( 'NONE',  ( 1.000000000000000000, -0.000000000000000000, -0.000000000000000000 ) ) ;
#5202 = EDGE_CURVE ( 'NONE', #61, #3220, #1260, .T. ) ;
#5203 = VECTOR ( 'NONE', #8333, 1000.000000000000000 ) ;
#5204 = CARTESIAN_POINT ( 'NONE',  ( 0.8245000000000001217, 1.071938878923327065, -0.2853126666036561732 ) ) ;
#5205 = VECTOR ( 'NONE', #8776, 1000.000000000000000 ) ;
#5206 = DIRECTION ( 'NONE',  ( 0.000000000000000000, -0.1045284632676515280, -0.9945218953682736229 ) ) ;
#5207 = ORIENTED_EDGE ( 'NONE', *, *, #8286, .T. ) ;
#5208 = ORIENTED_EDGE ( 'NONE', *, *, #7615, .F. ) ;
#5209 = PLANE ( 'NONE',  #6003 ) ;
#5210 = DIRECTION ( 'NONE',  ( -2.824178620696807171E-17, -1.000000000000000000, -0.000000000000000000 ) ) ;
#5211 = VECTOR ( 'NONE', #6627, 1000.000000000000000 ) ;
#5212 = DIRECTION ( 'NONE',  ( 1.000000000000000000, -0.000000000000000000, -0.000000000000000000 ) ) ;
#5213 = ORIENTED_EDGE ( 'NONE', *, *, #6147, .F. ) ;
#5214 = CARTESIAN_POINT ( 'NONE',  ( 1.347000000000000419, 0.5999999999999999778, 2.325499999999998568 ) ) ;
#5215 = CARTESIAN_POINT ( 'NONE',  ( 1.347000000000000419, 0.6500000000000000222, 2.325499999999998568 ) ) ;
#5216 = VERTEX_POINT ( 'NONE', #2191 ) ;
#5217 = CIRCLE ( 'NONE', #2579, 0.09999999999999993616 ) ;
#5218 = EDGE_CURVE ( 'NONE', #1459, #9022, #8382, .T. ) ;
#5219 = CARTESIAN_POINT ( 'NONE',  ( 4.624035241003918273, 1.459999999999999964, 3.000000000000000000 ) ) ;
#5220 = VECTOR ( 'NONE', #280, 1000.000000000000000 ) ;
#5221 = CIRCLE ( 'NONE', #864, 0.2799999999999999711 ) ;
#5222 = PLANE ( 'NONE',  #8372 ) ;
#5223 = ADVANCED_FACE ( 'NONE', ( #8926 ), #4123, .F. ) ;
#5224 = DIRECTION ( 'NONE',  ( 1.000000000000000000, 0.000000000000000000, 0.000000000000000000 ) ) ;
#5225 = DIRECTION ( 'NONE',  ( 0.000000000000000000, 1.000000000000000000, -0.000000000000000000 ) ) ;
#5226 = FACE_OUTER_BOUND ( 'NONE', #6808, .T. ) ;
#5227 = VECTOR ( 'NONE', #404, 1000.000000000000000 ) ;
#5228 = VECTOR ( 'NONE', #8482, 1000.000000000000227 ) ;
#5229 = VECTOR ( 'NONE', #4235, 1000.000000000000000 ) ;
#5230 = ORIENTED_EDGE ( 'NONE', *, *, #8519, .F. ) ;
#5231 = EDGE_CURVE ( 'NONE', #1700, #4625, #84, .T. ) ;
#5232 = ORIENTED_EDGE ( 'NONE', *, *, #5531, .F. ) ;
#5233 = CARTESIAN_POINT ( 'NONE',  ( 2.324500000000000011, 0.9399999999999997247, 3.108792087519461678 ) ) ;
#5234 = DIRECTION ( 'NONE',  ( 0.000000000000000000, 0.9729913731149246736, -0.2308414777372849447 ) ) ;
#5235 = ADVANCED_FACE ( 'NONE', ( #7266 ), #2979, .F. ) ;
#5236 = ORIENTED_EDGE ( 'NONE', *, *, #2416, .T. ) ;
#5237 = CARTESIAN_POINT ( 'NONE',  ( 0.9470000000000003970, 0.6500000000000000222, 2.445499999999999563 ) ) ;
#5238 = EDGE_CURVE ( 'NONE', #1503, #3324, #8163, .T. ) ;
#5239 = LINE ( 'NONE', #1942, #1568 ) ;
#5240 = CARTESIAN_POINT ( 'NONE',  ( 4.142000000000000348, 0.6499999999999999112, 0.7945000000000000950 ) ) ;
#5241 = ORIENTED_EDGE ( 'NONE', *, *, #5025, .T. ) ;
#5242 = DIRECTION ( 'NONE',  ( 1.000000000000000000, 0.000000000000000000, 0.000000000000000000 ) ) ;
#5243 = ORIENTED_EDGE ( 'NONE', *, *, #1198, .F. ) ;
#5244 = EDGE_CURVE ( 'NONE', #5154, #6523, #3769, .T. ) ;
#5245 = CARTESIAN_POINT ( 'NONE',  ( 4.094500000000000028, 1.119999999999999885, -0.1792604477561911547 ) ) ;
#5246 = ORIENTED_EDGE ( 'NONE', *, *, #2426, .F. ) ;
#5247 = AXIS2_PLACEMENT_3D ( 'NONE', #5801, #3747, #7949 ) ;
#5248 = ORIENTED_EDGE ( 'NONE', *, *, #2596, .T. ) ;
#5249 = VECTOR ( 'NONE', #8507, 1000.000000000000227 ) ;
#5250 = DIRECTION ( 'NONE',  ( 0.000000000000000000, 0.000000000000000000, -1.000000000000000000 ) ) ;
#5251 = ORIENTED_EDGE ( 'NONE', *, *, #8091, .F. ) ;
#5252 = EDGE_CURVE ( 'NONE', #6800, #2291, #408, .T. ) ;
#5253 = CARTESIAN_POINT ( 'NONE',  ( 4.425135693215340282, 2.187138643067843446, 0.3138643067846584866 ) ) ;
#5254 = ORIENTED_EDGE ( 'NONE', *, *, #2153, .F. ) ;
#5255 = EDGE_CURVE ( 'NONE', #6315, #5154, #6501, .T. ) ;
#5256 = ORIENTED_EDGE ( 'NONE', *, *, #1900, .T. ) ;
#5257 = DIRECTION ( 'NONE',  ( 1.000000000000000000, -0.000000000000000000, -0.000000000000000000 ) ) ;
#5258 = VECTOR ( 'NONE', #6344, 1000.000000000000227 ) ;
#5259 = VERTEX_POINT ( 'NONE', #8499 ) ;
#5260 = AXIS2_PLACEMENT_3D ( 'NONE', #1452, #3585, #4301 ) ;
#5261 = ORIENTED_EDGE ( 'NONE', *, *, #8441, .F. ) ;
#5262 = CYLINDRICAL_SURFACE ( 'NONE', #912, 0.1199999999999998845 ) ;
#5263 = CARTESIAN_POINT ( 'NONE',  ( 2.824500000000000011, 0.4984000000000007313, 3.908104603363323548 ) ) ;
#5264 = VERTEX_POINT ( 'NONE', #5027 ) ;
#5265 = VERTEX_POINT ( 'NONE', #3684 ) ;
#5266 = ORIENTED_EDGE ( 'NONE', *, *, #1371, .F. ) ;
#5267 = ORIENTED_EDGE ( 'NONE', *, *, #8717, .F. ) ;
#5268 = ORIENTED_EDGE ( 'NONE', *, *, #7396, .F. ) ;
#5269 = ADVANCED_FACE ( 'NONE', ( #6046 ), #2220, .F. ) ;
#5270 = DIRECTION ( 'NONE',  ( -2.824178620696807171E-17, -1.000000000000000000, -0.000000000000000000 ) ) ;
#5271 = CIRCLE ( 'NONE', #8690, 0.09999999999999993616 ) ;
#5272 = UNCERTAINTY_MEASURE_WITH_UNIT (LENGTH_MEASURE( 1.000000000000000082E-05 ), #5198, 'distance_accuracy_value', 'NONE');
#5273 = ORIENTED_EDGE ( 'NONE', *, *, #1311, .F. ) ;
#5274 = ORIENTED_EDGE ( 'NONE', *, *, #2763, .T. ) ;
#5275 = DIRECTION ( 'NONE',  ( 0.000000000000000000, 0.000000000000000000, -1.000000000000000000 ) ) ;
#5276 = LINE ( 'NONE', #1467, #1025 ) ;
#5277 = DIRECTION ( 'NONE',  ( 0.000000000000000000, 0.1045284632676540260, -0.9945218953682732899 ) ) ;
#5278 = FACE_OUTER_BOUND ( 'NONE', #1428, .T. ) ;
#5279 = DIRECTION ( 'NONE',  ( 0.000000000000000000, 0.000000000000000000, 1.000000000000000000 ) ) ;
#5280 = EDGE_LOOP ( 'NONE', ( #929, #4437, #6916, #4016 ) ) ;
#5281 = ADVANCED_FACE ( 'NONE', ( #3673 ), #4370, .F. ) ;
#5282 = PLANE ( 'NONE',  #2221 ) ;
#5283 = AXIS2_PLACEMENT_3D ( 'NONE', #747, #2099, #2798 ) ;
#5284 = ORIENTED_EDGE ( 'NONE', *, *, #2079, .T. ) ;
#5285 = EDGE_LOOP ( 'NONE', ( #8508, #8649, #4814, #4711 ) ) ;
#5286 = CARTESIAN_POINT ( 'NONE',  ( 1.297000000000000375, 0.6500000000000000222, 2.205499999999999350 ) ) ;
#5287 = FILL_AREA_STYLE ('',( #8876 ) ) ;
#5288 = DIRECTION ( 'NONE',  ( 0.000000000000000000, 0.9945218953682735119, 0.1045284632676515141 ) ) ;
#5289 = DIRECTION ( 'NONE',  ( -0.000000000000000000, 1.000000000000000000, -0.000000000000000000 ) ) ;
#5290 = PLANE ( 'NONE',  #4871 ) ;
#5291 = CARTESIAN_POINT ( 'NONE',  ( 0.8245000000000001217, 0.5335548349585852446, 3.573628691239299382 ) ) ;
#5292 = ORIENTED_EDGE ( 'NONE', *, *, #5733, .T. ) ;
#5293 = AXIS2_PLACEMENT_3D ( 'NONE', #9066, #4789, #7665 ) ;
#5294 = DIRECTION ( 'NONE',  ( 1.000000000000000000, -0.000000000000000000, -0.000000000000000000 ) ) ;
#5295 = DIRECTION ( 'NONE',  ( 0.000000000000000000, -0.8028287771104236636, -0.5962096566170173029 ) ) ;
#5296 = AXIS2_PLACEMENT_3D ( 'NONE', #111, #6452, #1552 ) ;
#5297 = CYLINDRICAL_SURFACE ( 'NONE', #6362, 0.09999999999999982514 ) ;
#5298 = STYLED_ITEM ( 'NONE', ( #6626 ), #4002 ) ;
#5299 = CARTESIAN_POINT ( 'NONE',  ( 1.347000000000000419, 0.6500000000000000222, 2.325499999999998568 ) ) ;
#5300 = ORIENTED_EDGE ( 'NONE', *, *, #1607, .T. ) ;
#5301 = CARTESIAN_POINT ( 'NONE',  ( 3.824500000000000011, 0.6749881066967827747, 3.950000000000000178 ) ) ;
#5302 = DIRECTION ( 'NONE',  ( -0.000000000000000000, 1.000000000000000000, -0.000000000000000000 ) ) ;
#5303 = FACE_OUTER_BOUND ( 'NONE', #67, .T. ) ;
#5304 = EDGE_CURVE ( 'NONE', #2676, #4417, #4199, .T. ) ;
#5305 = EDGE_LOOP ( 'NONE', ( #5976, #939, #5695, #3772 ) ) ;
#5306 = AXIS2_PLACEMENT_3D ( 'NONE', #8193, #4582, #437 ) ;
#5307 = VECTOR ( 'NONE', #4938, 1000.000000000000000 ) ;
#5308 = ADVANCED_FACE ( 'NONE', ( #8815 ), #6449, .F. ) ;
#5309 = ORIENTED_EDGE ( 'NONE', *, *, #3410, .F. ) ;
#5310 = LINE ( 'NONE', #129, #5762 ) ;
#5311 = VERTEX_POINT ( 'NONE', #3624 ) ;
#5312 = VECTOR ( 'NONE', #2594, 1000.000000000000000 ) ;
#5313 = EDGE_CURVE ( 'NONE', #5156, #3858, #5162, .T. ) ;
#5314 = ORIENTED_EDGE ( 'NONE', *, *, #1037, .T. ) ;
#5315 = FACE_OUTER_BOUND ( 'NONE', #3059, .T. ) ;
#5316 = EDGE_CURVE ( 'NONE', #4417, #1182, #3560, .T. ) ;
#5317 = CARTESIAN_POINT ( 'NONE',  ( 2.824500000000000011, 0.7125687761248744589, 3.592443814627477305 ) ) ;
#5318 = CARTESIAN_POINT ( 'NONE',  ( 3.324500000000000011, 0.5335548349585852446, 3.573628691239299382 ) ) ;
#5319 = FACE_OUTER_BOUND ( 'NONE', #5975, .T. ) ;
#5320 = ADVANCED_FACE ( 'NONE', ( #6936 ), #5723, .F. ) ;
#5321 = ORIENTED_EDGE ( 'NONE', *, *, #4148, .F. ) ;
#5322 = CARTESIAN_POINT ( 'NONE',  ( 4.324500000000000455, 0.8399999999999998579, -0.1087920875194620801 ) ) ;
#5323 = DIRECTION ( 'NONE',  ( 0.000000000000000000, -0.1045284632676515280, 0.9945218953682736229 ) ) ;
#5324 = CIRCLE ( 'NONE', #1753, 0.09999999999999982514 ) ;
#5325 = DIRECTION ( 'NONE',  ( 1.000000000000000000, 0.000000000000000000, 0.000000000000000000 ) ) ;
#5326 = VECTOR ( 'NONE', #4065, 1000.000000000000000 ) ;
#5327 = CARTESIAN_POINT ( 'NONE',  ( 3.324500000000000011, 0.6749881066967827747, 3.950000000000000178 ) ) ;
#5328 = FACE_OUTER_BOUND ( 'NONE', #8527, .T. ) ;
#5329 = AXIS2_PLACEMENT_3D ( 'NONE', #799, #7781, #6256 ) ;
#5330 = PLANE ( 'NONE',  #2731 ) ;
#5331 = DIRECTION ( 'NONE',  ( 0.000000000000000000, 0.000000000000000000, -1.000000000000000000 ) ) ;
#5332 = ORIENTED_EDGE ( 'NONE', *, *, #1086, .T. ) ;
#5333 = DIRECTION ( 'NONE',  ( 1.000000000000000000, -0.000000000000000000, -0.000000000000000000 ) ) ;
#5334 = VECTOR ( 'NONE', #2294, 1000.000000000000000 ) ;
#5335 = ORIENTED_EDGE ( 'NONE', *, *, #446, .T. ) ;
#5336 = LINE ( 'NONE', #8143, #585 ) ;
#5337 = CIRCLE ( 'NONE', #7029, 0.09999999999999993616 ) ;
#5338 = ORIENTED_EDGE ( 'NONE', *, *, #5712, .T. ) ;
#5339 = CARTESIAN_POINT ( 'NONE',  ( 3.824500000000000011, 0.8996209656617012440, -0.1890749652305044881 ) ) ;
#5340 = ORIENTED_EDGE ( 'NONE', *, *, #4108, .F. ) ;
#5341 = CARTESIAN_POINT ( 'NONE',  ( 0.8245000000000001217, 0.6749881066967827747, -0.9500000000000002887 ) ) ;
#5342 = EDGE_LOOP ( 'NONE', ( #2132, #6984, #7889, #699 ) ) ;
#5343 = LINE ( 'NONE', #2375, #182 ) ;
#5344 = EDGE_CURVE ( 'NONE', #8606, #3786, #5271, .T. ) ;
#5345 =( GEOMETRIC_REPRESENTATION_CONTEXT ( 3 ) GLOBAL_UNCERTAINTY_ASSIGNED_CONTEXT ( ( #5272 ) ) GLOBAL_UNIT_ASSIGNED_CONTEXT ( ( #5198, #3876, #422 ) ) REPRESENTATION_CONTEXT ( 'NONE', 'WORKASPACE' ) );
#5346 = EDGE_LOOP ( 'NONE', ( #7634, #8677, #1312, #3089 ) ) ;
#5347 = DIRECTION ( 'NONE',  ( 0.000000000000000000, 0.000000000000000000, 1.000000000000000000 ) ) ;
#5348 = DIRECTION ( 'NONE',  ( 0.000000000000000000, -1.000000000000000000, 0.000000000000000000 ) ) ;
#5349 = DIRECTION ( 'NONE',  ( -1.000000000000000000, -0.000000000000000000, -0.000000000000000000 ) ) ;
#5350 = DIRECTION ( 'NONE',  ( 0.000000000000000000, 0.000000000000000000, -1.000000000000000000 ) ) ;
#5351 = ADVANCED_FACE ( 'NONE', ( #511 ), #1520, .F. ) ;
#5352 = ORIENTED_EDGE ( 'NONE', *, *, #2445, .T. ) ;
#5353 = VECTOR ( 'NONE', #7735, 1000.000000000000000 ) ;
#5354 = ORIENTED_EDGE ( 'NONE', *, *, #3107, .F. ) ;
#5355 = EDGE_CURVE ( 'NONE', #6899, #7933, #7377, .T. ) ;
#5356 = CARTESIAN_POINT ( 'NONE',  ( 4.324500000000000455, 0.8120209656617016769, -0.6028966609542426580 ) ) ;
#5357 = DIRECTION ( 'NONE',  ( -1.000000000000000000, 0.000000000000000000, 0.000000000000000000 ) ) ;
#5358 = PLANE ( 'NONE',  #1719 ) ;
#5359 = AXIS2_PLACEMENT_3D ( 'NONE', #6964, #2850, #5590 ) ;
#5360 = LINE ( 'NONE', #2110, #4759 ) ;
#5361 = CARTESIAN_POINT ( 'NONE',  ( 1.300000000000000266, 1.409999999999999920, 2.400000000000000799 ) ) ;
#5362 = ORIENTED_EDGE ( 'NONE', *, *, #2804, .F. ) ;
#5363 = ORIENTED_EDGE ( 'NONE', *, *, #2366, .F. ) ;
#5364 = VERTEX_POINT ( 'NONE', #3092 ) ;
#5365 = DIRECTION ( 'NONE',  ( -2.824178620696807171E-17, -1.000000000000000000, -0.000000000000000000 ) ) ;
#5366 = ORIENTED_EDGE ( 'NONE', *, *, #6016, .F. ) ;
#5367 = ADVANCED_FACE ( 'NONE', ( #1375 ), #5114, .F. ) ;
#5368 = ORIENTED_EDGE ( 'NONE', *, *, #4653, .F. ) ;
#5369 = EDGE_CURVE ( 'NONE', #5080, #3140, #1818, .T. ) ;
#5370 = EDGE_CURVE ( 'NONE', #4184, #6303, #7480, .T. ) ;
#5371 = EDGE_LOOP ( 'NONE', ( #5871, #5487, #5236, #4303, #8207, #4013, #950, #5710, #1728, #3915, #587, #6702 ) ) ;
#5372 = EDGE_CURVE ( 'NONE', #6303, #2892, #7939, .T. ) ;
#5373 = VECTOR ( 'NONE', #5176, 1000.000000000000000 ) ;
#5374 = ORIENTED_EDGE ( 'NONE', *, *, #5091, .T. ) ;
#5375 = VERTEX_POINT ( 'NONE', #6621 ) ;
#5376 =( GEOMETRIC_REPRESENTATION_CONTEXT ( 3 ) GLOBAL_UNCERTAINTY_ASSIGNED_CONTEXT ( ( #66 ) ) GLOBAL_UNIT_ASSIGNED_CONTEXT ( ( #4717, #8238, #4018 ) ) REPRESENTATION_CONTEXT ( 'NONE', 'WORKASPACE' ) );
#5377 = LINE ( 'NONE', #5627, #5167 ) ;
#5378 = CARTESIAN_POINT ( 'NONE',  ( 1.297000000000000375, 0.5999999999999999778, 2.205499999999999350 ) ) ;
#5379 = ORIENTED_EDGE ( 'NONE', *, *, #5796, .T. ) ;
#5380 = SURFACE_SIDE_STYLE ('',( #8213 ) ) ;
#5381 = CARTESIAN_POINT ( 'NONE',  ( 1.297000000000000375, 0.5999999999999999778, 2.205499999999999350 ) ) ;
#5382 = DIRECTION ( 'NONE',  ( 0.000000000000000000, -1.000000000000000000, 0.000000000000000000 ) ) ;
#5383 = VECTOR ( 'NONE', #5419, 1000.000000000000114 ) ;
#5384 = EDGE_LOOP ( 'NONE', ( #731, #413, #6951, #1484 ) ) ;
#5385 = CARTESIAN_POINT ( 'NONE',  ( 1.324500000000000233, 1.119999999999999885, 3.000000000000000000 ) ) ;
#5386 = DIRECTION ( 'NONE',  ( 0.000000000000000000, 0.000000000000000000, -1.000000000000000000 ) ) ;
#5387 = EDGE_LOOP ( 'NONE', ( #4534, #2689, #8686, #1613 ) ) ;
#5388 = EDGE_CURVE ( 'NONE', #1056, #3114, #3225, .T. ) ;
#5389 = DIRECTION ( 'NONE',  ( -1.000000000000000000, 0.000000000000000000, 0.000000000000000000 ) ) ;
#5390 = AXIS2_PLACEMENT_3D ( 'NONE', #5122, #2378, #5829 ) ;
#5391 = VERTEX_POINT ( 'NONE', #1699 ) ;
#5392 = SURFACE_STYLE_FILL_AREA ( #593 ) ;
#5393 = CARTESIAN_POINT ( 'NONE',  ( 2.594500000000000028, 0.6450822618089369076, 3.378104603363324188 ) ) ;
#5394 = DIRECTION ( 'NONE',  ( 0.000000000000000000, 0.8028287771104243298, -0.5962096566170163037 ) ) ;
#5395 = CARTESIAN_POINT ( 'NONE',  ( 3.824500000000000011, 1.119999999999999885, 3.000000000000000000 ) ) ;
#5396 = ORIENTED_EDGE ( 'NONE', *, *, #4222, .F. ) ;
#5397 = DIRECTION ( 'NONE',  ( 0.000000000000000000, -0.9945218953682732899, -0.1045284632676540260 ) ) ;
#5398 = ORIENTED_EDGE ( 'NONE', *, *, #2179, .F. ) ;
#5399 = DIRECTION ( 'NONE',  ( 1.000000000000000000, -0.000000000000000000, -0.000000000000000000 ) ) ;
#5400 = LINE ( 'NONE', #7515, #320 ) ;
#5401 = CARTESIAN_POINT ( 'NONE',  ( 4.092000000000001414, 0.6499999999999999112, 0.6745000000000010987 ) ) ;
#5402 = FACE_OUTER_BOUND ( 'NONE', #6616, .T. ) ;
#5403 = ADVANCED_FACE ( 'NONE', ( #1921 ), #2456, .F. ) ;
#5404 = DIRECTION ( 'NONE',  ( 0.000000000000000000, 1.000000000000000000, 0.000000000000000000 ) ) ;
#5405 = DIRECTION ( 'NONE',  ( 1.000000000000000000, 0.000000000000000000, 0.000000000000000000 ) ) ;
#5406 = EDGE_CURVE ( 'NONE', #4990, #4243, #6707, .T. ) ;
#5407 = VERTEX_POINT ( 'NONE', #1761 ) ;
#5408 = DIRECTION ( 'NONE',  ( 0.000000000000000000, 0.000000000000000000, -1.000000000000000000 ) ) ;
#5409 = EDGE_CURVE ( 'NONE', #4439, #3555, #8702, .T. ) ;
#5410 = DIRECTION ( 'NONE',  ( -0.000000000000000000, 0.1045284632676540260, -0.9945218953682732899 ) ) ;
#5411 = CARTESIAN_POINT ( 'NONE',  ( 3.594500000000000028, 0.8120209656617016769, -0.6028966609542426580 ) ) ;
#5412 = CIRCLE ( 'NONE', #7782, 0.09999999999999982514 ) ;
#5413 = DIRECTION ( 'NONE',  ( 0.000000000000000000, 0.000000000000000000, -1.000000000000000000 ) ) ;
#5414 = ADVANCED_FACE ( 'NONE', ( #3112 ), #3127, .T. ) ;
#5415 = EDGE_CURVE ( 'NONE', #395, #7678, #4943, .T. ) ;
#5416 = CARTESIAN_POINT ( 'NONE',  ( 4.624035241003918273, 1.439999999999999947, 3.000000000000000000 ) ) ;
#5417 = DIRECTION ( 'NONE',  ( 0.000000000000000000, -0.8028287771104236636, -0.5962096566170173029 ) ) ;
#5418 = LINE ( 'NONE', #6099, #4456 ) ;
#5419 = DIRECTION ( 'NONE',  ( 0.000000000000000000, 0.1045284632676540260, 0.9945218953682732899 ) ) ;
#5420 = LINE ( 'NONE', #1780, #5205 ) ;
#5421 = VERTEX_POINT ( 'NONE', #3766 ) ;
#5422 =( LENGTH_UNIT ( ) NAMED_UNIT ( * ) SI_UNIT ( .MILLI., .METRE. ) );
#5423 = EDGE_LOOP ( 'NONE', ( #121, #4288, #245, #4505, #4580, #5699, #409, #7897, #267, #922, #6207, #1041 ) ) ;
#5424 = DIRECTION ( 'NONE',  ( -0.000000000000000000, -0.000000000000000000, -1.000000000000000000 ) ) ;
#5425 = EDGE_CURVE ( 'NONE', #5745, #3207, #1588, .T. ) ;
#5426 = VECTOR ( 'NONE', #3853, 1000.000000000000227 ) ;
#5427 = CARTESIAN_POINT ( 'NONE',  ( 2.094500000000000028, 1.119999999999999885, 3.000000000000000000 ) ) ;
#5428 = EDGE_CURVE ( 'NONE', #4408, #698, #1808, .T. ) ;
#5429 = LINE ( 'NONE', #2398, #1969 ) ;
#5430 = CARTESIAN_POINT ( 'NONE',  ( 0.6999999999999998446, 1.119999999999999885, 3.000000000000000000 ) ) ;
#5431 = VERTEX_POINT ( 'NONE', #1005 ) ;
#5432 = AXIS2_PLACEMENT_3D ( 'NONE', #941, #7864, #972 ) ;
#5433 = FACE_OUTER_BOUND ( 'NONE', #2443, .T. ) ;
#5434 = DIRECTION ( 'NONE',  ( 0.000000000000000000, 0.000000000000000000, -1.000000000000000000 ) ) ;
#5435 = DIRECTION ( 'NONE',  ( 0.000000000000000000, 0.000000000000000000, -1.000000000000000000 ) ) ;
#5436 =( BOUNDED_CURVE ( )  B_SPLINE_CURVE ( 3, ( #7477, #4106, #7576, #1195 ),
 .UNSPECIFIED., .F., .F. ) 
 B_SPLINE_CURVE_WITH_KNOTS ( ( 4, 4 ),
 ( 0.2860514417173102286, 1.570796326794891229 ),
 .UNSPECIFIED. ) 
 CURVE ( )  GEOMETRIC_REPRESENTATION_ITEM ( )  RATIONAL_B_SPLINE_CURVE ( ( 1.000000000000000000, 0.8671177933693102746, 0.8671177933693102746, 1.000000000000000000 ) ) 
 REPRESENTATION_ITEM ( '' )  );
#5437 = FACE_OUTER_BOUND ( 'NONE', #8254, .T. ) ;
#5438 = LINE ( 'NONE', #5381, #2307 ) ;
#5439 = VECTOR ( 'NONE', #7204, 1000.000000000000000 ) ;
#5440 = FILL_AREA_STYLE ('',( #3486 ) ) ;
#5441 = CARTESIAN_POINT ( 'NONE',  ( 0.7999999999999999334, 1.459999999999999964, 3.000000000000000000 ) ) ;
#5442 = LINE ( 'NONE', #660, #360 ) ;
#5443 = CARTESIAN_POINT ( 'NONE',  ( 3.094500000000000028, 0.8996209656617012440, 3.189074965230504599 ) ) ;
#5444 = DIRECTION ( 'NONE',  ( 0.000000000000000000, 0.5962096566170173029, -0.8028287771104236636 ) ) ;
#5445 = LINE ( 'NONE', #6784, #7128 ) ;
#5446 = VECTOR ( 'NONE', #1904, 1000.000000000000000 ) ;
#5447 = CIRCLE ( 'NONE', #3907, 0.1200000000000000233 ) ;
#5448 = ORIENTED_EDGE ( 'NONE', *, *, #879, .T. ) ;
#5449 = ADVANCED_FACE ( 'NONE', ( #846 ), #5262, .T. ) ;
#5450 = CARTESIAN_POINT ( 'NONE',  ( 1.324500000000000233, 0.9399999999999997247, 3.108792087519461678 ) ) ;
#5451 = LINE ( 'NONE', #1434, #6666 ) ;
#5452 = DIRECTION ( 'NONE',  ( 0.000000000000000000, 0.000000000000000000, 1.000000000000000000 ) ) ;
#5453 = DIRECTION ( 'NONE',  ( 1.000000000000000000, 0.000000000000000000, 0.000000000000000000 ) ) ;
#5454 = DIRECTION ( 'NONE',  ( 0.000000000000000000, 0.8028287771104243298, -0.5962096566170163037 ) ) ;
#5455 = AXIS2_PLACEMENT_3D ( 'NONE', #3176, #7329, #5934 ) ;
#5456 = FACE_OUTER_BOUND ( 'NONE', #3187, .T. ) ;
#5457 = ORIENTED_EDGE ( 'NONE', *, *, #6326, .T. ) ;
#5458 = AXIS2_PLACEMENT_3D ( 'NONE', #4298, #6413, #3029 ) ;
#5459 = ORIENTED_EDGE ( 'NONE', *, *, #8750, .F. ) ;
#5460 = CARTESIAN_POINT ( 'NONE',  ( 3.824500000000000011, 1.000393720129284736, 3.188973213350405178 ) ) ;
#5461 = ADVANCED_FACE ( 'NONE', ( #6152 ), #6488, .F. ) ;
#5462 = DIRECTION ( 'NONE',  ( 0.000000000000000000, -1.000000000000000000, 0.000000000000000000 ) ) ;
#5463 = DIRECTION ( 'NONE',  ( 0.000000000000000000, 0.000000000000000000, -1.000000000000000000 ) ) ;
#5464 = ORIENTED_EDGE ( 'NONE', *, *, #1072, .T. ) ;
#5465 = CARTESIAN_POINT ( 'NONE',  ( 2.824500000000000011, 0.6450822618089369076, 3.378104603363324188 ) ) ;
#5466 = LINE ( 'NONE', #6542, #2004 ) ;
#5467 = EDGE_LOOP ( 'NONE', ( #6485, #1162, #6848, #7848 ) ) ;
#5468 = DIRECTION ( 'NONE',  ( 0.000000000000000000, 0.8028287771104243298, 0.5962096566170163037 ) ) ;
#5469 = DIRECTION ( 'NONE',  ( 0.000000000000000000, -0.2821663239915495613, -0.9593655015712707623 ) ) ;
#5470 = AXIS2_PLACEMENT_3D ( 'NONE', #4064, #2336, #1608 ) ;
#5471 = DIRECTION ( 'NONE',  ( 1.000000000000000000, -0.000000000000000000, -0.000000000000000000 ) ) ;
#5472 = AXIS2_PLACEMENT_3D ( 'NONE', #4865, #1543, #5787 ) ;
#5473 = EDGE_LOOP ( 'NONE', ( #6907, #6863, #3530, #5135 ) ) ;
#5474 = VERTEX_POINT ( 'NONE', #5997 ) ;
#5475 = DIRECTION ( 'NONE',  ( 1.000000000000000000, -0.000000000000000000, -0.000000000000000000 ) ) ;
#5476 = ORIENTED_EDGE ( 'NONE', *, *, #2544, .T. ) ;
#5477 = CARTESIAN_POINT ( 'NONE',  ( 0.7983767868419442415, 0.6055189247373892192, 2.901623213158056824 ) ) ;
#5478 = ORIENTED_EDGE ( 'NONE', *, *, #5498, .T. ) ;
#5479 = CARTESIAN_POINT ( 'NONE',  ( 1.824500000000000233, 0.6749881066967827747, 3.950000000000000178 ) ) ;
#5480 = LINE ( 'NONE', #3363, #4414 ) ;
#5481 = ORIENTED_EDGE ( 'NONE', *, *, #629, .T. ) ;
#5482 = EDGE_CURVE ( 'NONE', #2792, #6056, #2348, .T. ) ;
#5483 = VERTEX_POINT ( 'NONE', #3732 ) ;
#5484 = CARTESIAN_POINT ( 'NONE',  ( 3.324500000000000011, 0.6749881066967827747, 3.950000000000000178 ) ) ;
#5485 = FILL_AREA_STYLE_COLOUR ( '', #4094 ) ;
#5486 = EDGE_LOOP ( 'NONE', ( #729, #7321, #2464, #847 ) ) ;
#5487 = ORIENTED_EDGE ( 'NONE', *, *, #2941, .T. ) ;
#5488 = AXIS2_PLACEMENT_3D ( 'NONE', #3710, #6450, #8646 ) ;
#5489 = DIRECTION ( 'NONE',  ( 0.000000000000000000, -1.000000000000000000, 0.000000000000000000 ) ) ;
#5490 = EDGE_LOOP ( 'NONE', ( #2451, #7406, #7203, #8 ) ) ;
#5491 = VECTOR ( 'NONE', #6369, 1000.000000000000000 ) ;
#5492 = ORIENTED_EDGE ( 'NONE', *, *, #2311, .F. ) ;
#5493 = FILL_AREA_STYLE_COLOUR ( '', #4374 ) ;
#5494 = ORIENTED_EDGE ( 'NONE', *, *, #6969, .T. ) ;
#5495 = DIRECTION ( 'NONE',  ( -1.000000000000000000, 0.000000000000000000, 0.000000000000000000 ) ) ;
#5496 = EDGE_CURVE ( 'NONE', #3846, #8578, #8045, .T. ) ;
#5497 = LINE ( 'NONE', #3990, #1822 ) ;
#5498 = EDGE_CURVE ( 'NONE', #3454, #1187, #1154, .T. ) ;
#5499 = DIRECTION ( 'NONE',  ( 0.000000000000000000, -0.8028287771104236636, 0.5962096566170171918 ) ) ;
#5500 = ORIENTED_EDGE ( 'NONE', *, *, #2635, .T. ) ;
#5501 = PLANE ( 'NONE',  #1757 ) ;
#5502 = DIRECTION ( 'NONE',  ( 0.000000000000000000, 0.000000000000000000, 1.000000000000000000 ) ) ;
#5503 = VECTOR ( 'NONE', #2705, 1000.000000000000114 ) ;
#5504 = ORIENTED_EDGE ( 'NONE', *, *, #5712, .F. ) ;
#5505 = CARTESIAN_POINT ( 'NONE',  ( 4.094500000000000028, 0.9399999999999998357, 3.000000000000000000 ) ) ;
#5506 = DIRECTION ( 'NONE',  ( 0.000000000000000000, -1.000000000000000000, 0.000000000000000000 ) ) ;
#5507 = ORIENTED_EDGE ( 'NONE', *, *, #2954, .F. ) ;
#5508 = DIRECTION ( 'NONE',  ( 1.000000000000000000, 0.000000000000000000, 0.000000000000000000 ) ) ;
#5509 = ORIENTED_EDGE ( 'NONE', *, *, #3005, .F. ) ;
#5510 = ADVANCED_FACE ( 'NONE', ( #6926 ), #7456, .F. ) ;
#5511 = VECTOR ( 'NONE', #1276, 1000.000000000000000 ) ;
#5512 = DIRECTION ( 'NONE',  ( 0.000000000000000000, 0.1045284632676540260, 0.9945218953682732899 ) ) ;
#5513 = CARTESIAN_POINT ( 'NONE',  ( 2.594500000000000028, 0.9399999999999997247, -0.1087920875194616499 ) ) ;
#5514 = EDGE_CURVE ( 'NONE', #3555, #2334, #4189, .T. ) ;
#5515 = VERTEX_POINT ( 'NONE', #5378 ) ;
#5516 = DIRECTION ( 'NONE',  ( 0.000000000000000000, 0.000000000000000000, -1.000000000000000000 ) ) ;
#5517 = CARTESIAN_POINT ( 'NONE',  ( 3.324500000000000011, 0.8399999999999998579, -0.1087920875194620801 ) ) ;
#5518 = CARTESIAN_POINT ( 'NONE',  ( 0.8000000000000003775, 0.6143566735201689832, 0.09577744896465599511 ) ) ;
#5519 = DIRECTION ( 'NONE',  ( 0.000000000000000000, -0.8028287771104236636, -0.5962096566170171918 ) ) ;
#5520 = LINE ( 'NONE', #3789, #2816 ) ;
#5521 = DIRECTION ( 'NONE',  ( -0.000000000000000000, 0.9729913731149246736, 0.2308414777372849447 ) ) ;
#5522 = VECTOR ( 'NONE', #7014, 1000.000000000000000 ) ;
#5523 = EDGE_LOOP ( 'NONE', ( #3120, #4353, #7282, #3780 ) ) ;
#5524 = DIRECTION ( 'NONE',  ( 0.000000000000000000, 0.9945218953682735119, 0.1045284632676515141 ) ) ;
#5525 = DIRECTION ( 'NONE',  ( -1.000000000000000000, 2.824178620696807171E-17, 0.000000000000000000 ) ) ;
#5526 = AXIS2_PLACEMENT_3D ( 'NONE', #5747, #7183, #4384 ) ;
#5527 = FACE_OUTER_BOUND ( 'NONE', #6134, .T. ) ;
#5528 = ORIENTED_EDGE ( 'NONE', *, *, #4903, .T. ) ;
#5529 = CARTESIAN_POINT ( 'NONE',  ( 4.594500000000000028, 0.7125687761248743479, -0.5924438146274771944 ) ) ;
#5530 = CARTESIAN_POINT ( 'NONE',  ( 3.324500000000000011, 0.8996209656617012440, 3.189074965230504599 ) ) ;
#5531 = EDGE_CURVE ( 'NONE', #4283, #2585, #5931, .T. ) ;
#5532 = LINE ( 'NONE', #3628, #8096 ) ;
#5533 = CARTESIAN_POINT ( 'NONE',  ( 2.824500000000000011, 0.8120209656617016769, 3.602896660954242769 ) ) ;
#5534 = VERTEX_POINT ( 'NONE', #7395 ) ;
#5535 = EDGE_CURVE ( 'NONE', #8433, #4735, #2245, .T. ) ;
#5536 = ORIENTED_EDGE ( 'NONE', *, *, #5904, .F. ) ;
#5537 = CARTESIAN_POINT ( 'NONE',  ( 3.094500000000000028, 0.8120209656617016769, -0.6028966609542426580 ) ) ;
#5538 = VECTOR ( 'NONE', #6667, 1000.000000000000000 ) ;
#5539 = CARTESIAN_POINT ( 'NONE',  ( 3.824500000000000011, 1.119999999999999885, 3.000000000000000000 ) ) ;
#5540 = VERTEX_POINT ( 'NONE', #8183 ) ;
#5541 = VECTOR ( 'NONE', #9025, 1000.000000000000000 ) ;
#5542 = DIRECTION ( 'NONE',  ( 1.000000000000000000, -0.000000000000000000, 1.239088197126289091E-15 ) ) ;
#5543 = CARTESIAN_POINT ( 'NONE',  ( 3.824500000000000011, 0.8399999999999998579, 3.108792087519462122 ) ) ;
#5544 = FACE_OUTER_BOUND ( 'NONE', #2908, .T. ) ;
#5545 = DIRECTION ( 'NONE',  ( 0.000000000000000000, -0.1045284632676515280, -0.9945218953682736229 ) ) ;
#5546 = EDGE_CURVE ( 'NONE', #4313, #7723, #622, .T. ) ;
#5547 = DIRECTION ( 'NONE',  ( 0.000000000000000000, 0.000000000000000000, 1.000000000000000000 ) ) ;
#5548 = EDGE_CURVE ( 'NONE', #1569, #8192, #5811, .T. ) ;
#5549 = UNCERTAINTY_MEASURE_WITH_UNIT (LENGTH_MEASURE( 1.000000000000000082E-05 ), #69, 'distance_accuracy_value', 'NONE');
#5550 = ADVANCED_FACE ( 'NONE', ( #6265 ), #1908, .F. ) ;
#5551 = LINE ( 'NONE', #3450, #3180 ) ;
#5552 = CARTESIAN_POINT ( 'NONE',  ( 3.594500000000000028, 1.071938878923327065, 3.285312666603656062 ) ) ;
#5553 = DIRECTION ( 'NONE',  ( 0.000000000000000000, 0.000000000000000000, 1.000000000000000000 ) ) ;
#5554 = VECTOR ( 'NONE', #1366, 1000.000000000000000 ) ;
#5555 = AXIS2_PLACEMENT_3D ( 'NONE', #2225, #4344, #206 ) ;
#5556 = DIRECTION ( 'NONE',  ( 0.000000000000000000, -1.000000000000000000, 0.000000000000000000 ) ) ;
#5557 = PRESENTATION_STYLE_ASSIGNMENT (( #934 ) ) ;
#5558 = CARTESIAN_POINT ( 'NONE',  ( 3.594500000000000028, 0.6749881066967827747, -0.9500000000000002887 ) ) ;
#5559 = ORIENTED_EDGE ( 'NONE', *, *, #5546, .F. ) ;
#5560 = CARTESIAN_POINT ( 'NONE',  ( 4.643222551035345091, 1.445643326479830737, 2.904222551035344768 ) ) ;
#5561 = EDGE_CURVE ( 'NONE', #1615, #1247, #8804, .T. ) ;
#5562 = LINE ( 'NONE', #7452, #3736 ) ;
#5563 = DIRECTION ( 'NONE',  ( -1.536785503168681241E-16, 0.000000000000000000, 1.000000000000000000 ) ) ;
#5564 = VECTOR ( 'NONE', #4866, 1000.000000000000000 ) ;
#5565 = ORIENTED_EDGE ( 'NONE', *, *, #2474, .T. ) ;
#5566 = CARTESIAN_POINT ( 'NONE',  ( 2.094500000000000028, 0.6749881066967827747, 3.950000000000000178 ) ) ;
#5567 = AXIS2_PLACEMENT_3D ( 'NONE', #1172, #5397, #5277 ) ;
#5568 = EDGE_LOOP ( 'NONE', ( #2880, #5492, #5899, #674 ) ) ;
#5569 = ORIENTED_EDGE ( 'NONE', *, *, #3345, .T. ) ;
#5570 = VECTOR ( 'NONE', #1882, 1000.000000000000000 ) ;
#5571 = VERTEX_POINT ( 'NONE', #8148 ) ;
#5572 = DIRECTION ( 'NONE',  ( 0.000000000000000000, -1.000000000000000000, 0.000000000000000000 ) ) ;
#5573 = AXIS2_PLACEMENT_3D ( 'NONE', #819, #1529, #1560 ) ;
#5574 = CARTESIAN_POINT ( 'NONE',  ( 1.347000000000000641, 0.5999999999999999778, 0.6745000000000007656 ) ) ;
#5575 = ORIENTED_EDGE ( 'NONE', *, *, #8091, .T. ) ;
#5576 = LINE ( 'NONE', #5645, #5249 ) ;
#5577 = EDGE_CURVE ( 'NONE', #436, #7468, #5053, .T. ) ;
#5578 = CARTESIAN_POINT ( 'NONE',  ( 1.324500000000000233, 0.6749881066967827747, -0.9500000000000002887 ) ) ;
#5579 = ORIENTED_EDGE ( 'NONE', *, *, #4619, .T. ) ;
#5580 = SURFACE_STYLE_USAGE ( .BOTH. , #2073 ) ;
#5581 = CARTESIAN_POINT ( 'NONE',  ( 0.8245000000000001217, 1.119999999999999885, 0.000000000000000000 ) ) ;
#5582 = CARTESIAN_POINT ( 'NONE',  ( 1.094500000000000028, 1.119999999999999885, 0.000000000000000000 ) ) ;
#5583 = ADVANCED_FACE ( 'NONE', ( #1362 ), #3304, .F. ) ;
#5584 = FILL_AREA_STYLE ('',( #7775 ) ) ;
#5585 = LINE ( 'NONE', #3484, #8202 ) ;
#5586 = VERTEX_POINT ( 'NONE', #6768 ) ;
#5587 = EDGE_LOOP ( 'NONE', ( #6699, #5509, #986, #943 ) ) ;
#5588 = PLANE ( 'NONE',  #2603 ) ;
#5589 = EDGE_LOOP ( 'NONE', ( #2068, #5569, #7467, #6363, #5292, #7923, #7159, #2189, #2483, #195, #2801, #7173 ) ) ;
#5591 = EDGE_CURVE ( 'NONE', #4940, #3004, #396, .T. ) ;
#5590 = DIRECTION ( 'NONE',  ( 1.000000000000000000, 0.000000000000000000, -0.000000000000000000 ) ) ;
#5592 = AXIS2_PLACEMENT_3D ( 'NONE', #4278, #2083, #258 ) ;
#5593 = ORIENTED_EDGE ( 'NONE', *, *, #6183, .F. ) ;
#5594 = AXIS2_PLACEMENT_3D ( 'NONE', #1403, #3442, #3536 ) ;
#5595 = DIRECTION ( 'NONE',  ( -0.000000000000000000, -0.000000000000000000, 1.000000000000000000 ) ) ;
#5596 = ORIENTED_EDGE ( 'NONE', *, *, #8680, .T. ) ;
#5597 =( GEOMETRIC_REPRESENTATION_CONTEXT ( 3 ) GLOBAL_UNCERTAINTY_ASSIGNED_CONTEXT ( ( #7783 ) ) GLOBAL_UNIT_ASSIGNED_CONTEXT ( ( #5422, #6849, #3349 ) ) REPRESENTATION_CONTEXT ( 'NONE', 'WORKASPACE' ) );
#5598 = CARTESIAN_POINT ( 'NONE',  ( 4.094500000000000028, 0.8120209656617016769, 3.602896660954242769 ) ) ;
#5599 = VECTOR ( 'NONE', #1036, 1000.000000000000000 ) ;
#5600 = ORIENTED_EDGE ( 'NONE', *, *, #8356, .F. ) ;
#5601 = ADVANCED_FACE ( 'NONE', ( #4611 ), #2489, .F. ) ;
#5602 = ORIENTED_EDGE ( 'NONE', *, *, #6026, .F. ) ;
#5603 = DIRECTION ( 'NONE',  ( -0.000000000000000000, 0.9729913731149246736, 0.2308414777372849447 ) ) ;
#5604 = CARTESIAN_POINT ( 'NONE',  ( 2.324500000000000011, 0.7125687761248744589, 3.592443814627477305 ) ) ;
#5605 = VECTOR ( 'NONE', #4458, 1000.000000000000000 ) ;
#5606 = ORIENTED_EDGE ( 'NONE', *, *, #8848, .T. ) ;
#5607 = EDGE_CURVE ( 'NONE', #2436, #4876, #7162, .T. ) ;
#5608 = CARTESIAN_POINT ( 'NONE',  ( 3.594500000000000028, 1.000393720129284736, -0.1889732133504053169 ) ) ;
#5609 = EDGE_CURVE ( 'NONE', #181, #1745, #3954, .T. ) ;
#5610 = CARTESIAN_POINT ( 'NONE',  ( 4.094500000000000028, 0.6749881066967827747, 3.950000000000000178 ) ) ;
#5611 = FACE_OUTER_BOUND ( 'NONE', #4083, .T. ) ;
#5612 = CARTESIAN_POINT ( 'NONE',  ( 4.324500000000000455, 0.4984000000000007313, -0.9081046033633235481 ) ) ;
#5613 = PLANE ( 'NONE',  #899 ) ;
#5614 = EDGE_LOOP ( 'NONE', ( #3353, #1821, #2485, #3756 ) ) ;
#5615 = ORIENTED_EDGE ( 'NONE', *, *, #4959, .F. ) ;
#5616 = DIRECTION ( 'NONE',  ( 0.000000000000000000, -0.1045284632676515280, -0.9945218953682736229 ) ) ;
#5617 = DIRECTION ( 'NONE',  ( 1.000000000000000000, -0.000000000000000000, -0.000000000000000000 ) ) ;
#5618 = ORIENTED_EDGE ( 'NONE', *, *, #4659, .T. ) ;
#5619 = CARTESIAN_POINT ( 'NONE',  ( 4.643222551035345091, 0.6143566735201689832, 0.09577744896465556490 ) ) ;
#5620 = DIRECTION ( 'NONE',  ( -1.000000000000000000, 0.000000000000000000, 0.000000000000000000 ) ) ;
#5621 = CARTESIAN_POINT ( 'NONE',  ( 1.347000000000000419, 0.5999999999999999778, 2.325499999999998568 ) ) ;
#5622 = EDGE_CURVE ( 'NONE', #1698, #8165, #7594, .T. ) ;
#5623 = ORIENTED_EDGE ( 'NONE', *, *, #6560, .T. ) ;
#5624 = CARTESIAN_POINT ( 'NONE',  ( 4.092000000000001414, 0.5999999999999998668, 2.325499999999999012 ) ) ;
#5625 = EDGE_LOOP ( 'NONE', ( #8645, #8042, #1537, #168 ) ) ;
#5626 = SURFACE_SIDE_STYLE ('',( #780 ) ) ;
#5627 = CARTESIAN_POINT ( 'NONE',  ( 4.492000000000000881, 0.6499999999999999112, 2.445500000000000007 ) ) ;
#5628 = PLANE ( 'NONE',  #5359 ) ;
#5629 = VECTOR ( 'NONE', #1117, 1000.000000000000000 ) ;
#5630 = DIRECTION ( 'NONE',  ( 1.000000000000000000, -0.000000000000000000, -0.000000000000000000 ) ) ;
#5631 = LINE ( 'NONE', #7402, #1926 ) ;
#5632 = CARTESIAN_POINT ( 'NONE',  ( 4.624035241003919161, 0.5999999999999998668, 3.000000000000000000 ) ) ;
#5633 = ORIENTED_EDGE ( 'NONE', *, *, #8974, .T. ) ;
#5634 = DIRECTION ( 'NONE',  ( 1.000000000000000000, 0.000000000000000000, 0.000000000000000000 ) ) ;
#5635 = CARTESIAN_POINT ( 'NONE',  ( 0.8245000000000001217, 0.8120209656617016769, 3.602896660954242769 ) ) ;
#5636 = VECTOR ( 'NONE', #7899, 1000.000000000000000 ) ;
#5637 = ADVANCED_FACE ( 'NONE', ( #6695 ), #6217, .F. ) ;
#5638 = CARTESIAN_POINT ( 'NONE',  ( 1.824500000000000233, 0.6749881066967827747, -0.9500000000000002887 ) ) ;
#5639 =( GEOMETRIC_REPRESENTATION_CONTEXT ( 3 ) GLOBAL_UNCERTAINTY_ASSIGNED_CONTEXT ( ( #6241 ) ) GLOBAL_UNIT_ASSIGNED_CONTEXT ( ( #3119, #8723, #5938 ) ) REPRESENTATION_CONTEXT ( 'NONE', 'WORKASPACE' ) );
#5640 = CYLINDRICAL_SURFACE ( 'NONE', #3838, 0.2000000000000000944 ) ;
#5641 = CARTESIAN_POINT ( 'NONE',  ( 1.824500000000000233, 1.119999999999999885, 3.179260447756191432 ) ) ;
#5642 = AXIS2_PLACEMENT_3D ( 'NONE', #7335, #1178, #8085 ) ;
#5643 = DIRECTION ( 'NONE',  ( 1.000000000000000000, 0.000000000000000000, 1.239088197126289091E-15 ) ) ;
#5644 = DIRECTION ( 'NONE',  ( 0.000000000000000000, 0.2308414777372849447, 0.9729913731149246736 ) ) ;
#5645 = CARTESIAN_POINT ( 'NONE',  ( 3.094500000000000028, 0.8996209656617012440, -0.1890749652305044881 ) ) ;
#5646 = FACE_OUTER_BOUND ( 'NONE', #8501, .T. ) ;
#5647 = DIRECTION ( 'NONE',  ( -1.239088197126289289E-15, 0.000000000000000000, 1.000000000000000000 ) ) ;
#5648 = CARTESIAN_POINT ( 'NONE',  ( 4.492000000000000881, 0.6499999999999999112, 0.5544999999999998819 ) ) ;
#5649 = VECTOR ( 'NONE', #3517, 999.9999999999998863 ) ;
#5650 = CARTESIAN_POINT ( 'NONE',  ( 2.824500000000000011, 1.071938878923327065, 3.285312666603656062 ) ) ;
#5651 = ADVANCED_FACE ( 'NONE', ( #3863 ), #6391, .T. ) ;
#5652 = ORIENTED_EDGE ( 'NONE', *, *, #5966, .T. ) ;
#5653 = CARTESIAN_POINT ( 'NONE',  ( 2.094500000000000028, 0.7125687761248743479, -0.5924438146274771944 ) ) ;
#5654 = LINE ( 'NONE', #6055, #6995 ) ;
#5655 = VERTEX_POINT ( 'NONE', #3427 ) ;
#5656 = DIRECTION ( 'NONE',  ( 0.000000000000000000, 0.8028287771104243298, 0.5962096566170164147 ) ) ;
#5657 = DIRECTION ( 'NONE',  ( 0.000000000000000000, 0.000000000000000000, -1.000000000000000000 ) ) ;
#5658 = DIRECTION ( 'NONE',  ( 1.000000000000000000, -0.000000000000000000, -0.000000000000000000 ) ) ;
#5659 = EDGE_CURVE ( 'NONE', #4484, #6356, #7362, .T. ) ;
#5660 = PRESENTATION_LAYER_ASSIGNMENT (  '', '', ( #6437 ) ) ;
#5661 = DIRECTION ( 'NONE',  ( 0.000000000000000000, 0.000000000000000000, 1.000000000000000000 ) ) ;
#5662 = VECTOR ( 'NONE', #1124, 1000.000000000000114 ) ;
#5663 = DIRECTION ( 'NONE',  ( 0.9593655015712705403, 0.2821663239915502830, -0.000000000000000000 ) ) ;
#5664 = ORIENTED_EDGE ( 'NONE', *, *, #8354, .T. ) ;
#5665 = FACE_OUTER_BOUND ( 'NONE', #6789, .T. ) ;
#5666 = LINE ( 'NONE', #2901, #6342 ) ;
#5667 = CARTESIAN_POINT ( 'NONE',  ( 2.594500000000000028, 0.7125687761248744589, -0.5924438146274771944 ) ) ;
#5668 = PLANE ( 'NONE',  #4703 ) ;
#5670 = EDGE_CURVE ( 'NONE', #3701, #4571, #5480, .T. ) ;
#5669 = VECTOR ( 'NONE', #7264, 1000.000000000000000 ) ;
#5671 = DIRECTION ( 'NONE',  ( 0.000000000000000000, 0.000000000000000000, 1.000000000000000000 ) ) ;
#5672 = FACE_OUTER_BOUND ( 'NONE', #6163, .T. ) ;
#5673 = VECTOR ( 'NONE', #1268, 1000.000000000000000 ) ;
#5674 = FACE_OUTER_BOUND ( 'NONE', #3128, .T. ) ;
#5675 = DIRECTION ( 'NONE',  ( 0.000000000000000000, 0.8028287771104243298, 0.5962096566170163037 ) ) ;
#5676 = DIRECTION ( 'NONE',  ( 1.000000000000000000, 0.000000000000000000, 0.000000000000000000 ) ) ;
#5677 = DIRECTION ( 'NONE',  ( 1.000000000000000000, 0.000000000000000000, 0.000000000000000000 ) ) ;
#5678 = VECTOR ( 'NONE', #968, 1000.000000000000000 ) ;
#5679 = DIRECTION ( 'NONE',  ( 1.000000000000000000, 0.000000000000000000, 0.000000000000000000 ) ) ;
#5680 = EDGE_CURVE ( 'NONE', #5143, #7678, #193, .T. ) ;
#5681 = VECTOR ( 'NONE', #137, 1000.000000000000000 ) ;
#5682 = EDGE_CURVE ( 'NONE', #3334, #2400, #8373, .T. ) ;
#5683 = FACE_BOUND ( 'NONE', #7215, .T. ) ;
#5684 = CARTESIAN_POINT ( 'NONE',  ( 4.142000000000000348, 0.5999999999999999778, 2.205499999999999794 ) ) ;
#5685 = CYLINDRICAL_SURFACE ( 'NONE', #2522, 0.1199999999999998845 ) ;
#5686 = ORIENTED_EDGE ( 'NONE', *, *, #5118, .F. ) ;
#5687 = EDGE_LOOP ( 'NONE', ( #492, #6469, #8829, #2914 ) ) ;
#5688 = DIRECTION ( 'NONE',  ( 0.000000000000000000, -0.9945218953682732899, 0.1045284632676540260 ) ) ;
#5689 = DIRECTION ( 'NONE',  ( -0.000000000000000000, 0.1045284632676540260, -0.9945218953682732899 ) ) ;
#5690 = EDGE_LOOP ( 'NONE', ( #8474, #3653, #3447, #1137 ) ) ;
#5691 = DIRECTION ( 'NONE',  ( 0.000000000000000000, -0.8028287771104236636, 0.5962096566170173029 ) ) ;
#5692 = VECTOR ( 'NONE', #3988, 1000.000000000000114 ) ;
#5693 = ORIENTED_EDGE ( 'NONE', *, *, #7754, .T. ) ;
#5694 = CARTESIAN_POINT ( 'NONE',  ( 4.324500000000000455, 0.5335548349585852446, -0.5736286912392993820 ) ) ;
#5695 = ORIENTED_EDGE ( 'NONE', *, *, #1374, .F. ) ;
#5696 = EDGE_CURVE ( 'NONE', #8034, #3846, #3002, .T. ) ;
#5697 = DIRECTION ( 'NONE',  ( 1.000000000000000000, -0.000000000000000000, -0.000000000000000000 ) ) ;
#5698 =( GEOMETRIC_REPRESENTATION_CONTEXT ( 3 ) GLOBAL_UNCERTAINTY_ASSIGNED_CONTEXT ( ( #5842 ) ) GLOBAL_UNIT_ASSIGNED_CONTEXT ( ( #7118, #7824, #5008 ) ) REPRESENTATION_CONTEXT ( 'NONE', 'WORKASPACE' ) );
#5699 = ORIENTED_EDGE ( 'NONE', *, *, #908, .T. ) ;
#5700 = LINE ( 'NONE', #2435, #3944 ) ;
#5701 = ORIENTED_EDGE ( 'NONE', *, *, #6445, .T. ) ;
#5702 = ADVANCED_FACE ( 'NONE', ( #285 ), #9005, .F. ) ;
#5703 = VERTEX_POINT ( 'NONE', #6931 ) ;
#5704 = ORIENTED_EDGE ( 'NONE', *, *, #4038, .F. ) ;
#5705 = CARTESIAN_POINT ( 'NONE',  ( 3.094500000000000028, 1.119999999999999885, 3.000000000000000000 ) ) ;
#5706 = CARTESIAN_POINT ( 'NONE',  ( 4.324500000000000455, 0.6450822618089369076, 3.378104603363324188 ) ) ;
#5707 = ORIENTED_EDGE ( 'NONE', *, *, #1077, .T. ) ;
#5708 = ORIENTED_EDGE ( 'NONE', *, *, #898, .F. ) ;
#5709 = CARTESIAN_POINT ( 'NONE',  ( 1.324500000000000233, 0.7125687761248743479, -0.5924438146274771944 ) ) ;
#5710 = ORIENTED_EDGE ( 'NONE', *, *, #4181, .T. ) ;
#5711 = VECTOR ( 'NONE', #2693, 1000.000000000000000 ) ;
#5712 = EDGE_CURVE ( 'NONE', #4596, #4045, #3662, .T. ) ;
#5713 = CARTESIAN_POINT ( 'NONE',  ( 3.824500000000000011, 0.7523999999999998467, 3.522613783243200292 ) ) ;
#5714 = VERTEX_POINT ( 'NONE', #8325 ) ;
#5715 = ORIENTED_EDGE ( 'NONE', *, *, #8750, .T. ) ;
#5716 = PLANE ( 'NONE',  #1663 ) ;
#5717 = ORIENTED_EDGE ( 'NONE', *, *, #4730, .T. ) ;
#5718 = VERTEX_POINT ( 'NONE', #7614 ) ;
#5719 = EDGE_CURVE ( 'NONE', #4971, #5004, #7926, .T. ) ;
#5720 = DIRECTION ( 'NONE',  ( 1.000000000000000000, -0.000000000000000000, -0.000000000000000000 ) ) ;
#5721 = CARTESIAN_POINT ( 'NONE',  ( 1.824500000000000233, 0.4984000000000007313, -0.9081046033633235481 ) ) ;
#5722 = VERTEX_POINT ( 'NONE', #666 ) ;
#5723 = CYLINDRICAL_SURFACE ( 'NONE', #6614, 0.09999999999999993616 ) ;
#5724 = EDGE_LOOP ( 'NONE', ( #6824, #2540, #7973, #8146 ) ) ;
#5725 = EDGE_CURVE ( 'NONE', #6477, #3584, #2126, .T. ) ;
#5726 = ORIENTED_EDGE ( 'NONE', *, *, #4289, .F. ) ;
#5727 = AXIS2_PLACEMENT_3D ( 'NONE', #4604, #3224, #407 ) ;
#5728 = DIRECTION ( 'NONE',  ( -0.000000000000000000, -0.000000000000000000, -1.000000000000000000 ) ) ;
#5729 = EDGE_LOOP ( 'NONE', ( #7484, #8057, #8380, #3675 ) ) ;
#5730 = LINE ( 'NONE', #6785, #5503 ) ;
#5731 = DIRECTION ( 'NONE',  ( 0.000000000000000000, -1.000000000000000000, 0.000000000000000000 ) ) ;
#5732 = ORIENTED_EDGE ( 'NONE', *, *, #8354, .F. ) ;
#5733 = EDGE_CURVE ( 'NONE', #8265, #8466, #499, .T. ) ;
#5734 = DIRECTION ( 'NONE',  ( -0.000000000000000000, -0.000000000000000000, 1.000000000000000000 ) ) ;
#5735 = EDGE_CURVE ( 'NONE', #4527, #1459, #6594, .T. ) ;
#5736 = EDGE_LOOP ( 'NONE', ( #1595, #3962, #2223, #3134 ) ) ;
#5737 = PLANE ( 'NONE',  #5488 ) ;
#5738 = DIRECTION ( 'NONE',  ( 1.000000000000000000, -0.000000000000000000, -0.000000000000000000 ) ) ;
#5739 = SURFACE_STYLE_FILL_AREA ( #9070 ) ;
#5740 = UNCERTAINTY_MEASURE_WITH_UNIT (LENGTH_MEASURE( 1.000000000000000082E-05 ), #6361, 'distance_accuracy_value', 'NONE');
#5741 = DIRECTION ( 'NONE',  ( 1.000000000000000000, 0.000000000000000000, 0.000000000000000000 ) ) ;
#5742 = CARTESIAN_POINT ( 'NONE',  ( 2.094500000000000028, 0.9399999999999998357, 0.000000000000000000 ) ) ;
#5743 = ADVANCED_FACE ( 'NONE', ( #73 ), #4828, .F. ) ;
#5744 = CARTESIAN_POINT ( 'NONE',  ( 3.094500000000000028, 1.119999999999999885, -0.1792604477561911547 ) ) ;
#5745 = VERTEX_POINT ( 'NONE', #5530 ) ;
#5746 = CARTESIAN_POINT ( 'NONE',  ( 1.594500000000000028, 0.8399999999999998579, -0.1087920875194620801 ) ) ;
#5747 = CARTESIAN_POINT ( 'NONE',  ( 4.594500000000000028, 0.8399999999999998579, 3.108792087519462122 ) ) ;
#5748 = DIRECTION ( 'NONE',  ( 0.000000000000000000, -0.1045284632676515141, -0.9945218953682735119 ) ) ;
#5749 = LINE ( 'NONE', #7472, #7761 ) ;
#5750 = CARTESIAN_POINT ( 'NONE',  ( 2.324500000000000011, 1.119999999999999885, 0.000000000000000000 ) ) ;
#5751 = VERTEX_POINT ( 'NONE', #4213 ) ;
#5752 = CARTESIAN_POINT ( 'NONE',  ( 1.594500000000000028, 0.6749881066967827747, 3.950000000000000178 ) ) ;
#5753 = VECTOR ( 'NONE', #6470, 1000.000000000000114 ) ;
#5754 = VERTEX_POINT ( 'NONE', #2151 ) ;
#5755 = CARTESIAN_POINT ( 'NONE',  ( 4.594500000000000028, 0.7125687761248743479, 3.592443814627477305 ) ) ;
#5756 = CARTESIAN_POINT ( 'NONE',  ( 4.492000000000000881, 0.6500000000000000222, 0.5544999999999998819 ) ) ;
#5757 = VERTEX_POINT ( 'NONE', #730 ) ;
#5758 = VECTOR ( 'NONE', #7197, 1000.000000000000000 ) ;
#5759 = VERTEX_POINT ( 'NONE', #4859 ) ;
#5760 = AXIS2_PLACEMENT_3D ( 'NONE', #4438, #6745, #8823 ) ;
#5761 = DIRECTION ( 'NONE',  ( 1.000000000000000000, 0.000000000000000000, 0.000000000000000000 ) ) ;
#5763 = CARTESIAN_POINT ( 'NONE',  ( 1.594500000000000028, 0.7523999999999998467, 3.522613783243200292 ) ) ;
#5762 = VECTOR ( 'NONE', #7720, 1000.000000000000000 ) ;
#5764 = CARTESIAN_POINT ( 'NONE',  ( 0.9470000000000003970, 0.6500000000000000222, 0.5544999999999994378 ) ) ;
#5765 = VERTEX_POINT ( 'NONE', #3554 ) ;
#5766 = ORIENTED_EDGE ( 'NONE', *, *, #1666, .F. ) ;
#5767 = VECTOR ( 'NONE', #3719, 1000.000000000000000 ) ;
#5768 = CARTESIAN_POINT ( 'NONE',  ( 2.824500000000000011, 0.8996209656617012440, 3.189074965230504599 ) ) ;
#5769 = DIRECTION ( 'NONE',  ( -1.000000000000000000, 0.000000000000000000, 0.000000000000000000 ) ) ;
#5770 = DIRECTION ( 'NONE',  ( 0.000000000000000000, 0.8028287771104243298, 0.5962096566170164147 ) ) ;
#5771 = DIRECTION ( 'NONE',  ( 0.000000000000000000, -0.000000000000000000, 1.000000000000000000 ) ) ;
#5772 = LINE ( 'NONE', #3428, #3922 ) ;
#5773 = CARTESIAN_POINT ( 'NONE',  ( 3.324500000000000011, 0.8996209656617012440, 3.189074965230504599 ) ) ;
#5774 = SURFACE_STYLE_FILL_AREA ( #831 ) ;
#5775 = CARTESIAN_POINT ( 'NONE',  ( 0.8245000000000001217, 0.8120209656617016769, -0.6028966609542426580 ) ) ;
#5776 = LINE ( 'NONE', #6432, #7550 ) ;
#5777 = AXIS2_PLACEMENT_3D ( 'NONE', #540, #7418, #1819 ) ;
#5778 = DIRECTION ( 'NONE',  ( 1.000000000000000000, -2.824178620696807171E-17, 0.000000000000000000 ) ) ;
#5779 = LINE ( 'NONE', #4109, #4788 ) ;
#5780 = LINE ( 'NONE', #3375, #5326 ) ;
#5781 = LINE ( 'NONE', #5017, #2741 ) ;
#5782 = CYLINDRICAL_SURFACE ( 'NONE', #2815, 0.1200000000000000233 ) ;
#5783 = FACE_OUTER_BOUND ( 'NONE', #5106, .T. ) ;
#5784 = ADVANCED_FACE ( 'NONE', ( #7471 ), #7675, .F. ) ;
#5785 = EDGE_CURVE ( 'NONE', #4283, #6644, #8491, .T. ) ;
#5786 = CARTESIAN_POINT ( 'NONE',  ( 1.297000000000000597, 0.6500000000000000222, 0.7944999999999997620 ) ) ;
#5787 = DIRECTION ( 'NONE',  ( 0.000000000000000000, 0.000000000000000000, -1.000000000000000000 ) ) ;
#5788 = ORIENTED_EDGE ( 'NONE', *, *, #4573, .T. ) ;
#5789 = AXIS2_PLACEMENT_3D ( 'NONE', #8605, #3609, #5748 ) ;
#5790 = CARTESIAN_POINT ( 'NONE',  ( 2.324500000000000011, 0.7125687761248743479, -0.5924438146274771944 ) ) ;
#5791 = LINE ( 'NONE', #3479, #5228 ) ;
#5792 = VECTOR ( 'NONE', #4058, 1000.000000000000227 ) ;
#5793 = EDGE_LOOP ( 'NONE', ( #3314, #5232, #2031, #7251 ) ) ;
#5794 = ORIENTED_EDGE ( 'NONE', *, *, #7017, .T. ) ;
#5795 = PLANE ( 'NONE',  #8345 ) ;
#5796 = EDGE_CURVE ( 'NONE', #6590, #3912, #1910, .T. ) ;
#5797 = EDGE_CURVE ( 'NONE', #7077, #5515, #5585, .T. ) ;
#5798 = DIRECTION ( 'NONE',  ( 1.000000000000000000, -0.000000000000000000, -0.000000000000000000 ) ) ;
#5799 = CYLINDRICAL_SURFACE ( 'NONE', #2817, 0.09999999999999982514 ) ;
#5800 = ORIENTED_EDGE ( 'NONE', *, *, #2694, .F. ) ;
#5801 = CARTESIAN_POINT ( 'NONE',  ( 3.324500000000000011, 0.8120209656617016769, -0.6028966609542426580 ) ) ;
#5802 = DIRECTION ( 'NONE',  ( -0.000000000000000000, 1.000000000000000000, -0.000000000000000000 ) ) ;
#5803 = CARTESIAN_POINT ( 'NONE',  ( 0.8245000000000001217, 0.8120209656617016769, 3.602896660954242769 ) ) ;
#5804 = DIRECTION ( 'NONE',  ( 0.000000000000000000, 0.000000000000000000, 1.000000000000000000 ) ) ;
#5805 = VERTEX_POINT ( 'NONE', #7718 ) ;
#5806 = EDGE_LOOP ( 'NONE', ( #738, #6266, #4605, #678 ) ) ;
#5807 = VECTOR ( 'NONE', #2800, 1000.000000000000000 ) ;
#5808 = DIRECTION ( 'NONE',  ( 1.000000000000000000, 0.000000000000000000, -0.000000000000000000 ) ) ;
#5809 = ORIENTED_EDGE ( 'NONE', *, *, #249, .T. ) ;
#5810 = AXIS2_PLACEMENT_3D ( 'NONE', #6839, #7586, #3397 ) ;
#5811 = CIRCLE ( 'NONE', #1498, 0.09999999999999993616 ) ;
#5812 = VERTEX_POINT ( 'NONE', #6355 ) ;
#5813 = ORIENTED_EDGE ( 'NONE', *, *, #1549, .T. ) ;
#5814 = DIRECTION ( 'NONE',  ( 0.000000000000000000, 0.000000000000000000, -1.000000000000000000 ) ) ;
#5815 = DIRECTION ( 'NONE',  ( 0.000000000000000000, 0.000000000000000000, 1.000000000000000000 ) ) ;
#5816 = AXIS2_PLACEMENT_3D ( 'NONE', #8547, #155, #5657 ) ;
#5817 = ORIENTED_EDGE ( 'NONE', *, *, #8698, .F. ) ;
#5818 = ORIENTED_EDGE ( 'NONE', *, *, #7764, .F. ) ;
#5819 = DIRECTION ( 'NONE',  ( 0.000000000000000000, 0.000000000000000000, -1.000000000000000000 ) ) ;
#5820 = DIRECTION ( 'NONE',  ( 0.000000000000000000, -0.1045284632676515280, 0.9945218953682736229 ) ) ;
#5821 = CARTESIAN_POINT ( 'NONE',  ( 1.347000000000000419, 0.6500000000000000222, 2.445499999999999563 ) ) ;
#5822 = ORIENTED_EDGE ( 'NONE', *, *, #8554, .F. ) ;
#5823 = VECTOR ( 'NONE', #3567, 1000.000000000000000 ) ;
#5824 = DIRECTION ( 'NONE',  ( 0.000000000000000000, -1.000000000000000000, 0.000000000000000000 ) ) ;
#5825 = ORIENTED_EDGE ( 'NONE', *, *, #1534, .F. ) ;
#5826 = VERTEX_POINT ( 'NONE', #6291 ) ;
#5827 = VECTOR ( 'NONE', #2162, 1000.000000000000227 ) ;
#5828 = ORIENTED_EDGE ( 'NONE', *, *, #5425, .T. ) ;
#5829 = DIRECTION ( 'NONE',  ( 0.000000000000000000, 0.000000000000000000, -1.000000000000000000 ) ) ;
#5830 = EDGE_CURVE ( 'NONE', #1182, #8747, #772, .T. ) ;
#5831 = CARTESIAN_POINT ( 'NONE',  ( 0.9470000000000003970, 0.5999999999999999778, 2.445499999999999563 ) ) ;
#5832 = STYLED_ITEM ( 'NONE', ( #5189 ), #4120 ) ;
#5833 = ADVANCED_FACE ( 'NONE', ( #550 ), #5628, .F. ) ;
#5834 = LINE ( 'NONE', #552, #4317 ) ;
#5835 = DIRECTION ( 'NONE',  ( 0.000000000000000000, 0.000000000000000000, 1.000000000000000000 ) ) ;
#5836 = ORIENTED_EDGE ( 'NONE', *, *, #6563, .T. ) ;
#5837 = CARTESIAN_POINT ( 'NONE',  ( 2.824500000000000011, 1.119999999999999885, 0.000000000000000000 ) ) ;
#5838 = ORIENTED_EDGE ( 'NONE', *, *, #4569, .F. ) ;
#5839 = CARTESIAN_POINT ( 'NONE',  ( 4.492000000000000881, 0.6499999999999999112, 0.7944999999999996509 ) ) ;
#5840 = EDGE_LOOP ( 'NONE', ( #5254, #6360, #7261, #713 ) ) ;
#5841 = PLANE ( 'NONE',  #2614 ) ;
#5842 = UNCERTAINTY_MEASURE_WITH_UNIT (LENGTH_MEASURE( 1.000000000000000082E-05 ), #7118, 'distance_accuracy_value', 'NONE');
#5843 = EDGE_CURVE ( 'NONE', #300, #2001, #6825, .T. ) ;
#5844 = VECTOR ( 'NONE', #6461, 1000.000000000000000 ) ;
#5845 = STYLED_ITEM ( 'NONE', ( #3629 ), #5902 ) ;
#5846 = ORIENTED_EDGE ( 'NONE', *, *, #5344, .T. ) ;
#5847 = EDGE_LOOP ( 'NONE', ( #4836, #1839, #7870, #5481, #1827, #2788, #1802, #643, #8552, #4849, #1060, #7849 ) ) ;
#5848 = CARTESIAN_POINT ( 'NONE',  ( 4.492000000000000881, 0.5999999999999999778, 0.5544999999999998819 ) ) ;
#5849 = VECTOR ( 'NONE', #4652, 1000.000000000000000 ) ;
#5850 = EDGE_CURVE ( 'NONE', #5765, #8034, #1492, .T. ) ;
#5851 = DIRECTION ( 'NONE',  ( 0.000000000000000000, 0.000000000000000000, -1.000000000000000000 ) ) ;
#5852 = EDGE_CURVE ( 'NONE', #3101, #3319, #5360, .T. ) ;
#5853 = VECTOR ( 'NONE', #3826, 1000.000000000000000 ) ;
#5854 = EDGE_CURVE ( 'NONE', #827, #3454, #2277, .T. ) ;
#5855 = DIRECTION ( 'NONE',  ( 1.000000000000000000, -0.000000000000000000, -0.000000000000000000 ) ) ;
#5856 = CARTESIAN_POINT ( 'NONE',  ( 1.324500000000000233, 0.4984000000000007313, -0.9081046033633235481 ) ) ;
#5857 = ORIENTED_EDGE ( 'NONE', *, *, #5036, .F. ) ;
#5858 = LINE ( 'NONE', #916, #2707 ) ;
#5859 = SURFACE_STYLE_FILL_AREA ( #2592 ) ;
#5860 = DIRECTION ( 'NONE',  ( 0.000000000000000000, 0.8028287771104243298, 0.5962096566170164147 ) ) ;
#5861 = CARTESIAN_POINT ( 'NONE',  ( 4.094500000000000028, 1.119999999999999885, 3.000000000000000000 ) ) ;
#5862 = DIRECTION ( 'NONE',  ( -1.000000000000000000, 0.000000000000000000, 0.000000000000000000 ) ) ;
#5863 = DIRECTION ( 'NONE',  ( 0.000000000000000000, -0.1045284632676515280, -0.9945218953682736229 ) ) ;
#5864 = EDGE_CURVE ( 'NONE', #3207, #4876, #3346, .T. ) ;
#5865 = VECTOR ( 'NONE', #4724, 1000.000000000000000 ) ;
#5866 = CARTESIAN_POINT ( 'NONE',  ( 1.324500000000000233, 0.5335548349585852446, 3.573628691239299382 ) ) ;
#5867 = VECTOR ( 'NONE', #8489, 1000.000000000000000 ) ;
#5868 = ORIENTED_EDGE ( 'NONE', *, *, #904, .F. ) ;
#5869 = FACE_OUTER_BOUND ( 'NONE', #5150, .T. ) ;
#5870 = CARTESIAN_POINT ( 'NONE',  ( 0.8245000000000001217, 0.6749881066967827747, 3.950000000000000178 ) ) ;
#5871 = ORIENTED_EDGE ( 'NONE', *, *, #7195, .T. ) ;
#5872 = ADVANCED_FACE ( 'NONE', ( #1283 ), #9064, .F. ) ;
#5873 = CARTESIAN_POINT ( 'NONE',  ( 3.824500000000000011, 1.071938878923327065, 3.285312666603656062 ) ) ;
#5874 = FACE_OUTER_BOUND ( 'NONE', #1736, .T. ) ;
#5875 = DIRECTION ( 'NONE',  ( 0.000000000000000000, 0.1045284632676540260, -0.9945218953682732899 ) ) ;
#5876 = ORIENTED_EDGE ( 'NONE', *, *, #3921, .F. ) ;
#5877 = PRESENTATION_STYLE_ASSIGNMENT (( #5169 ) ) ;
#5878 = CARTESIAN_POINT ( 'NONE',  ( 0.9470000000000003970, 0.6500000000000000222, 2.445499999999999563 ) ) ;
#5879 = LINE ( 'NONE', #2931, #2728 ) ;
#5880 = EDGE_CURVE ( 'NONE', #7468, #3319, #6972, .T. ) ;
#5881 = CARTESIAN_POINT ( 'NONE',  ( 1.094500000000000028, 0.9399999999999998357, 3.000000000000000000 ) ) ;
#5882 = LINE ( 'NONE', #7234, #4032 ) ;
#5883 = CARTESIAN_POINT ( 'NONE',  ( 1.824500000000000233, 0.5335548349585852446, -0.5736286912392993820 ) ) ;
#5884 = LINE ( 'NONE', #5001, #5220 ) ;
#5885 = VECTOR ( 'NONE', #7428, 1000.000000000000114 ) ;
#5886 = PLANE ( 'NONE',  #1885 ) ;
#5887 = EDGE_CURVE ( 'NONE', #8696, #2400, #7257, .T. ) ;
#5888 = FACE_OUTER_BOUND ( 'NONE', #5467, .T. ) ;
#5889 = CARTESIAN_POINT ( 'NONE',  ( 0.7957774489646560756, 1.445643326479830737, 2.904222551035344768 ) ) ;
#5890 = CARTESIAN_POINT ( 'NONE',  ( 1.347000000000000419, 0.5999999999999999778, 2.445499999999999563 ) ) ;
#5892 = EDGE_CURVE ( 'NONE', #1273, #8061, #6659, .T. ) ;
#5891 = LINE ( 'NONE', #2176, #2211 ) ;
#5893 = DIRECTION ( 'NONE',  ( 1.000000000000000000, -0.000000000000000000, -0.000000000000000000 ) ) ;
#5894 = CIRCLE ( 'NONE', #333, 0.2799999999999999711 ) ;
#5895 = ORIENTED_EDGE ( 'NONE', *, *, #7924, .F. ) ;
#5896 = CIRCLE ( 'NONE', #1582, 0.09999999999999993616 ) ;
#5897 = STYLED_ITEM ( 'NONE', ( #7854 ), #4297 ) ;
#5898 = LINE ( 'NONE', #4774, #51 ) ;
#5899 = ORIENTED_EDGE ( 'NONE', *, *, #6980, .F. ) ;
#5900 = DIRECTION ( 'NONE',  ( -1.000000000000000000, 0.000000000000000000, 0.000000000000000000 ) ) ;
#5901 = VECTOR ( 'NONE', #5820, 999.9999999999998863 ) ;
#5902 = MANIFOLD_SOLID_BREP ( 'LPattern1[3]', #3316 ) ;
#5903 = VERTEX_POINT ( 'NONE', #6920 ) ;
#5904 = EDGE_CURVE ( 'NONE', #8156, #3109, #5442, .T. ) ;
#5905 = PLANE ( 'NONE',  #7076 ) ;
#5906 = VERTEX_POINT ( 'NONE', #2772 ) ;
#5907 = CIRCLE ( 'NONE', #3641, 0.09999999999999982514 ) ;
#5908 = ORIENTED_EDGE ( 'NONE', *, *, #2896, .F. ) ;
#5909 = EDGE_CURVE ( 'NONE', #7701, #4729, #2313, .T. ) ;
#5910 = CARTESIAN_POINT ( 'NONE',  ( 2.824500000000000011, 1.071938878923327065, -0.2853126666036561732 ) ) ;
#5911 = DIRECTION ( 'NONE',  ( 0.000000000000000000, 0.9729913731149246736, -0.2308414777372849447 ) ) ;
#5912 = ORIENTED_EDGE ( 'NONE', *, *, #8286, .F. ) ;
#5913 = STYLED_ITEM ( 'NONE', ( #3167 ), #7271 ) ;
#5914 = ORIENTED_EDGE ( 'NONE', *, *, #4608, .F. ) ;
#5915 = VECTOR ( 'NONE', #1585, 1000.000000000000000 ) ;
#5916 = DIRECTION ( 'NONE',  ( 1.000000000000000000, -2.824178620696807788E-17, -8.306407707931773200E-18 ) ) ;
#5917 = VERTEX_POINT ( 'NONE', #7607 ) ;
#5918 = CARTESIAN_POINT ( 'NONE',  ( 3.824500000000000011, 0.6749881066967827747, -0.9500000000000002887 ) ) ;
#5919 = PLANE ( 'NONE',  #1647 ) ;
#5920 = PLANE ( 'NONE',  #5126 ) ;
#5921 = DIRECTION ( 'NONE',  ( -2.824178620696807171E-17, -1.000000000000000000, -0.000000000000000000 ) ) ;
#5922 = ORIENTED_EDGE ( 'NONE', *, *, #6398, .T. ) ;
#5923 = ADVANCED_FACE ( 'NONE', ( #688 ), #3545, .F. ) ;
#5924 = CARTESIAN_POINT ( 'NONE',  ( 4.594500000000000028, 0.6749881066967827747, 3.950000000000000178 ) ) ;
#5925 = ORIENTED_EDGE ( 'NONE', *, *, #5864, .T. ) ;
#5926 = DIRECTION ( 'NONE',  ( 1.000000000000000000, 0.000000000000000000, 0.000000000000000000 ) ) ;
#5927 = ORIENTED_EDGE ( 'NONE', *, *, #5193, .F. ) ;
#5928 = EDGE_LOOP ( 'NONE', ( #7354, #7825, #1779, #6753, #1259, #535, #2718, #7574, #3331, #6009, #6928, #6277 ) ) ;
#5929 = CARTESIAN_POINT ( 'NONE',  ( 4.594500000000000028, 1.119999999999999885, 3.000000000000000000 ) ) ;
#5930 = ORIENTED_EDGE ( 'NONE', *, *, #4224, .T. ) ;
#5931 = LINE ( 'NONE', #6680, #7827 ) ;
#5932 = ORIENTED_EDGE ( 'NONE', *, *, #1948, .F. ) ;
#5933 = ORIENTED_EDGE ( 'NONE', *, *, #57, .T. ) ;
#5934 = DIRECTION ( 'NONE',  ( 0.000000000000000000, 0.000000000000000000, -1.000000000000000000 ) ) ;
#5935 = EDGE_LOOP ( 'NONE', ( #2679, #919, #1045, #7954 ) ) ;
#5936 = ADVANCED_FACE ( 'NONE', ( #2528 ), #7890, .F. ) ;
#5937 = ORIENTED_EDGE ( 'NONE', *, *, #8453, .F. ) ;
#5938 =( NAMED_UNIT ( * ) SI_UNIT ( $, .STERADIAN. ) SOLID_ANGLE_UNIT ( ) );
#5939 = ORIENTED_EDGE ( 'NONE', *, *, #5968, .T. ) ;
#5940 = LINE ( 'NONE', #1074, #1386 ) ;
#5941 = ORIENTED_EDGE ( 'NONE', *, *, #4671, .T. ) ;
#5942 = DIRECTION ( 'NONE',  ( 1.000000000000000000, -0.000000000000000000, -0.000000000000000000 ) ) ;
#5943 = VERTEX_POINT ( 'NONE', #5552 ) ;
#5944 = DIRECTION ( 'NONE',  ( 1.000000000000000000, -0.000000000000000000, -0.000000000000000000 ) ) ;
#5945 = VECTOR ( 'NONE', #5186, 1000.000000000000000 ) ;
#5946 = AXIS2_PLACEMENT_3D ( 'NONE', #4382, #7087, #149 ) ;
#5947 = CARTESIAN_POINT ( 'NONE',  ( 3.824500000000000011, 1.119999999999999885, 0.000000000000000000 ) ) ;
#5948 = EDGE_LOOP ( 'NONE', ( #2150, #5340, #1751, #3656 ) ) ;
#5949 = VERTEX_POINT ( 'NONE', #8385 ) ;
#5950 = AXIS2_PLACEMENT_3D ( 'NONE', #2032, #8921, #548 ) ;
#5951 = ORIENTED_EDGE ( 'NONE', *, *, #987, .F. ) ;
#5952 = VECTOR ( 'NONE', #6889, 1000.000000000000000 ) ;
#5953 = DIRECTION ( 'NONE',  ( -1.000000000000000000, -0.000000000000000000, -0.000000000000000000 ) ) ;
#5954 = CARTESIAN_POINT ( 'NONE',  ( 1.824500000000000233, 0.5335548349585852446, 3.573628691239299382 ) ) ;
#5955 = EDGE_CURVE ( 'NONE', #2748, #5703, #8332, .T. ) ;
#5956 = ORIENTED_EDGE ( 'NONE', *, *, #681, .T. ) ;
#5957 = CARTESIAN_POINT ( 'NONE',  ( 1.297000000000000375, 0.6500000000000000222, 2.205499999999999350 ) ) ;
#5958 = LINE ( 'NONE', #1091, #2595 ) ;
#5959 = AXIS2_PLACEMENT_3D ( 'NONE', #2776, #5524, #2049 ) ;
#5960 = CARTESIAN_POINT ( 'NONE',  ( 4.092000000000001414, 0.5999999999999999778, 2.325499999999999012 ) ) ;
#5961 = VECTOR ( 'NONE', #1984, 1000.000000000000227 ) ;
#5962 = ADVANCED_FACE ( 'NONE', ( #5995 ), #17, .F. ) ;
#5963 = DIRECTION ( 'NONE',  ( 0.000000000000000000, 0.8028287771104243298, 0.5962096566170163037 ) ) ;
#5964 = CARTESIAN_POINT ( 'NONE',  ( 4.094500000000000028, 0.7125687761248743479, 3.592443814627477305 ) ) ;
#5965 = ORIENTED_EDGE ( 'NONE', *, *, #4673, .F. ) ;
#5966 = EDGE_CURVE ( 'NONE', #363, #5078, #465, .T. ) ;
#5967 = CARTESIAN_POINT ( 'NONE',  ( 4.092000000000001414, 0.6499999999999999112, 0.5544999999999998819 ) ) ;
#5968 = EDGE_CURVE ( 'NONE', #2400, #6246, #4269, .T. ) ;
#5969 = SURFACE_STYLE_FILL_AREA ( #133 ) ;
#5970 = DIRECTION ( 'NONE',  ( 1.000000000000000000, -0.000000000000000000, -0.000000000000000000 ) ) ;
#5971 = LINE ( 'NONE', #6438, #1097 ) ;
#5972 = DIRECTION ( 'NONE',  ( -1.000000000000000000, -0.000000000000000000, -0.000000000000000000 ) ) ;
#5973 = ORIENTED_EDGE ( 'NONE', *, *, #1547, .T. ) ;
#5974 = ADVANCED_FACE ( 'NONE', ( #3831 ), #2860, .F. ) ;
#5975 = EDGE_LOOP ( 'NONE', ( #7442, #8865, #7387, #6678 ) ) ;
#5976 = ORIENTED_EDGE ( 'NONE', *, *, #127, .T. ) ;
#5977 = CARTESIAN_POINT ( 'NONE',  ( 4.142000000000000348, 0.5999999999999999778, 2.205499999999999794 ) ) ;
#5978 = DIRECTION ( 'NONE',  ( -0.000000000000000000, 0.1045284632676540260, -0.9945218953682732899 ) ) ;
#5979 = FACE_OUTER_BOUND ( 'NONE', #8733, .T. ) ;
#5980 = ORIENTED_EDGE ( 'NONE', *, *, #1860, .T. ) ;
#5981 = CARTESIAN_POINT ( 'NONE',  ( 2.594500000000000028, 0.9399999999999998357, 3.000000000000000000 ) ) ;
#5982 = VECTOR ( 'NONE', #3483, 1000.000000000000000 ) ;
#5983 = ORIENTED_EDGE ( 'NONE', *, *, #6812, .F. ) ;
#5984 = ORIENTED_EDGE ( 'NONE', *, *, #5696, .T. ) ;
#5985 = CIRCLE ( 'NONE', #4144, 0.09999999999999982514 ) ;
#5986 = EDGE_CURVE ( 'NONE', #1943, #7341, #6883, .T. ) ;
#5987 = AXIS2_PLACEMENT_3D ( 'NONE', #8046, #1055, #4473 ) ;
#5988 = DIRECTION ( 'NONE',  ( 0.000000000000000000, -0.1045284632676515141, 0.9945218953682735119 ) ) ;
#5989 = LINE ( 'NONE', #3821, #2967 ) ;
#5990 = PLANE ( 'NONE',  #200 ) ;
#5991 = FACE_OUTER_BOUND ( 'NONE', #2996, .T. ) ;
#5992 = DIRECTION ( 'NONE',  ( 1.000000000000000000, 0.000000000000000000, 0.000000000000000000 ) ) ;
#5993 = DIRECTION ( 'NONE',  ( -1.000000000000000000, 0.000000000000000000, 0.000000000000000000 ) ) ;
#5994 =( LENGTH_UNIT ( ) NAMED_UNIT ( * ) SI_UNIT ( .MILLI., .METRE. ) );
#5995 = FACE_OUTER_BOUND ( 'NONE', #4830, .T. ) ;
#5996 = LINE ( 'NONE', #3196, #8878 ) ;
#5997 = CARTESIAN_POINT ( 'NONE',  ( 1.594500000000000028, 0.5335548349585852446, -0.5736286912392993820 ) ) ;
#5998 = VECTOR ( 'NONE', #6526, 1000.000000000000000 ) ;
#5999 = LINE ( 'NONE', #2075, #3836 ) ;
#6000 = EDGE_CURVE ( 'NONE', #8381, #455, #8770, .T. ) ;
#6001 = VECTOR ( 'NONE', #8945, 1000.000000000000000 ) ;
#6002 = PLANE ( 'NONE',  #2015 ) ;
#6003 = AXIS2_PLACEMENT_3D ( 'NONE', #1767, #6451, #2282 ) ;
#6004 = PLANE ( 'NONE',  #3457 ) ;
#6005 = ORIENTED_EDGE ( 'NONE', *, *, #3162, .T. ) ;
#6006 = EDGE_LOOP ( 'NONE', ( #4118, #2624, #8931, #4909 ) ) ;
#6007 = CARTESIAN_POINT ( 'NONE',  ( 4.639000000000001123, 1.445643326479830737, 0.09577744896465555102 ) ) ;
#6008 = EDGE_CURVE ( 'NONE', #6511, #6188, #8877, .T. ) ;
#6009 = ORIENTED_EDGE ( 'NONE', *, *, #681, .F. ) ;
#6010 = LINE ( 'NONE', #3378, #3640 ) ;
#6011 = VECTOR ( 'NONE', #5323, 999.9999999999998863 ) ;
#6012 = EDGE_LOOP ( 'NONE', ( #6020, #8521, #7912, #4250 ) ) ;
#6013 = ADVANCED_FACE ( 'NONE', ( #7663 ), #2080, .T. ) ;
#6014 = CARTESIAN_POINT ( 'NONE',  ( 4.094500000000000028, 1.119999999999999885, 3.000000000000000000 ) ) ;
#6015 = ORIENTED_EDGE ( 'NONE', *, *, #2343, .T. ) ;
#6016 = EDGE_CURVE ( 'NONE', #8152, #1692, #5779, .T. ) ;
#6017 = DIRECTION ( 'NONE',  ( 1.000000000000000000, 0.000000000000000000, 0.000000000000000000 ) ) ;
#6018 = EDGE_LOOP ( 'NONE', ( #613, #286, #5536, #1781 ) ) ;
#6019 = AXIS2_PLACEMENT_3D ( 'NONE', #7845, #6399, #951 ) ;
#6020 = ORIENTED_EDGE ( 'NONE', *, *, #4454, .F. ) ;
#6021 = FACE_OUTER_BOUND ( 'NONE', #875, .T. ) ;
#6022 = VERTEX_POINT ( 'NONE', #7741 ) ;
#6023 = DIRECTION ( 'NONE',  ( -2.824178620696807171E-17, -1.000000000000000000, 0.000000000000000000 ) ) ;
#6024 = ADVANCED_FACE ( 'NONE', ( #4581 ), #3510, .F. ) ;
#6025 = EDGE_CURVE ( 'NONE', #227, #64, #255, .T. ) ;
#6026 = EDGE_CURVE ( 'NONE', #5718, #5943, #579, .T. ) ;
#6027 = ORIENTED_EDGE ( 'NONE', *, *, #7227, .F. ) ;
#6028 = EDGE_CURVE ( 'NONE', #5006, #4088, #5551, .T. ) ;
#6029 = ORIENTED_EDGE ( 'NONE', *, *, #3056, .T. ) ;
#6030 = CARTESIAN_POINT ( 'NONE',  ( 3.324500000000000011, 0.9399999999999998357, 3.000000000000000000 ) ) ;
#6031 = DIRECTION ( 'NONE',  ( 1.000000000000000000, -0.000000000000000000, -0.000000000000000000 ) ) ;
#6032 = VECTOR ( 'NONE', #5545, 999.9999999999998863 ) ;
#6033 = EDGE_LOOP ( 'NONE', ( #6044, #400, #2300, #6893 ) ) ;
#6034 = MECHANICAL_DESIGN_GEOMETRIC_PRESENTATION_REPRESENTATION (  '', ( #9067 ), #5376 ) ;
#6035 = VECTOR ( 'NONE', #2745, 1000.000000000000000 ) ;
#6036 = CARTESIAN_POINT ( 'NONE',  ( 4.492000000000000881, 0.5999999999999999778, 2.445500000000000007 ) ) ;
#6037 = ORIENTED_EDGE ( 'NONE', *, *, #7693, .T. ) ;
#6038 = PLANE ( 'NONE',  #4372 ) ;
#6039 = DIRECTION ( 'NONE',  ( -1.000000000000000000, 0.000000000000000000, -1.239088197126289289E-15 ) ) ;
#6040 = ORIENTED_EDGE ( 'NONE', *, *, #5531, .T. ) ;
#6041 = VERTEX_POINT ( 'NONE', #2845 ) ;
#6042 = ORIENTED_EDGE ( 'NONE', *, *, #6547, .T. ) ;
#6043 = EDGE_CURVE ( 'NONE', #2436, #2005, #1876, .T. ) ;
#6044 = ORIENTED_EDGE ( 'NONE', *, *, #8426, .T. ) ;
#6045 = AXIS2_PLACEMENT_3D ( 'NONE', #2562, #1952, #5988 ) ;
#6046 = FACE_OUTER_BOUND ( 'NONE', #6418, .T. ) ;
#6047 = VERTEX_POINT ( 'NONE', #8449 ) ;
#6048 = ORIENTED_EDGE ( 'NONE', *, *, #6199, .T. ) ;
#6049 = DIRECTION ( 'NONE',  ( 0.000000000000000000, 0.5962096566170173029, -0.8028287771104236636 ) ) ;
#6050 = VECTOR ( 'NONE', #4935, 999.9999999999998863 ) ;
#6051 = DIRECTION ( 'NONE',  ( 0.000000000000000000, -0.8028287771104236636, 0.5962096566170171918 ) ) ;
#6052 = ORIENTED_EDGE ( 'NONE', *, *, #7037, .F. ) ;
#6053 =( NAMED_UNIT ( * ) SI_UNIT ( $, .STERADIAN. ) SOLID_ANGLE_UNIT ( ) );
#6054 = LINE ( 'NONE', #3371, #7731 ) ;
#6055 = CARTESIAN_POINT ( 'NONE',  ( 0.8245000000000001217, 1.119999999999999885, 3.179260447756191432 ) ) ;
#6056 = VERTEX_POINT ( 'NONE', #721 ) ;
#6057 = DIRECTION ( 'NONE',  ( -1.000000000000000000, 0.000000000000000000, 0.000000000000000000 ) ) ;
#6058 = AXIS2_PLACEMENT_3D ( 'NONE', #8008, #5769, #5183 ) ;
#6059 = ORIENTED_EDGE ( 'NONE', *, *, #5141, .T. ) ;
#6060 = ADVANCED_FACE ( 'NONE', ( #1551 ), #693, .F. ) ;
#6061 = ORIENTED_EDGE ( 'NONE', *, *, #8943, .F. ) ;
#6062 = EDGE_CURVE ( 'NONE', #4819, #3057, #8010, .T. ) ;
#6063 = VECTOR ( 'NONE', #4701, 1000.000000000000000 ) ;
#6064 = EDGE_CURVE ( 'NONE', #7166, #401, #1657, .T. ) ;
#6065 = DIRECTION ( 'NONE',  ( -1.000000000000000000, 0.000000000000000000, 0.000000000000000000 ) ) ;
#6066 = VERTEX_POINT ( 'NONE', #1383 ) ;
#6067 = PLANE ( 'NONE',  #2960 ) ;
#6068 = CARTESIAN_POINT ( 'NONE',  ( 4.739000000000000767, 1.119999999999999885, 0.000000000000000000 ) ) ;
#6069 = DIRECTION ( 'NONE',  ( 1.000000000000000000, -0.000000000000000000, -0.000000000000000000 ) ) ;
#6070 = ORIENTED_EDGE ( 'NONE', *, *, #370, .F. ) ;
#6071 = ADVANCED_FACE ( 'NONE', ( #8559 ), #7020, .F. ) ;
#6072 = EDGE_CURVE ( 'NONE', #5571, #8655, #6115, .T. ) ;
#6073 = AXIS2_PLACEMENT_3D ( 'NONE', #1544, #4968, #2921 ) ;
#6074 = LINE ( 'NONE', #2571, #1626 ) ;
#6075 = DIRECTION ( 'NONE',  ( 0.000000000000000000, 0.000000000000000000, 1.000000000000000000 ) ) ;
#6076 = CARTESIAN_POINT ( 'NONE',  ( 0.8245000000000001217, 0.6749881066967827747, -0.9500000000000002887 ) ) ;
#6077 = LINE ( 'NONE', #8065, #8077 ) ;
#6078 = AXIS2_PLACEMENT_3D ( 'NONE', #3969, #4668, #532 ) ;
#6079 = DIRECTION ( 'NONE',  ( 1.000000000000000000, -0.000000000000000000, -0.000000000000000000 ) ) ;
#6080 = EDGE_LOOP ( 'NONE', ( #340, #2882, #4090, #2135 ) ) ;
#6081 = PLANE ( 'NONE',  #8471 ) ;
#6082 = PLANE ( 'NONE',  #7986 ) ;
#6083 = COLOUR_RGB ( '',0.8941176470588234615, 0.9137254901960784048, 0.9294117647058823817 ) ;
#6084 = EDGE_CURVE ( 'NONE', #8061, #715, #5891, .T. ) ;
#6085 = LINE ( 'NONE', #1838, #2939 ) ;
#6086 = EDGE_CURVE ( 'NONE', #7156, #5133, #7555, .T. ) ;
#6087 = AXIS2_PLACEMENT_3D ( 'NONE', #3943, #5953, #3917 ) ;
#6088 = LINE ( 'NONE', #7590, #5203 ) ;
#6089 = ORIENTED_EDGE ( 'NONE', *, *, #4619, .F. ) ;
#6090 = VECTOR ( 'NONE', #5365, 1000.000000000000000 ) ;
#6091 = EDGE_CURVE ( 'NONE', #300, #6392, #8994, .T. ) ;
#6092 = ORIENTED_EDGE ( 'NONE', *, *, #1727, .T. ) ;
#6093 = EDGE_LOOP ( 'NONE', ( #7734, #7960, #2003, #7807 ) ) ;
#6094 = DIRECTION ( 'NONE',  ( 1.536785503168681241E-16, 0.000000000000000000, -1.000000000000000000 ) ) ;
#6095 = DIRECTION ( 'NONE',  ( 1.000000000000000000, -0.000000000000000000, -0.000000000000000000 ) ) ;
#6096 = CARTESIAN_POINT ( 'NONE',  ( 1.094500000000000028, 0.6749881066967827747, 3.950000000000000178 ) ) ;
#6097 = LINE ( 'NONE', #6573, #4467 ) ;
#6098 = VERTEX_POINT ( 'NONE', #2909 ) ;
#6099 = CARTESIAN_POINT ( 'NONE',  ( 1.094500000000000028, 1.119999999999999885, 3.000000000000000000 ) ) ;
#6100 = VECTOR ( 'NONE', #6507, 1000.000000000000000 ) ;
#6101 = CARTESIAN_POINT ( 'NONE',  ( 1.300000000000000266, 1.409999999999999920, 2.600000000000000533 ) ) ;
#6102 = VECTOR ( 'NONE', #238, 1000.000000000000000 ) ;
#6103 = ADVANCED_FACE ( 'NONE', ( #4041 ), #6434, .F. ) ;
#6104 = CARTESIAN_POINT ( 'NONE',  ( 3.824500000000000011, 1.071938878923327065, 3.285312666603656062 ) ) ;
#6105 = CIRCLE ( 'NONE', #6915, 0.1200000000000000233 ) ;
#6106 = DIRECTION ( 'NONE',  ( 1.000000000000000000, 0.000000000000000000, 0.000000000000000000 ) ) ;
#6108 = CARTESIAN_POINT ( 'NONE',  ( 4.594500000000000028, 0.4984000000000007313, -0.9081046033633235481 ) ) ;
#6107 = VECTOR ( 'NONE', #2460, 1000.000000000000000 ) ;
#6109 = CARTESIAN_POINT ( 'NONE',  ( 0.000000000000000000, 0.9400000000000002798, 0.000000000000000000 ) ) ;
#6110 = LINE ( 'NONE', #5839, #3287 ) ;
#6111 = FACE_OUTER_BOUND ( 'NONE', #5793, .T. ) ;
#6112 = CARTESIAN_POINT ( 'NONE',  ( 1.824500000000000233, 0.9399999999999998357, 0.000000000000000000 ) ) ;
#6113 = DIRECTION ( 'NONE',  ( -1.000000000000000000, 0.000000000000000000, 0.000000000000000000 ) ) ;
#6114 = ADVANCED_FACE ( 'NONE', ( #5226 ), #8885, .T. ) ;
#6115 = LINE ( 'NONE', #1479, #7790 ) ;
#6116 = CARTESIAN_POINT ( 'NONE',  ( 2.824500000000000011, 0.6450822618089369076, -0.3781046033633239101 ) ) ;
#6117 = LINE ( 'NONE', #4285, #5681 ) ;
#6118 = LINE ( 'NONE', #5339, #7558 ) ;
#6119 = VECTOR ( 'NONE', #4634, 1000.000000000000000 ) ;
#6120 = ORIENTED_EDGE ( 'NONE', *, *, #5238, .F. ) ;
#6121 = DIRECTION ( 'NONE',  ( 0.000000000000000000, 0.000000000000000000, -1.000000000000000000 ) ) ;
#6122 = CARTESIAN_POINT ( 'NONE',  ( 1.824500000000000233, 0.4984000000000007313, 3.908104603363323548 ) ) ;
#6123 = LINE ( 'NONE', #6124, #2433 ) ;
#6124 = CARTESIAN_POINT ( 'NONE',  ( 2.824500000000000011, 0.4984000000000007313, 3.908104603363323548 ) ) ;
#6125 = VECTOR ( 'NONE', #2706, 1000.000000000000227 ) ;
#6126 = EDGE_CURVE ( 'NONE', #8025, #7166, #1218, .T. ) ;
#6127 = PRESENTATION_LAYER_ASSIGNMENT (  '', '', ( #5832 ) ) ;
#6128 = ORIENTED_EDGE ( 'NONE', *, *, #1089, .F. ) ;
#6129 = CARTESIAN_POINT ( 'NONE',  ( 0.8245000000000001217, 0.7523999999999998467, 3.522613783243200292 ) ) ;
#6130 = VERTEX_POINT ( 'NONE', #8569 ) ;
#6131 = CARTESIAN_POINT ( 'NONE',  ( 0.8245000000000001217, 0.6749881066967827747, -0.9500000000000002887 ) ) ;
#6132 = ORIENTED_EDGE ( 'NONE', *, *, #8999, .F. ) ;
#6133 = DIRECTION ( 'NONE',  ( 1.000000000000000000, -0.000000000000000000, -0.000000000000000000 ) ) ;
#6134 = EDGE_LOOP ( 'NONE', ( #619, #7351, #3117, #6593 ) ) ;
#6135 = LINE ( 'NONE', #2581, #4062 ) ;
#6136 = ORIENTED_EDGE ( 'NONE', *, *, #5152, .T. ) ;
#6137 = EDGE_CURVE ( 'NONE', #6830, #528, #2856, .T. ) ;
#6138 = CARTESIAN_POINT ( 'NONE',  ( 1.347000000000000419, 0.6500000000000000222, 2.325499999999998568 ) ) ;
#6139 = DIRECTION ( 'NONE',  ( 0.000000000000000000, 0.8028287771104243298, 0.5962096566170163037 ) ) ;
#6140 = AXIS2_PLACEMENT_3D ( 'NONE', #1398, #710, #3437 ) ;
#6141 = DIRECTION ( 'NONE',  ( -0.000000000000000000, -0.000000000000000000, -1.000000000000000000 ) ) ;
#6142 = ORIENTED_EDGE ( 'NONE', *, *, #8109, .F. ) ;
#6143 = ORIENTED_EDGE ( 'NONE', *, *, #633, .F. ) ;
#6144 = ORIENTED_EDGE ( 'NONE', *, *, #1844, .T. ) ;
#6145 = ORIENTED_EDGE ( 'NONE', *, *, #6084, .F. ) ;
#6146 = CARTESIAN_POINT ( 'NONE',  ( 2.594500000000000028, 0.8399999999999998579, 3.108792087519462122 ) ) ;
#6147 = EDGE_CURVE ( 'NONE', #4771, #5765, #6105, .T. ) ;
#6148 = EDGE_CURVE ( 'NONE', #2446, #3561, #5128, .T. ) ;
#6149 = ORIENTED_EDGE ( 'NONE', *, *, #5050, .F. ) ;
#6150 = ADVANCED_FACE ( 'NONE', ( #351 ), #4904, .F. ) ;
#6151 = CARTESIAN_POINT ( 'NONE',  ( 4.094500000000000028, 0.7125687761248743479, -0.5924438146274771944 ) ) ;
#6152 = FACE_OUTER_BOUND ( 'NONE', #6701, .T. ) ;
#6153 = PLANE ( 'NONE',  #3862 ) ;
#6154 = ORIENTED_EDGE ( 'NONE', *, *, #8689, .F. ) ;
#6155 = ORIENTED_EDGE ( 'NONE', *, *, #7577, .T. ) ;
#6156 = ORIENTED_EDGE ( 'NONE', *, *, #6600, .T. ) ;
#6157 = CARTESIAN_POINT ( 'NONE',  ( 2.824500000000000011, 1.071938878923327065, -0.2853126666036561732 ) ) ;
#6158 = ORIENTED_EDGE ( 'NONE', *, *, #5482, .F. ) ;
#6159 = PLANE ( 'NONE',  #3546 ) ;
#6160 = EDGE_LOOP ( 'NONE', ( #6572, #2988, #7529, #3465 ) ) ;
#6161 = PLANE ( 'NONE',  #3785 ) ;
#6162 = VECTOR ( 'NONE', #4665, 1000.000000000000000 ) ;
#6163 = EDGE_LOOP ( 'NONE', ( #3905, #5065, #1027, #3202 ) ) ;
#6164 = ADVANCED_FACE ( 'NONE', ( #7011 ), #935, .F. ) ;
#6165 = DIRECTION ( 'NONE',  ( -0.000000000000000000, 0.1045284632676540260, -0.9945218953682732899 ) ) ;
#6166 = CARTESIAN_POINT ( 'NONE',  ( 3.824500000000000011, 1.071938878923327065, -0.2853126666036561732 ) ) ;
#6167 = EDGE_CURVE ( 'NONE', #1476, #401, #8661, .T. ) ;
#6168 = CARTESIAN_POINT ( 'NONE',  ( 3.594500000000000028, 0.6749881066967827747, -0.9500000000000002887 ) ) ;
#6169 = EDGE_LOOP ( 'NONE', ( #1558, #9028, #1694, #3868 ) ) ;
#6170 = VECTOR ( 'NONE', #961, 1000.000000000000000 ) ;
#6171 = CARTESIAN_POINT ( 'NONE',  ( 0.8245000000000001217, 0.6450822618089369076, -0.3781046033633239101 ) ) ;
#6172 = ORIENTED_EDGE ( 'NONE', *, *, #987, .T. ) ;
#6173 = ORIENTED_EDGE ( 'NONE', *, *, #2546, .F. ) ;
#6174 = LINE ( 'NONE', #4857, #8624 ) ;
#6175 = DIRECTION ( 'NONE',  ( 0.000000000000000000, 0.000000000000000000, 1.000000000000000000 ) ) ;
#6176 = CYLINDRICAL_SURFACE ( 'NONE', #2180, 0.09999999999999982514 ) ;
#6177 = DIRECTION ( 'NONE',  ( 0.000000000000000000, 1.000000000000000000, 0.000000000000000000 ) ) ;
#6178 =( NAMED_UNIT ( * ) SI_UNIT ( $, .STERADIAN. ) SOLID_ANGLE_UNIT ( ) );
#6179 = EDGE_CURVE ( 'NONE', #3701, #5168, #6766, .T. ) ;
#6180 = VERTEX_POINT ( 'NONE', #1565 ) ;
#6181 = DIRECTION ( 'NONE',  ( 1.000000000000000000, 0.000000000000000000, 0.000000000000000000 ) ) ;
#6182 = VECTOR ( 'NONE', #5634, 1000.000000000000000 ) ;
#6183 = EDGE_CURVE ( 'NONE', #363, #8350, #1009, .T. ) ;
#6184 = CARTESIAN_POINT ( 'NONE',  ( 4.324500000000000455, 0.8120209656617016769, -0.6028966609542426580 ) ) ;
#6185 = FACE_OUTER_BOUND ( 'NONE', #6816, .T. ) ;
#6186 = DIRECTION ( 'NONE',  ( 0.000000000000000000, 0.000000000000000000, 1.000000000000000000 ) ) ;
#6187 = EDGE_CURVE ( 'NONE', #9044, #445, #2415, .T. ) ;
#6188 = VERTEX_POINT ( 'NONE', #7886 ) ;
#6189 = CARTESIAN_POINT ( 'NONE',  ( 4.324500000000000455, 0.6749881066967827747, -0.9500000000000002887 ) ) ;
#6190 = CARTESIAN_POINT ( 'NONE',  ( 4.092000000000001414, 0.6500000000000000222, 0.6745000000000010987 ) ) ;
#6191 = LINE ( 'NONE', #7725, #2501 ) ;
#6192 = CARTESIAN_POINT ( 'NONE',  ( 4.492000000000000881, 0.5999999999999999778, 0.5544999999999998819 ) ) ;
#6193 = CIRCLE ( 'NONE', #7958, 0.09999999999999993616 ) ;
#6194 = ORIENTED_EDGE ( 'NONE', *, *, #4024, .F. ) ;
#6195 = CARTESIAN_POINT ( 'NONE',  ( 2.324500000000000011, 0.5335548349585852446, 3.573628691239299382 ) ) ;
#6196 = CARTESIAN_POINT ( 'NONE',  ( 2.324500000000000011, 0.4984000000000007313, 3.908104603363323548 ) ) ;
#6197 = ORIENTED_EDGE ( 'NONE', *, *, #5670, .T. ) ;
#6198 = PLANE ( 'NONE',  #2526 ) ;
#6199 = EDGE_CURVE ( 'NONE', #6400, #7701, #8443, .T. ) ;
#6200 = LINE ( 'NONE', #5706, #2508 ) ;
#6201 = CARTESIAN_POINT ( 'NONE',  ( 0.9470000000000003970, 0.5999999999999999778, 2.205499999999999794 ) ) ;
#6202 = EDGE_CURVE ( 'NONE', #748, #6440, #8454, .T. ) ;
#6203 = LINE ( 'NONE', #4179, #6325 ) ;
#6204 = PLANE ( 'NONE',  #6234 ) ;
#6205 = ADVANCED_FACE ( 'NONE', ( #147 ), #967, .F. ) ;
#6206 =( NAMED_UNIT ( * ) PLANE_ANGLE_UNIT ( ) SI_UNIT ( $, .RADIAN. ) );
#6207 = ORIENTED_EDGE ( 'NONE', *, *, #7482, .T. ) ;
#6208 = CARTESIAN_POINT ( 'NONE',  ( 3.094500000000000028, 0.8399999999999998579, -0.1087920875194620801 ) ) ;
#6209 = COLOUR_RGB ( '',0.8941176470588234615, 0.9137254901960784048, 0.9294117647058823817 ) ;
#6210 = AXIS2_PLACEMENT_3D ( 'NONE', #5204, #8675, #8062 ) ;
#6211 = VERTEX_POINT ( 'NONE', #852 ) ;
#6212 = CARTESIAN_POINT ( 'NONE',  ( 3.824500000000000011, 0.8399999999999998579, 3.108792087519462122 ) ) ;
#6213 = LINE ( 'NONE', #2964, #2413 ) ;
#6214 = DIRECTION ( 'NONE',  ( 2.824178620696807171E-17, 1.000000000000000000, -0.000000000000000000 ) ) ;
#6215 = DIRECTION ( 'NONE',  ( -0.000000000000000000, 0.9729913731149246736, 0.2308414777372849447 ) ) ;
#6216 = LINE ( 'NONE', #8761, #6107 ) ;
#6217 = PLANE ( 'NONE',  #104 ) ;
#6218 = LINE ( 'NONE', #5821, #4577 ) ;
#6219 = VECTOR ( 'NONE', #4327, 1000.000000000000000 ) ;
#6220 = DIRECTION ( 'NONE',  ( 0.000000000000000000, 1.000000000000000000, -0.000000000000000000 ) ) ;
#6221 = DIRECTION ( 'NONE',  ( -1.000000000000000000, 0.000000000000000000, 0.000000000000000000 ) ) ;
#6222 = DIRECTION ( 'NONE',  ( -0.000000000000000000, -0.000000000000000000, 1.000000000000000000 ) ) ;
#6223 = ORIENTED_EDGE ( 'NONE', *, *, #4328, .T. ) ;
#6224 = LINE ( 'NONE', #6138, #3728 ) ;
#6225 = LINE ( 'NONE', #5129, #4791 ) ;
#6226 = DIRECTION ( 'NONE',  ( 0.000000000000000000, 0.000000000000000000, 1.000000000000000000 ) ) ;
#6227 = CYLINDRICAL_SURFACE ( 'NONE', #366, 0.09999999999999995004 ) ;
#6228 = DIRECTION ( 'NONE',  ( 0.000000000000000000, -0.1045284632676515280, 0.9945218953682736229 ) ) ;
#6229 = EDGE_LOOP ( 'NONE', ( #4234, #6475, #2030, #2341 ) ) ;
#6230 = ORIENTED_EDGE ( 'NONE', *, *, #8536, .T. ) ;
#6231 = CARTESIAN_POINT ( 'NONE',  ( 1.347000000000000641, 0.5999999999999999778, 0.6745000000000007656 ) ) ;
#6232 = CARTESIAN_POINT ( 'NONE',  ( 2.824500000000000011, 0.8996209656617012440, 3.189074965230504599 ) ) ;
#6233 = ORIENTED_EDGE ( 'NONE', *, *, #7991, .F. ) ;
#6234 = AXIS2_PLACEMENT_3D ( 'NONE', #4818, #2046, #7704 ) ;
#6235 = VECTOR ( 'NONE', #980, 1000.000000000000000 ) ;
#6236 = CARTESIAN_POINT ( 'NONE',  ( 1.824500000000000233, 1.119999999999999885, -0.1792604477561911547 ) ) ;
#6237 = LINE ( 'NONE', #6166, #7448 ) ;
#6238 = ORIENTED_EDGE ( 'NONE', *, *, #4744, .T. ) ;
#6239 = EDGE_LOOP ( 'NONE', ( #4362, #8599, #3036, #2775, #8485, #8400, #8708, #4825, #505, #5717, #7026, #7537 ) ) ;
#6240 = CARTESIAN_POINT ( 'NONE',  ( 1.324500000000000233, 0.8120209656617016769, 3.602896660954242769 ) ) ;
#6241 = UNCERTAINTY_MEASURE_WITH_UNIT (LENGTH_MEASURE( 1.000000000000000082E-05 ), #3119, 'distance_accuracy_value', 'NONE');
#6242 = DIRECTION ( 'NONE',  ( 1.000000000000000000, 0.000000000000000000, 2.710505431213760099E-16 ) ) ;
#6243 = PLANE ( 'NONE',  #7677 ) ;
#6244 = ORIENTED_EDGE ( 'NONE', *, *, #6547, .F. ) ;
#6245 = CARTESIAN_POINT ( 'NONE',  ( 4.092000000000001414, 0.5999999999999998668, 0.6745000000000010987 ) ) ;
#6246 = VERTEX_POINT ( 'NONE', #2233 ) ;
#6247 =( NAMED_UNIT ( * ) PLANE_ANGLE_UNIT ( ) SI_UNIT ( $, .RADIAN. ) );
#6248 = LINE ( 'NONE', #7224, #380 ) ;
#6249 = EDGE_LOOP ( 'NONE', ( #2302, #5857, #8706, #5457 ) ) ;
#6251 = EDGE_CURVE ( 'NONE', #6515, #1869, #5882, .T. ) ;
#6250 = DIRECTION ( 'NONE',  ( 0.000000000000000000, -0.8028287771104236636, 0.5962096566170171918 ) ) ;
#6252 = AXIS2_PLACEMENT_3D ( 'NONE', #2314, #1010, #5151 ) ;
#6253 = DIRECTION ( 'NONE',  ( -0.000000000000000000, 1.000000000000000000, -0.000000000000000000 ) ) ;
#6254 = AXIS2_PLACEMENT_3D ( 'NONE', #8039, #8769, #7500 ) ;
#6255 = ORIENTED_EDGE ( 'NONE', *, *, #7934, .T. ) ;
#6256 = DIRECTION ( 'NONE',  ( 0.000000000000000000, 0.9729913731149246736, -0.2308414777372849447 ) ) ;
#6257 = ORIENTED_EDGE ( 'NONE', *, *, #4903, .F. ) ;
#6258 = CYLINDRICAL_SURFACE ( 'NONE', #5018, 0.09999999999999993616 ) ;
#6259 = ORIENTED_EDGE ( 'NONE', *, *, #6966, .F. ) ;
#6260 = ADVANCED_FACE ( 'NONE', ( #8012 ), #5160, .F. ) ;
#6261 = CARTESIAN_POINT ( 'NONE',  ( 3.824500000000000011, 1.119999999999999885, 0.000000000000000000 ) ) ;
#6262 = DIRECTION ( 'NONE',  ( 1.000000000000000000, -0.000000000000000000, -0.000000000000000000 ) ) ;
#6263 = VERTEX_POINT ( 'NONE', #7918 ) ;
#6264 = CARTESIAN_POINT ( 'NONE',  ( 3.324500000000000011, 0.5335548349585852446, 3.573628691239299382 ) ) ;
#6265 = FACE_OUTER_BOUND ( 'NONE', #3783, .T. ) ;
#6266 = ORIENTED_EDGE ( 'NONE', *, *, #7956, .F. ) ;
#6267 = ORIENTED_EDGE ( 'NONE', *, *, #234, .T. ) ;
#6268 = EDGE_CURVE ( 'NONE', #74, #1364, #1979, .T. ) ;
#6269 = ORIENTED_EDGE ( 'NONE', *, *, #1371, .T. ) ;
#6270 = ORIENTED_EDGE ( 'NONE', *, *, #6791, .F. ) ;
#6271 = CARTESIAN_POINT ( 'NONE',  ( 4.324500000000000455, 0.7523999999999998467, -0.5226137832432001806 ) ) ;
#6272 = CARTESIAN_POINT ( 'NONE',  ( 1.594500000000000028, 0.6450822618089369076, -0.3781046033633239101 ) ) ;
#6273 = ORIENTED_EDGE ( 'NONE', *, *, #6147, .T. ) ;
#6274 = CARTESIAN_POINT ( 'NONE',  ( 2.094500000000000028, 1.071938878923327065, -0.2853126666036561732 ) ) ;
#6275 = ORIENTED_EDGE ( 'NONE', *, *, #5725, .F. ) ;
#6276 = CARTESIAN_POINT ( 'NONE',  ( 4.624035241003918273, 1.459999999999999964, 2.885035241003919282 ) ) ;
#6277 = ORIENTED_EDGE ( 'NONE', *, *, #4093, .F. ) ;
#6278 = VECTOR ( 'NONE', #1463, 1000.000000000000227 ) ;
#6279 = ORIENTED_EDGE ( 'NONE', *, *, #7385, .T. ) ;
#6280 = CARTESIAN_POINT ( 'NONE',  ( 1.324500000000000233, 0.6749881066967827747, 3.950000000000000178 ) ) ;
#6281 = EDGE_LOOP ( 'NONE', ( #1399, #273, #7024, #2655, #2942, #6431, #2727, #6694, #8923, #5300, #1266, #6500 ) ) ;
#6282 = EDGE_CURVE ( 'NONE', #5061, #5080, #811, .T. ) ;
#6283 = VECTOR ( 'NONE', #186, 1000.000000000000000 ) ;
#6284 = ORIENTED_EDGE ( 'NONE', *, *, #1505, .F. ) ;
#6285 = EDGE_CURVE ( 'NONE', #850, #2898, #1223, .T. ) ;
#6286 = CARTESIAN_POINT ( 'NONE',  ( 0.7999999999999999334, 0.5999999999999999778, 3.000000000000000000 ) ) ;
#6287 = CARTESIAN_POINT ( 'NONE',  ( 3.324500000000000011, 1.119999999999999885, 3.000000000000000000 ) ) ;
#6288 = FACE_OUTER_BOUND ( 'NONE', #3320, .T. ) ;
#6289 = DIRECTION ( 'NONE',  ( -0.2821663239915507826, -0.9593655015712703182, 0.000000000000000000 ) ) ;
#6290 = ORIENTED_EDGE ( 'NONE', *, *, #5892, .T. ) ;
#6291 = CARTESIAN_POINT ( 'NONE',  ( 1.324500000000000233, 1.071938878923327065, -0.2853126666036561732 ) ) ;
#6292 = VERTEX_POINT ( 'NONE', #7983 ) ;
#6293 = DIRECTION ( 'NONE',  ( 0.000000000000000000, 0.000000000000000000, -1.000000000000000000 ) ) ;
#6294 = DIRECTION ( 'NONE',  ( 0.000000000000000000, -0.1045284632676515141, -0.9945218953682735119 ) ) ;
#6295 = ORIENTED_EDGE ( 'NONE', *, *, #4843, .T. ) ;
#6296 = LINE ( 'NONE', #2018, #973 ) ;
#6297 = CARTESIAN_POINT ( 'NONE',  ( 1.347000000000000419, 0.6500000000000000222, 2.325499999999998568 ) ) ;
#6298 = DIRECTION ( 'NONE',  ( 0.000000000000000000, 1.000000000000000000, -0.000000000000000000 ) ) ;
#6299 = ADVANCED_FACE ( 'NONE', ( #48 ), #1887, .T. ) ;
#6300 = DIRECTION ( 'NONE',  ( 1.000000000000000000, -0.000000000000000000, -0.000000000000000000 ) ) ;
#6301 = AXIS2_PLACEMENT_3D ( 'NONE', #8639, #7867, #5052 ) ;
#6302 = VERTEX_POINT ( 'NONE', #5837 ) ;
#6303 = VERTEX_POINT ( 'NONE', #3110 ) ;
#6304 = AXIS2_PLACEMENT_3D ( 'NONE', #8814, #3208, #1817 ) ;
#6305 = CARTESIAN_POINT ( 'NONE',  ( 4.324500000000000455, 0.7125687761248743479, 3.592443814627477305 ) ) ;
#6306 = PLANE ( 'NONE',  #1732 ) ;
#6307 = PLANE ( 'NONE',  #5072 ) ;
#6308 = CARTESIAN_POINT ( 'NONE',  ( 1.324500000000000233, 0.5335548349585852446, -0.5736286912392993820 ) ) ;
#6309 = CIRCLE ( 'NONE', #8796, 0.2799999999999999711 ) ;
#6310 = CARTESIAN_POINT ( 'NONE',  ( 2.594500000000000028, 0.6749881066967827747, 3.950000000000000178 ) ) ;
#6311 = LINE ( 'NONE', #3073, #4650 ) ;
#6312 = CARTESIAN_POINT ( 'NONE',  ( 0.9470000000000003970, 0.6500000000000000222, 0.7944999999999992069 ) ) ;
#6313 = ADVANCED_FACE ( 'NONE', ( #7000 ), #3822, .T. ) ;
#6314 = DIRECTION ( 'NONE',  ( 1.000000000000000000, 0.000000000000000000, 0.000000000000000000 ) ) ;
#6315 = VERTEX_POINT ( 'NONE', #4499 ) ;
#6316 = DIRECTION ( 'NONE',  ( 1.536785503168681241E-16, 0.000000000000000000, -1.000000000000000000 ) ) ;
#6317 = MANIFOLD_SOLID_BREP ( 'LPattern2[3]', #1642 ) ;
#6318 = DIRECTION ( 'NONE',  ( -1.000000000000000000, 0.000000000000000000, 1.239088197126289091E-15 ) ) ;
#6319 = DIRECTION ( 'NONE',  ( 1.000000000000000000, -0.000000000000000000, -0.000000000000000000 ) ) ;
#6320 = EDGE_CURVE ( 'NONE', #6988, #5655, #1020, .T. ) ;
#6321 = CARTESIAN_POINT ( 'NONE',  ( 4.492000000000000881, 0.6499999999999999112, 0.7944999999999996509 ) ) ;
#6322 = FACE_OUTER_BOUND ( 'NONE', #3501, .T. ) ;
#6323 = PLANE ( 'NONE',  #453 ) ;
#6324 = CARTESIAN_POINT ( 'NONE',  ( 2.594500000000000028, 0.6450822618089369076, -0.3781046033633239101 ) ) ;
#6325 = VECTOR ( 'NONE', #6353, 1000.000000000000000 ) ;
#6326 = EDGE_CURVE ( 'NONE', #4408, #1745, #6565, .T. ) ;
#6327 = ORIENTED_EDGE ( 'NONE', *, *, #432, .T. ) ;
#6328 = LINE ( 'NONE', #6671, #4881 ) ;
#6329 = DIRECTION ( 'NONE',  ( 0.000000000000000000, -0.9945218953682732899, 0.1045284632676540260 ) ) ;
#6330 = VERTEX_POINT ( 'NONE', #377 ) ;
#6331 = MECHANICAL_DESIGN_GEOMETRIC_PRESENTATION_REPRESENTATION (  '', ( #3652 ), #3108 ) ;
#6332 = CARTESIAN_POINT ( 'NONE',  ( 3.594500000000000028, 0.9399999999999998357, 3.000000000000000000 ) ) ;
#6333 = CARTESIAN_POINT ( 'NONE',  ( 3.324500000000000011, 0.9399999999999998357, 3.000000000000000000 ) ) ;
#6334 = CARTESIAN_POINT ( 'NONE',  ( 4.324500000000000455, 0.8996209656617012440, 3.189074965230504599 ) ) ;
#6335 = DIRECTION ( 'NONE',  ( 1.000000000000000000, -0.000000000000000000, -0.000000000000000000 ) ) ;
#6337 = CARTESIAN_POINT ( 'NONE',  ( 1.594500000000000028, 0.4984000000000007313, 3.908104603363323548 ) ) ;
#6336 = LINE ( 'NONE', #1763, #7996 ) ;
#6338 = DIRECTION ( 'NONE',  ( 1.000000000000000000, -0.000000000000000000, -0.000000000000000000 ) ) ;
#6339 = VERTEX_POINT ( 'NONE', #1079 ) ;
#6340 = FACE_OUTER_BOUND ( 'NONE', #7770, .T. ) ;
#6341 = EDGE_CURVE ( 'NONE', #6644, #1943, #2631, .T. ) ;
#6342 = VECTOR ( 'NONE', #4983, 1000.000000000000227 ) ;
#6343 = EDGE_CURVE ( 'NONE', #2259, #6098, #801, .T. ) ;
#6344 = DIRECTION ( 'NONE',  ( 0.000000000000000000, -0.8028287771104236636, 0.5962096566170171918 ) ) ;
#6345 = EDGE_CURVE ( 'NONE', #4160, #5035, #3281, .T. ) ;
#6346 = CARTESIAN_POINT ( 'NONE',  ( 2.594500000000000028, 0.8120209656617016769, 3.602896660954242769 ) ) ;
#6347 = VECTOR ( 'NONE', #46, 1000.000000000000000 ) ;
#6348 = AXIS2_PLACEMENT_3D ( 'NONE', #2148, #4211, #8394 ) ;
#6349 = FACE_OUTER_BOUND ( 'NONE', #8305, .T. ) ;
#6350 = DIRECTION ( 'NONE',  ( 0.000000000000000000, 0.9729913731149246736, -0.2308414777372849447 ) ) ;
#6351 = CARTESIAN_POINT ( 'NONE',  ( 0.000000000000000000, 0.000000000000000000, 0.000000000000000000 ) ) ;
#6352 = DIRECTION ( 'NONE',  ( -1.000000000000000000, 0.000000000000000000, 0.000000000000000000 ) ) ;
#6353 = DIRECTION ( 'NONE',  ( -1.000000000000000000, 0.000000000000000000, 0.000000000000000000 ) ) ;
#6354 = DIRECTION ( 'NONE',  ( -0.000000000000000000, -0.000000000000000000, 1.000000000000000000 ) ) ;
#6355 = CARTESIAN_POINT ( 'NONE',  ( 4.594500000000000028, 1.119999999999999885, 3.179260447756191432 ) ) ;
#6356 = VERTEX_POINT ( 'NONE', #7207 ) ;
#6357 = EDGE_CURVE ( 'NONE', #1335, #8122, #4480, .T. ) ;
#6358 = FACE_OUTER_BOUND ( 'NONE', #599, .T. ) ;
#6359 = VECTOR ( 'NONE', #836, 1000.000000000000227 ) ;
#6360 = ORIENTED_EDGE ( 'NONE', *, *, #4398, .F. ) ;
#6361 =( LENGTH_UNIT ( ) NAMED_UNIT ( * ) SI_UNIT ( .MILLI., .METRE. ) );
#6362 = AXIS2_PLACEMENT_3D ( 'NONE', #8440, #5798, #5069 ) ;
#6363 = ORIENTED_EDGE ( 'NONE', *, *, #1198, .T. ) ;
#6364 = ADVANCED_FACE ( 'NONE', ( #1444 ), #8834, .F. ) ;
#6365 = DIRECTION ( 'NONE',  ( 0.000000000000000000, 0.000000000000000000, -1.000000000000000000 ) ) ;
#6366 = FILL_AREA_STYLE_COLOUR ( '', #816 ) ;
#6367 = ORIENTED_EDGE ( 'NONE', *, *, #4852, .T. ) ;
#6368 = CARTESIAN_POINT ( 'NONE',  ( 3.094500000000000028, 1.119999999999999885, 3.000000000000000000 ) ) ;
#6369 = DIRECTION ( 'NONE',  ( 1.000000000000000000, -0.000000000000000000, -0.000000000000000000 ) ) ;
#6370 = FACE_OUTER_BOUND ( 'NONE', #2019, .T. ) ;
#6371 = ORIENTED_EDGE ( 'NONE', *, *, #908, .F. ) ;
#6372 = ORIENTED_EDGE ( 'NONE', *, *, #6649, .F. ) ;
#6373 = DIRECTION ( 'NONE',  ( 0.000000000000000000, 0.5962096566170173029, 0.8028287771104236636 ) ) ;
#6374 = VERTEX_POINT ( 'NONE', #2588 ) ;
#6375 = EDGE_CURVE ( 'NONE', #5812, #202, #1877, .T. ) ;
#6376 = CARTESIAN_POINT ( 'NONE',  ( 1.324500000000000233, 0.9399999999999998357, 0.000000000000000000 ) ) ;
#6377 = ORIENTED_EDGE ( 'NONE', *, *, #691, .F. ) ;
#6378 = DIRECTION ( 'NONE',  ( -1.000000000000000000, 0.000000000000000000, 0.000000000000000000 ) ) ;
#6379 = DIRECTION ( 'NONE',  ( 1.000000000000000000, 0.000000000000000000, -0.000000000000000000 ) ) ;
#6380 = EDGE_CURVE ( 'NONE', #4616, #964, #1325, .T. ) ;
#6381 = DIRECTION ( 'NONE',  ( 1.000000000000000000, 0.000000000000000000, 0.000000000000000000 ) ) ;
#6382 = CARTESIAN_POINT ( 'NONE',  ( 2.824500000000000011, 1.119999999999999885, 3.000000000000000000 ) ) ;
#6383 = VERTEX_POINT ( 'NONE', #5245 ) ;
#6384 = VERTEX_POINT ( 'NONE', #1135 ) ;
#6385 = DIRECTION ( 'NONE',  ( 1.000000000000000000, -0.000000000000000000, -0.000000000000000000 ) ) ;
#6386 = ORIENTED_EDGE ( 'NONE', *, *, #4236, .T. ) ;
#6387 = EDGE_CURVE ( 'NONE', #6263, #6523, #4790, .T. ) ;
#6388 = ORIENTED_EDGE ( 'NONE', *, *, #6660, .F. ) ;
#6389 = ORIENTED_EDGE ( 'NONE', *, *, #4343, .F. ) ;
#6390 = AXIS2_PLACEMENT_3D ( 'NONE', #1511, #6990, #2810 ) ;
#6391 = CYLINDRICAL_SURFACE ( 'NONE', #9051, 0.1200000000000000233 ) ;
#6392 = VERTEX_POINT ( 'NONE', #1924 ) ;
#6393 = VERTEX_POINT ( 'NONE', #7407 ) ;
#6394 = DIRECTION ( 'NONE',  ( 0.000000000000000000, -1.000000000000000000, 0.000000000000000000 ) ) ;
#6395 = DIRECTION ( 'NONE',  ( 0.000000000000000000, 0.000000000000000000, -1.000000000000000000 ) ) ;
#6396 = ORIENTED_EDGE ( 'NONE', *, *, #4602, .T. ) ;
#6397 = VERTEX_POINT ( 'NONE', #1168 ) ;
#6398 = EDGE_CURVE ( 'NONE', #4098, #8492, #467, .T. ) ;
#6399 = DIRECTION ( 'NONE',  ( 0.000000000000000000, 0.2308414777372849447, -0.9729913731149246736 ) ) ;
#6400 = VERTEX_POINT ( 'NONE', #411 ) ;
#6401 = EDGE_CURVE ( 'NONE', #2357, #4965, #6661, .T. ) ;
#6402 = LINE ( 'NONE', #6104, #2570 ) ;
#6403 = CARTESIAN_POINT ( 'NONE',  ( 2.824500000000000011, 0.9399999999999998357, 0.000000000000000000 ) ) ;
#6404 = ORIENTED_EDGE ( 'NONE', *, *, #879, .F. ) ;
#6405 = DIRECTION ( 'NONE',  ( 1.000000000000000000, -0.000000000000000000, -0.000000000000000000 ) ) ;
#6406 = DIRECTION ( 'NONE',  ( 1.000000000000000000, -0.000000000000000000, 0.000000000000000000 ) ) ;
#6407 = DIRECTION ( 'NONE',  ( 0.000000000000000000, 0.1045284632676540260, -0.9945218953682732899 ) ) ;
#6408 = DIRECTION ( 'NONE',  ( 0.000000000000000000, 0.000000000000000000, -1.000000000000000000 ) ) ;
#6409 = EDGE_LOOP ( 'NONE', ( #829, #5813, #2746, #1030, #1440, #7833, #4552, #6780, #931, #8641, #6487, #7994 ) ) ;
#6410 = DIRECTION ( 'NONE',  ( 0.000000000000000000, 0.9945218953682735119, -0.1045284632676515141 ) ) ;
#6411 = ADVANCED_FACE ( 'NONE', ( #1119 ), #909, .F. ) ;
#6412 =( LENGTH_UNIT ( ) NAMED_UNIT ( * ) SI_UNIT ( .MILLI., .METRE. ) );
#6413 = DIRECTION ( 'NONE',  ( 0.000000000000000000, 0.2308414777372849447, 0.9729913731149246736 ) ) ;
#6414 = ORIENTED_EDGE ( 'NONE', *, *, #5955, .F. ) ;
#6415 = CARTESIAN_POINT ( 'NONE',  ( 0.9470000000000003970, 0.5999999999999999778, 0.7944999999999992069 ) ) ;
#6416 = LINE ( 'NONE', #4526, #2701 ) ;
#6417 = CARTESIAN_POINT ( 'NONE',  ( 4.324500000000000455, 0.7125687761248743479, 3.592443814627477305 ) ) ;
#6418 = EDGE_LOOP ( 'NONE', ( #2671, #6513, #3430, #8420 ) ) ;
#6419 = CARTESIAN_POINT ( 'NONE',  ( 0.8245000000000001217, 1.071938878923327065, -0.2853126666036561732 ) ) ;
#6420 =( LENGTH_UNIT ( ) NAMED_UNIT ( * ) SI_UNIT ( .MILLI., .METRE. ) );
#6421 = CARTESIAN_POINT ( 'NONE',  ( 2.324500000000000011, 0.6450822618089369076, -0.3781046033633239101 ) ) ;
#6422 = VECTOR ( 'NONE', #7630, 1000.000000000000000 ) ;
#6423 = AXIS2_PLACEMENT_3D ( 'NONE', #3724, #824, #5804 ) ;
#6424 = DIRECTION ( 'NONE',  ( -0.000000000000000000, -0.000000000000000000, -1.000000000000000000 ) ) ;
#6425 = DIRECTION ( 'NONE',  ( 1.000000000000000000, 0.000000000000000000, 0.000000000000000000 ) ) ;
#6426 = CARTESIAN_POINT ( 'NONE',  ( 4.624035241003919161, 0.5999999999999998668, 0.1149647589960814398 ) ) ;
#6427 = ORIENTED_EDGE ( 'NONE', *, *, #9039, .T. ) ;
#6428 =( BOUNDED_CURVE ( )  B_SPLINE_CURVE ( 3, ( #7655, #2678, #7564, #8956 ),
 .UNSPECIFIED., .F., .F. ) 
 B_SPLINE_CURVE_WITH_KNOTS ( ( 4, 4 ),
 ( 4.712388980384695003, 5.997133865462267899 ),
 .UNSPECIFIED. ) 
 CURVE ( )  GEOMETRIC_REPRESENTATION_ITEM ( )  RATIONAL_B_SPLINE_CURVE ( ( 1.000000000000000000, 0.8671177933693119400, 0.8671177933693119400, 1.000000000000000000 ) ) 
 REPRESENTATION_ITEM ( '' )  );
#6429 = LINE ( 'NONE', #1357, #1957 ) ;
#6430 = LINE ( 'NONE', #5694, #1854 ) ;
#6431 = ORIENTED_EDGE ( 'NONE', *, *, #7433, .T. ) ;
#6432 = CARTESIAN_POINT ( 'NONE',  ( 4.094500000000000028, 1.119999999999999885, 0.000000000000000000 ) ) ;
#6433 = EDGE_LOOP ( 'NONE', ( #2186, #6890, #1050, #6583 ) ) ;
#6434 = PLANE ( 'NONE',  #4980 ) ;
#6435 = DIRECTION ( 'NONE',  ( 0.000000000000000000, -0.5962096566170164147, -0.8028287771104244408 ) ) ;
#6436 = LINE ( 'NONE', #3159, #2296 ) ;
#6437 = STYLED_ITEM ( 'NONE', ( #4122 ), #3847 ) ;
#6438 = CARTESIAN_POINT ( 'NONE',  ( 3.324500000000000011, 1.119999999999999885, 3.000000000000000000 ) ) ;
#6439 = FACE_OUTER_BOUND ( 'NONE', #5806, .T. ) ;
#6440 = VERTEX_POINT ( 'NONE', #1837 ) ;
#6441 = LINE ( 'NONE', #5253, #4568 ) ;
#6442 = VERTEX_POINT ( 'NONE', #6693 ) ;
#6443 = LINE ( 'NONE', #6312, #7116 ) ;
#6444 = ADVANCED_FACE ( 'NONE', ( #39 ), #7380, .F. ) ;
#6445 = EDGE_CURVE ( 'NONE', #1247, #3012, #7003, .T. ) ;
#6446 = VECTOR ( 'NONE', #5676, 1000.000000000000000 ) ;
#6447 =( GEOMETRIC_REPRESENTATION_CONTEXT ( 3 ) GLOBAL_UNCERTAINTY_ASSIGNED_CONTEXT ( ( #451 ) ) GLOBAL_UNIT_ASSIGNED_CONTEXT ( ( #5190, #3077, #4421 ) ) REPRESENTATION_CONTEXT ( 'NONE', 'WORKASPACE' ) );
#6448 = SHAPE_DEFINITION_REPRESENTATION ( #120, #8844 ) ;
#6449 = PLANE ( 'NONE',  #2590 ) ;
#6450 = DIRECTION ( 'NONE',  ( -3.949734690293276133E-17, -1.000000000000000000, 0.000000000000000000 ) ) ;
#6451 = DIRECTION ( 'NONE',  ( 0.000000000000000000, 1.000000000000000000, 0.000000000000000000 ) ) ;
#6452 = DIRECTION ( 'NONE',  ( 0.000000000000000000, 0.9945218953682735119, -0.1045284632676515141 ) ) ;
#6453 = EDGE_CURVE ( 'NONE', #2669, #8606, #5996, .T. ) ;
#6454 = LINE ( 'NONE', #8771, #1776 ) ;
#6455 = EDGE_CURVE ( 'NONE', #7957, #1759, #6454, .T. ) ;
#6456 = LINE ( 'NONE', #3217, #2531 ) ;
#6457 = CARTESIAN_POINT ( 'NONE',  ( 3.324500000000000011, 0.4984000000000007313, 3.908104603363323548 ) ) ;
#6458 = VECTOR ( 'NONE', #89, 1000.000000000000000 ) ;
#6459 = LINE ( 'NONE', #106, #5901 ) ;
#6460 = CARTESIAN_POINT ( 'NONE',  ( 1.824500000000000233, 0.9399999999999998357, 0.000000000000000000 ) ) ;
#6461 = DIRECTION ( 'NONE',  ( 1.000000000000000000, -0.000000000000000000, -0.000000000000000000 ) ) ;
#6462 = DIRECTION ( 'NONE',  ( 0.000000000000000000, 0.000000000000000000, -1.000000000000000000 ) ) ;
#6463 = DIRECTION ( 'NONE',  ( 1.000000000000000000, -0.000000000000000000, -0.000000000000000000 ) ) ;
#6464 = ORIENTED_EDGE ( 'NONE', *, *, #8414, .T. ) ;
#6465 = DIRECTION ( 'NONE',  ( 1.000000000000000000, 0.000000000000000000, 0.000000000000000000 ) ) ;
#6466 = CARTESIAN_POINT ( 'NONE',  ( 2.824500000000000011, 1.119999999999999885, 0.000000000000000000 ) ) ;
#6467 = VECTOR ( 'NONE', #4431, 1000.000000000000000 ) ;
#6468 = LINE ( 'NONE', #3492, #5564 ) ;
#6469 = ORIENTED_EDGE ( 'NONE', *, *, #2658, .F. ) ;
#6470 = DIRECTION ( 'NONE',  ( -0.000000000000000000, 0.1045284632676540260, -0.9945218953682732899 ) ) ;
#6471 = ORIENTED_EDGE ( 'NONE', *, *, #4621, .T. ) ;
#6472 = EDGE_LOOP ( 'NONE', ( #1820, #58, #1574, #8049 ) ) ;
#6473 = EDGE_CURVE ( 'NONE', #2573, #6477, #4583, .T. ) ;
#6474 = VERTEX_POINT ( 'NONE', #3170 ) ;
#6475 = ORIENTED_EDGE ( 'NONE', *, *, #4151, .F. ) ;
#6476 = VECTOR ( 'NONE', #4978, 1000.000000000000000 ) ;
#6477 = VERTEX_POINT ( 'NONE', #6755 ) ;
#6478 = CARTESIAN_POINT ( 'NONE',  ( 1.824500000000000233, 0.6749881066967827747, 3.950000000000000178 ) ) ;
#6479 = DIRECTION ( 'NONE',  ( 0.000000000000000000, 0.000000000000000000, 1.000000000000000000 ) ) ;
#6480 = CARTESIAN_POINT ( 'NONE',  ( 1.094500000000000028, 0.9399999999999998357, 0.000000000000000000 ) ) ;
#6481 = ORIENTED_EDGE ( 'NONE', *, *, #3476, .F. ) ;
#6482 = ORIENTED_EDGE ( 'NONE', *, *, #1998, .T. ) ;
#6483 = SURFACE_STYLE_FILL_AREA ( #9019 ) ;
#6484 = DIRECTION ( 'NONE',  ( -1.000000000000000000, 0.000000000000000000, 0.000000000000000000 ) ) ;
#6485 = ORIENTED_EDGE ( 'NONE', *, *, #9012, .T. ) ;
#6486 = CARTESIAN_POINT ( 'NONE',  ( 4.324500000000000455, 1.071938878923327065, -0.2853126666036561732 ) ) ;
#6487 = ORIENTED_EDGE ( 'NONE', *, *, #8004, .T. ) ;
#6488 = CYLINDRICAL_SURFACE ( 'NONE', #8531, 0.09999999999999982514 ) ;
#6489 = AXIS2_PLACEMENT_3D ( 'NONE', #8218, #5469, #1966 ) ;
#6490 = CARTESIAN_POINT ( 'NONE',  ( 1.347000000000000641, 0.6500000000000000222, 0.6745000000000007656 ) ) ;
#6491 = ORIENTED_EDGE ( 'NONE', *, *, #3575, .F. ) ;
#6492 = ADVANCED_FACE ( 'NONE', ( #7666 ), #6081, .F. ) ;
#6493 = ORIENTED_EDGE ( 'NONE', *, *, #4214, .F. ) ;
#6494 = DIRECTION ( 'NONE',  ( 0.000000000000000000, 0.000000000000000000, -1.000000000000000000 ) ) ;
#6495 = ORIENTED_EDGE ( 'NONE', *, *, #1875, .F. ) ;
#6496 = VERTEX_POINT ( 'NONE', #8306 ) ;
#6497 = EDGE_CURVE ( 'NONE', #7587, #2669, #8118, .T. ) ;
#6498 = DIRECTION ( 'NONE',  ( 0.000000000000000000, 0.000000000000000000, 1.000000000000000000 ) ) ;
#6499 = DIRECTION ( 'NONE',  ( 0.000000000000000000, 0.5962096566170173029, 0.8028287771104236636 ) ) ;
#6500 = ORIENTED_EDGE ( 'NONE', *, *, #965, .T. ) ;
#6501 = LINE ( 'NONE', #837, #4622 ) ;
#6502 = VERTEX_POINT ( 'NONE', #5393 ) ;
#6503 = EDGE_CURVE ( 'NONE', #3403, #751, #7891, .T. ) ;
#6504 = ORIENTED_EDGE ( 'NONE', *, *, #4973, .T. ) ;
#6505 = LINE ( 'NONE', #7834, #8707 ) ;
#6506 = ORIENTED_EDGE ( 'NONE', *, *, #3859, .F. ) ;
#6507 = DIRECTION ( 'NONE',  ( 1.000000000000000000, -0.000000000000000000, -0.000000000000000000 ) ) ;
#6508 = DIRECTION ( 'NONE',  ( 0.000000000000000000, 0.000000000000000000, 1.000000000000000000 ) ) ;
#6509 = VECTOR ( 'NONE', #2498, 1000.000000000000000 ) ;
#6510 = PLANE ( 'NONE',  #854 ) ;
#6511 = VERTEX_POINT ( 'NONE', #6231 ) ;
#6512 = EDGE_CURVE ( 'NONE', #6647, #2240, #3833, .T. ) ;
#6513 = ORIENTED_EDGE ( 'NONE', *, *, #1976, .F. ) ;
#6514 = EDGE_CURVE ( 'NONE', #3590, #4819, #2212, .T. ) ;
#6515 = VERTEX_POINT ( 'NONE', #7598 ) ;
#6516 = CARTESIAN_POINT ( 'NONE',  ( 2.094500000000000028, 0.4984000000000007313, -0.9081046033633235481 ) ) ;
#6517 = FACE_OUTER_BOUND ( 'NONE', #7423, .T. ) ;
#6518 = AXIS2_PLACEMENT_3D ( 'NONE', #1489, #2182, #7750 ) ;
#6519 = DIRECTION ( 'NONE',  ( 0.000000000000000000, 0.000000000000000000, 1.000000000000000000 ) ) ;
#6520 = ORIENTED_EDGE ( 'NONE', *, *, #1843, .F. ) ;
#6521 = DIRECTION ( 'NONE',  ( 0.000000000000000000, 1.000000000000000000, 0.000000000000000000 ) ) ;
#6522 = DIRECTION ( 'NONE',  ( 0.000000000000000000, 0.000000000000000000, 1.000000000000000000 ) ) ;
#6523 = VERTEX_POINT ( 'NONE', #2038 ) ;
#6524 = CARTESIAN_POINT ( 'NONE',  ( 3.824500000000000011, 0.5335548349585852446, -0.5736286912392993820 ) ) ;
#6525 = DIRECTION ( 'NONE',  ( 0.000000000000000000, 0.000000000000000000, -1.000000000000000000 ) ) ;
#6526 = DIRECTION ( 'NONE',  ( 1.000000000000000000, -0.000000000000000000, -0.000000000000000000 ) ) ;
#6527 = EDGE_CURVE ( 'NONE', #8015, #227, #5780, .T. ) ;
#6528 = FACE_OUTER_BOUND ( 'NONE', #6080, .T. ) ;
#6529 = DIRECTION ( 'NONE',  ( -0.000000000000000000, 0.000000000000000000, -1.000000000000000000 ) ) ;
#6530 = VERTEX_POINT ( 'NONE', #682 ) ;
#6531 = LINE ( 'NONE', #5057, #1410 ) ;
#6532 = SURFACE_SIDE_STYLE ('',( #7876 ) ) ;
#6533 = VECTOR ( 'NONE', #3839, 1000.000000000000000 ) ;
#6534 = ADVANCED_FACE ( 'NONE', ( #257 ), #2530, .F. ) ;
#6535 = CARTESIAN_POINT ( 'NONE',  ( 4.324500000000000455, 0.4984000000000007313, 3.908104603363323548 ) ) ;
#6536 = DIRECTION ( 'NONE',  ( 1.000000000000000000, -0.000000000000000000, -0.000000000000000000 ) ) ;
#6537 = AXIS2_PLACEMENT_3D ( 'NONE', #3576, #6410, #118 ) ;
#6538 = FACE_OUTER_BOUND ( 'NONE', #398, .T. ) ;
#6539 = EDGE_CURVE ( 'NONE', #6800, #418, #5894, .T. ) ;
#6540 = CARTESIAN_POINT ( 'NONE',  ( 2.094500000000000028, 0.6749881066967827747, -0.9500000000000002887 ) ) ;
#6541 = FACE_OUTER_BOUND ( 'NONE', #849, .T. ) ;
#6542 = CARTESIAN_POINT ( 'NONE',  ( 1.297000000000000375, 0.5999999999999999778, 2.205499999999999350 ) ) ;
#6543 = ORIENTED_EDGE ( 'NONE', *, *, #158, .T. ) ;
#6544 = FACE_OUTER_BOUND ( 'NONE', #3542, .T. ) ;
#6545 = ORIENTED_EDGE ( 'NONE', *, *, #6086, .T. ) ;
#6546 = CARTESIAN_POINT ( 'NONE',  ( 4.739000000000000767, 0.9399999999999998357, 3.000000000000000000 ) ) ;
#6547 = EDGE_CURVE ( 'NONE', #7872, #4299, #582, .T. ) ;
#6548 = DIRECTION ( 'NONE',  ( -0.000000000000000000, 0.8028287771104243298, -0.5962096566170164147 ) ) ;
#6549 = DIRECTION ( 'NONE',  ( -1.000000000000000000, 0.000000000000000000, 0.000000000000000000 ) ) ;
#6550 = APPLICATION_CONTEXT ( 'automotive_design' ) ;
#6551 = EDGE_CURVE ( 'NONE', #9034, #7246, #6224, .T. ) ;
#6552 = EDGE_LOOP ( 'NONE', ( #3771, #4284, #8257, #2871 ) ) ;
#6553 = LINE ( 'NONE', #327, #6645 ) ;
#6554 = LINE ( 'NONE', #1589, #3919 ) ;
#6555 = CARTESIAN_POINT ( 'NONE',  ( 2.824500000000000011, 0.6749881066967827747, -0.9500000000000002887 ) ) ;
#6556 = DIRECTION ( 'NONE',  ( 1.000000000000000000, -0.000000000000000000, -0.000000000000000000 ) ) ;
#6557 = VECTOR ( 'NONE', #3638, 1000.000000000000000 ) ;
#6558 = LINE ( 'NONE', #7223, #5120 ) ;
#6559 = FACE_OUTER_BOUND ( 'NONE', #3210, .T. ) ;
#6560 = EDGE_CURVE ( 'NONE', #6056, #2077, #2740, .T. ) ;
#6561 = VECTOR ( 'NONE', #5802, 1000.000000000000000 ) ;
#6562 = FILL_AREA_STYLE ('',( #301 ) ) ;
#6563 = EDGE_CURVE ( 'NONE', #5431, #4196, #3931, .T. ) ;
#6564 = PLANE ( 'NONE',  #5174 ) ;
#6565 = LINE ( 'NONE', #3832, #4474 ) ;
#6566 = AXIS2_PLACEMENT_3D ( 'NONE', #663, #24, #8357 ) ;
#6567 = DIRECTION ( 'NONE',  ( -1.000000000000000000, 0.000000000000000000, 0.000000000000000000 ) ) ;
#6568 = DIRECTION ( 'NONE',  ( 1.000000000000000000, -0.000000000000000000, -0.000000000000000000 ) ) ;
#6569 = CIRCLE ( 'NONE', #7079, 0.1199999999999998845 ) ;
#6570 = VECTOR ( 'NONE', #4089, 1000.000000000000000 ) ;
#6571 = VERTEX_POINT ( 'NONE', #2650 ) ;
#6572 = ORIENTED_EDGE ( 'NONE', *, *, #2630, .T. ) ;
#6573 = CARTESIAN_POINT ( 'NONE',  ( 1.324500000000000233, 0.5335548349585852446, -0.5736286912392993820 ) ) ;
#6574 = EDGE_CURVE ( 'NONE', #5943, #7957, #2092, .T. ) ;
#6575 = DIRECTION ( 'NONE',  ( 1.000000000000000000, -0.000000000000000000, -0.000000000000000000 ) ) ;
#6576 = FACE_OUTER_BOUND ( 'NONE', #348, .T. ) ;
#6577 = CARTESIAN_POINT ( 'NONE',  ( 3.824500000000000011, 1.071938878923327065, 3.285312666603656062 ) ) ;
#6578 = EDGE_LOOP ( 'NONE', ( #9024, #8158, #8177, #218 ) ) ;
#6579 = ADVANCED_FACE ( 'NONE', ( #690 ), #3509, .F. ) ;
#6580 = EDGE_LOOP ( 'NONE', ( #2851, #2116, #5366, #1267 ) ) ;
#6581 = ORIENTED_EDGE ( 'NONE', *, *, #1991, .F. ) ;
#6582 = FACE_OUTER_BOUND ( 'NONE', #197, .T. ) ;
#6583 = ORIENTED_EDGE ( 'NONE', *, *, #8563, .T. ) ;
#6584 = CARTESIAN_POINT ( 'NONE',  ( 1.324500000000000233, 0.6450822618089369076, -0.3781046033633239101 ) ) ;
#6585 = ADVANCED_FACE ( 'NONE', ( #1659 ), #7792, .T. ) ;
#6586 = ORIENTED_EDGE ( 'NONE', *, *, #7764, .T. ) ;
#6587 = ORIENTED_EDGE ( 'NONE', *, *, #5409, .F. ) ;
#6588 = CARTESIAN_POINT ( 'NONE',  ( 1.824500000000000233, 0.8399999999999998579, -0.1087920875194620801 ) ) ;
#6589 = DIRECTION ( 'NONE',  ( -0.000000000000000000, 1.000000000000000000, -0.000000000000000000 ) ) ;
#6590 = VERTEX_POINT ( 'NONE', #8957 ) ;
#6591 = ORIENTED_EDGE ( 'NONE', *, *, #5141, .F. ) ;
#6592 = CARTESIAN_POINT ( 'NONE',  ( 4.492000000000000881, 0.6500000000000000222, 0.7944999999999996509 ) ) ;
#6593 = ORIENTED_EDGE ( 'NONE', *, *, #5252, .T. ) ;
#6594 = LINE ( 'NONE', #6157, #4519 ) ;
#6595 = VERTEX_POINT ( 'NONE', #9017 ) ;
#6596 = DIRECTION ( 'NONE',  ( 1.000000000000000000, 0.000000000000000000, 0.000000000000000000 ) ) ;
#6597 = ORIENTED_EDGE ( 'NONE', *, *, #3586, .T. ) ;
#6598 = LINE ( 'NONE', #4066, #9050 ) ;
#6599 = ORIENTED_EDGE ( 'NONE', *, *, #6387, .F. ) ;
#6600 = EDGE_CURVE ( 'NONE', #1692, #6496, #4270, .T. ) ;
#6601 = EDGE_LOOP ( 'NONE', ( #8370, #5321, #5459, #7356, #8018, #2329, #4620, #8806, #957, #5732, #8610, #6782 ) ) ;
#6602 = DIRECTION ( 'NONE',  ( 0.000000000000000000, 0.2308414777372849447, 0.9729913731149246736 ) ) ;
#6603 = AXIS2_PLACEMENT_3D ( 'NONE', #8368, #8404, #6365 ) ;
#6604 = PLANE ( 'NONE',  #491 ) ;
#6605 = LINE ( 'NONE', #2382, #4631 ) ;
#6606 = CARTESIAN_POINT ( 'NONE',  ( 3.094500000000000028, 0.8120209656617016769, 3.602896660954242769 ) ) ;
#6607 = ORIENTED_EDGE ( 'NONE', *, *, #7225, .F. ) ;
#6608 = ORIENTED_EDGE ( 'NONE', *, *, #5125, .F. ) ;
#6609 = ORIENTED_EDGE ( 'NONE', *, *, #4410, .T. ) ;
#6610 = DIRECTION ( 'NONE',  ( -0.000000000000000000, 0.9729913731149246736, 0.2308414777372849447 ) ) ;
#6611 = EDGE_CURVE ( 'NONE', #4640, #1490, #4042, .T. ) ;
#6612 = VECTOR ( 'NONE', #2047, 1000.000000000000227 ) ;
#6613 = DIRECTION ( 'NONE',  ( 0.000000000000000000, 0.000000000000000000, 1.000000000000000000 ) ) ;
#6614 = AXIS2_PLACEMENT_3D ( 'NONE', #918, #2278, #6479 ) ;
#6615 = CARTESIAN_POINT ( 'NONE',  ( 4.324500000000000455, 0.6450822618089369076, -0.3781046033633239101 ) ) ;
#6616 = EDGE_LOOP ( 'NONE', ( #3899, #866, #3574, #1497 ) ) ;
#6617 = ADVANCED_FACE ( 'NONE', ( #159 ), #3598, .F. ) ;
#6618 = ORIENTED_EDGE ( 'NONE', *, *, #4040, .T. ) ;
#6619 = LINE ( 'NONE', #8929, #8403 ) ;
#6620 = EDGE_CURVE ( 'NONE', #8487, #6637, #6117, .T. ) ;
#6621 = CARTESIAN_POINT ( 'NONE',  ( 3.324500000000000011, 0.6749881066967827747, -0.9500000000000002887 ) ) ;
#6622 = EDGE_CURVE ( 'NONE', #8059, #1038, #3631, .T. ) ;
#6623 = VECTOR ( 'NONE', #6575, 1000.000000000000000 ) ;
#6624 = DIRECTION ( 'NONE',  ( 0.000000000000000000, 0.000000000000000000, 1.000000000000000000 ) ) ;
#6625 = ORIENTED_EDGE ( 'NONE', *, *, #8754, .T. ) ;
#6626 = PRESENTATION_STYLE_ASSIGNMENT (( #1696 ) ) ;
#6627 = DIRECTION ( 'NONE',  ( 1.000000000000000000, 0.000000000000000000, 2.710505431213760099E-16 ) ) ;
#6628 = FACE_OUTER_BOUND ( 'NONE', #7163, .T. ) ;
#6629 = DIRECTION ( 'NONE',  ( 0.000000000000000000, 0.000000000000000000, -1.000000000000000000 ) ) ;
#6630 = CARTESIAN_POINT ( 'NONE',  ( 4.624035241003918273, 1.459999999999999964, 2.885035241003919282 ) ) ;
#6631 = CLOSED_SHELL ( 'NONE', ( #3512, #2109, #8763, #4242, #4046, #3597, #6205, #7149, #8811, #1427, #7450, #1063, #7606, #5743 ) ) ;
#6632 = EDGE_CURVE ( 'NONE', #6647, #5264, #5445, .T. ) ;
#6633 = FACE_OUTER_BOUND ( 'NONE', #3553, .T. ) ;
#6634 = AXIS2_PLACEMENT_3D ( 'NONE', #3250, #1163, #5295 ) ;
#6635 = CARTESIAN_POINT ( 'NONE',  ( 1.594500000000000028, 0.9399999999999998357, 3.000000000000000000 ) ) ;
#6636 = LINE ( 'NONE', #7716, #5649 ) ;
#6637 = VERTEX_POINT ( 'NONE', #1501 ) ;
#6638 = VERTEX_POINT ( 'NONE', #2890 ) ;
#6639 = CARTESIAN_POINT ( 'NONE',  ( 4.094500000000000028, 0.9399999999999997247, -0.1087920875194616499 ) ) ;
#6640 = FACE_OUTER_BOUND ( 'NONE', #88, .T. ) ;
#6641 = DIRECTION ( 'NONE',  ( 0.000000000000000000, 0.000000000000000000, -1.000000000000000000 ) ) ;
#6642 = CARTESIAN_POINT ( 'NONE',  ( 3.094500000000000028, 0.9399999999999998357, 3.000000000000000000 ) ) ;
#6643 = VECTOR ( 'NONE', #8428, 1000.000000000000000 ) ;
#6644 = VERTEX_POINT ( 'NONE', #7762 ) ;
#6645 = VECTOR ( 'NONE', #2365, 999.9999999999998863 ) ;
#6647 = VERTEX_POINT ( 'NONE', #4226 ) ;
#6646 = CARTESIAN_POINT ( 'NONE',  ( 1.594500000000000028, 1.119999999999999885, 0.000000000000000000 ) ) ;
#6648 = LINE ( 'NONE', #3417, #2517 ) ;
#6649 = EDGE_CURVE ( 'NONE', #3079, #7596, #3400, .T. ) ;
#6650 = CARTESIAN_POINT ( 'NONE',  ( 0.7999999999999999334, 0.6199999999999999956, 2.885035241003918838 ) ) ;
#6651 = DIRECTION ( 'NONE',  ( 0.000000000000000000, 0.000000000000000000, -1.000000000000000000 ) ) ;
#6652 = LINE ( 'NONE', #6540, #2205 ) ;
#6653 = DIRECTION ( 'NONE',  ( 0.000000000000000000, -1.000000000000000000, 0.000000000000000000 ) ) ;
#6654 = EDGE_CURVE ( 'NONE', #2197, #223, #7328, .T. ) ;
#6655 = DIRECTION ( 'NONE',  ( 1.000000000000000000, -0.000000000000000000, -0.000000000000000000 ) ) ;
#6656 = ADVANCED_FACE ( 'NONE', ( #5437 ), #2863, .T. ) ;
#6657 = CARTESIAN_POINT ( 'NONE',  ( 4.142000000000000348, 0.6499999999999999112, 2.205499999999999794 ) ) ;
#6658 = EDGE_LOOP ( 'NONE', ( #2766, #8601, #843, #4198 ) ) ;
#6660 = EDGE_CURVE ( 'NONE', #506, #6356, #4475, .T. ) ;
#6659 = LINE ( 'NONE', #1340, #907 ) ;
#6661 = LINE ( 'NONE', #3968, #8334 ) ;
#6662 = LINE ( 'NONE', #994, #5998 ) ;
#6663 = AXIS2_PLACEMENT_3D ( 'NONE', #7769, #7150, #7180 ) ;
#6664 = LINE ( 'NONE', #3419, #9001 ) ;
#6665 = DIRECTION ( 'NONE',  ( 0.000000000000000000, 0.000000000000000000, 1.000000000000000000 ) ) ;
#6666 = VECTOR ( 'NONE', #2125, 999.9999999999998863 ) ;
#6667 = DIRECTION ( 'NONE',  ( -0.000000000000000000, 1.000000000000000000, -0.000000000000000000 ) ) ;
#6668 = ADVANCED_FACE ( 'NONE', ( #5672 ), #8106, .T. ) ;
#6669 = VERTEX_POINT ( 'NONE', #6947 ) ;
#6670 = EDGE_CURVE ( 'NONE', #6374, #4496, #7786, .T. ) ;
#6671 = CARTESIAN_POINT ( 'NONE',  ( 2.324500000000000011, 0.5335548349585852446, -0.5736286912392993820 ) ) ;
#6672 = VECTOR ( 'NONE', #915, 1000.000000000000000 ) ;
#6673 = VECTOR ( 'NONE', #7526, 1000.000000000000000 ) ;
#6674 = ORIENTED_EDGE ( 'NONE', *, *, #2261, .F. ) ;
#6675 = EDGE_CURVE ( 'NONE', #4616, #2360, #4686, .T. ) ;
#6676 = CARTESIAN_POINT ( 'NONE',  ( 1.094500000000000028, 0.9399999999999998357, 0.000000000000000000 ) ) ;
#6677 = DIRECTION ( 'NONE',  ( -0.000000000000000000, 0.1045284632676540260, -0.9945218953682732899 ) ) ;
#6678 = ORIENTED_EDGE ( 'NONE', *, *, #4411, .T. ) ;
#6679 = PRESENTATION_LAYER_ASSIGNMENT (  '', '', ( #5913 ) ) ;
#6680 = CARTESIAN_POINT ( 'NONE',  ( 4.092000000000001414, 0.5999999999999999778, 2.445500000000000007 ) ) ;
#6681 = ORIENTED_EDGE ( 'NONE', *, *, #5482, .T. ) ;
#6682 = CARTESIAN_POINT ( 'NONE',  ( 4.142000000000000348, 0.5999999999999999778, 2.205499999999999794 ) ) ;
#6683 = LINE ( 'NONE', #1705, #712 ) ;
#6684 = ORIENTED_EDGE ( 'NONE', *, *, #3233, .F. ) ;
#6685 = DIRECTION ( 'NONE',  ( 0.000000000000000000, 0.000000000000000000, 1.000000000000000000 ) ) ;
#6686 = CARTESIAN_POINT ( 'NONE',  ( 1.824500000000000233, 1.071938878923327065, 3.285312666603656062 ) ) ;
#6687 = DIRECTION ( 'NONE',  ( 1.000000000000000000, 0.000000000000000000, 0.000000000000000000 ) ) ;
#6688 = ORIENTED_EDGE ( 'NONE', *, *, #5125, .T. ) ;
#6689 = DIRECTION ( 'NONE',  ( -0.000000000000000000, -0.000000000000000000, 1.000000000000000000 ) ) ;
#6690 = ORIENTED_EDGE ( 'NONE', *, *, #5415, .F. ) ;
#6691 = VECTOR ( 'NONE', #5475, 1000.000000000000000 ) ;
#6692 = EDGE_LOOP ( 'NONE', ( #7509, #4567, #5054, #1576 ) ) ;
#6693 = CARTESIAN_POINT ( 'NONE',  ( 1.824500000000000233, 0.6450822618089369076, 3.378104603363324188 ) ) ;
#6694 = ORIENTED_EDGE ( 'NONE', *, *, #4569, .T. ) ;
#6695 = FACE_OUTER_BOUND ( 'NONE', #726, .T. ) ;
#6696 = CARTESIAN_POINT ( 'NONE',  ( 3.324500000000000011, 0.7523999999999998467, 3.522613783243200292 ) ) ;
#6697 = ORIENTED_EDGE ( 'NONE', *, *, #1710, .F. ) ;
#6698 = ORIENTED_EDGE ( 'NONE', *, *, #1069, .T. ) ;
#6699 = ORIENTED_EDGE ( 'NONE', *, *, #2747, .T. ) ;
#6700 = DIRECTION ( 'NONE',  ( 1.000000000000000000, -0.000000000000000000, -0.000000000000000000 ) ) ;
#6701 = EDGE_LOOP ( 'NONE', ( #8266, #2379, #8173, #924 ) ) ;
#6702 = ORIENTED_EDGE ( 'NONE', *, *, #3080, .T. ) ;
#6703 = CARTESIAN_POINT ( 'NONE',  ( 1.094500000000000028, 0.9399999999999997247, 3.108792087519461678 ) ) ;
#6704 = AXIS2_PLACEMENT_3D ( 'NONE', #4845, #3535, #1502 ) ;
#6705 = ORIENTED_EDGE ( 'NONE', *, *, #8169, .F. ) ;
#6706 = ADVANCED_FACE ( 'NONE', ( #573 ), #1436, .F. ) ;
#6707 = CIRCLE ( 'NONE', #7569, 0.2799999999999999711 ) ;
#6708 = DIRECTION ( 'NONE',  ( 1.000000000000000000, 0.000000000000000000, 0.000000000000000000 ) ) ;
#6709 = AXIS2_PLACEMENT_3D ( 'NONE', #2938, #4264, #4330 ) ;
#6710 = ORIENTED_EDGE ( 'NONE', *, *, #412, .F. ) ;
#6711 = CARTESIAN_POINT ( 'NONE',  ( 4.324500000000000455, 0.7125687761248744589, 3.592443814627477305 ) ) ;
#6712 = ORIENTED_EDGE ( 'NONE', *, *, #8171, .F. ) ;
#6713 = FACE_OUTER_BOUND ( 'NONE', #4706, .T. ) ;
#6714 = DIRECTION ( 'NONE',  ( 1.000000000000000000, -0.000000000000000000, -0.000000000000000000 ) ) ;
#6715 = CARTESIAN_POINT ( 'NONE',  ( 2.824500000000000011, 0.7523999999999998467, 3.522613783243200292 ) ) ;
#6716 = CARTESIAN_POINT ( 'NONE',  ( 3.824500000000000011, 1.119999999999999885, 0.000000000000000000 ) ) ;
#6717 = LINE ( 'NONE', #6814, #6162 ) ;
#6718 = EDGE_LOOP ( 'NONE', ( #8978, #2958, #5664, #5618 ) ) ;
#6719 = ADVANCED_FACE ( 'NONE', ( #3824 ), #6306, .F. ) ;
#6720 = EDGE_CURVE ( 'NONE', #1965, #3989, #352, .T. ) ;
#6721 = AXIS2_PLACEMENT_3D ( 'NONE', #8734, #6723, #3886 ) ;
#6722 = CARTESIAN_POINT ( 'NONE',  ( 4.594500000000000028, 0.6749881066967827747, -0.9500000000000002887 ) ) ;
#6723 = DIRECTION ( 'NONE',  ( 1.000000000000000000, -0.000000000000000000, -0.000000000000000000 ) ) ;
#6724 = VERTEX_POINT ( 'NONE', #8504 ) ;
#6725 = ORIENTED_EDGE ( 'NONE', *, *, #7494, .F. ) ;
#6726 = EDGE_LOOP ( 'NONE', ( #8488, #635, #6493, #3129 ) ) ;
#6727 = VECTOR ( 'NONE', #6215, 1000.000000000000227 ) ;
#6728 = DIRECTION ( 'NONE',  ( 1.000000000000000000, -0.000000000000000000, -0.000000000000000000 ) ) ;
#6729 = CARTESIAN_POINT ( 'NONE',  ( 4.092000000000001414, 0.5999999999999998668, 0.5544999999999998819 ) ) ;
#6730 = ORIENTED_EDGE ( 'NONE', *, *, #1793, .T. ) ;
#6731 = PLANE ( 'NONE',  #6045 ) ;
#6732 = EDGE_CURVE ( 'NONE', #2389, #7077, #1981, .T. ) ;
#6733 = VERTEX_POINT ( 'NONE', #2098 ) ;
#6734 = DIRECTION ( 'NONE',  ( 0.000000000000000000, -1.000000000000000000, 0.000000000000000000 ) ) ;
#6735 = VECTOR ( 'NONE', #2424, 1000.000000000000000 ) ;
#6736 = AXIS2_PLACEMENT_3D ( 'NONE', #6959, #3477, #7060 ) ;
#6737 = VECTOR ( 'NONE', #2285, 1000.000000000000227 ) ;
#6738 = DIRECTION ( 'NONE',  ( 0.000000000000000000, 1.000000000000000000, 0.000000000000000000 ) ) ;
#6739 = ORIENTED_EDGE ( 'NONE', *, *, #8340, .F. ) ;
#6740 = EDGE_CURVE ( 'NONE', #53, #607, #3391, .T. ) ;
#6741 = DIRECTION ( 'NONE',  ( 0.000000000000000000, -1.000000000000000000, 0.000000000000000000 ) ) ;
#6742 = EDGE_CURVE ( 'NONE', #6400, #4749, #5884, .T. ) ;
#6743 = CYLINDRICAL_SURFACE ( 'NONE', #4886, 0.09999999999999995004 ) ;
#6744 = LINE ( 'NONE', #7345, #7528 ) ;
#6745 = DIRECTION ( 'NONE',  ( 0.000000000000000000, -0.5962096566170164147, 0.8028287771104244408 ) ) ;
#6746 = DIRECTION ( 'NONE',  ( 1.000000000000000000, -0.000000000000000000, -0.000000000000000000 ) ) ;
#6747 = CARTESIAN_POINT ( 'NONE',  ( 4.094500000000000028, 0.8996209656617012440, 3.189074965230504599 ) ) ;
#6748 = VECTOR ( 'NONE', #8827, 1000.000000000000000 ) ;
#6749 = ADVANCED_FACE ( 'NONE', ( #1447 ), #4034, .T. ) ;
#6750 = ORIENTED_EDGE ( 'NONE', *, *, #8219, .F. ) ;
#6751 = CARTESIAN_POINT ( 'NONE',  ( 3.824500000000000011, 0.7523999999999998467, 3.522613783243200292 ) ) ;
#6752 = FACE_OUTER_BOUND ( 'NONE', #4419, .T. ) ;
#6753 = ORIENTED_EDGE ( 'NONE', *, *, #2122, .F. ) ;
#6754 = VECTOR ( 'NONE', #2565, 1000.000000000000000 ) ;
#6755 = CARTESIAN_POINT ( 'NONE',  ( 1.094500000000000028, 0.8996209656617012440, 3.189074965230504599 ) ) ;
#6756 = ORIENTED_EDGE ( 'NONE', *, *, #8984, .F. ) ;
#6757 = STYLED_ITEM ( 'NONE', ( #5005 ), #2402 ) ;
#6758 = CARTESIAN_POINT ( 'NONE',  ( 3.324500000000000011, 1.119999999999999885, 3.000000000000000000 ) ) ;
#6759 = AXIS2_PLACEMENT_3D ( 'NONE', #5441, #1237, #2606 ) ;
#6760 = CIRCLE ( 'NONE', #3243, 0.09999999999999993616 ) ;
#6761 = ADVANCED_FACE ( 'NONE', ( #6876 ), #5795, .F. ) ;
#6762 = ORIENTED_EDGE ( 'NONE', *, *, #3708, .T. ) ;
#6763 = CIRCLE ( 'NONE', #8500, 0.2799999999999998601 ) ;
#6764 = LINE ( 'NONE', #5957, #785 ) ;
#6765 = PLANE ( 'NONE',  #205 ) ;
#6766 = LINE ( 'NONE', #7123, #5334 ) ;
#6767 = LINE ( 'NONE', #5705, #1317 ) ;
#6768 = CARTESIAN_POINT ( 'NONE',  ( 0.9470000000000003970, 0.6500000000000000222, 2.205499999999999794 ) ) ;
#6769 = CIRCLE ( 'NONE', #7982, 0.2799999999999998601 ) ;
#6770 = DIRECTION ( 'NONE',  ( 1.000000000000000000, -0.000000000000000000, -0.000000000000000000 ) ) ;
#6771 = EDGE_CURVE ( 'NONE', #3763, #7156, #902, .T. ) ;
#6772 = CARTESIAN_POINT ( 'NONE',  ( 1.324500000000000233, 0.8399999999999998579, 3.108792087519462122 ) ) ;
#6773 = MECHANICAL_DESIGN_GEOMETRIC_PRESENTATION_REPRESENTATION (  '', ( #6437 ), #1483 ) ;
#6774 = CARTESIAN_POINT ( 'NONE',  ( 4.094500000000000028, 0.5335548349585852446, -0.5736286912392993820 ) ) ;
#6775 = CARTESIAN_POINT ( 'NONE',  ( 1.824500000000000233, 1.119999999999999885, 0.000000000000000000 ) ) ;
#6776 = CARTESIAN_POINT ( 'NONE',  ( 4.492000000000000881, 0.5999999999999999778, 2.205500000000000238 ) ) ;
#6777 = DIRECTION ( 'NONE',  ( -1.000000000000000000, -0.000000000000000000, -0.000000000000000000 ) ) ;
#6778 = LINE ( 'NONE', #7611, #7013 ) ;
#6779 = FACE_OUTER_BOUND ( 'NONE', #5840, .T. ) ;
#6780 = ORIENTED_EDGE ( 'NONE', *, *, #1724, .T. ) ;
#6781 = DIRECTION ( 'NONE',  ( -0.000000000000000000, 0.9729913731149246736, 0.2308414777372849447 ) ) ;
#6782 = ORIENTED_EDGE ( 'NONE', *, *, #2009, .F. ) ;
#6783 = EDGE_CURVE ( 'NONE', #6180, #9033, #5011, .T. ) ;
#6784 = CARTESIAN_POINT ( 'NONE',  ( 2.324500000000000011, 0.6749881066967827747, 3.950000000000000178 ) ) ;
#6785 = CARTESIAN_POINT ( 'NONE',  ( 2.094500000000000028, 0.7125687761248744589, -0.5924438146274771944 ) ) ;
#6786 = CARTESIAN_POINT ( 'NONE',  ( 2.594500000000000028, 0.5335548349585852446, -0.5736286912392993820 ) ) ;
#6787 = AXIS2_PLACEMENT_3D ( 'NONE', #4932, #6300, #4158 ) ;
#6788 = FACE_OUTER_BOUND ( 'NONE', #3296, .T. ) ;
#6789 = EDGE_LOOP ( 'NONE', ( #3663, #4509, #1849, #3223 ) ) ;
#6790 = ORIENTED_EDGE ( 'NONE', *, *, #45, .F. ) ;
#6791 = EDGE_CURVE ( 'NONE', #8102, #7041, #4368, .T. ) ;
#6792 = EDGE_CURVE ( 'NONE', #4088, #3549, #2520, .T. ) ;
#6793 = ADVANCED_FACE ( 'NONE', ( #3284 ), #5737, .T. ) ;
#6794 = EDGE_CURVE ( 'NONE', #6932, #3057, #1765, .T. ) ;
#6795 = ORIENTED_EDGE ( 'NONE', *, *, #5797, .F. ) ;
#6796 = CARTESIAN_POINT ( 'NONE',  ( 2.324500000000000011, 0.9399999999999998357, 0.000000000000000000 ) ) ;
#6797 = CARTESIAN_POINT ( 'NONE',  ( 2.824500000000000011, 0.7125687761248744589, 3.592443814627477305 ) ) ;
#6798 = FACE_OUTER_BOUND ( 'NONE', #1831, .T. ) ;
#6799 = UNCERTAINTY_MEASURE_WITH_UNIT (LENGTH_MEASURE( 1.000000000000000082E-05 ), #55, 'distance_accuracy_value', 'NONE');
#6800 = VERTEX_POINT ( 'NONE', #7908 ) ;
#6801 = AXIS2_PLACEMENT_3D ( 'NONE', #8486, #6385, #7093 ) ;
#6802 = CARTESIAN_POINT ( 'NONE',  ( 3.094500000000000028, 0.8399999999999998579, -0.1087920875194620801 ) ) ;
#6803 = CARTESIAN_POINT ( 'NONE',  ( 2.824500000000000011, 0.8996209656617012440, 3.189074965230504599 ) ) ;
#6804 = SURFACE_STYLE_USAGE ( .BOTH. , #5380 ) ;
#6805 = ORIENTED_EDGE ( 'NONE', *, *, #3412, .F. ) ;
#6806 = CARTESIAN_POINT ( 'NONE',  ( 4.594500000000000028, 0.6450822618089369076, 3.378104603363324188 ) ) ;
#6807 = ORIENTED_EDGE ( 'NONE', *, *, #8848, .F. ) ;
#6808 = EDGE_LOOP ( 'NONE', ( #8259, #1935, #6427, #6994 ) ) ;
#6809 = ADVANCED_FACE ( 'NONE', ( #8662 ), #5063, .F. ) ;
#6810 = ORIENTED_EDGE ( 'NONE', *, *, #7465, .F. ) ;
#6811 = PLANE ( 'NONE',  #668 ) ;
#6812 = EDGE_CURVE ( 'NONE', #827, #6397, #2632, .T. ) ;
#6813 = ORIENTED_EDGE ( 'NONE', *, *, #4969, .F. ) ;
#6814 = CARTESIAN_POINT ( 'NONE',  ( 3.824500000000000011, 1.119999999999999885, -0.1792604477561911547 ) ) ;
#6815 = VECTOR ( 'NONE', #8729, 1000.000000000000000 ) ;
#6816 = EDGE_LOOP ( 'NONE', ( #2450, #3035, #6827, #1175 ) ) ;
#6817 = ORIENTED_EDGE ( 'NONE', *, *, #2754, .T. ) ;
#6818 = DIRECTION ( 'NONE',  ( 1.000000000000000000, -0.000000000000000000, -0.000000000000000000 ) ) ;
#6819 = CARTESIAN_POINT ( 'NONE',  ( 3.324500000000000011, 1.119999999999999885, 0.000000000000000000 ) ) ;
#6820 = LINE ( 'NONE', #203, #7382 ) ;
#6821 = CARTESIAN_POINT ( 'NONE',  ( 1.094500000000000028, 0.8996209656617012440, -0.1890749652305044881 ) ) ;
#6822 = ORIENTED_EDGE ( 'NONE', *, *, #3537, .F. ) ;
#6823 = CARTESIAN_POINT ( 'NONE',  ( 2.594500000000000028, 0.5335548349585852446, 3.573628691239299382 ) ) ;
#6824 = ORIENTED_EDGE ( 'NONE', *, *, #8905, .T. ) ;
#6825 = CIRCLE ( 'NONE', #7105, 0.09999999999999982514 ) ;
#6826 = DIRECTION ( 'NONE',  ( 0.000000000000000000, 0.000000000000000000, 1.000000000000000000 ) ) ;
#6827 = ORIENTED_EDGE ( 'NONE', *, *, #57, .F. ) ;
#6828 = CARTESIAN_POINT ( 'NONE',  ( 3.594500000000000028, 0.8120209656617016769, 3.602896660954242769 ) ) ;
#6829 = ORIENTED_EDGE ( 'NONE', *, *, #5118, .T. ) ;
#6830 = VERTEX_POINT ( 'NONE', #6403 ) ;
#6831 = DIRECTION ( 'NONE',  ( 0.000000000000000000, 0.9593655015712708733, 0.2821663239915488952 ) ) ;
#6832 = DIRECTION ( 'NONE',  ( 1.000000000000000000, 0.000000000000000000, 0.000000000000000000 ) ) ;
#6833 = EDGE_CURVE ( 'NONE', #372, #1023, #6558, .T. ) ;
#6834 = FACE_OUTER_BOUND ( 'NONE', #8264, .T. ) ;
#6835 = CARTESIAN_POINT ( 'NONE',  ( 3.594500000000000028, 0.9399999999999998357, 3.000000000000000000 ) ) ;
#6836 = EDGE_CURVE ( 'NONE', #4848, #1358, #1220, .T. ) ;
#6837 = ORIENTED_EDGE ( 'NONE', *, *, #2874, .F. ) ;
#6838 = DIRECTION ( 'NONE',  ( 0.000000000000000000, 0.5962096566170173029, 0.8028287771104236636 ) ) ;
#6839 = CARTESIAN_POINT ( 'NONE',  ( 1.824500000000000233, 0.7125687761248744589, 3.592443814627477305 ) ) ;
#6840 = VERTEX_POINT ( 'NONE', #6516 ) ;
#6841 = EDGE_CURVE ( 'NONE', #5571, #8603, #7122, .T. ) ;
#6842 = VECTOR ( 'NONE', #4265, 1000.000000000000000 ) ;
#6843 = CARTESIAN_POINT ( 'NONE',  ( 0.7926253687315634178, 1.434926253687315967, 2.907374631268436982 ) ) ;
#6844 = DIRECTION ( 'NONE',  ( -0.000000000000000000, 0.9729913731149246736, 0.2308414777372849447 ) ) ;
#6845 = VECTOR ( 'NONE', #81, 1000.000000000000227 ) ;
#6846 = PRESENTATION_LAYER_ASSIGNMENT (  '', '', ( #5897 ) ) ;
#6847 = DIRECTION ( 'NONE',  ( 0.000000000000000000, 0.5962096566170173029, 0.8028287771104236636 ) ) ;
#6848 = ORIENTED_EDGE ( 'NONE', *, *, #5843, .F. ) ;
#6849 =( NAMED_UNIT ( * ) PLANE_ANGLE_UNIT ( ) SI_UNIT ( $, .RADIAN. ) );
#6850 = DIRECTION ( 'NONE',  ( 1.000000000000000000, 0.000000000000000000, 0.000000000000000000 ) ) ;
#6851 = EDGE_CURVE ( 'NONE', #3336, #3590, #804, .T. ) ;
#6852 = CARTESIAN_POINT ( 'NONE',  ( 3.594500000000000028, 1.119999999999999885, 3.179260447756191432 ) ) ;
#6853 = VECTOR ( 'NONE', #8225, 1000.000000000000000 ) ;
#6854 = EDGE_CURVE ( 'NONE', #1749, #7457, #6767, .T. ) ;
#6855 = PLANE ( 'NONE',  #2115 ) ;
#6856 = ADVANCED_FACE ( 'NONE', ( #683 ), #2417, .F. ) ;
#6857 = ORIENTED_EDGE ( 'NONE', *, *, #8651, .T. ) ;
#6858 = AXIS2_PLACEMENT_3D ( 'NONE', #1208, #8947, #2578 ) ;
#6859 = VECTOR ( 'NONE', #5512, 1000.000000000000114 ) ;
#6860 = DIRECTION ( 'NONE',  ( 0.000000000000000000, 0.000000000000000000, 1.000000000000000000 ) ) ;
#6861 = LINE ( 'NONE', #6415, #3046 ) ;
#6862 = ORIENTED_EDGE ( 'NONE', *, *, #5892, .F. ) ;
#6863 = ORIENTED_EDGE ( 'NONE', *, *, #3394, .F. ) ;
#6864 = DIRECTION ( 'NONE',  ( -1.000000000000000000, 0.000000000000000000, 0.000000000000000000 ) ) ;
#6865 = LINE ( 'NONE', #3499, #4998 ) ;
#6866 = DIRECTION ( 'NONE',  ( 1.000000000000000000, -0.000000000000000000, -0.000000000000000000 ) ) ;
#6867 = DIRECTION ( 'NONE',  ( 0.000000000000000000, -0.8028287771104236636, -0.5962096566170171918 ) ) ;
#6868 = CIRCLE ( 'NONE', #1554, 0.2799999999999998601 ) ;
#6869 = ORIENTED_EDGE ( 'NONE', *, *, #5202, .F. ) ;
#6870 = CARTESIAN_POINT ( 'NONE',  ( 2.324500000000000011, 0.7523999999999998467, -0.5226137832432001806 ) ) ;
#6871 = LINE ( 'NONE', #2155, #1973 ) ;
#6872 = PLANE ( 'NONE',  #7370 ) ;
#6873 = ORIENTED_EDGE ( 'NONE', *, *, #7019, .T. ) ;
#6874 = LINE ( 'NONE', #6982, #1541 ) ;
#6875 = DIRECTION ( 'NONE',  ( 0.000000000000000000, 0.000000000000000000, -1.000000000000000000 ) ) ;
#6877 = DIRECTION ( 'NONE',  ( 0.000000000000000000, -1.000000000000000000, 0.000000000000000000 ) ) ;
#6876 = FACE_OUTER_BOUND ( 'NONE', #5928, .T. ) ;
#6878 = CARTESIAN_POINT ( 'NONE',  ( 2.594500000000000028, 0.6749881066967827747, -0.9500000000000002887 ) ) ;
#6879 = FACE_OUTER_BOUND ( 'NONE', #2602, .T. ) ;
#6880 = FACE_OUTER_BOUND ( 'NONE', #9071, .T. ) ;
#6881 = CARTESIAN_POINT ( 'NONE',  ( 1.594500000000000028, 0.8996209656617012440, -0.1890749652305044881 ) ) ;
#6882 = DIRECTION ( 'NONE',  ( 0.000000000000000000, 0.000000000000000000, -1.000000000000000000 ) ) ;
#6883 = LINE ( 'NONE', #6983, #5678 ) ;
#6884 = CARTESIAN_POINT ( 'NONE',  ( 2.324500000000000011, 0.4984000000000007313, -0.9081046033633235481 ) ) ;
#6885 = CARTESIAN_POINT ( 'NONE',  ( 0.9470000000000003970, 0.5999999999999999778, 0.7944999999999992069 ) ) ;
#6886 = VECTOR ( 'NONE', #6106, 1000.000000000000000 ) ;
#6887 = CIRCLE ( 'NONE', #3626, 0.1199999999999998845 ) ;
#6888 = FACE_OUTER_BOUND ( 'NONE', #6552, .T. ) ;
#6889 = DIRECTION ( 'NONE',  ( -0.000000000000000000, -0.000000000000000000, 1.000000000000000000 ) ) ;
#6890 = ORIENTED_EDGE ( 'NONE', *, *, #1727, .F. ) ;
#6891 = CARTESIAN_POINT ( 'NONE',  ( 4.094500000000000028, 0.7125687761248744589, 3.592443814627477305 ) ) ;
#6892 = AXIS2_PLACEMENT_3D ( 'NONE', #2610, #526, #5386 ) ;
#6893 = ORIENTED_EDGE ( 'NONE', *, *, #412, .T. ) ;
#6894 = DIRECTION ( 'NONE',  ( 0.000000000000000000, 0.000000000000000000, 1.000000000000000000 ) ) ;
#6895 = VECTOR ( 'NONE', #8195, 1000.000000000000000 ) ;
#6896 = AXIS2_PLACEMENT_3D ( 'NONE', #4097, #6950, #4162 ) ;
#6897 = CARTESIAN_POINT ( 'NONE',  ( 4.142000000000000348, 0.5999999999999999778, 2.205499999999999794 ) ) ;
#6898 = AXIS2_PLACEMENT_3D ( 'NONE', #8300, #3368, #9048 ) ;
#6899 = VERTEX_POINT ( 'NONE', #8790 ) ;
#6900 = FILL_AREA_STYLE_COLOUR ( '', #3064 ) ;
#6901 = VERTEX_POINT ( 'NONE', #7309 ) ;
#6902 = ADVANCED_FACE ( 'NONE', ( #4896 ), #8731, .F. ) ;
#6903 = CARTESIAN_POINT ( 'NONE',  ( 4.094500000000000028, 1.071938878923327065, 3.285312666603656062 ) ) ;
#6904 = PLANE ( 'NONE',  #93 ) ;
#6905 = CARTESIAN_POINT ( 'NONE',  ( 1.324500000000000233, 1.119999999999999885, 0.000000000000000000 ) ) ;
#6906 = CARTESIAN_POINT ( 'NONE',  ( 0.8149647589960815619, 1.439999999999999947, 3.000000000000000000 ) ) ;
#6907 = ORIENTED_EDGE ( 'NONE', *, *, #8680, .F. ) ;
#6908 = FACE_OUTER_BOUND ( 'NONE', #4190, .T. ) ;
#6909 = VERTEX_POINT ( 'NONE', #2434 ) ;
#6910 = EDGE_CURVE ( 'NONE', #6840, #8550, #6652, .T. ) ;
#6911 = DIRECTION ( 'NONE',  ( 1.000000000000000000, -0.000000000000000000, -0.000000000000000000 ) ) ;
#6912 = DIRECTION ( 'NONE',  ( 0.000000000000000000, -1.000000000000000000, 0.000000000000000000 ) ) ;
#6913 = DIRECTION ( 'NONE',  ( 0.000000000000000000, 0.1045284632676540260, 0.9945218953682732899 ) ) ;
#6914 = CARTESIAN_POINT ( 'NONE',  ( 4.092000000000001414, 0.5999999999999999778, 2.325499999999999012 ) ) ;
#6915 = AXIS2_PLACEMENT_3D ( 'NONE', #5015, #4386, #7803 ) ;
#6916 = ORIENTED_EDGE ( 'NONE', *, *, #5313, .F. ) ;
#6917 = ORIENTED_EDGE ( 'NONE', *, *, #4497, .F. ) ;
#6918 = CARTESIAN_POINT ( 'NONE',  ( 0.8245000000000001217, 1.119999999999999885, 3.179260447756191432 ) ) ;
#6919 = EDGE_LOOP ( 'NONE', ( #4355, #541, #6829, #1057 ) ) ;
#6920 = CARTESIAN_POINT ( 'NONE',  ( 0.8245000000000001217, 0.7125687761248743479, 3.592443814627477305 ) ) ;
#6921 = DIRECTION ( 'NONE',  ( 1.000000000000000000, -0.000000000000000000, -0.000000000000000000 ) ) ;
#6922 = EDGE_CURVE ( 'NONE', #190, #6502, #5989, .T. ) ;
#6923 = EDGE_CURVE ( 'NONE', #3456, #2583, #4779, .T. ) ;
#6924 = ORIENTED_EDGE ( 'NONE', *, *, #7877, .F. ) ;
#6925 =( NAMED_UNIT ( * ) SI_UNIT ( $, .STERADIAN. ) SOLID_ANGLE_UNIT ( ) );
#6926 = FACE_OUTER_BOUND ( 'NONE', #1393, .T. ) ;
#6927 = EDGE_LOOP ( 'NONE', ( #4996, #3325, #4564, #3952 ) ) ;
#6928 = ORIENTED_EDGE ( 'NONE', *, *, #7445, .F. ) ;
#6929 = ORIENTED_EDGE ( 'NONE', *, *, #6551, .T. ) ;
#6930 = ORIENTED_EDGE ( 'NONE', *, *, #8537, .T. ) ;
#6931 = CARTESIAN_POINT ( 'NONE',  ( 2.594500000000000028, 0.4984000000000007313, -0.9081046033633235481 ) ) ;
#6932 = VERTEX_POINT ( 'NONE', #5233 ) ;
#6933 = DIRECTION ( 'NONE',  ( 0.000000000000000000, 0.9945218953682735119, -0.1045284632676515141 ) ) ;
#6934 = ORIENTED_EDGE ( 'NONE', *, *, #5968, .F. ) ;
#6935 = DIRECTION ( 'NONE',  ( 1.000000000000000000, -0.000000000000000000, -0.000000000000000000 ) ) ;
#6936 = FACE_OUTER_BOUND ( 'NONE', #5346, .T. ) ;
#6937 = CARTESIAN_POINT ( 'NONE',  ( 4.324500000000000455, 0.8996209656617012440, 3.189074965230504599 ) ) ;
#6938 = ORIENTED_EDGE ( 'NONE', *, *, #7615, .T. ) ;
#6939 = VERTEX_POINT ( 'NONE', #397 ) ;
#6940 = DIRECTION ( 'NONE',  ( -0.000000000000000000, 1.000000000000000000, -0.000000000000000000 ) ) ;
#6941 = VECTOR ( 'NONE', #5617, 1000.000000000000000 ) ;
#6942 = EDGE_CURVE ( 'NONE', #6981, #2573, #8446, .T. ) ;
#6943 = ADVANCED_FACE ( 'NONE', ( #1545 ), #365, .F. ) ;
#6944 = PLANE ( 'NONE',  #2254 ) ;
#6945 = AXIS2_PLACEMENT_3D ( 'NONE', #4072, #4709, #2623 ) ;
#6946 = LINE ( 'NONE', #4295, #5844 ) ;
#6947 = CARTESIAN_POINT ( 'NONE',  ( 1.324500000000000233, 0.7125687761248743479, -0.5924438146274771944 ) ) ;
#6948 = CARTESIAN_POINT ( 'NONE',  ( 1.094500000000000028, 0.8120209656617016769, -0.6028966609542426580 ) ) ;
#6949 = VERTEX_POINT ( 'NONE', #5263 ) ;
#6950 = DIRECTION ( 'NONE',  ( 0.000000000000000000, 0.2308414777372849447, -0.9729913731149246736 ) ) ;
#6951 = ORIENTED_EDGE ( 'NONE', *, *, #7880, .F. ) ;
#6952 = CARTESIAN_POINT ( 'NONE',  ( 0.8245000000000001217, 0.8120209656617016769, 3.602896660954242769 ) ) ;
#6953 = ORIENTED_EDGE ( 'NONE', *, *, #4471, .T. ) ;
#6954 = CARTESIAN_POINT ( 'NONE',  ( 4.594500000000000028, 0.8120209656617016769, -0.6028966609542426580 ) ) ;
#6955 = ADVANCED_FACE ( 'NONE', ( #3071 ), #252, .T. ) ;
#6956 = DIRECTION ( 'NONE',  ( 1.000000000000000000, 0.000000000000000000, 0.000000000000000000 ) ) ;
#6957 = CYLINDRICAL_SURFACE ( 'NONE', #8279, 0.09999999999999995004 ) ;
#6958 = DIRECTION ( 'NONE',  ( 0.000000000000000000, 0.000000000000000000, -1.000000000000000000 ) ) ;
#6959 = CARTESIAN_POINT ( 'NONE',  ( 5.719500000000000917, 0.9399999999999998357, 3.000000000000000000 ) ) ;
#6960 = SURFACE_SIDE_STYLE ('',( #5739 ) ) ;
#6961 = EDGE_CURVE ( 'NONE', #7702, #5718, #6216, .T. ) ;
#6962 = ORIENTED_EDGE ( 'NONE', *, *, #6202, .T. ) ;
#6963 = CARTESIAN_POINT ( 'NONE',  ( 3.824500000000000011, 1.000393720129284736, -0.1889732133504053169 ) ) ;
#6964 = CARTESIAN_POINT ( 'NONE',  ( 4.324500000000000455, 1.119999999999999885, 3.000000000000000000 ) ) ;
#6965 = LINE ( 'NONE', #3124, #5629 ) ;
#6966 = EDGE_CURVE ( 'NONE', #18, #8361, #6336, .T. ) ;
#6967 = DIRECTION ( 'NONE',  ( 1.000000000000000000, -0.000000000000000000, 2.710505431213760099E-16 ) ) ;
#6968 = VECTOR ( 'NONE', #1443, 1000.000000000000000 ) ;
#6969 = EDGE_CURVE ( 'NONE', #309, #1518, #1758, .T. ) ;
#6970 = ORIENTED_EDGE ( 'NONE', *, *, #8048, .T. ) ;
#6971 =( NAMED_UNIT ( * ) SI_UNIT ( $, .STERADIAN. ) SOLID_ANGLE_UNIT ( ) );
#6972 = LINE ( 'NONE', #8316, #2137 ) ;
#6973 = AXIS2_PLACEMENT_3D ( 'NONE', #4436, #5145, #3039 ) ;
#6974 = COLOUR_RGB ( '',0.8941176470588234615, 0.9137254901960784048, 0.9294117647058823817 ) ;
#6975 = EDGE_LOOP ( 'NONE', ( #5528, #3441, #518, #2947 ) ) ;
#6976 = CARTESIAN_POINT ( 'NONE',  ( 0.9470000000000003970, 0.6500000000000000222, 2.205499999999999794 ) ) ;
#6977 = DIRECTION ( 'NONE',  ( -1.000000000000000000, 0.000000000000000000, 0.000000000000000000 ) ) ;
#6978 = EDGE_CURVE ( 'NONE', #5375, #2446, #5429, .T. ) ;
#6979 = LINE ( 'NONE', #8437, #7209 ) ;
#6980 = EDGE_CURVE ( 'NONE', #8492, #309, #7777, .T. ) ;
#6981 = VERTEX_POINT ( 'NONE', #4487 ) ;
#6982 = CARTESIAN_POINT ( 'NONE',  ( 2.824500000000000011, 0.9399999999999998357, 3.000000000000000000 ) ) ;
#6983 = CARTESIAN_POINT ( 'NONE',  ( 4.092000000000001414, 0.6500000000000000222, 2.325499999999999012 ) ) ;
#6984 = ORIENTED_EDGE ( 'NONE', *, *, #435, .F. ) ;
#6985 = PLANE ( 'NONE',  #1594 ) ;
#6986 = LINE ( 'NONE', #3323, #7543 ) ;
#6987 =( GEOMETRIC_REPRESENTATION_CONTEXT ( 3 ) GLOBAL_UNCERTAINTY_ASSIGNED_CONTEXT ( ( #1394 ) ) GLOBAL_UNIT_ASSIGNED_CONTEXT ( ( #8975, #4924, #1457 ) ) REPRESENTATION_CONTEXT ( 'NONE', 'WORKASPACE' ) );
#6988 = VERTEX_POINT ( 'NONE', #7253 ) ;
#6989 = CARTESIAN_POINT ( 'NONE',  ( 3.324500000000000011, 1.071938878923327065, 3.285312666603656062 ) ) ;
#6990 = DIRECTION ( 'NONE',  ( 0.000000000000000000, 1.000000000000000000, 0.000000000000000000 ) ) ;
#6991 = CARTESIAN_POINT ( 'NONE',  ( 3.324500000000000011, 1.071938878923327065, -0.2853126666036561732 ) ) ;
#6992 = LINE ( 'NONE', #4689, #792 ) ;
#6993 = DIRECTION ( 'NONE',  ( 1.239088197126289289E-15, -3.499406395481817043E-32, 1.000000000000000000 ) ) ;
#6994 = ORIENTED_EDGE ( 'NONE', *, *, #4894, .T. ) ;
#6995 = VECTOR ( 'NONE', #7443, 1000.000000000000000 ) ;
#6996 = EDGE_CURVE ( 'NONE', #2260, #4496, #4023, .T. ) ;
#6997 = CARTESIAN_POINT ( 'NONE',  ( 2.324500000000000011, 0.7125687761248744589, -0.5924438146274771944 ) ) ;
#6998 = CARTESIAN_POINT ( 'NONE',  ( 1.324500000000000233, 0.6749881066967827747, 3.950000000000000178 ) ) ;
#6999 = ADVANCED_FACE ( 'NONE', ( #5874 ), #311, .F. ) ;
#7000 = FACE_OUTER_BOUND ( 'NONE', #4329, .T. ) ;
#7001 = DIRECTION ( 'NONE',  ( 1.000000000000000000, -0.000000000000000000, -0.000000000000000000 ) ) ;
#7002 = CARTESIAN_POINT ( 'NONE',  ( 2.094500000000000028, 0.6749881066967827747, -0.9500000000000002887 ) ) ;
#7003 = LINE ( 'NONE', #6729, #4154 ) ;
#7004 = LINE ( 'NONE', #7859, #7893 ) ;
#7005 = CYLINDRICAL_SURFACE ( 'NONE', #3272, 0.2799999999999999711 ) ;
#7006 = DIRECTION ( 'NONE',  ( 0.000000000000000000, 0.000000000000000000, -1.000000000000000000 ) ) ;
#7007 = DIRECTION ( 'NONE',  ( 0.000000000000000000, 0.000000000000000000, -1.000000000000000000 ) ) ;
#7008 = DIRECTION ( 'NONE',  ( -0.000000000000000000, 0.9729913731149246736, 0.2308414777372849447 ) ) ;
#7009 = CARTESIAN_POINT ( 'NONE',  ( 2.324500000000000011, 0.7125687761248744589, -0.5924438146274771944 ) ) ;
#7010 = CARTESIAN_POINT ( 'NONE',  ( 1.824500000000000233, 1.119999999999999885, 3.000000000000000000 ) ) ;
#7011 = FACE_OUTER_BOUND ( 'NONE', #3810, .T. ) ;
#7012 = AXIS2_PLACEMENT_3D ( 'NONE', #1622, #2439, #7231 ) ;
#7013 = VECTOR ( 'NONE', #4712, 1000.000000000000000 ) ;
#7014 = DIRECTION ( 'NONE',  ( 0.000000000000000000, -1.000000000000000000, 0.000000000000000000 ) ) ;
#7015 = LINE ( 'NONE', #167, #6359 ) ;
#7016 = ORIENTED_EDGE ( 'NONE', *, *, #766, .F. ) ;
#7017 = EDGE_CURVE ( 'NONE', #1182, #3009, #138, .T. ) ;
#7018 = EDGE_LOOP ( 'NONE', ( #1989, #1176, #3947, #639 ) ) ;
#7019 = EDGE_CURVE ( 'NONE', #5311, #4527, #2409, .T. ) ;
#7020 = PLANE ( 'NONE',  #3765 ) ;
#7021 = DIRECTION ( 'NONE',  ( 1.000000000000000000, 0.000000000000000000, 0.000000000000000000 ) ) ;
#7022 = CARTESIAN_POINT ( 'NONE',  ( 0.7957774489646560756, 0.6143566735201689832, 2.904222551035344324 ) ) ;
#7023 = VECTOR ( 'NONE', #487, 1000.000000000000000 ) ;
#7024 = ORIENTED_EDGE ( 'NONE', *, *, #4454, .T. ) ;
#7025 = CARTESIAN_POINT ( 'NONE',  ( 1.324500000000000233, 0.9399999999999997247, -0.1087920875194616499 ) ) ;
#7026 = ORIENTED_EDGE ( 'NONE', *, *, #171, .T. ) ;
#7028 = EDGE_CURVE ( 'NONE', #6724, #2573, #27, .T. ) ;
#7027 = CARTESIAN_POINT ( 'NONE',  ( 4.739000000000000767, 0.9399999999999998357, 3.000000000000000000 ) ) ;
#7029 = AXIS2_PLACEMENT_3D ( 'NONE', #8953, #6777, #8922 ) ;
#7030 = AXIS2_PLACEMENT_3D ( 'NONE', #578, #8914, #547 ) ;
#7031 = DIRECTION ( 'NONE',  ( -1.000000000000000000, 0.000000000000000000, 0.000000000000000000 ) ) ;
#7032 = ORIENTED_EDGE ( 'NONE', *, *, #4782, .F. ) ;
#7033 = VECTOR ( 'NONE', #7198, 1000.000000000000000 ) ;
#7034 = ORIENTED_EDGE ( 'NONE', *, *, #4853, .T. ) ;
#7035 = CARTESIAN_POINT ( 'NONE',  ( 1.300000000000000266, 1.409999999999999920, 2.400000000000000799 ) ) ;
#7036 = DIRECTION ( 'NONE',  ( 0.000000000000000000, 0.000000000000000000, -1.000000000000000000 ) ) ;
#7037 = EDGE_CURVE ( 'NONE', #5754, #5474, #6097, .T. ) ;
#7038 = ADVANCED_FACE ( 'NONE', ( #3270 ), #8654, .F. ) ;
#7039 = CARTESIAN_POINT ( 'NONE',  ( 4.142000000000000348, 0.6499999999999999112, 2.205499999999999794 ) ) ;
#7040 = EDGE_LOOP ( 'NONE', ( #6813, #7738, #6396, #31 ) ) ;
#7041 = VERTEX_POINT ( 'NONE', #457 ) ;
#7042 = EDGE_CURVE ( 'NONE', #4385, #7778, #2622, .T. ) ;
#7043 = VERTEX_POINT ( 'NONE', #3986 ) ;
#7044 = CARTESIAN_POINT ( 'NONE',  ( 1.300000000000000266, 1.459999999999999964, 2.400000000000000799 ) ) ;
#7045 = ORIENTED_EDGE ( 'NONE', *, *, #8417, .F. ) ;
#7046 = CARTESIAN_POINT ( 'NONE',  ( 1.324500000000000233, 0.8996209656617012440, 3.189074965230504599 ) ) ;
#7047 = VERTEX_POINT ( 'NONE', #7522 ) ;
#7048 = AXIS2_PLACEMENT_3D ( 'NONE', #1894, #7469, #8166 ) ;
#7049 = EDGE_LOOP ( 'NONE', ( #8268, #7795, #2432, #2455 ) ) ;
#7050 = DIRECTION ( 'NONE',  ( 0.000000000000000000, 0.9729913731149246736, -0.2308414777372849447 ) ) ;
#7051 = VECTOR ( 'NONE', #170, 1000.000000000000000 ) ;
#7052 = DIRECTION ( 'NONE',  ( -0.000000000000000000, 0.8028287771104243298, -0.5962096566170164147 ) ) ;
#7053 = ORIENTED_EDGE ( 'NONE', *, *, #5255, .T. ) ;
#7054 = ADVANCED_FACE ( 'NONE', ( #5319 ), #6002, .F. ) ;
#7055 = DIRECTION ( 'NONE',  ( -1.000000000000000000, 0.000000000000000000, 0.000000000000000000 ) ) ;
#7056 = VERTEX_POINT ( 'NONE', #1155 ) ;
#7057 = CARTESIAN_POINT ( 'NONE',  ( 4.092000000000001414, 0.5999999999999998668, 0.6745000000000010987 ) ) ;
#7058 = EDGE_CURVE ( 'NONE', #2691, #4486, #6992, .T. ) ;
#7059 = ORIENTED_EDGE ( 'NONE', *, *, #6969, .F. ) ;
#7060 = DIRECTION ( 'NONE',  ( 0.000000000000000000, -0.9593655015712706513, -0.2821663239915497279 ) ) ;
#7061 = CARTESIAN_POINT ( 'NONE',  ( 1.594500000000000028, 1.071938878923327065, 3.285312666603656062 ) ) ;
#7062 = DIRECTION ( 'NONE',  ( -1.000000000000000000, -0.000000000000000000, -0.000000000000000000 ) ) ;
#7063 = ORIENTED_EDGE ( 'NONE', *, *, #1539, .T. ) ;
#7064 = CYLINDRICAL_SURFACE ( 'NONE', #7624, 0.09999999999999993616 ) ;
#7065 = CARTESIAN_POINT ( 'NONE',  ( 1.094500000000000028, 1.119999999999999885, 3.179260447756191432 ) ) ;
#7066 = VERTEX_POINT ( 'NONE', #7459 ) ;
#7067 = DIRECTION ( 'NONE',  ( 0.000000000000000000, 0.000000000000000000, -1.000000000000000000 ) ) ;
#7068 = EDGE_LOOP ( 'NONE', ( #4916, #9002, #3852, #7361 ) ) ;
#7069 = DIRECTION ( 'NONE',  ( -0.000000000000000000, 0.1045284632676540260, -0.9945218953682732899 ) ) ;
#7070 = CARTESIAN_POINT ( 'NONE',  ( 0.7957774489646559646, 1.445643326479830515, 0.09577744896465567592 ) ) ;
#7071 = VERTEX_POINT ( 'NONE', #3903 ) ;
#7072 = LINE ( 'NONE', #1530, #2159 ) ;
#7073 = CARTESIAN_POINT ( 'NONE',  ( 3.324500000000000011, 1.000393720129284736, 3.188973213350405178 ) ) ;
#7074 = SURFACE_SIDE_STYLE ('',( #586 ) ) ;
#7075 = CARTESIAN_POINT ( 'NONE',  ( 4.492000000000000881, 0.5999999999999998668, 2.445500000000000007 ) ) ;
#7076 = AXIS2_PLACEMENT_3D ( 'NONE', #8083, #3870, #8778 ) ;
#7077 = VERTEX_POINT ( 'NONE', #3956 ) ;
#7078 = ORIENTED_EDGE ( 'NONE', *, *, #8689, .T. ) ;
#7079 = AXIS2_PLACEMENT_3D ( 'NONE', #2510, #2486, #6641 ) ;
#7080 = DIRECTION ( 'NONE',  ( -0.000000000000000000, 0.8028287771104243298, -0.5962096566170164147 ) ) ;
#7081 = FACE_OUTER_BOUND ( 'NONE', #2268, .T. ) ;
#7082 = DIRECTION ( 'NONE',  ( 0.000000000000000000, -0.8028287771104236636, 0.5962096566170173029 ) ) ;
#7083 = LINE ( 'NONE', #3690, #1845 ) ;
#7084 = DIRECTION ( 'NONE',  ( 0.000000000000000000, 0.000000000000000000, -1.000000000000000000 ) ) ;
#7085 = DIRECTION ( 'NONE',  ( 1.000000000000000000, 0.000000000000000000, 0.000000000000000000 ) ) ;
#7086 = EDGE_LOOP ( 'NONE', ( #4603, #2621, #3299, #5038 ) ) ;
#7087 = DIRECTION ( 'NONE',  ( -0.000000000000000000, 0.000000000000000000, -1.000000000000000000 ) ) ;
#7088 = FACE_OUTER_BOUND ( 'NONE', #3571, .T. ) ;
#7089 = DIRECTION ( 'NONE',  ( 1.000000000000000000, 0.000000000000000000, 0.000000000000000000 ) ) ;
#7090 = DIRECTION ( 'NONE',  ( 0.000000000000000000, 0.000000000000000000, 1.000000000000000000 ) ) ;
#7091 = AXIS2_PLACEMENT_3D ( 'NONE', #2025, #4797, #8328 ) ;
#7092 = AXIS2_PLACEMENT_3D ( 'NONE', #5537, #7001, #1396 ) ;
#7093 = DIRECTION ( 'NONE',  ( 0.000000000000000000, 0.000000000000000000, 1.000000000000000000 ) ) ;
#7094 = DIRECTION ( 'NONE',  ( -0.2821663239915502275, 0.9593655015712704293, 0.000000000000000000 ) ) ;
#7095 = ORIENTED_EDGE ( 'NONE', *, *, #6622, .T. ) ;
#7096 = VECTOR ( 'NONE', #7401, 1000.000000000000000 ) ;
#7097 = DIRECTION ( 'NONE',  ( 1.000000000000000000, -0.000000000000000000, -0.000000000000000000 ) ) ;
#7098 = VECTOR ( 'NONE', #906, 1000.000000000000000 ) ;
#7099 = ADVANCED_FACE ( 'NONE', ( #3613 ), #3245, .F. ) ;
#7100 = EDGE_CURVE ( 'NONE', #8395, #5722, #8436, .T. ) ;
#7101 = ORIENTED_EDGE ( 'NONE', *, *, #8999, .T. ) ;
#7102 = CARTESIAN_POINT ( 'NONE',  ( 4.092000000000001414, 0.6499999999999999112, 2.325499999999999012 ) ) ;
#7103 = CARTESIAN_POINT ( 'NONE',  ( 1.594500000000000028, 0.8399999999999998579, 3.108792087519462122 ) ) ;
#7104 = ORIENTED_EDGE ( 'NONE', *, *, #7976, .F. ) ;
#7105 = AXIS2_PLACEMENT_3D ( 'NONE', #4922, #2178, #7067 ) ;
#7106 = DIRECTION ( 'NONE',  ( 0.000000000000000000, 1.000000000000000000, -0.000000000000000000 ) ) ;
#7107 = VECTOR ( 'NONE', #4600, 1000.000000000000000 ) ;
#7108 = DIRECTION ( 'NONE',  ( 0.000000000000000000, 0.9729913731149246736, -0.2308414777372849447 ) ) ;
#7109 = DIRECTION ( 'NONE',  ( 1.000000000000000000, 0.000000000000000000, 0.000000000000000000 ) ) ;
#7110 = PLANE ( 'NONE',  #475 ) ;
#7111 = DIRECTION ( 'NONE',  ( 0.000000000000000000, 0.9945218953682735119, 0.1045284632676515141 ) ) ;
#7112 = ORIENTED_EDGE ( 'NONE', *, *, #6497, .T. ) ;
#7113 = FACE_OUTER_BOUND ( 'NONE', #2330, .T. ) ;
#7114 = EDGE_CURVE ( 'NONE', #4160, #8161, #7319, .T. ) ;
#7115 = MANIFOLD_SOLID_BREP ( 'Mirror1[3]', #953 ) ;
#7116 = VECTOR ( 'NONE', #2138, 1000.000000000000000 ) ;
#7117 = EDGE_CURVE ( 'NONE', #2847, #74, #8977, .T. ) ;
#7118 =( LENGTH_UNIT ( ) NAMED_UNIT ( * ) SI_UNIT ( .MILLI., .METRE. ) );
#7119 = CARTESIAN_POINT ( 'NONE',  ( 3.824500000000000011, 0.7125687761248743479, 3.592443814627477305 ) ) ;
#7120 = CARTESIAN_POINT ( 'NONE',  ( 0.8245000000000001217, 0.9399999999999998357, 0.000000000000000000 ) ) ;
#7121 = PLANE ( 'NONE',  #4547 ) ;
#7122 = LINE ( 'NONE', #8622, #3175 ) ;
#7123 = CARTESIAN_POINT ( 'NONE',  ( 2.324500000000000011, 1.071938878923327065, -0.2853126666036561732 ) ) ;
#7124 = LINE ( 'NONE', #185, #154 ) ;
#7125 = CARTESIAN_POINT ( 'NONE',  ( 2.324500000000000011, 1.119999999999999885, 3.000000000000000000 ) ) ;
#7126 = FILL_AREA_STYLE ('',( #5048 ) ) ;
#7127 = VECTOR ( 'NONE', #5720, 1000.000000000000000 ) ;
#7128 = VECTOR ( 'NONE', #7008, 1000.000000000000227 ) ;
#7129 = EDGE_CURVE ( 'NONE', #5134, #2999, #2306, .T. ) ;
#7130 = CYLINDRICAL_SURFACE ( 'NONE', #76, 0.02000000000000005246 ) ;
#7131 = LINE ( 'NONE', #7057, #5229 ) ;
#7132 = ORIENTED_EDGE ( 'NONE', *, *, #8058, .T. ) ;
#7133 = DIRECTION ( 'NONE',  ( 0.000000000000000000, 0.000000000000000000, 1.000000000000000000 ) ) ;
#7134 = AXIS2_PLACEMENT_3D ( 'NONE', #7975, #1013, #7289 ) ;
#7135 = ORIENTED_EDGE ( 'NONE', *, *, #3537, .T. ) ;
#7136 = CARTESIAN_POINT ( 'NONE',  ( 2.094500000000000028, 0.8399999999999998579, 3.108792087519462122 ) ) ;
#7137 = CARTESIAN_POINT ( 'NONE',  ( 4.094500000000000028, 0.4984000000000007313, -0.9081046033633235481 ) ) ;
#7138 = CARTESIAN_POINT ( 'NONE',  ( 4.092000000000001414, 0.6499999999999999112, 0.6745000000000010987 ) ) ;
#7139 = LINE ( 'NONE', #6821, #1031 ) ;
#7140 = ORIENTED_EDGE ( 'NONE', *, *, #737, .F. ) ;
#7141 = PLANE ( 'NONE',  #2235 ) ;
#7142 = ORIENTED_EDGE ( 'NONE', *, *, #8369, .T. ) ;
#7143 = ORIENTED_EDGE ( 'NONE', *, *, #7802, .T. ) ;
#7144 = ORIENTED_EDGE ( 'NONE', *, *, #2466, .F. ) ;
#7145 = FACE_OUTER_BOUND ( 'NONE', #8518, .T. ) ;
#7146 = EDGE_CURVE ( 'NONE', #1579, #1718, #6868, .T. ) ;
#7147 = DIRECTION ( 'NONE',  ( 0.000000000000000000, 0.000000000000000000, -1.000000000000000000 ) ) ;
#7148 = ORIENTED_EDGE ( 'NONE', *, *, #3398, .F. ) ;
#7149 = ADVANCED_FACE ( 'NONE', ( #5544 ), #6067, .F. ) ;
#7150 = DIRECTION ( 'NONE',  ( 1.000000000000000000, -0.000000000000000000, -0.000000000000000000 ) ) ;
#7151 = CARTESIAN_POINT ( 'NONE',  ( 1.324500000000000233, 1.119999999999999885, 0.000000000000000000 ) ) ;
#7152 = EDGE_CURVE ( 'NONE', #9014, #5265, #1868, .T. ) ;
#7153 = DIRECTION ( 'NONE',  ( 1.000000000000000000, 0.000000000000000000, 0.000000000000000000 ) ) ;
#7154 = CARTESIAN_POINT ( 'NONE',  ( 4.646374631268437305, 1.434926253687315967, 2.907374631268436982 ) ) ;
#7155 = ORIENTED_EDGE ( 'NONE', *, *, #4040, .F. ) ;
#7156 = VERTEX_POINT ( 'NONE', #8329 ) ;
#7157 = VECTOR ( 'NONE', #4780, 1000.000000000000000 ) ;
#7158 = SURFACE_SIDE_STYLE ('',( #8304 ) ) ;
#7159 = ORIENTED_EDGE ( 'NONE', *, *, #6380, .T. ) ;
#7160 = EDGE_CURVE ( 'NONE', #4486, #53, #6760, .T. ) ;
#7161 = ORIENTED_EDGE ( 'NONE', *, *, #488, .F. ) ;
#7162 = LINE ( 'NONE', #4796, #4728 ) ;
#7163 = EDGE_LOOP ( 'NONE', ( #976, #6259, #5507, #8564 ) ) ;
#7164 = ORIENTED_EDGE ( 'NONE', *, *, #9039, .F. ) ;
#7165 = ORIENTED_EDGE ( 'NONE', *, *, #7924, .T. ) ;
#7166 = VERTEX_POINT ( 'NONE', #3365 ) ;
#7167 = EDGE_CURVE ( 'NONE', #3549, #3079, #4145, .T. ) ;
#7168 = CARTESIAN_POINT ( 'NONE',  ( 4.092000000000001414, 0.5999999999999998668, 2.445500000000000007 ) ) ;
#7169 = EDGE_LOOP ( 'NONE', ( #5726, #4137, #7016, #2569 ) ) ;
#7170 = EDGE_CURVE ( 'NONE', #2152, #8550, #5772, .T. ) ;
#7171 = CIRCLE ( 'NONE', #6787, 0.2799999999999999711 ) ;
#7172 = CARTESIAN_POINT ( 'NONE',  ( 4.324500000000000455, 0.8996209656617012440, -0.1890749652305044881 ) ) ;
#7173 = ORIENTED_EDGE ( 'NONE', *, *, #8480, .T. ) ;
#7174 = PLANE ( 'NONE',  #6252 ) ;
#7175 = ORIENTED_EDGE ( 'NONE', *, *, #2702, .F. ) ;
#7176 = AXIS2_PLACEMENT_3D ( 'NONE', #6650, #5916, #7286 ) ;
#7177 = VECTOR ( 'NONE', #2862, 1000.000000000000227 ) ;
#7178 = ORIENTED_EDGE ( 'NONE', *, *, #4745, .T. ) ;
#7179 = CARTESIAN_POINT ( 'NONE',  ( 1.324500000000000233, 0.5335548349585852446, 3.573628691239299382 ) ) ;
#7180 = DIRECTION ( 'NONE',  ( 0.000000000000000000, 0.000000000000000000, -1.000000000000000000 ) ) ;
#7181 = LINE ( 'NONE', #1508, #529 ) ;
#7182 = ORIENTED_EDGE ( 'NONE', *, *, #498, .T. ) ;
#7183 = DIRECTION ( 'NONE',  ( -1.000000000000000000, 0.000000000000000000, 0.000000000000000000 ) ) ;
#7184 = CARTESIAN_POINT ( 'NONE',  ( 4.639000000000001123, 0.5999999999999998668, 0.1149647589960814398 ) ) ;
#7185 = EDGE_LOOP ( 'NONE', ( #5478, #7078, #324, #8906, #6059, #1067, #6597, #21, #8888, #4275, #4293, #6136 ) ) ;
#7186 = ORIENTED_EDGE ( 'NONE', *, *, #4556, .T. ) ;
#7187 = DIRECTION ( 'NONE',  ( 0.000000000000000000, 0.000000000000000000, -1.000000000000000000 ) ) ;
#7188 = ADVANCED_FACE ( 'NONE', ( #5002 ), #6159, .F. ) ;
#7189 = ORIENTED_EDGE ( 'NONE', *, *, #2915, .T. ) ;
#7190 = DIRECTION ( 'NONE',  ( 0.000000000000000000, 0.000000000000000000, 1.000000000000000000 ) ) ;
#7191 = DIRECTION ( 'NONE',  ( 0.000000000000000000, 0.8028287771104243298, 0.5962096566170164147 ) ) ;
#7192 = VECTOR ( 'NONE', #5435, 1000.000000000000000 ) ;
#7193 = AXIS2_PLACEMENT_3D ( 'NONE', #8681, #5097, #960 ) ;
#7194 = LINE ( 'NONE', #1645, #2929 ) ;
#7195 = EDGE_CURVE ( 'NONE', #5906, #6530, #4675, .T. ) ;
#7196 = DIRECTION ( 'NONE',  ( 0.000000000000000000, 0.000000000000000000, 1.000000000000000000 ) ) ;
#7197 = DIRECTION ( 'NONE',  ( -0.000000000000000000, -0.000000000000000000, -1.000000000000000000 ) ) ;
#7198 = DIRECTION ( 'NONE',  ( 1.000000000000000000, -0.000000000000000000, -0.000000000000000000 ) ) ;
#7199 = ORIENTED_EDGE ( 'NONE', *, *, #1988, .T. ) ;
#7200 = PLANE ( 'NONE',  #1217 ) ;
#7201 = PRESENTATION_STYLE_ASSIGNMENT (( #8660 ) ) ;
#7202 = CARTESIAN_POINT ( 'NONE',  ( 0.9470000000000003970, 0.6500000000000000222, 0.5544999999999994378 ) ) ;
#7203 = ORIENTED_EDGE ( 'NONE', *, *, #8630, .T. ) ;
#7204 = DIRECTION ( 'NONE',  ( 0.000000000000000000, -1.000000000000000000, 0.000000000000000000 ) ) ;
#7205 = EDGE_CURVE ( 'NONE', #3109, #5216, #7220, .T. ) ;
#7206 = AXIS2_PLACEMENT_3D ( 'NONE', #6146, #8227, #2712 ) ;
#7207 = CARTESIAN_POINT ( 'NONE',  ( 3.094500000000000028, 0.6749881066967827747, -0.9500000000000002887 ) ) ;
#7208 = CARTESIAN_POINT ( 'NONE',  ( 3.594500000000000028, 0.9399999999999997247, -0.1087920875194616499 ) ) ;
#7209 = VECTOR ( 'NONE', #5572, 1000.000000000000000 ) ;
#7210 = AXIS2_PLACEMENT_3D ( 'NONE', #4727, #5389, #7561 ) ;
#7211 = ORIENTED_EDGE ( 'NONE', *, *, #5255, .F. ) ;
#7212 = CARTESIAN_POINT ( 'NONE',  ( 3.094500000000000028, 1.119999999999999885, 3.000000000000000000 ) ) ;
#7213 = ORIENTED_EDGE ( 'NONE', *, *, #4511, .T. ) ;
#7214 = CIRCLE ( 'NONE', #8851, 0.09999999999999982514 ) ;
#7215 = EDGE_LOOP ( 'NONE', ( #8053, #8704, #1610, #7835, #1721, #2324, #405, #2808, #1254, #8299, #6143, #8709, #1004, #482, #883, #5927, #3125, #4694, #2918, #7673 ) ) ;
#7216 = CIRCLE ( 'NONE', #1185, 0.09999999999999993616 ) ;
#7217 = CARTESIAN_POINT ( 'NONE',  ( 4.624035241003919161, 0.5999999999999998668, 2.885035241003918838 ) ) ;
#7218 = EDGE_CURVE ( 'NONE', #1918, #2847, #4888, .T. ) ;
#7219 = CARTESIAN_POINT ( 'NONE',  ( 3.594500000000000028, 1.071938878923327065, -0.2853126666036561732 ) ) ;
#7220 = LINE ( 'NONE', #7643, #5111 ) ;
#7221 = ORIENTED_EDGE ( 'NONE', *, *, #7591, .F. ) ;
#7222 = CIRCLE ( 'NONE', #7846, 0.2799999999999998601 ) ;
#7223 = CARTESIAN_POINT ( 'NONE',  ( 2.824500000000000011, 0.9399999999999997247, -0.1087920875194616499 ) ) ;
#7224 = CARTESIAN_POINT ( 'NONE',  ( 2.824500000000000011, 0.7523999999999998467, 3.522613783243200292 ) ) ;
#7225 = EDGE_CURVE ( 'NONE', #5534, #1273, #1211, .T. ) ;
#7226 = LINE ( 'NONE', #2495, #5227 ) ;
#7227 = EDGE_CURVE ( 'NONE', #6733, #3086, #4012, .T. ) ;
#7228 = CYLINDRICAL_SURFACE ( 'NONE', #6423, 0.09999999999999995004 ) ;
#7229 = CARTESIAN_POINT ( 'NONE',  ( 0.9470000000000003970, 0.5999999999999999778, 0.5544999999999994378 ) ) ;
#7230 = VECTOR ( 'NONE', #1258, 1000.000000000000000 ) ;
#7231 = DIRECTION ( 'NONE',  ( 0.000000000000000000, 0.000000000000000000, 1.000000000000000000 ) ) ;
#7232 = ADVANCED_FACE ( 'NONE', ( #6752 ), #7617, .F. ) ;
#7233 = ORIENTED_EDGE ( 'NONE', *, *, #4673, .T. ) ;
#7234 = CARTESIAN_POINT ( 'NONE',  ( 3.594500000000000028, 0.9399999999999998357, 0.000000000000000000 ) ) ;
#7235 = COLOUR_RGB ( '',0.8941176470588234615, 0.9137254901960784048, 0.9294117647058823817 ) ;
#7236 = CARTESIAN_POINT ( 'NONE',  ( 1.300000000000000266, 1.409999999999999920, 2.200000000000000622 ) ) ;
#7237 = LINE ( 'NONE', #3328, #1021 ) ;
#7238 = LINE ( 'NONE', #8301, #3522 ) ;
#7239 = VERTEX_POINT ( 'NONE', #4832 ) ;
#7240 = CARTESIAN_POINT ( 'NONE',  ( 3.824500000000000011, 1.119999999999999885, 3.000000000000000000 ) ) ;
#7241 = ORIENTED_EDGE ( 'NONE', *, *, #6851, .F. ) ;
#7242 = ORIENTED_EDGE ( 'NONE', *, *, #8754, .F. ) ;
#7243 = DIRECTION ( 'NONE',  ( 0.000000000000000000, -0.1045284632676515141, -0.9945218953682735119 ) ) ;
#7244 = ORIENTED_EDGE ( 'NONE', *, *, #318, .F. ) ;
#7245 = CIRCLE ( 'NONE', #797, 0.2799999999999998601 ) ;
#7246 = VERTEX_POINT ( 'NONE', #3458 ) ;
#7247 = CARTESIAN_POINT ( 'NONE',  ( 4.324500000000000455, 0.8120209656617016769, -0.6028966609542426580 ) ) ;
#7248 = CARTESIAN_POINT ( 'NONE',  ( 4.492000000000000881, 0.6499999999999999112, 0.5544999999999998819 ) ) ;
#7249 = CARTESIAN_POINT ( 'NONE',  ( 4.094500000000000028, 0.8399999999999998579, 3.108792087519462122 ) ) ;
#7250 = CARTESIAN_POINT ( 'NONE',  ( 1.324500000000000233, 0.9399999999999998357, 0.000000000000000000 ) ) ;
#7251 = ORIENTED_EDGE ( 'NONE', *, *, #7042, .T. ) ;
#7252 = VECTOR ( 'NONE', #6405, 1000.000000000000000 ) ;
#7253 = CARTESIAN_POINT ( 'NONE',  ( 2.324500000000000011, 0.7125687761248743479, 3.592443814627477305 ) ) ;
#7254 = ORIENTED_EDGE ( 'NONE', *, *, #978, .F. ) ;
#7255 = CARTESIAN_POINT ( 'NONE',  ( 1.824500000000000233, 0.8996209656617012440, 3.189074965230504599 ) ) ;
#7256 = DIRECTION ( 'NONE',  ( 0.000000000000000000, -1.000000000000000000, 0.000000000000000000 ) ) ;
#7257 = LINE ( 'NONE', #6280, #5541 ) ;
#7258 = AXIS2_PLACEMENT_3D ( 'NONE', #8180, #4684, #1936 ) ;
#7259 = ORIENTED_EDGE ( 'NONE', *, *, #4973, .F. ) ;
#7260 = EDGE_LOOP ( 'NONE', ( #4776, #8949, #4314, #2760 ) ) ;
#7261 = ORIENTED_EDGE ( 'NONE', *, *, #9061, .T. ) ;
#7262 = ORIENTED_EDGE ( 'NONE', *, *, #8284, .T. ) ;
#7263 = ORIENTED_EDGE ( 'NONE', *, *, #4910, .F. ) ;
#7264 = DIRECTION ( 'NONE',  ( 0.000000000000000000, 0.000000000000000000, 1.000000000000000000 ) ) ;
#7265 = ORIENTED_EDGE ( 'NONE', *, *, #3869, .F. ) ;
#7266 = FACE_OUTER_BOUND ( 'NONE', #2889, .T. ) ;
#7267 = PLANE ( 'NONE',  #5567 ) ;
#7268 = VERTEX_POINT ( 'NONE', #7681 ) ;
#7269 = EDGE_CURVE ( 'NONE', #3219, #8775, #4361, .T. ) ;
#7270 = EDGE_LOOP ( 'NONE', ( #6233, #1369, #5208, #2564, #5708, #2724, #6608, #6173, #1796, #3259, #3150, #4059 ) ) ;
#7271 = MANIFOLD_SOLID_BREP ( 'LPattern1[2]', #1893 ) ;
#7272 = LINE ( 'NONE', #83, #3116 ) ;
#7273 = VERTEX_POINT ( 'NONE', #1320 ) ;
#7274 = AXIS2_PLACEMENT_3D ( 'NONE', #4315, #4997, #865 ) ;
#7275 = CARTESIAN_POINT ( 'NONE',  ( 2.594500000000000028, 0.8120209656617016769, -0.6028966609542426580 ) ) ;
#7276 = ADVANCED_FACE ( 'NONE', ( #3489 ), #2787, .T. ) ;
#7277 = CARTESIAN_POINT ( 'NONE',  ( 1.594500000000000028, 0.6749881066967827747, -0.9500000000000002887 ) ) ;
#7278 = FACE_OUTER_BOUND ( 'NONE', #4515, .T. ) ;
#7279 = ORIENTED_EDGE ( 'NONE', *, *, #3184, .T. ) ;
#7280 = EDGE_CURVE ( 'NONE', #4533, #6392, #1640, .T. ) ;
#7281 = DIRECTION ( 'NONE',  ( 0.000000000000000000, -1.000000000000000000, 0.000000000000000000 ) ) ;
#7282 = ORIENTED_EDGE ( 'NONE', *, *, #974, .F. ) ;
#7283 = EDGE_CURVE ( 'NONE', #2983, #7840, #4877, .T. ) ;
#7284 = EDGE_CURVE ( 'NONE', #6830, #372, #7646, .T. ) ;
#7285 = ORIENTED_EDGE ( 'NONE', *, *, #4685, .T. ) ;
#7286 = DIRECTION ( 'NONE',  ( 0.000000000000000000, 1.000000000000000000, 0.000000000000000000 ) ) ;
#7287 = CARTESIAN_POINT ( 'NONE',  ( 2.094500000000000028, 1.000393720129284736, -0.1889732133504053169 ) ) ;
#7288 = FACE_OUTER_BOUND ( 'NONE', #4941, .T. ) ;
#7289 = DIRECTION ( 'NONE',  ( 2.824178620696807171E-17, 1.000000000000000000, 0.000000000000000000 ) ) ;
#7290 = ORIENTED_EDGE ( 'NONE', *, *, #392, .T. ) ;
#7291 = PLANE ( 'NONE',  #261 ) ;
#7292 = ORIENTED_EDGE ( 'NONE', *, *, #6851, .T. ) ;
#7293 = DIRECTION ( 'NONE',  ( 1.000000000000000000, -0.000000000000000000, -0.000000000000000000 ) ) ;
#7294 = VECTOR ( 'NONE', #8205, 1000.000000000000000 ) ;
#7295 = DIRECTION ( 'NONE',  ( 1.000000000000000000, -0.000000000000000000, -0.000000000000000000 ) ) ;
#7296 = EDGE_CURVE ( 'NONE', #2583, #7648, #8647, .T. ) ;
#7297 = AXIS2_PLACEMENT_3D ( 'NONE', #3201, #5900, #7384 ) ;
#7298 = CARTESIAN_POINT ( 'NONE',  ( 0.8245000000000001217, 0.7523999999999998467, -0.5226137832432001806 ) ) ;
#7299 = ORIENTED_EDGE ( 'NONE', *, *, #8640, .F. ) ;
#7300 = CIRCLE ( 'NONE', #8682, 0.09999999999999993616 ) ;
#7301 = CARTESIAN_POINT ( 'NONE',  ( 1.824500000000000233, 0.6450822618089369076, 3.378104603363324188 ) ) ;
#7302 = FACE_OUTER_BOUND ( 'NONE', #5687, .T. ) ;
#7303 = PLANE ( 'NONE',  #3148 ) ;
#7304 = SURFACE_SIDE_STYLE ('',( #7974 ) ) ;
#7305 = DIRECTION ( 'NONE',  ( 0.000000000000000000, 0.000000000000000000, 1.000000000000000000 ) ) ;
#7306 = LINE ( 'NONE', #6297, #3370 ) ;
#7307 = CARTESIAN_POINT ( 'NONE',  ( 1.824500000000000233, 0.8399999999999998579, -0.1087920875194620801 ) ) ;
#7308 = EDGE_CURVE ( 'NONE', #8152, #3004, #5310, .T. ) ;
#7309 = CARTESIAN_POINT ( 'NONE',  ( 0.6999999999999998446, 0.9399999999999999467, 0.000000000000000000 ) ) ;
#7310 = LINE ( 'NONE', #5219, #237 ) ;
#7311 = CARTESIAN_POINT ( 'NONE',  ( 2.094500000000000028, 1.119999999999999885, 0.000000000000000000 ) ) ;
#7312 = ORIENTED_EDGE ( 'NONE', *, *, #2169, .T. ) ;
#7313 = ORIENTED_EDGE ( 'NONE', *, *, #5887, .F. ) ;
#7314 = DIRECTION ( 'NONE',  ( 0.000000000000000000, 0.000000000000000000, -1.000000000000000000 ) ) ;
#7315 = EDGE_CURVE ( 'NONE', #1038, #181, #1426, .T. ) ;
#7316 = LINE ( 'NONE', #6722, #5426 ) ;
#7317 = ADVANCED_FACE ( 'NONE', ( #6541 ), #6323, .F. ) ;
#7318 = DIRECTION ( 'NONE',  ( 0.000000000000000000, 0.000000000000000000, -1.000000000000000000 ) ) ;
#7319 = LINE ( 'NONE', #8185, #2194 ) ;
#7320 = EDGE_CURVE ( 'NONE', #9022, #6302, #8430, .T. ) ;
#7321 = ORIENTED_EDGE ( 'NONE', *, *, #8448, .F. ) ;
#7322 = VECTOR ( 'NONE', #2274, 1000.000000000000000 ) ;
#7323 = FACE_OUTER_BOUND ( 'NONE', #834, .T. ) ;
#7324 = AXIS2_PLACEMENT_3D ( 'NONE', #2717, #2692, #5502 ) ;
#7325 = DIRECTION ( 'NONE',  ( 0.000000000000000000, -0.5962096566170164147, 0.8028287771104244408 ) ) ;
#7326 = DIRECTION ( 'NONE',  ( -0.000000000000000000, -0.000000000000000000, 1.000000000000000000 ) ) ;
#7327 = PRESENTATION_STYLE_ASSIGNMENT (( #2444 ) ) ;
#7328 = LINE ( 'NONE', #3498, #7884 ) ;
#7329 = DIRECTION ( 'NONE',  ( 1.000000000000000000, -0.000000000000000000, -0.000000000000000000 ) ) ;
#7330 = VECTOR ( 'NONE', #8272, 1000.000000000000000 ) ;
#7331 = EDGE_CURVE ( 'NONE', #3607, #3324, #4666, .T. ) ;
#7332 = LINE ( 'NONE', #7151, #5439 ) ;
#7333 = CARTESIAN_POINT ( 'NONE',  ( 1.094500000000000028, 1.071938878923327065, -0.2853126666036561732 ) ) ;
#7334 = EDGE_CURVE ( 'NONE', #1718, #109, #3055, .T. ) ;
#7335 = CARTESIAN_POINT ( 'NONE',  ( 4.092000000000001414, 0.6499999999999999112, 2.445500000000000007 ) ) ;
#7336 = DIRECTION ( 'NONE',  ( 1.000000000000000000, 0.000000000000000000, 0.000000000000000000 ) ) ;
#7337 = VECTOR ( 'NONE', #5656, 1000.000000000000000 ) ;
#7338 = CARTESIAN_POINT ( 'NONE',  ( 1.324500000000000233, 1.000393720129284736, 3.188973213350405178 ) ) ;
#7339 = LINE ( 'NONE', #603, #8013 ) ;
#7340 = CIRCLE ( 'NONE', #5592, 0.2799999999999999711 ) ;
#7341 = VERTEX_POINT ( 'NONE', #830 ) ;
#7342 = ORIENTED_EDGE ( 'NONE', *, *, #2826, .F. ) ;
#7343 = DIRECTION ( 'NONE',  ( -1.000000000000000000, -0.000000000000000000, -0.000000000000000000 ) ) ;
#7344 = CARTESIAN_POINT ( 'NONE',  ( 4.094500000000000028, 0.9399999999999998357, 0.000000000000000000 ) ) ;
#7345 = CARTESIAN_POINT ( 'NONE',  ( 3.324500000000000011, 1.119999999999999885, 3.000000000000000000 ) ) ;
#7346 = LINE ( 'NONE', #8948, #5692 ) ;
#7347 = PLANE ( 'NONE',  #426 ) ;
#7348 = ORIENTED_EDGE ( 'NONE', *, *, #8397, .F. ) ;
#7349 = ORIENTED_EDGE ( 'NONE', *, *, #1793, .F. ) ;
#7350 = CARTESIAN_POINT ( 'NONE',  ( 4.092000000000001414, 0.6499999999999999112, 2.445500000000000007 ) ) ;
#7351 = ORIENTED_EDGE ( 'NONE', *, *, #3850, .F. ) ;
#7352 = ORIENTED_EDGE ( 'NONE', *, *, #6043, .T. ) ;
#7353 = LINE ( 'NONE', #1617, #6476 ) ;
#7354 = ORIENTED_EDGE ( 'NONE', *, *, #226, .F. ) ;
#7355 = DIRECTION ( 'NONE',  ( 1.000000000000000000, -0.000000000000000000, -0.000000000000000000 ) ) ;
#7356 = ORIENTED_EDGE ( 'NONE', *, *, #2364, .F. ) ;
#7357 = ADVANCED_FACE ( 'NONE', ( #8098 ), #3885, .F. ) ;
#7358 = ORIENTED_EDGE ( 'NONE', *, *, #2293, .T. ) ;
#7359 = ORIENTED_EDGE ( 'NONE', *, *, #4333, .T. ) ;
#7360 = CARTESIAN_POINT ( 'NONE',  ( 3.324500000000000011, 0.7125687761248744589, -0.5924438146274771944 ) ) ;
#7361 = ORIENTED_EDGE ( 'NONE', *, *, #4289, .T. ) ;
#7362 = LINE ( 'NONE', #9037, #2778 ) ;
#7363 = DIRECTION ( 'NONE',  ( 0.000000000000000000, 0.000000000000000000, 1.000000000000000000 ) ) ;
#7364 = CARTESIAN_POINT ( 'NONE',  ( 4.594500000000000028, 0.5335548349585852446, -0.5736286912392993820 ) ) ;
#7365 = ORIENTED_EDGE ( 'NONE', *, *, #3955, .F. ) ;
#7366 = ORIENTED_EDGE ( 'NONE', *, *, #169, .T. ) ;
#7367 = VERTEX_POINT ( 'NONE', #5529 ) ;
#7368 = VERTEX_POINT ( 'NONE', #7025 ) ;
#7369 = ADVANCED_FACE ( 'NONE', ( #7767 ), #7674, .F. ) ;
#7370 = AXIS2_PLACEMENT_3D ( 'NONE', #8857, #8160, #1886 ) ;
#7371 = ORIENTED_EDGE ( 'NONE', *, *, #2830, .T. ) ;
#7372 = CARTESIAN_POINT ( 'NONE',  ( 4.324500000000000455, 0.9399999999999997247, 3.108792087519461678 ) ) ;
#7373 = CARTESIAN_POINT ( 'NONE',  ( 3.824500000000000011, 0.6450822618089369076, 3.378104603363324188 ) ) ;
#7374 = AXIS2_PLACEMENT_3D ( 'NONE', #7398, #5972, #6651 ) ;
#7375 = ORIENTED_EDGE ( 'NONE', *, *, #7676, .F. ) ;
#7376 = MECHANICAL_DESIGN_GEOMETRIC_PRESENTATION_REPRESENTATION (  '', ( #5298 ), #2236 ) ;
#7377 = LINE ( 'NONE', #6592, #7722 ) ;
#7378 = VERTEX_POINT ( 'NONE', #5560 ) ;
#7379 = ORIENTED_EDGE ( 'NONE', *, *, #4785, .T. ) ;
#7380 = PLANE ( 'NONE',  #7048 ) ;
#7381 = MANIFOLD_SOLID_BREP ( 'Mirror1[4]', #4205 ) ;
#7382 = VECTOR ( 'NONE', #889, 1000.000000000000000 ) ;
#7383 = ORIENTED_EDGE ( 'NONE', *, *, #6341, .T. ) ;
#7384 = DIRECTION ( 'NONE',  ( 0.000000000000000000, 0.000000000000000000, -1.000000000000000000 ) ) ;
#7385 = EDGE_CURVE ( 'NONE', #1377, #6590, #3914, .T. ) ;
#7386 = VECTOR ( 'NONE', #5042, 1000.000000000000000 ) ;
#7387 = ORIENTED_EDGE ( 'NONE', *, *, #4181, .F. ) ;
#7388 = AXIS2_PLACEMENT_3D ( 'NONE', #1302, #2006, #2704 ) ;
#7389 = EDGE_LOOP ( 'NONE', ( #5984, #1075, #3643, #5059, #4502, #4319, #452, #4803, #4521, #7379, #6273, #78 ) ) ;
#7390 = ORIENTED_EDGE ( 'NONE', *, *, #6978, .F. ) ;
#7391 = PLANE ( 'NONE',  #4542 ) ;
#7392 = CARTESIAN_POINT ( 'NONE',  ( 0.8245000000000001217, 0.8120209656617016769, -0.6028966609542426580 ) ) ;
#7393 = VECTOR ( 'NONE', #4048, 1000.000000000000000 ) ;
#7394 = EDGE_CURVE ( 'NONE', #4385, #4283, #6203, .T. ) ;
#7395 = CARTESIAN_POINT ( 'NONE',  ( 1.297000000000000597, 0.5999999999999999778, 0.7944999999999997620 ) ) ;
#7396 = EDGE_CURVE ( 'NONE', #8319, #8911, #891, .T. ) ;
#7397 = DIRECTION ( 'NONE',  ( 0.000000000000000000, 0.000000000000000000, 1.000000000000000000 ) ) ;
#7398 = CARTESIAN_POINT ( 'NONE',  ( 4.594500000000000028, 0.8399999999999998579, -0.1087920875194620801 ) ) ;
#7399 = ORIENTED_EDGE ( 'NONE', *, *, #1037, .F. ) ;
#7400 = CYLINDRICAL_SURFACE ( 'NONE', #3642, 0.2799999999999999711 ) ;
#7401 = DIRECTION ( 'NONE',  ( 1.000000000000000000, 0.000000000000000000, 0.000000000000000000 ) ) ;
#7402 = CARTESIAN_POINT ( 'NONE',  ( 1.324500000000000233, 0.9399999999999998357, 0.000000000000000000 ) ) ;
#7403 = LINE ( 'NONE', #3633, #5522 ) ;
#7404 = ADVANCED_FACE ( 'NONE', ( #6439 ), #3552, .F. ) ;
#7405 = PLANE ( 'NONE',  #5727 ) ;
#7406 = ORIENTED_EDGE ( 'NONE', *, *, #8463, .F. ) ;
#7407 = CARTESIAN_POINT ( 'NONE',  ( 4.594500000000000028, 1.071938878923327065, 3.285312666603656062 ) ) ;
#7408 = EDGE_CURVE ( 'NONE', #2681, #9014, #7, .T. ) ;
#7409 = DIRECTION ( 'NONE',  ( 1.000000000000000000, -0.000000000000000000, -0.000000000000000000 ) ) ;
#7410 = FACE_OUTER_BOUND ( 'NONE', #4112, .T. ) ;
#7411 = ORIENTED_EDGE ( 'NONE', *, *, #6064, .T. ) ;
#7412 = ADVANCED_FACE ( 'NONE', ( #2298 ), #5588, .F. ) ;
#7413 = VERTEX_POINT ( 'NONE', #7065 ) ;
#7414 = EDGE_LOOP ( 'NONE', ( #3482, #3273, #4757, #1990 ) ) ;
#7415 = CARTESIAN_POINT ( 'NONE',  ( 4.492000000000000881, 0.5999999999999999778, 0.5544999999999998819 ) ) ;
#7416 = FACE_OUTER_BOUND ( 'NONE', #2875, .T. ) ;
#7417 = DIRECTION ( 'NONE',  ( 1.000000000000000000, 0.000000000000000000, 0.000000000000000000 ) ) ;
#7418 = DIRECTION ( 'NONE',  ( 0.000000000000000000, -1.000000000000000000, 0.000000000000000000 ) ) ;
#7419 = SURFACE_STYLE_FILL_AREA ( #5440 ) ;
#7420 = EDGE_LOOP ( 'NONE', ( #1388, #9059, #3572, #6172 ) ) ;
#7421 = FACE_OUTER_BOUND ( 'NONE', #3845, .T. ) ;
#7423 = EDGE_LOOP ( 'NONE', ( #5398, #7161, #2548, #718 ) ) ;
#7422 = DIRECTION ( 'NONE',  ( -0.000000000000000000, 1.000000000000000000, -0.000000000000000000 ) ) ;
#7424 = LINE ( 'NONE', #4528, #3717 ) ;
#7425 = AXIS2_PLACEMENT_3D ( 'NONE', #2749, #6220, #2055 ) ;
#7426 = CARTESIAN_POINT ( 'NONE',  ( 2.094500000000000028, 0.8120209656617016769, -0.6028966609542426580 ) ) ;
#7427 = AXIS2_PLACEMENT_3D ( 'NONE', #7881, #4379, #7147 ) ;
#7428 = DIRECTION ( 'NONE',  ( 0.000000000000000000, 0.1045284632676540260, 0.9945218953682732899 ) ) ;
#7429 = CARTESIAN_POINT ( 'NONE',  ( 4.324500000000000455, 0.6749881066967827747, -0.9500000000000002887 ) ) ;
#7430 = VECTOR ( 'NONE', #2695, 1000.000000000000000 ) ;
#7431 = LINE ( 'NONE', #6774, #8326 ) ;
#7432 = DIRECTION ( 'NONE',  ( 0.000000000000000000, 0.1045284632676540260, 0.9945218953682732899 ) ) ;
#7433 = EDGE_CURVE ( 'NONE', #5722, #6840, #6636, .T. ) ;
#7434 = FACE_OUTER_BOUND ( 'NONE', #4216, .T. ) ;
#7435 = CARTESIAN_POINT ( 'NONE',  ( 1.347000000000000641, 0.6500000000000000222, 0.6745000000000007656 ) ) ;
#7437 = EDGE_CURVE ( 'NONE', #7368, #3132, #3154, .T. ) ;
#7436 = VECTOR ( 'NONE', #7669, 1000.000000000000000 ) ;
#7438 = VECTOR ( 'NONE', #6912, 1000.000000000000000 ) ;
#7439 = FACE_OUTER_BOUND ( 'NONE', #8271, .T. ) ;
#7440 = FACE_OUTER_BOUND ( 'NONE', #5729, .T. ) ;
#7441 = FACE_OUTER_BOUND ( 'NONE', #7906, .T. ) ;
#7442 = ORIENTED_EDGE ( 'NONE', *, *, #7280, .T. ) ;
#7443 = DIRECTION ( 'NONE',  ( 1.000000000000000000, -0.000000000000000000, -0.000000000000000000 ) ) ;
#7444 = VERTEX_POINT ( 'NONE', #2210 ) ;
#7445 = EDGE_CURVE ( 'NONE', #3220, #3687, #4993, .T. ) ;
#7446 = EDGE_CURVE ( 'NONE', #1593, #3775, #131, .T. ) ;
#7447 = LINE ( 'NONE', #6676, #8671 ) ;
#7448 = VECTOR ( 'NONE', #2000, 1000.000000000000000 ) ;
#7449 = ORIENTED_EDGE ( 'NONE', *, *, #424, .T. ) ;
#7450 = ADVANCED_FACE ( 'NONE', ( #8746 ), #1528, .T. ) ;
#7451 = EDGE_CURVE ( 'NONE', #7831, #1495, #5971, .T. ) ;
#7452 = CARTESIAN_POINT ( 'NONE',  ( 4.594500000000000028, 1.119999999999999885, 3.000000000000000000 ) ) ;
#7453 = CARTESIAN_POINT ( 'NONE',  ( 1.324500000000000233, 1.000393720129284736, -0.1889732133504053169 ) ) ;
#7454 = ORIENTED_EDGE ( 'NONE', *, *, #7632, .T. ) ;
#7455 = STYLED_ITEM ( 'NONE', ( #2511 ), #7381 ) ;
#7456 = PLANE ( 'NONE',  #559 ) ;
#7457 = VERTEX_POINT ( 'NONE', #7212 ) ;
#7458 = LINE ( 'NONE', #6716, #3743 ) ;
#7459 = CARTESIAN_POINT ( 'NONE',  ( 1.824500000000000233, 0.6749881066967827747, 3.950000000000000178 ) ) ;
#7460 = ORIENTED_EDGE ( 'NONE', *, *, #6126, .F. ) ;
#7461 = PLANE ( 'NONE',  #8633 ) ;
#7462 = ADVANCED_FACE ( 'NONE', ( #3604 ), #2876, .F. ) ;
#7463 = CARTESIAN_POINT ( 'NONE',  ( 1.094500000000000028, 0.6450822618089369076, 3.378104603363324188 ) ) ;
#7464 = CARTESIAN_POINT ( 'NONE',  ( 4.324500000000000455, 0.6749881066967827747, 3.950000000000000178 ) ) ;
#7465 = EDGE_CURVE ( 'NONE', #417, #8365, #1748, .T. ) ;
#7466 = DIRECTION ( 'NONE',  ( 1.000000000000000000, -0.000000000000000000, -0.000000000000000000 ) ) ;
#7467 = ORIENTED_EDGE ( 'NONE', *, *, #6720, .T. ) ;
#7468 = VERTEX_POINT ( 'NONE', #2998 ) ;
#7469 = DIRECTION ( 'NONE',  ( 0.000000000000000000, 0.9945218953682735119, 0.1045284632676515141 ) ) ;
#7470 = CARTESIAN_POINT ( 'NONE',  ( 1.824500000000000233, 1.071938878923327065, 3.285312666603656062 ) ) ;
#7471 = FACE_OUTER_BOUND ( 'NONE', #8255, .T. ) ;
#7472 = CARTESIAN_POINT ( 'NONE',  ( 0.8245000000000001217, 1.119999999999999885, 0.000000000000000000 ) ) ;
#7473 = ORIENTED_EDGE ( 'NONE', *, *, #2729, .F. ) ;
#7474 = ORIENTED_EDGE ( 'NONE', *, *, #8577, .F. ) ;
#7475 = EDGE_LOOP ( 'NONE', ( #6609, #999, #415, #191 ) ) ;
#7476 = ORIENTED_EDGE ( 'NONE', *, *, #5986, .T. ) ;
#7477 = CARTESIAN_POINT ( 'NONE',  ( 0.7957774489646561866, 0.6143566735201689832, 0.09577744896465548163 ) ) ;
#7478 = ORIENTED_EDGE ( 'NONE', *, *, #3773, .F. ) ;
#7479 = DIRECTION ( 'NONE',  ( 0.000000000000000000, 0.000000000000000000, -1.000000000000000000 ) ) ;
#7480 = LINE ( 'NONE', #7967, #5599 ) ;
#7481 = CARTESIAN_POINT ( 'NONE',  ( 1.824500000000000233, 0.8120209656617016769, 3.602896660954242769 ) ) ;
#7482 = EDGE_CURVE ( 'NONE', #2476, #6637, #4762, .T. ) ;
#7483 =( BOUNDED_CURVE ( )  B_SPLINE_CURVE ( 3, ( #5889, #1623, #4416, #3103 ),
 .UNSPECIFIED., .F., .F. ) 
 B_SPLINE_CURVE_WITH_KNOTS ( ( 4, 4 ),
 ( 3.427644095307104344, 4.712388980384689674 ),
 .UNSPECIFIED. ) 
 CURVE ( )  GEOMETRIC_REPRESENTATION_ITEM ( )  RATIONAL_B_SPLINE_CURVE ( ( 1.000000000000000000, 0.8671177933693093864, 0.8671177933693093864, 1.000000000000000000 ) ) 
 REPRESENTATION_ITEM ( '' )  );
#7484 = ORIENTED_EDGE ( 'NONE', *, *, #7100, .F. ) ;
#7485 = EDGE_LOOP ( 'NONE', ( #2672, #1248, #2290, #5822 ) ) ;
#7486 = VECTOR ( 'NONE', #8916, 1000.000000000000000 ) ;
#7487 = CARTESIAN_POINT ( 'NONE',  ( 1.094500000000000028, 0.8399999999999998579, -0.1087920875194620801 ) ) ;
#7488 = EDGE_LOOP ( 'NONE', ( #3731, #5912, #1590, #2698 ) ) ;
#7489 = EDGE_CURVE ( 'NONE', #7840, #2260, #6430, .T. ) ;
#7490 = DIRECTION ( 'NONE',  ( 0.000000000000000000, 0.000000000000000000, -1.000000000000000000 ) ) ;
#7491 = DIRECTION ( 'NONE',  ( 1.000000000000000000, 0.000000000000000000, -1.239088197126290669E-15 ) ) ;
#7492 = FACE_OUTER_BOUND ( 'NONE', #4557, .T. ) ;
#7493 = ORIENTED_EDGE ( 'NONE', *, *, #5682, .F. ) ;
#7494 = EDGE_CURVE ( 'NONE', #1928, #1486, #7868, .T. ) ;
#7495 = CARTESIAN_POINT ( 'NONE',  ( 1.347000000000000641, 0.6500000000000000222, 0.6745000000000007656 ) ) ;
#7496 = VERTEX_POINT ( 'NONE', #5081 ) ;
#7497 = AXIS2_PLACEMENT_3D ( 'NONE', #3286, #4003, #7600 ) ;
#7498 = AXIS2_PLACEMENT_3D ( 'NONE', #434, #3165, #4529 ) ;
#7499 = ADVANCED_FACE ( 'NONE', ( #4350 ), #3031, .F. ) ;
#7500 = DIRECTION ( 'NONE',  ( 0.000000000000000000, 0.000000000000000000, 1.000000000000000000 ) ) ;
#7501 = ORIENTED_EDGE ( 'NONE', *, *, #7017, .F. ) ;
#7502 = VECTOR ( 'NONE', #5689, 1000.000000000000114 ) ;
#7503 = CARTESIAN_POINT ( 'NONE',  ( 0.000000000000000000, 1.120000000000000329, 0.000000000000000000 ) ) ;
#7504 = DIRECTION ( 'NONE',  ( 0.000000000000000000, 0.9729913731149246736, 0.2308414777372849447 ) ) ;
#7505 = EDGE_CURVE ( 'NONE', #5006, #6899, #4124, .T. ) ;
#7506 = EDGE_LOOP ( 'NONE', ( #1473, #602, #2448, #3883, #3544, #381, #4531, #5246, #6924, #2383, #687, #2237 ) ) ;
#7507 =( LENGTH_UNIT ( ) NAMED_UNIT ( * ) SI_UNIT ( .MILLI., .METRE. ) );
#7508 = EDGE_CURVE ( 'NONE', #7239, #707, #2286, .T. ) ;
#7509 = ORIENTED_EDGE ( 'NONE', *, *, #171, .F. ) ;
#7510 = CARTESIAN_POINT ( 'NONE',  ( 1.594500000000000028, 0.8120209656617016769, 3.602896660954242769 ) ) ;
#7511 = ADVANCED_FACE ( 'NONE', ( #441 ), #8574, .F. ) ;
#7512 = LINE ( 'NONE', #332, #7628 ) ;
#7513 = AXIS2_PLACEMENT_3D ( 'NONE', #5775, #1627, #6498 ) ;
#7514 = CIRCLE ( 'NONE', #5390, 0.1199999999999998845 ) ;
#7515 = CARTESIAN_POINT ( 'NONE',  ( 0.6999999999999998446, 0.9399999999999999467, 3.000000000000000000 ) ) ;
#7516 = VERTEX_POINT ( 'NONE', #1538 ) ;
#7517 = EDGE_CURVE ( 'NONE', #2230, #1160, #6861, .T. ) ;
#7518 = DIRECTION ( 'NONE',  ( -1.000000000000000000, 0.000000000000000000, 0.000000000000000000 ) ) ;
#7519 = CARTESIAN_POINT ( 'NONE',  ( 2.824500000000000011, 0.9399999999999997247, 3.108792087519461678 ) ) ;
#7520 = VECTOR ( 'NONE', #7191, 1000.000000000000000 ) ;
#7521 = DIRECTION ( 'NONE',  ( -1.000000000000000000, 0.000000000000000000, 0.000000000000000000 ) ) ;
#7522 = CARTESIAN_POINT ( 'NONE',  ( 3.094500000000000028, 0.6450822618089369076, -0.3781046033633239101 ) ) ;
#7523 = LINE ( 'NONE', #6112, #990 ) ;
#7524 = DIRECTION ( 'NONE',  ( -1.000000000000000000, 3.949734690293275516E-17, -1.579893876117310207E-16 ) ) ;
#7525 = PLANE ( 'NONE',  #1245 ) ;
#7526 = DIRECTION ( 'NONE',  ( -0.000000000000000000, 0.8028287771104243298, -0.5962096566170164147 ) ) ;
#7527 = LINE ( 'NONE', #8952, #8302 ) ;
#7528 = VECTOR ( 'NONE', #1128, 1000.000000000000000 ) ;
#7529 = ORIENTED_EDGE ( 'NONE', *, *, #5136, .F. ) ;
#7530 = CIRCLE ( 'NONE', #4538, 0.09999999999999982514 ) ;
#7531 = CARTESIAN_POINT ( 'NONE',  ( 3.824500000000000011, 0.8120209656617016769, 3.602896660954242769 ) ) ;
#7532 = DIRECTION ( 'NONE',  ( 0.000000000000000000, 0.000000000000000000, -1.000000000000000000 ) ) ;
#7533 = ORIENTED_EDGE ( 'NONE', *, *, #3251, .F. ) ;
#7534 = DIRECTION ( 'NONE',  ( 0.000000000000000000, 0.2308414777372849447, -0.9729913731149246736 ) ) ;
#7535 = AXIS2_PLACEMENT_3D ( 'NONE', #8913, #3309, #3987 ) ;
#7536 = DIRECTION ( 'NONE',  ( 0.000000000000000000, 0.000000000000000000, -1.000000000000000000 ) ) ;
#7537 = ORIENTED_EDGE ( 'NONE', *, *, #6503, .T. ) ;
#7538 = AXIS2_PLACEMENT_3D ( 'NONE', #3388, #539, #6860 ) ;
#7539 = CARTESIAN_POINT ( 'NONE',  ( 1.347000000000000641, 0.5999999999999999778, 0.5544999999999995488 ) ) ;
#7540 = ORIENTED_EDGE ( 'NONE', *, *, #3658, .T. ) ;
#7541 = DIRECTION ( 'NONE',  ( 0.000000000000000000, -0.8028287771104236636, -0.5962096566170171918 ) ) ;
#7542 = VECTOR ( 'NONE', #7097, 1000.000000000000000 ) ;
#7543 = VECTOR ( 'NONE', #8201, 1000.000000000000000 ) ;
#7544 = DIRECTION ( 'NONE',  ( 1.000000000000000000, -2.824178620696807171E-17, 8.306407707931765496E-18 ) ) ;
#7545 = VECTOR ( 'NONE', #3722, 1000.000000000000000 ) ;
#7546 = VECTOR ( 'NONE', #2281, 1000.000000000000000 ) ;
#7547 = MANIFOLD_SOLID_BREP ( 'Boss-Extrude2', #8040 ) ;
#7548 = DIRECTION ( 'NONE',  ( 0.000000000000000000, -1.000000000000000000, 0.000000000000000000 ) ) ;
#7549 = PRESENTATION_STYLE_ASSIGNMENT (( #4862 ) ) ;
#7550 = VECTOR ( 'NONE', #8544, 1000.000000000000000 ) ;
#7551 = AXIS2_PLACEMENT_3D ( 'NONE', #531, #8958, #8985 ) ;
#7552 = AXIS2_PLACEMENT_3D ( 'NONE', #7102, #1577, #7931 ) ;
#7553 = CARTESIAN_POINT ( 'NONE',  ( 4.739000000000000767, 0.9400000000000001688, 0.000000000000000000 ) ) ;
#7554 = ADVANCED_FACE ( 'NONE', ( #5303 ), #2972, .F. ) ;
#7555 = LINE ( 'NONE', #2112, #7337 ) ;
#7556 = CARTESIAN_POINT ( 'NONE',  ( 3.094500000000000028, 1.071938878923327065, 3.285312666603656062 ) ) ;
#7557 = VECTOR ( 'NONE', #3406, 999.9999999999998863 ) ;
#7558 = VECTOR ( 'NONE', #1228, 1000.000000000000227 ) ;
#7559 = LINE ( 'NONE', #2886, #1450 ) ;
#7560 = ORIENTED_EDGE ( 'NONE', *, *, #4490, .T. ) ;
#7561 = DIRECTION ( 'NONE',  ( 0.000000000000000000, 0.000000000000000000, -1.000000000000000000 ) ) ;
#7562 = LINE ( 'NONE', #6333, #9004 ) ;
#7563 = EDGE_CURVE ( 'NONE', #5805, #7156, #1634, .T. ) ;
#7564 = CARTESIAN_POINT ( 'NONE',  ( 4.640623213158055371, 1.454481075262610279, 0.09837678684194368917 ) ) ;
#7565 = DIRECTION ( 'NONE',  ( -0.000000000000000000, -0.000000000000000000, 1.000000000000000000 ) ) ;
#7566 = CARTESIAN_POINT ( 'NONE',  ( 1.300000000000000266, 1.409999999999999920, 2.600000000000000533 ) ) ;
#7567 = CARTESIAN_POINT ( 'NONE',  ( 3.824500000000000011, 0.5335548349585852446, 3.573628691239299382 ) ) ;
#7568 = VERTEX_POINT ( 'NONE', #4360 ) ;
#7569 = AXIS2_PLACEMENT_3D ( 'NONE', #8669, #8699, #4544 ) ;
#7570 = AXIS2_PLACEMENT_3D ( 'NONE', #6606, #3802, #7318 ) ;
#7571 = VECTOR ( 'NONE', #2423, 1000.000000000000227 ) ;
#7572 = CARTESIAN_POINT ( 'NONE',  ( 4.640623213158056259, 1.454481075262610501, 2.901623213158056380 ) ) ;
#7573 = ORIENTED_EDGE ( 'NONE', *, *, #691, .T. ) ;
#7574 = ORIENTED_EDGE ( 'NONE', *, *, #4745, .F. ) ;
#7575 = CARTESIAN_POINT ( 'NONE',  ( 0.9470000000000003970, 0.6500000000000000222, 0.5544999999999994378 ) ) ;
#7576 = CARTESIAN_POINT ( 'NONE',  ( 0.8057526820886826702, 0.6000000000000000888, 0.1057526820886827007 ) ) ;
#7577 = EDGE_CURVE ( 'NONE', #1865, #6733, #6193, .T. ) ;
#7578 = EDGE_CURVE ( 'NONE', #1794, #5759, #8969, .T. ) ;
#7579 = ORIENTED_EDGE ( 'NONE', *, *, #6654, .T. ) ;
#7580 = CARTESIAN_POINT ( 'NONE',  ( 0.8245000000000001217, 0.9399999999999998357, 0.000000000000000000 ) ) ;
#7581 = LINE ( 'NONE', #6486, #9015 ) ;
#7582 = ORIENTED_EDGE ( 'NONE', *, *, #6574, .T. ) ;
#7583 = DIRECTION ( 'NONE',  ( 0.000000000000000000, 0.000000000000000000, 1.000000000000000000 ) ) ;
#7584 = DIRECTION ( 'NONE',  ( 0.000000000000000000, 0.1045284632676540260, 0.9945218953682732899 ) ) ;
#7585 = EDGE_LOOP ( 'NONE', ( #1270, #1167, #4316, #7359 ) ) ;
#7586 = DIRECTION ( 'NONE',  ( 0.000000000000000000, -0.9945218953682732899, -0.1045284632676540260 ) ) ;
#7587 = VERTEX_POINT ( 'NONE', #4503 ) ;
#7588 = ORIENTED_EDGE ( 'NONE', *, *, #4304, .F. ) ;
#7589 = ORIENTED_EDGE ( 'NONE', *, *, #5577, .F. ) ;
#7590 = CARTESIAN_POINT ( 'NONE',  ( 4.142000000000000348, 0.5999999999999998668, 2.205499999999999794 ) ) ;
#7591 = EDGE_CURVE ( 'NONE', #4965, #6180, #7310, .T. ) ;
#7592 = ORIENTED_EDGE ( 'NONE', *, *, #3410, .T. ) ;
#7593 = MECHANICAL_DESIGN_GEOMETRIC_PRESENTATION_REPRESENTATION (  '', ( #8759 ), #414 ) ;
#7594 = LINE ( 'NONE', #1964, #5711 ) ;
#7595 = VERTEX_POINT ( 'NONE', #5954 ) ;
#7596 = VERTEX_POINT ( 'NONE', #8720 ) ;
#7597 = ORIENTED_EDGE ( 'NONE', *, *, #2133, .T. ) ;
#7598 = CARTESIAN_POINT ( 'NONE',  ( 3.594500000000000028, 0.9399999999999998357, 0.000000000000000000 ) ) ;
#7599 = VERTEX_POINT ( 'NONE', #1722 ) ;
#7600 = DIRECTION ( 'NONE',  ( 0.000000000000000000, 0.1045284632676540260, -0.9945218953682732899 ) ) ;
#7601 = ORIENTED_EDGE ( 'NONE', *, *, #4038, .T. ) ;
#7602 = DIRECTION ( 'NONE',  ( 1.000000000000000000, -0.000000000000000000, -0.000000000000000000 ) ) ;
#7603 = ORIENTED_EDGE ( 'NONE', *, *, #6720, .F. ) ;
#7604 = VECTOR ( 'NONE', #5542, 1000.000000000000000 ) ;
#7605 = ORIENTED_EDGE ( 'NONE', *, *, #3369, .F. ) ;
#7606 = ADVANCED_FACE ( 'NONE', ( #7410 ), #8745, .T. ) ;
#7607 = CARTESIAN_POINT ( 'NONE',  ( 2.094500000000000028, 0.8996209656617012440, 3.189074965230504599 ) ) ;
#7608 = ORIENTED_EDGE ( 'NONE', *, *, #4885, .F. ) ;
#7609 = DIRECTION ( 'NONE',  ( -1.000000000000000000, 0.000000000000000000, 0.000000000000000000 ) ) ;
#7610 = EDGE_LOOP ( 'NONE', ( #2246, #2543, #949, #4468 ) ) ;
#7611 = CARTESIAN_POINT ( 'NONE',  ( 1.324500000000000233, 0.7523999999999998467, 3.522613783243200292 ) ) ;
#7612 = CARTESIAN_POINT ( 'NONE',  ( 1.094500000000000028, 0.6749881066967827747, 3.950000000000000178 ) ) ;
#7613 = EDGE_CURVE ( 'NONE', #1745, #1262, #3373, .T. ) ;
#7614 = CARTESIAN_POINT ( 'NONE',  ( 3.324500000000000011, 1.071938878923327065, 3.285312666603656062 ) ) ;
#7615 = EDGE_CURVE ( 'NONE', #5168, #1794, #3481, .T. ) ;
#7616 = ORIENTED_EDGE ( 'NONE', *, *, #8873, .F. ) ;
#7617 = PLANE ( 'NONE',  #637 ) ;
#7618 = DIRECTION ( 'NONE',  ( 0.000000000000000000, 0.000000000000000000, -1.000000000000000000 ) ) ;
#7619 = ORIENTED_EDGE ( 'NONE', *, *, #8269, .F. ) ;
#7620 = EDGE_CURVE ( 'NONE', #8970, #2197, #2064, .T. ) ;
#7621 = DIRECTION ( 'NONE',  ( 0.000000000000000000, 0.000000000000000000, -1.000000000000000000 ) ) ;
#7622 = DIRECTION ( 'NONE',  ( -0.000000000000000000, 0.1045284632676540260, -0.9945218953682732899 ) ) ;
#7623 = CARTESIAN_POINT ( 'NONE',  ( 1.094500000000000028, 1.119999999999999885, 0.000000000000000000 ) ) ;
#7624 = AXIS2_PLACEMENT_3D ( 'NONE', #464, #1189, #8132 ) ;
#7625 = ORIENTED_EDGE ( 'NONE', *, *, #568, .F. ) ;
#7626 = CARTESIAN_POINT ( 'NONE',  ( 2.594500000000000028, 0.7125687761248743479, -0.5924438146274771944 ) ) ;
#7627 = DIRECTION ( 'NONE',  ( 0.000000000000000000, -0.1045284632676515280, 0.9945218953682736229 ) ) ;
#7628 = VECTOR ( 'NONE', #3090, 1000.000000000000114 ) ;
#7629 = EDGE_CURVE ( 'NONE', #1160, #2022, #8850, .T. ) ;
#7630 = DIRECTION ( 'NONE',  ( 1.000000000000000000, 0.000000000000000000, 0.000000000000000000 ) ) ;
#7631 = COLOUR_RGB ( '',0.8941176470588234615, 0.9137254901960784048, 0.9294117647058823817 ) ;
#7632 = EDGE_CURVE ( 'NONE', #8165, #268, #4870, .T. ) ;
#7633 = CARTESIAN_POINT ( 'NONE',  ( 4.624035241003919161, 0.6199999999999998845, 3.000000000000000000 ) ) ;
#7634 = ORIENTED_EDGE ( 'NONE', *, *, #1715, .F. ) ;
#7635 = CARTESIAN_POINT ( 'NONE',  ( 2.594500000000000028, 1.071938878923327065, 3.285312666603656062 ) ) ;
#7636 = LINE ( 'NONE', #525, #1852 ) ;
#7637 = DIRECTION ( 'NONE',  ( -1.000000000000000000, -0.000000000000000000, -0.000000000000000000 ) ) ;
#7638 = DIRECTION ( 'NONE',  ( -2.824178620696807171E-17, -1.000000000000000000, -0.000000000000000000 ) ) ;
#7639 = VERTEX_POINT ( 'NONE', #8805 ) ;
#7641 = ORIENTED_EDGE ( 'NONE', *, *, #2299, .T. ) ;
#7640 = DIRECTION ( 'NONE',  ( 0.000000000000000000, 0.8028287771104243298, 0.5962096566170164147 ) ) ;
#7642 = LINE ( 'NONE', #7344, #1101 ) ;
#7643 = CARTESIAN_POINT ( 'NONE',  ( 1.347000000000000641, 0.5999999999999999778, 0.5544999999999995488 ) ) ;
#7644 = ORIENTED_EDGE ( 'NONE', *, *, #7446, .T. ) ;
#7645 = CARTESIAN_POINT ( 'NONE',  ( 0.7983767868419441305, 1.454481075262610501, 0.09837678684194328671 ) ) ;
#7646 = LINE ( 'NONE', #3521, #6643 ) ;
#7647 = ADVANCED_FACE ( 'NONE', ( #337 ), #3139, .F. ) ;
#7648 = VERTEX_POINT ( 'NONE', #5866 ) ;
#7649 = DIRECTION ( 'NONE',  ( 0.000000000000000000, 0.000000000000000000, -1.000000000000000000 ) ) ;
#7650 = CARTESIAN_POINT ( 'NONE',  ( 1.824500000000000233, 0.9399999999999998357, 3.000000000000000000 ) ) ;
#7651 = EDGE_LOOP ( 'NONE', ( #2163, #7501, #3709, #2340 ) ) ;
#7652 = LINE ( 'NONE', #1678, #5767 ) ;
#7653 = DIRECTION ( 'NONE',  ( 1.000000000000000000, -0.000000000000000000, -0.000000000000000000 ) ) ;
#7654 = CARTESIAN_POINT ( 'NONE',  ( 4.492000000000000881, 0.5999999999999998668, 2.205500000000000238 ) ) ;
#7655 = CARTESIAN_POINT ( 'NONE',  ( 4.624035241003918273, 1.459999999999999964, 0.1149647589960807736 ) ) ;
#7656 = VECTOR ( 'NONE', #6253, 1000.000000000000000 ) ;
#7657 = CARTESIAN_POINT ( 'NONE',  ( 1.594500000000000028, 0.5335548349585852446, 3.573628691239299382 ) ) ;
#7658 = LINE ( 'NONE', #4127, #676 ) ;
#7659 = AXIS2_PLACEMENT_3D ( 'NONE', #406, #3855, #1102 ) ;
#7660 = PLANE ( 'NONE',  #130 ) ;
#7661 = EDGE_CURVE ( 'NONE', #184, #3584, #5420, .T. ) ;
#7662 = CARTESIAN_POINT ( 'NONE',  ( 4.324500000000000455, 0.8996209656617012440, -0.1890749652305044881 ) ) ;
#7663 = FACE_OUTER_BOUND ( 'NONE', #7068, .T. ) ;
#7664 =( NAMED_UNIT ( * ) SI_UNIT ( $, .STERADIAN. ) SOLID_ANGLE_UNIT ( ) );
#7665 = DIRECTION ( 'NONE',  ( 0.000000000000000000, 0.000000000000000000, 1.000000000000000000 ) ) ;
#7666 = FACE_OUTER_BOUND ( 'NONE', #6239, .T. ) ;
#7667 = DIRECTION ( 'NONE',  ( -1.000000000000000000, 0.000000000000000000, 0.000000000000000000 ) ) ;
#7668 = CIRCLE ( 'NONE', #5816, 0.09999999999999993616 ) ;
#7669 = DIRECTION ( 'NONE',  ( 1.000000000000000000, -0.000000000000000000, -0.000000000000000000 ) ) ;
#7670 = LINE ( 'NONE', #720, #4044 ) ;
#7671 = CARTESIAN_POINT ( 'NONE',  ( 3.594500000000000028, 0.8120209656617016769, -0.6028966609542426580 ) ) ;
#7672 = DIRECTION ( 'NONE',  ( -1.000000000000000000, 0.000000000000000000, 0.000000000000000000 ) ) ;
#7673 = ORIENTED_EDGE ( 'NONE', *, *, #6445, .F. ) ;
#7674 = PLANE ( 'NONE',  #8594 ) ;
#7676 = EDGE_CURVE ( 'NONE', #3775, #5751, #433, .T. ) ;
#7675 = PLANE ( 'NONE',  #7759 ) ;
#7677 = AXIS2_PLACEMENT_3D ( 'NONE', #5581, #2807, #1445 ) ;
#7678 = VERTEX_POINT ( 'NONE', #3173 ) ;
#7679 = LINE ( 'NONE', #2081, #3520 ) ;
#7680 =( GEOMETRIC_REPRESENTATION_CONTEXT ( 3 ) GLOBAL_UNCERTAINTY_ASSIGNED_CONTEXT ( ( #4775 ) ) GLOBAL_UNIT_ASSIGNED_CONTEXT ( ( #79, #777, #4195 ) ) REPRESENTATION_CONTEXT ( 'NONE', 'WORKASPACE' ) );
#7681 = CARTESIAN_POINT ( 'NONE',  ( 2.824500000000000011, 0.8996209656617012440, -0.1890749652305044881 ) ) ;
#7682 = AXIS2_PLACEMENT_3D ( 'NONE', #4091, #4060, #2002 ) ;
#7683 = LINE ( 'NONE', #4693, #6673 ) ;
#7684 = EDGE_LOOP ( 'NONE', ( #8586, #8701, #3053, #4082, #4128, #198, #8543, #6698, #5448, #701, #3097, #162, #5256, #6962, #4560, #5652, #7601, #7875, #8376, #2905 ) ) ;
#7685 = CARTESIAN_POINT ( 'NONE',  ( 4.324500000000000455, 0.5335548349585852446, -0.5736286912392993820 ) ) ;
#7686 = ORIENTED_EDGE ( 'NONE', *, *, #9058, .F. ) ;
#7687 = CARTESIAN_POINT ( 'NONE',  ( 0.8245000000000001217, 0.6749881066967827747, 3.950000000000000178 ) ) ;
#7688 = ADVANCED_FACE ( 'NONE', ( #5527 ), #5841, .F. ) ;
#7689 = CARTESIAN_POINT ( 'NONE',  ( 1.594500000000000028, 1.071938878923327065, -0.2853126666036561732 ) ) ;
#7690 = ORIENTED_EDGE ( 'NONE', *, *, #4507, .F. ) ;
#7691 = LINE ( 'NONE', #7311, #5570 ) ;
#7692 = ORIENTED_EDGE ( 'NONE', *, *, #2754, .F. ) ;
#7693 = EDGE_CURVE ( 'NONE', #4302, #1708, #3145, .T. ) ;
#7694 = CARTESIAN_POINT ( 'NONE',  ( 3.824500000000000011, 0.6450822618089369076, 3.378104603363324188 ) ) ;
#7695 = DIRECTION ( 'NONE',  ( 1.000000000000000000, 0.000000000000000000, 2.710505431213760099E-16 ) ) ;
#7696 = DIRECTION ( 'NONE',  ( 0.000000000000000000, 0.9729913731149246736, -0.2308414777372849447 ) ) ;
#7697 = DIRECTION ( 'NONE',  ( 0.000000000000000000, 0.000000000000000000, 1.000000000000000000 ) ) ;
#7698 = AXIS2_PLACEMENT_3D ( 'NONE', #153, #7153, #8481 ) ;
#7699 = PRODUCT_DEFINITION_CONTEXT ( 'detailed design', #6550, 'design' ) ;
#7700 = PLANE ( 'NONE',  #589 ) ;
#7701 = VERTEX_POINT ( 'NONE', #7298 ) ;
#7702 = VERTEX_POINT ( 'NONE', #2477 ) ;
#7703 = COLOUR_RGB ( '',0.1098039215686274495, 0.1098039215686274495, 0.1098039215686274495 ) ;
#7704 = DIRECTION ( 'NONE',  ( 0.000000000000000000, 0.8028287771104243298, 0.5962096566170163037 ) ) ;
#7705 = ORIENTED_EDGE ( 'NONE', *, *, #2262, .F. ) ;
#7706 = ADVANCED_FACE ( 'NONE', ( #8084 ), #7267, .F. ) ;
#7707 = DIRECTION ( 'NONE',  ( -1.000000000000000000, 0.000000000000000000, -1.548860246407862350E-15 ) ) ;
#7708 = DIRECTION ( 'NONE',  ( 1.000000000000000000, 0.000000000000000000, 1.536785503168681241E-16 ) ) ;
#7709 = EDGE_CURVE ( 'NONE', #4243, #503, #328, .T. ) ;
#7710 = PLANE ( 'NONE',  #490 ) ;
#7711 = DIRECTION ( 'NONE',  ( 1.000000000000000000, -0.000000000000000000, -0.000000000000000000 ) ) ;
#7712 = VECTOR ( 'NONE', #4595, 1000.000000000000000 ) ;
#7713 = DIRECTION ( 'NONE',  ( 1.000000000000000000, 0.000000000000000000, 0.000000000000000000 ) ) ;
#7714 = ORIENTED_EDGE ( 'NONE', *, *, #4618, .T. ) ;
#7715 = ORIENTED_EDGE ( 'NONE', *, *, #7451, .T. ) ;
#7716 = CARTESIAN_POINT ( 'NONE',  ( 2.094500000000000028, 0.5335548349585852446, -0.5736286912392993820 ) ) ;
#7717 = EDGE_LOOP ( 'NONE', ( #5158, #8215, #9008, #7820 ) ) ;
#7718 = CARTESIAN_POINT ( 'NONE',  ( 1.594500000000000028, 0.7125687761248743479, -0.5924438146274771944 ) ) ;
#7719 = EDGE_LOOP ( 'NONE', ( #4394, #7263, #5261, #3168 ) ) ;
#7720 = DIRECTION ( 'NONE',  ( 1.000000000000000000, -0.000000000000000000, -0.000000000000000000 ) ) ;
#7721 = VERTEX_POINT ( 'NONE', #6823 ) ;
#7722 = VECTOR ( 'NONE', #2396, 1000.000000000000000 ) ;
#7723 = VERTEX_POINT ( 'NONE', #2388 ) ;
#7724 = ORIENTED_EDGE ( 'NONE', *, *, #808, .T. ) ;
#7725 = CARTESIAN_POINT ( 'NONE',  ( 0.6999999999999998446, 1.119999999999999885, 0.000000000000000000 ) ) ;
#7726 = FACE_OUTER_BOUND ( 'NONE', #5589, .T. ) ;
#7727 = VERTEX_POINT ( 'NONE', #1251 ) ;
#7728 = CARTESIAN_POINT ( 'NONE',  ( 2.094500000000000028, 0.6450822618089369076, 3.378104603363324188 ) ) ;
#7729 = AXIS2_PLACEMENT_3D ( 'NONE', #163, #5697, #7133 ) ;
#7730 = DIRECTION ( 'NONE',  ( 1.000000000000000000, -0.000000000000000000, -0.000000000000000000 ) ) ;
#7731 = VECTOR ( 'NONE', #621, 1000.000000000000000 ) ;
#7732 = AXIS2_PLACEMENT_3D ( 'NONE', #3639, #2234, #7090 ) ;
#7733 = DIRECTION ( 'NONE',  ( 1.000000000000000000, -0.000000000000000000, -0.000000000000000000 ) ) ;
#7734 = ORIENTED_EDGE ( 'NONE', *, *, #6854, .T. ) ;
#7735 = DIRECTION ( 'NONE',  ( -1.000000000000000000, 0.000000000000000000, -1.579893876117310207E-16 ) ) ;
#7736 = VERTEX_POINT ( 'NONE', #4705 ) ;
#7737 = PLANE ( 'NONE',  #2917 ) ;
#7738 = ORIENTED_EDGE ( 'NONE', *, *, #249, .F. ) ;
#7739 = DIRECTION ( 'NONE',  ( 0.000000000000000000, 0.000000000000000000, 1.000000000000000000 ) ) ;
#7740 = DIRECTION ( 'NONE',  ( 0.000000000000000000, 0.000000000000000000, 1.000000000000000000 ) ) ;
#7741 = CARTESIAN_POINT ( 'NONE',  ( 1.297000000000000597, 0.6500000000000000222, 0.7944999999999997620 ) ) ;
#7742 = ADVANCED_FACE ( 'NONE', ( #4452 ), #5640, .F. ) ;
#7743 = CARTESIAN_POINT ( 'NONE',  ( 0.8245000000000001217, 0.8399999999999998579, 3.108792087519462122 ) ) ;
#7744 = CARTESIAN_POINT ( 'NONE',  ( 1.324500000000000233, 0.9399999999999998357, 3.000000000000000000 ) ) ;
#7745 = AXIS2_PLACEMENT_3D ( 'NONE', #6906, #7007, #2828 ) ;
#7746 = AXIS2_PLACEMENT_3D ( 'NONE', #4277, #709, #1519 ) ;
#7747 = ORIENTED_EDGE ( 'NONE', *, *, #1230, .F. ) ;
#7748 = FILL_AREA_STYLE_COLOUR ( '', #2615 ) ;
#7749 = LINE ( 'NONE', #8144, #5849 ) ;
#7750 = DIRECTION ( 'NONE',  ( 0.000000000000000000, 0.000000000000000000, 1.000000000000000000 ) ) ;
#7751 = FACE_OUTER_BOUND ( 'NONE', #7260, .T. ) ;
#7752 = DIRECTION ( 'NONE',  ( 1.000000000000000000, 0.000000000000000000, 0.000000000000000000 ) ) ;
#7753 = ADVANCED_FACE ( 'NONE', ( #6185 ), #6731, .F. ) ;
#7754 = EDGE_CURVE ( 'NONE', #3101, #1639, #7523, .T. ) ;
#7755 = EDGE_LOOP ( 'NONE', ( #1811, #2687, #3197, #7597 ) ) ;
#7756 = CARTESIAN_POINT ( 'NONE',  ( 1.094500000000000028, 1.071938878923327065, 3.285312666603656062 ) ) ;
#7757 = DIRECTION ( 'NONE',  ( 0.000000000000000000, 0.000000000000000000, 1.000000000000000000 ) ) ;
#7758 = FACE_OUTER_BOUND ( 'NONE', #5342, .T. ) ;
#7759 = AXIS2_PLACEMENT_3D ( 'NONE', #6321, #6993, #1487 ) ;
#7760 = CARTESIAN_POINT ( 'NONE',  ( 0.8245000000000001217, 0.5335548349585852446, 3.573628691239299382 ) ) ;
#7761 = VECTOR ( 'NONE', #8896, 1000.000000000000000 ) ;
#7762 = CARTESIAN_POINT ( 'NONE',  ( 4.092000000000001414, 0.5999999999999999778, 2.325499999999999012 ) ) ;
#7763 = CARTESIAN_POINT ( 'NONE',  ( 4.594500000000000028, 0.7125687761248744589, -0.5924438146274771944 ) ) ;
#7764 = EDGE_CURVE ( 'NONE', #1865, #8937, #4342, .T. ) ;
#7765 = EDGE_CURVE ( 'NONE', #1495, #5143, #1521, .T. ) ;
#7766 = LINE ( 'NONE', #4576, #7096 ) ;
#7767 = FACE_OUTER_BOUND ( 'NONE', #428, .T. ) ;
#7768 = PLANE ( 'NONE',  #3257 ) ;
#7769 = CARTESIAN_POINT ( 'NONE',  ( 2.824500000000000011, 0.8120209656617016769, 3.602896660954242769 ) ) ;
#7770 = EDGE_LOOP ( 'NONE', ( #8573, #3759, #4607, #2563 ) ) ;
#7771 = CARTESIAN_POINT ( 'NONE',  ( 1.824500000000000233, 0.8120209656617016769, -0.6028966609542426580 ) ) ;
#7772 = LINE ( 'NONE', #6615, #2401 ) ;
#7773 = ORIENTED_EDGE ( 'NONE', *, *, #3678, .T. ) ;
#7774 = DIRECTION ( 'NONE',  ( 1.000000000000000000, -2.824178620696807171E-17, 8.306407707931765496E-18 ) ) ;
#7775 = FILL_AREA_STYLE_COLOUR ( '', #1555 ) ;
#7776 = DIRECTION ( 'NONE',  ( 0.000000000000000000, 0.000000000000000000, -1.000000000000000000 ) ) ;
#7777 = LINE ( 'NONE', #3153, #5662 ) ;
#7778 = VERTEX_POINT ( 'NONE', #4039 ) ;
#7779 = FACE_OUTER_BOUND ( 'NONE', #3256, .T. ) ;
#7780 = EDGE_CURVE ( 'NONE', #6637, #227, #8199, .T. ) ;
#7781 = DIRECTION ( 'NONE',  ( 0.000000000000000000, 0.2308414777372849447, 0.9729913731149246736 ) ) ;
#7782 = AXIS2_PLACEMENT_3D ( 'NONE', #4737, #7602, #5547 ) ;
#7783 = UNCERTAINTY_MEASURE_WITH_UNIT (LENGTH_MEASURE( 1.000000000000000082E-05 ), #5422, 'distance_accuracy_value', 'NONE');
#7784 = VECTOR ( 'NONE', #5863, 999.9999999999998863 ) ;
#7785 = DIRECTION ( 'NONE',  ( 1.000000000000000000, -0.000000000000000000, -0.000000000000000000 ) ) ;
#7786 = LINE ( 'NONE', #5612, #6446 ) ;
#7787 = LINE ( 'NONE', #2372, #5885 ) ;
#7788 = LINE ( 'NONE', #8514, #8110 ) ;
#7789 = CARTESIAN_POINT ( 'NONE',  ( 1.324500000000000233, 0.8120209656617016769, -0.6028966609542426580 ) ) ;
#7790 = VECTOR ( 'NONE', #6350, 1000.000000000000227 ) ;
#7791 = DIRECTION ( 'NONE',  ( 0.000000000000000000, 0.000000000000000000, 1.000000000000000000 ) ) ;
#7792 = CYLINDRICAL_SURFACE ( 'NONE', #7388, 0.2799999999999998601 ) ;
#7793 = LINE ( 'NONE', #6796, #5446 ) ;
#7794 = CARTESIAN_POINT ( 'NONE',  ( 4.324500000000000455, 0.8996209656617012440, 3.189074965230504599 ) ) ;
#7795 = ORIENTED_EDGE ( 'NONE', *, *, #3538, .F. ) ;
#7796 = EDGE_CURVE ( 'NONE', #4099, #8025, #8532, .T. ) ;
#7797 = VERTEX_POINT ( 'NONE', #8869 ) ;
#7798 = CARTESIAN_POINT ( 'NONE',  ( 2.594500000000000028, 0.9399999999999997247, 3.108792087519461678 ) ) ;
#7799 = ADVANCED_FACE ( 'NONE', ( #6628 ), #5330, .F. ) ;
#7800 = CARTESIAN_POINT ( 'NONE',  ( 4.324500000000000455, 0.6450822618089369076, 3.378104603363324188 ) ) ;
#7801 = ORIENTED_EDGE ( 'NONE', *, *, #2951, .F. ) ;
#7802 = EDGE_CURVE ( 'NONE', #8487, #8015, #5749, .T. ) ;
#7803 = DIRECTION ( 'NONE',  ( 0.000000000000000000, 0.000000000000000000, 1.000000000000000000 ) ) ;
#7804 = ORIENTED_EDGE ( 'NONE', *, *, #4507, .T. ) ;
#7805 = DIRECTION ( 'NONE',  ( 0.000000000000000000, 0.8028287771104243298, -0.5962096566170163037 ) ) ;
#7806 = FACE_OUTER_BOUND ( 'NONE', #3848, .T. ) ;
#7807 = ORIENTED_EDGE ( 'NONE', *, *, #1830, .T. ) ;
#7808 = DIRECTION ( 'NONE',  ( 0.000000000000000000, -0.9945218953682732899, 0.1045284632676540260 ) ) ;
#7809 = ORIENTED_EDGE ( 'NONE', *, *, #7408, .T. ) ;
#7810 = EDGE_CURVE ( 'NONE', #7702, #8826, #4989, .T. ) ;
#7811 = ORIENTED_EDGE ( 'NONE', *, *, #3596, .T. ) ;
#7812 = VECTOR ( 'NONE', #6596, 1000.000000000000000 ) ;
#7813 = ORIENTED_EDGE ( 'NONE', *, *, #3464, .F. ) ;
#7814 = EDGE_CURVE ( 'NONE', #2898, #1310, #126, .T. ) ;
#7815 = DIRECTION ( 'NONE',  ( -1.000000000000000000, -0.000000000000000000, -0.000000000000000000 ) ) ;
#7816 = ORIENTED_EDGE ( 'NONE', *, *, #2481, .F. ) ;
#7817 = EDGE_CURVE ( 'NONE', #786, #1415, #6085, .T. ) ;
#7818 = VERTEX_POINT ( 'NONE', #8837 ) ;
#7819 = CARTESIAN_POINT ( 'NONE',  ( 2.824500000000000011, 1.119999999999999885, 0.000000000000000000 ) ) ;
#7820 = ORIENTED_EDGE ( 'NONE', *, *, #7114, .T. ) ;
#7821 = DIRECTION ( 'NONE',  ( 0.000000000000000000, -0.1045284632676515141, 0.9945218953682735119 ) ) ;
#7822 = ORIENTED_EDGE ( 'NONE', *, *, #9061, .F. ) ;
#7823 = AXIS2_PLACEMENT_3D ( 'NONE', #7922, #3726, #3674 ) ;
#7824 =( NAMED_UNIT ( * ) PLANE_ANGLE_UNIT ( ) SI_UNIT ( $, .RADIAN. ) );
#7825 = ORIENTED_EDGE ( 'NONE', *, *, #6854, .F. ) ;
#7826 = CARTESIAN_POINT ( 'NONE',  ( 4.594500000000000028, 0.4984000000000007313, 3.908104603363323548 ) ) ;
#7827 = VECTOR ( 'NONE', #7422, 1000.000000000000000 ) ;
#7828 = CARTESIAN_POINT ( 'NONE',  ( 4.142000000000000348, 0.6500000000000000222, 2.205499999999999794 ) ) ;
#7829 = ORIENTED_EDGE ( 'NONE', *, *, #633, .T. ) ;
#7830 = CARTESIAN_POINT ( 'NONE',  ( 3.824500000000000011, 0.4984000000000007313, 3.908104603363323548 ) ) ;
#7831 = VERTEX_POINT ( 'NONE', #6758 ) ;
#7832 = CARTESIAN_POINT ( 'NONE',  ( 4.094500000000000028, 0.9399999999999998357, 0.000000000000000000 ) ) ;
#7833 = ORIENTED_EDGE ( 'NONE', *, *, #2577, .T. ) ;
#7834 = CARTESIAN_POINT ( 'NONE',  ( 3.324500000000000011, 0.6749881066967827747, -0.9500000000000002887 ) ) ;
#7835 = ORIENTED_EDGE ( 'NONE', *, *, #3121, .F. ) ;
#7836 = CARTESIAN_POINT ( 'NONE',  ( 2.824500000000000011, 0.9399999999999998357, 0.000000000000000000 ) ) ;
#7837 = ORIENTED_EDGE ( 'NONE', *, *, #7970, .T. ) ;
#7838 = LINE ( 'NONE', #3913, #4739 ) ;
#7839 = ORIENTED_EDGE ( 'NONE', *, *, #3018, .F. ) ;
#7840 = VERTEX_POINT ( 'NONE', #8137 ) ;
#7841 = ORIENTED_EDGE ( 'NONE', *, *, #3174, .T. ) ;
#7842 = ADVANCED_FACE ( 'NONE', ( #1193 ), #7660, .F. ) ;
#7843 = VECTOR ( 'NONE', #1017, 999.9999999999998863 ) ;
#7844 = CARTESIAN_POINT ( 'NONE',  ( 3.324500000000000011, 0.8399999999999998579, 3.108792087519462122 ) ) ;
#7845 = CARTESIAN_POINT ( 'NONE',  ( 4.324500000000000455, 0.6749881066967827747, 3.950000000000000178 ) ) ;
#7846 = AXIS2_PLACEMENT_3D ( 'NONE', #7510, #6113, #536 ) ;
#7847 = ORIENTED_EDGE ( 'NONE', *, *, #6961, .F. ) ;
#7848 = ORIENTED_EDGE ( 'NONE', *, *, #6091, .T. ) ;
#7849 = ORIENTED_EDGE ( 'NONE', *, *, #2764, .T. ) ;
#7850 = AXIS2_PLACEMENT_3D ( 'NONE', #7671, #8359, #1412 ) ;
#7851 = DIRECTION ( 'NONE',  ( 0.000000000000000000, 0.9945218953682735119, -0.1045284632676515141 ) ) ;
#7852 = DIRECTION ( 'NONE',  ( -1.000000000000000000, 0.000000000000000000, 0.000000000000000000 ) ) ;
#7853 = DIRECTION ( 'NONE',  ( 2.710505431213760099E-16, -7.654951490116482308E-33, -1.000000000000000000 ) ) ;
#7854 = PRESENTATION_STYLE_ASSIGNMENT (( #4111 ) ) ;
#7855 = CARTESIAN_POINT ( 'NONE',  ( 4.324500000000000455, 0.6450822618089369076, -0.3781046033633239101 ) ) ;
#7856 = VERTEX_POINT ( 'NONE', #6201 ) ;
#7857 =( GEOMETRIC_REPRESENTATION_CONTEXT ( 3 ) GLOBAL_UNCERTAINTY_ASSIGNED_CONTEXT ( ( #2902 ) ) GLOBAL_UNIT_ASSIGNED_CONTEXT ( ( #6420, #2949, #8462 ) ) REPRESENTATION_CONTEXT ( 'NONE', 'WORKASPACE' ) );
#7858 = FACE_OUTER_BOUND ( 'NONE', #3416, .T. ) ;
#7859 = CARTESIAN_POINT ( 'NONE',  ( 0.9470000000000003970, 0.6500000000000000222, 0.7944999999999992069 ) ) ;
#7860 = AXIS2_PLACEMENT_3D ( 'NONE', #1523, #5679, #2986 ) ;
#7861 = VECTOR ( 'NONE', #6141, 1000.000000000000000 ) ;
#7862 =( GEOMETRIC_REPRESENTATION_CONTEXT ( 3 ) GLOBAL_UNCERTAINTY_ASSIGNED_CONTEXT ( ( #8576 ) ) GLOBAL_UNIT_ASSIGNED_CONTEXT ( ( #5994, #1848, #480 ) ) REPRESENTATION_CONTEXT ( 'NONE', 'WORKASPACE' ) );
#7863 = ADVANCED_FACE ( 'NONE', ( #2829 ), #2104, .T. ) ;
#7864 = DIRECTION ( 'NONE',  ( 1.000000000000000000, -0.000000000000000000, -0.000000000000000000 ) ) ;
#7865 = EDGE_LOOP ( 'NONE', ( #4715, #1806, #7813, #8725 ) ) ;
#7866 = COLOUR_RGB ( '',0.8941176470588234615, 0.9137254901960784048, 0.9294117647058823817 ) ;
#7867 = DIRECTION ( 'NONE',  ( 0.000000000000000000, 0.5962096566170173029, -0.8028287771104236636 ) ) ;
#7868 = CIRCLE ( 'NONE', #5432, 0.1200000000000000233 ) ;
#7869 = EDGE_CURVE ( 'NONE', #3004, #6496, #774, .T. ) ;
#7870 = ORIENTED_EDGE ( 'NONE', *, *, #3222, .T. ) ;
#7871 = ORIENTED_EDGE ( 'NONE', *, *, #5370, .F. ) ;
#7872 = VERTEX_POINT ( 'NONE', #6236 ) ;
#7873 = VECTOR ( 'NONE', #2195, 1000.000000000000000 ) ;
#7874 = CARTESIAN_POINT ( 'NONE',  ( 0.8000000000000003775, 1.459999999999999964, 0.1149647589960807736 ) ) ;
#7875 = ORIENTED_EDGE ( 'NONE', *, *, #6028, .T. ) ;
#7876 = SURFACE_STYLE_FILL_AREA ( #6562 ) ;
#7877 = EDGE_CURVE ( 'NONE', #5187, #3654, #2393, .T. ) ;
#7878 = ORIENTED_EDGE ( 'NONE', *, *, #8467, .T. ) ;
#7879 = VECTOR ( 'NONE', #7052, 1000.000000000000000 ) ;
#7880 = EDGE_CURVE ( 'NONE', #5903, #4184, #8296, .T. ) ;
#7881 = CARTESIAN_POINT ( 'NONE',  ( 3.594500000000000028, 0.8120209656617016769, 3.602896660954242769 ) ) ;
#7882 = ADVANCED_FACE ( 'NONE', ( #7302 ), #597, .F. ) ;
#7883 = CARTESIAN_POINT ( 'NONE',  ( 3.094500000000000028, 0.8120209656617016769, 3.602896660954242769 ) ) ;
#7884 = VECTOR ( 'NONE', #3534, 1000.000000000000114 ) ;
#7885 = VECTOR ( 'NONE', #1352, 1000.000000000000000 ) ;
#7886 = CARTESIAN_POINT ( 'NONE',  ( 4.092000000000001414, 0.5999999999999998668, 0.6745000000000010987 ) ) ;
#7887 = PLANE ( 'NONE',  #5458 ) ;
#7888 = CARTESIAN_POINT ( 'NONE',  ( 1.347000000000000641, 0.6500000000000000222, 0.6745000000000007656 ) ) ;
#7889 = ORIENTED_EDGE ( 'NONE', *, *, #2937, .F. ) ;
#7890 = CYLINDRICAL_SURFACE ( 'NONE', #4898, 0.09999999999999993616 ) ;
#7891 = LINE ( 'NONE', #8282, #2315 ) ;
#7892 = EDGE_CURVE ( 'NONE', #5035, #7444, #5412, .T. ) ;
#7893 = VECTOR ( 'NONE', #8570, 1000.000000000000000 ) ;
#7894 = LINE ( 'NONE', #6116, #5022 ) ;
#7895 =( NAMED_UNIT ( * ) SI_UNIT ( $, .STERADIAN. ) SOLID_ANGLE_UNIT ( ) );
#7896 = AXIS2_PLACEMENT_3D ( 'NONE', #2505, #4646, #6826 ) ;
#7897 = ORIENTED_EDGE ( 'NONE', *, *, #8229, .T. ) ;
#7898 = CARTESIAN_POINT ( 'NONE',  ( 1.094500000000000028, 0.8399999999999998579, 3.108792087519462122 ) ) ;
#7899 = DIRECTION ( 'NONE',  ( 1.000000000000000000, 0.000000000000000000, 0.000000000000000000 ) ) ;
#7900 = EDGE_LOOP ( 'NONE', ( #2373, #1032 ) ) ;
#7901 = ORIENTED_EDGE ( 'NONE', *, *, #1253, .F. ) ;
#7902 = ORIENTED_EDGE ( 'NONE', *, *, #3020, .F. ) ;
#7903 = CARTESIAN_POINT ( 'NONE',  ( 2.324500000000000011, 0.8120209656617016769, -0.6028966609542426580 ) ) ;
#7904 = LINE ( 'NONE', #1895, #826 ) ;
#7905 = FACE_BOUND ( 'NONE', #7900, .T. ) ;
#7906 = EDGE_LOOP ( 'NONE', ( #2172, #4441, #1301, #5041 ) ) ;
#7907 = ORIENTED_EDGE ( 'NONE', *, *, #8095, .F. ) ;
#7908 = CARTESIAN_POINT ( 'NONE',  ( 2.324500000000000011, 0.6450822618089369076, -0.3781046033633239101 ) ) ;
#7909 = DIRECTION ( 'NONE',  ( 0.000000000000000000, 1.000000000000000000, 0.000000000000000000 ) ) ;
#7910 = EDGE_LOOP ( 'NONE', ( #8431, #4708, #1679, #8620 ) ) ;
#7911 = DIRECTION ( 'NONE',  ( 1.000000000000000000, 0.000000000000000000, 0.000000000000000000 ) ) ;
#7912 = ORIENTED_EDGE ( 'NONE', *, *, #1311, .T. ) ;
#7913 = FACE_OUTER_BOUND ( 'NONE', #645, .T. ) ;
#7914 = AXIS2_PLACEMENT_3D ( 'NONE', #7531, #6911, #5516 ) ;
#7915 = VERTEX_POINT ( 'NONE', #9020 ) ;
#7916 = DIRECTION ( 'NONE',  ( 0.000000000000000000, 0.000000000000000000, -1.000000000000000000 ) ) ;
#7917 = EDGE_CURVE ( 'NONE', #7378, #4965, #1947, .T. ) ;
#7918 = CARTESIAN_POINT ( 'NONE',  ( 4.092000000000001414, 0.6499999999999999112, 2.445500000000000007 ) ) ;
#7919 = ORIENTED_EDGE ( 'NONE', *, *, #3222, .F. ) ;
#7920 = ORIENTED_EDGE ( 'NONE', *, *, #6942, .F. ) ;
#7921 = FACE_OUTER_BOUND ( 'NONE', #3232, .T. ) ;
#7922 = CARTESIAN_POINT ( 'NONE',  ( 4.142000000000000348, 0.6499999999999999112, 2.205499999999999794 ) ) ;
#7923 = ORIENTED_EDGE ( 'NONE', *, *, #14, .T. ) ;
#7924 = EDGE_CURVE ( 'NONE', #850, #1236, #5196, .T. ) ;
#7925 = AXIS2_PLACEMENT_3D ( 'NONE', #3830, #346, #8713 ) ;
#7926 = LINE ( 'NONE', #5505, #6035 ) ;
#7927 = EDGE_LOOP ( 'NONE', ( #9062, #7358, #2781, #942 ) ) ;
#7928 = ADVANCED_FACE ( 'NONE', ( #4549 ), #7700, .F. ) ;
#7929 = ORIENTED_EDGE ( 'NONE', *, *, #6016, .T. ) ;
#7930 = DIRECTION ( 'NONE',  ( 1.000000000000000000, 0.000000000000000000, 0.000000000000000000 ) ) ;
#7931 = DIRECTION ( 'NONE',  ( -2.824178620696807171E-17, -1.000000000000000000, 0.000000000000000000 ) ) ;
#7932 = ORIENTED_EDGE ( 'NONE', *, *, #6285, .T. ) ;
#7933 = VERTEX_POINT ( 'NONE', #631 ) ;
#7934 = EDGE_CURVE ( 'NONE', #7568, #6041, #2708, .T. ) ;
#7935 = DIRECTION ( 'NONE',  ( 0.000000000000000000, 0.000000000000000000, -1.000000000000000000 ) ) ;
#7936 = CARTESIAN_POINT ( 'NONE',  ( 2.824500000000000011, 0.8399999999999998579, 3.108792087519462122 ) ) ;
#7937 = VERTEX_POINT ( 'NONE', #1280 ) ;
#7938 = EDGE_CURVE ( 'NONE', #8051, #3254, #656, .T. ) ;
#7939 = CIRCLE ( 'NONE', #4156, 0.1199999999999998845 ) ;
#7940 = CARTESIAN_POINT ( 'NONE',  ( 4.594500000000000028, 0.7125687761248744589, 3.592443814627477305 ) ) ;
#7941 = ORIENTED_EDGE ( 'NONE', *, *, #6398, .F. ) ;
#7942 = CARTESIAN_POINT ( 'NONE',  ( 4.324500000000000455, 1.119999999999999885, 0.000000000000000000 ) ) ;
#7943 = ORIENTED_EDGE ( 'NONE', *, *, #6380, .F. ) ;
#7944 = MECHANICAL_DESIGN_GEOMETRIC_PRESENTATION_REPRESENTATION (  '', ( #7455 ), #8421 ) ;
#7945 = VECTOR ( 'NONE', #3982, 1000.000000000000000 ) ;
#7946 = EDGE_LOOP ( 'NONE', ( #8388, #4598, #1672, #5171 ) ) ;
#7947 = DIRECTION ( 'NONE',  ( 1.000000000000000000, -0.000000000000000000, -0.000000000000000000 ) ) ;
#7948 = CARTESIAN_POINT ( 'NONE',  ( 3.094500000000000028, 0.9399999999999997247, 3.108792087519461678 ) ) ;
#7949 = DIRECTION ( 'NONE',  ( 0.000000000000000000, 0.000000000000000000, 1.000000000000000000 ) ) ;
#7950 = LINE ( 'NONE', #6168, #94 ) ;
#7951 = DIRECTION ( 'NONE',  ( -0.000000000000000000, 0.000000000000000000, -1.000000000000000000 ) ) ;
#7952 = ORIENTED_EDGE ( 'NONE', *, *, #8698, .T. ) ;
#7953 = DIRECTION ( 'NONE',  ( 1.000000000000000000, -0.000000000000000000, -0.000000000000000000 ) ) ;
#7954 = ORIENTED_EDGE ( 'NONE', *, *, #449, .T. ) ;
#7955 = DIRECTION ( 'NONE',  ( 1.000000000000000000, 0.000000000000000000, 0.000000000000000000 ) ) ;
#7956 = EDGE_CURVE ( 'NONE', #748, #3199, #1088, .T. ) ;
#7957 = VERTEX_POINT ( 'NONE', #6852 ) ;
#7958 = AXIS2_PLACEMENT_3D ( 'NONE', #3805, #8017, #5192 ) ;
#7959 = DIRECTION ( 'NONE',  ( 1.000000000000000000, 0.000000000000000000, 0.000000000000000000 ) ) ;
#7960 = ORIENTED_EDGE ( 'NONE', *, *, #8099, .F. ) ;
#7961 = DIRECTION ( 'NONE',  ( -1.000000000000000000, -0.000000000000000000, -1.548860246407862350E-15 ) ) ;
#7962 = LINE ( 'NONE', #3285, #6063 ) ;
#7963 = ORIENTED_EDGE ( 'NONE', *, *, #5797, .T. ) ;
#7964 = CARTESIAN_POINT ( 'NONE',  ( 3.594500000000000028, 0.4984000000000007313, -0.9081046033633235481 ) ) ;
#7965 = DIRECTION ( 'NONE',  ( 0.000000000000000000, 0.000000000000000000, 1.000000000000000000 ) ) ;
#7966 = CYLINDRICAL_SURFACE ( 'NONE', #672, 0.1200000000000000233 ) ;
#7967 = CARTESIAN_POINT ( 'NONE',  ( 0.8245000000000001217, 1.071938878923327065, 3.285312666603656062 ) ) ;
#7968 = DIRECTION ( 'NONE',  ( 0.000000000000000000, 0.000000000000000000, -1.000000000000000000 ) ) ;
#7969 = FACE_OUTER_BOUND ( 'NONE', #4387, .T. ) ;
#7970 = EDGE_CURVE ( 'NONE', #6397, #786, #4982, .T. ) ;
#7971 = DIRECTION ( 'NONE',  ( 0.000000000000000000, -0.1045284632676515280, -0.9945218953682736229 ) ) ;
#7972 = DIRECTION ( 'NONE',  ( -0.000000000000000000, 1.000000000000000000, -0.000000000000000000 ) ) ;
#7973 = ORIENTED_EDGE ( 'NONE', *, *, #7146, .F. ) ;
#7974 = SURFACE_STYLE_FILL_AREA ( #4453 ) ;
#7975 = CARTESIAN_POINT ( 'NONE',  ( 4.492000000000000881, 0.6499999999999999112, 0.5544999999999998819 ) ) ;
#7976 = EDGE_CURVE ( 'NONE', #2027, #1126, #3137, .T. ) ;
#7977 = CARTESIAN_POINT ( 'NONE',  ( 1.594500000000000028, 0.9399999999999998357, 0.000000000000000000 ) ) ;
#7978 = ADVANCED_FACE ( 'NONE', ( #1405 ), #7737, .F. ) ;
#7979 = CARTESIAN_POINT ( 'NONE',  ( 2.594500000000000028, 1.071938878923327065, -0.2853126666036561732 ) ) ;
#7980 = CARTESIAN_POINT ( 'NONE',  ( 0.8245000000000001217, 0.6450822618089369076, -0.3781046033633239101 ) ) ;
#7981 = EDGE_CURVE ( 'NONE', #4243, #9036, #116, .T. ) ;
#7982 = AXIS2_PLACEMENT_3D ( 'NONE', #7883, #8629, #6494 ) ;
#7983 = CARTESIAN_POINT ( 'NONE',  ( 4.094500000000000028, 1.119999999999999885, 0.000000000000000000 ) ) ;
#7984 = CYLINDRICAL_SURFACE ( 'NONE', #6898, 0.01999999999999999695 ) ;
#7985 = AXIS2_PLACEMENT_3D ( 'NONE', #653, #6977, #2041 ) ;
#7986 = AXIS2_PLACEMENT_3D ( 'NONE', #8222, #8251, #5394 ) ;
#7987 = DIRECTION ( 'NONE',  ( 0.000000000000000000, 0.000000000000000000, 1.000000000000000000 ) ) ;
#7988 = ORIENTED_EDGE ( 'NONE', *, *, #1183, .F. ) ;
#7989 = VECTOR ( 'NONE', #1058, 1000.000000000000000 ) ;
#7990 = ORIENTED_EDGE ( 'NONE', *, *, #5607, .F. ) ;
#7991 = EDGE_CURVE ( 'NONE', #5759, #8131, #7403, .T. ) ;
#7992 = CARTESIAN_POINT ( 'NONE',  ( 2.324500000000000011, 0.8120209656617016769, 3.602896660954242769 ) ) ;
#7993 = EDGE_CURVE ( 'NONE', #3745, #391, #2387, .T. ) ;
#7994 = ORIENTED_EDGE ( 'NONE', *, *, #5082, .T. ) ;
#7995 = CARTESIAN_POINT ( 'NONE',  ( 1.300000000000000266, 1.409999999999999920, 2.400000000000000799 ) ) ;
#7996 = VECTOR ( 'NONE', #5855, 1000.000000000000000 ) ;
#7997 = ORIENTED_EDGE ( 'NONE', *, *, #462, .F. ) ;
#7998 = LINE ( 'NONE', #2118, #2301 ) ;
#7999 = AXIS2_PLACEMENT_3D ( 'NONE', #5517, #4033, #8220 ) ;
#8000 = CARTESIAN_POINT ( 'NONE',  ( 0.8245000000000001217, 1.000393720129284736, 3.188973213350405178 ) ) ;
#8001 = FACE_OUTER_BOUND ( 'NONE', #3017, .T. ) ;
#8002 = VECTOR ( 'NONE', #6687, 1000.000000000000000 ) ;
#8003 = DIRECTION ( 'NONE',  ( 1.536785503168681241E-16, 0.000000000000000000, -1.000000000000000000 ) ) ;
#8004 = EDGE_CURVE ( 'NONE', #7937, #4614, #3040, .T. ) ;
#8005 = FACE_OUTER_BOUND ( 'NONE', #3871, .T. ) ;
#8006 = FACE_OUTER_BOUND ( 'NONE', #853, .T. ) ;
#8007 = LINE ( 'NONE', #7980, #3827 ) ;
#8008 = CARTESIAN_POINT ( 'NONE',  ( 4.324500000000000455, 1.000393720129284736, 3.188973213350405178 ) ) ;
#8009 = CARTESIAN_POINT ( 'NONE',  ( 1.094500000000000028, 0.7125687761248743479, -0.5924438146274771944 ) ) ;
#8010 = LINE ( 'NONE', #8389, #2425 ) ;
#8011 = DIRECTION ( 'NONE',  ( 1.000000000000000000, -0.000000000000000000, -0.000000000000000000 ) ) ;
#8012 = FACE_OUTER_BOUND ( 'NONE', #6472, .T. ) ;
#8013 = VECTOR ( 'NONE', #7479, 1000.000000000000000 ) ;
#8014 = LINE ( 'NONE', #7495, #704 ) ;
#8015 = VERTEX_POINT ( 'NONE', #8472 ) ;
#8016 = PLANE ( 'NONE',  #3215 ) ;
#8017 = DIRECTION ( 'NONE',  ( -1.000000000000000000, -0.000000000000000000, -0.000000000000000000 ) ) ;
#8018 = ORIENTED_EDGE ( 'NONE', *, *, #169, .F. ) ;
#8019 = DIRECTION ( 'NONE',  ( 1.536785503168681241E-16, 0.000000000000000000, -1.000000000000000000 ) ) ;
#8020 = ORIENTED_EDGE ( 'NONE', *, *, #3700, .F. ) ;
#8021 = DIRECTION ( 'NONE',  ( 0.000000000000000000, 0.000000000000000000, 1.000000000000000000 ) ) ;
#8022 = ORIENTED_EDGE ( 'NONE', *, *, #4556, .F. ) ;
#8023 = AXIS2_PLACEMENT_3D ( 'NONE', #6998, #4964, #2184 ) ;
#8024 = VECTOR ( 'NONE', #6850, 1000.000000000000000 ) ;
#8025 = VERTEX_POINT ( 'NONE', #844 ) ;
#8026 = ADVANCED_FACE ( 'NONE', ( #7969 ), #2963, .F. ) ;
#8027 = CARTESIAN_POINT ( 'NONE',  ( 4.739000000000000767, 1.119999999999999885, 3.000000000000000000 ) ) ;
#8028 = CARTESIAN_POINT ( 'NONE',  ( 2.824500000000000011, 0.8120209656617016769, -0.6028966609542426580 ) ) ;
#8029 = AXIS2_PLACEMENT_3D ( 'NONE', #421, #388, #2541 ) ;
#8030 = EDGE_LOOP ( 'NONE', ( #1177, #7313, #2352, #4592 ) ) ;
#8031 = ORIENTED_EDGE ( 'NONE', *, *, #8228, .F. ) ;
#8032 = LINE ( 'NONE', #7010, #7157 ) ;
#8033 = DIRECTION ( 'NONE',  ( 0.000000000000000000, 0.9729913731149246736, -0.2308414777372849447 ) ) ;
#8034 = VERTEX_POINT ( 'NONE', #3603 ) ;
#8035 = CARTESIAN_POINT ( 'NONE',  ( 0.8245000000000001217, 0.8996209656617012440, 3.189074965230504599 ) ) ;
#8036 = CARTESIAN_POINT ( 'NONE',  ( 3.594500000000000028, 0.8996209656617012440, 3.189074965230504599 ) ) ;
#8037 = STYLED_ITEM ( 'NONE', ( #542 ), #4006 ) ;
#8038 = ORIENTED_EDGE ( 'NONE', *, *, #1391, .T. ) ;
#8039 = CARTESIAN_POINT ( 'NONE',  ( 1.824500000000000233, 0.8120209656617016769, -0.6028966609542426580 ) ) ;
#8040 = CLOSED_SHELL ( 'NONE', ( #6060, #4103, #848, #2955, #6299, #2013, #3794, #8583, #6856, #4559, #3996, #7842, #3204, #8710 ) ) ;
#8041 = ORIENTED_EDGE ( 'NONE', *, *, #3834, .F. ) ;
#8042 = ORIENTED_EDGE ( 'NONE', *, *, #3069, .F. ) ;
#8043 = DIRECTION ( 'NONE',  ( 0.000000000000000000, 0.000000000000000000, -1.000000000000000000 ) ) ;
#8044 = ORIENTED_EDGE ( 'NONE', *, *, #6137, .T. ) ;
#8045 = LINE ( 'NONE', #4628, #2017 ) ;
#8046 = CARTESIAN_POINT ( 'NONE',  ( 3.824500000000000011, 0.7125687761248744589, 3.592443814627477305 ) ) ;
#8047 = EDGE_LOOP ( 'NONE', ( #795, #4413, #7619, #6156 ) ) ;
#8048 = EDGE_CURVE ( 'NONE', #2240, #9047, #1734, .T. ) ;
#8049 = ORIENTED_EDGE ( 'NONE', *, *, #5388, .T. ) ;
#8050 = ORIENTED_EDGE ( 'NONE', *, *, #113, .F. ) ;
#8051 = VERTEX_POINT ( 'NONE', #8539 ) ;
#8052 = DIRECTION ( 'NONE',  ( 1.000000000000000000, -0.000000000000000000, -0.000000000000000000 ) ) ;
#8053 = ORIENTED_EDGE ( 'NONE', *, *, #8822, .F. ) ;
#8054 = DIRECTION ( 'NONE',  ( 0.000000000000000000, 0.000000000000000000, -1.000000000000000000 ) ) ;
#8055 = LINE ( 'NONE', #5299, #855 ) ;
#8056 = PLANE ( 'NONE',  #8976 ) ;
#8057 = ORIENTED_EDGE ( 'NONE', *, *, #4457, .F. ) ;
#8058 = EDGE_CURVE ( 'NONE', #7840, #6374, #3791, .T. ) ;
#8059 = VERTEX_POINT ( 'NONE', #1472 ) ;
#8060 = EDGE_CURVE ( 'NONE', #5035, #6571, #8841, .T. ) ;
#8061 = VERTEX_POINT ( 'NONE', #2134 ) ;
#8062 = DIRECTION ( 'NONE',  ( 0.000000000000000000, 0.8028287771104243298, 0.5962096566170163037 ) ) ;
#8063 = CARTESIAN_POINT ( 'NONE',  ( 3.824500000000000011, 0.6450822618089369076, -0.3781046033633239101 ) ) ;
#8064 = PLANE ( 'NONE',  #3800 ) ;
#8065 = CARTESIAN_POINT ( 'NONE',  ( 3.324500000000000011, 1.119999999999999885, 3.179260447756191432 ) ) ;
#8066 = ORIENTED_EDGE ( 'NONE', *, *, #8568, .F. ) ;
#8067 = PLANE ( 'NONE',  #7659 ) ;
#8068 = ADVANCED_FACE ( 'NONE', ( #1080 ), #4258, .F. ) ;
#8069 = CARTESIAN_POINT ( 'NONE',  ( 4.324500000000000455, 0.8996209656617012440, -0.1890749652305044881 ) ) ;
#8070 = ORIENTED_EDGE ( 'NONE', *, *, #1482, .T. ) ;
#8071 = CARTESIAN_POINT ( 'NONE',  ( 2.594500000000000028, 0.6749881066967827747, 3.950000000000000178 ) ) ;
#8072 = VECTOR ( 'NONE', #8968, 1000.000000000000000 ) ;
#8073 = CARTESIAN_POINT ( 'NONE',  ( 4.324500000000000455, 0.6749881066967827747, 3.950000000000000178 ) ) ;
#8074 = MANIFOLD_SOLID_BREP ( 'Mirror1[1]', #6631 ) ;
#8075 = ORIENTED_EDGE ( 'NONE', *, *, #3262, .F. ) ;
#8076 = EDGE_CURVE ( 'NONE', #6669, #5805, #1629, .T. ) ;
#8077 = VECTOR ( 'NONE', #3908, 1000.000000000000000 ) ;
#8078 = AXIS2_PLACEMENT_3D ( 'NONE', #752, #1506, #3539 ) ;
#8079 = CARTESIAN_POINT ( 'NONE',  ( 1.324500000000000233, 1.071938878923327065, 3.285312666603656062 ) ) ;
#8080 = ORIENTED_EDGE ( 'NONE', *, *, #4164, .F. ) ;
#8081 = DIRECTION ( 'NONE',  ( 1.000000000000000000, -0.000000000000000000, -0.000000000000000000 ) ) ;
#8082 = ADVANCED_FACE ( 'NONE', ( #5402 ), #5297, .F. ) ;
#8083 = CARTESIAN_POINT ( 'NONE',  ( 4.092000000000001414, 0.6499999999999999112, 2.325499999999999012 ) ) ;
#8084 = FACE_OUTER_BOUND ( 'NONE', #8047, .T. ) ;
#8085 = DIRECTION ( 'NONE',  ( 1.000000000000000000, 0.000000000000000000, -0.000000000000000000 ) ) ;
#8086 = DIRECTION ( 'NONE',  ( 1.000000000000000000, 0.000000000000000000, 0.000000000000000000 ) ) ;
#8087 = EDGE_LOOP ( 'NONE', ( #2332, #444, #3305, #7644 ) ) ;
#8088 = DIRECTION ( 'NONE',  ( 0.000000000000000000, -1.000000000000000000, 0.000000000000000000 ) ) ;
#8089 = LINE ( 'NONE', #4057, #2181 ) ;
#8090 = DIRECTION ( 'NONE',  ( -1.000000000000000000, -0.000000000000000000, -0.000000000000000000 ) ) ;
#8091 = EDGE_CURVE ( 'NONE', #8747, #2101, #1516, .T. ) ;
#8092 = ORIENTED_EDGE ( 'NONE', *, *, #7284, .T. ) ;
#8093 = ORIENTED_EDGE ( 'NONE', *, *, #3594, .T. ) ;
#8094 = CARTESIAN_POINT ( 'NONE',  ( 1.347000000000000641, 0.5999999999999999778, 0.6745000000000007656 ) ) ;
#8095 = EDGE_CURVE ( 'NONE', #7444, #5917, #7083, .T. ) ;
#8096 = VECTOR ( 'NONE', #4318, 1000.000000000000000 ) ;
#8097 = DIRECTION ( 'NONE',  ( -1.000000000000000000, 0.000000000000000000, 0.000000000000000000 ) ) ;
#8098 = FACE_OUTER_BOUND ( 'NONE', #3414, .T. ) ;
#8099 = EDGE_CURVE ( 'NONE', #5906, #7457, #3359, .T. ) ;
#8100 = ORIENTED_EDGE ( 'NONE', *, *, #4164, .T. ) ;
#8101 = CIRCLE ( 'NONE', #4869, 0.2799999999999998601 ) ;
#8102 = VERTEX_POINT ( 'NONE', #8562 ) ;
#8103 = VECTOR ( 'NONE', #2170, 1000.000000000000000 ) ;
#8104 = AXIS2_PLACEMENT_3D ( 'NONE', #374, #8097, #3887 ) ;
#8105 = CARTESIAN_POINT ( 'NONE',  ( 2.094500000000000028, 0.6749881066967827747, 3.950000000000000178 ) ) ;
#8106 = CYLINDRICAL_SURFACE ( 'NONE', #3651, 0.02000000000000005246 ) ;
#8107 = CARTESIAN_POINT ( 'NONE',  ( 3.324500000000000011, 1.119999999999999885, 0.000000000000000000 ) ) ;
#8108 = VECTOR ( 'NONE', #4054, 1000.000000000000000 ) ;
#8109 = EDGE_CURVE ( 'NONE', #1704, #8939, #3471, .T. ) ;
#8110 = VECTOR ( 'NONE', #4296, 999.9999999999998863 ) ;
#8111 = DIRECTION ( 'NONE',  ( 0.000000000000000000, 0.000000000000000000, -1.000000000000000000 ) ) ;
#8112 = ADVANCED_FACE ( 'NONE', ( #3252 ), #323, .T. ) ;
#8113 = EDGE_CURVE ( 'NONE', #651, #1579, #2819, .T. ) ;
#8114 = CARTESIAN_POINT ( 'NONE',  ( 2.824500000000000011, 1.071938878923327065, -0.2853126666036561732 ) ) ;
#8115 = CARTESIAN_POINT ( 'NONE',  ( 1.824500000000000233, 1.071938878923327065, -0.2853126666036561732 ) ) ;
#8116 = ORIENTED_EDGE ( 'NONE', *, *, #6740, .F. ) ;
#8117 = DIRECTION ( 'NONE',  ( -1.000000000000000000, 0.000000000000000000, 0.000000000000000000 ) ) ;
#8118 = LINE ( 'NONE', #591, #7438 ) ;
#8119 = AXIS2_PLACEMENT_3D ( 'NONE', #5411, #2518, #7397 ) ;
#8120 = FACE_OUTER_BOUND ( 'NONE', #5490, .T. ) ;
#8121 = VECTOR ( 'NONE', #1341, 1000.000000000000000 ) ;
#8122 = VERTEX_POINT ( 'NONE', #4463 ) ;
#8123 = CARTESIAN_POINT ( 'NONE',  ( 4.492000000000000881, 0.5999999999999998668, 0.7944999999999996509 ) ) ;
#8124 = DIRECTION ( 'NONE',  ( 0.000000000000000000, -0.8028287771104236636, 0.5962096566170171918 ) ) ;
#8125 = EDGE_LOOP ( 'NONE', ( #6725, #8141, #7371, #2756 ) ) ;
#8126 = ADVANCED_FACE ( 'NONE', ( #5092 ), #7200, .F. ) ;
#8127 = DIRECTION ( 'NONE',  ( 0.000000000000000000, 0.000000000000000000, 1.000000000000000000 ) ) ;
#8128 = CARTESIAN_POINT ( 'NONE',  ( 3.324500000000000011, 0.7125687761248744589, 3.592443814627477305 ) ) ;
#8129 = FACE_OUTER_BOUND ( 'NONE', #859, .T. ) ;
#8130 = VECTOR ( 'NONE', #4725, 1000.000000000000227 ) ;
#8131 = VERTEX_POINT ( 'NONE', #8678 ) ;
#8132 = DIRECTION ( 'NONE',  ( 0.000000000000000000, 0.000000000000000000, 1.000000000000000000 ) ) ;
#8133 = ORIENTED_EDGE ( 'NONE', *, *, #8171, .T. ) ;
#8134 = VERTEX_POINT ( 'NONE', #3021 ) ;
#8135 = ORIENTED_EDGE ( 'NONE', *, *, #8402, .F. ) ;
#8136 = LINE ( 'NONE', #2399, #4292 ) ;
#8137 = CARTESIAN_POINT ( 'NONE',  ( 4.324500000000000455, 0.5335548349585852446, -0.5736286912392993820 ) ) ;
#8138 = VERTEX_POINT ( 'NONE', #5153 ) ;
#8139 = DIRECTION ( 'NONE',  ( 1.000000000000000000, -0.000000000000000000, -0.000000000000000000 ) ) ;
#8140 = AXIS2_PLACEMENT_3D ( 'NONE', #1438, #3570, #8411 ) ;
#8141 = ORIENTED_EDGE ( 'NONE', *, *, #808, .F. ) ;
#8142 = ORIENTED_EDGE ( 'NONE', *, *, #5372, .F. ) ;
#8143 = CARTESIAN_POINT ( 'NONE',  ( 1.824500000000000233, 0.8996209656617012440, -0.1890749652305044881 ) ) ;
#8144 = CARTESIAN_POINT ( 'NONE',  ( 4.324500000000000455, 0.6749881066967827747, -0.9500000000000002887 ) ) ;
#8145 = EDGE_CURVE ( 'NONE', #3857, #7413, #7514, .T. ) ;
#8146 = ORIENTED_EDGE ( 'NONE', *, *, #553, .T. ) ;
#8147 = CARTESIAN_POINT ( 'NONE',  ( 2.824500000000000011, 0.9399999999999997247, -0.1087920875194616499 ) ) ;
#8148 = CARTESIAN_POINT ( 'NONE',  ( 3.824500000000000011, 0.4984000000000007313, -0.9081046033633235481 ) ) ;
#8149 = EDGE_LOOP ( 'NONE', ( #7582, #711, #667, #4858 ) ) ;
#8150 = VECTOR ( 'NONE', #1347, 1000.000000000000227 ) ;
#8151 = DIRECTION ( 'NONE',  ( 1.000000000000000000, -0.000000000000000000, -0.000000000000000000 ) ) ;
#8152 = VERTEX_POINT ( 'NONE', #6457 ) ;
#8153 = DIRECTION ( 'NONE',  ( 0.000000000000000000, 0.9945218953682735119, 0.1045284632676515141 ) ) ;
#8154 = DIRECTION ( 'NONE',  ( 0.000000000000000000, -1.000000000000000000, 0.000000000000000000 ) ) ;
#8155 = ORIENTED_EDGE ( 'NONE', *, *, #7283, .F. ) ;
#8156 = VERTEX_POINT ( 'NONE', #7229 ) ;
#8157 = EDGE_CURVE ( 'NONE', #9033, #2357, #8416, .T. ) ;
#8158 = ORIENTED_EDGE ( 'NONE', *, *, #4923, .F. ) ;
#8159 = CARTESIAN_POINT ( 'NONE',  ( 2.594500000000000028, 1.119999999999999885, 3.000000000000000000 ) ) ;
#8160 = DIRECTION ( 'NONE',  ( 0.000000000000000000, -1.000000000000000000, 0.000000000000000000 ) ) ;
#8161 = VERTEX_POINT ( 'NONE', #1621 ) ;
#8162 = ADVANCED_FACE ( 'NONE', ( #7751 ), #2317, .F. ) ;
#8163 = LINE ( 'NONE', #5790, #5062 ) ;
#8164 = EDGE_LOOP ( 'NONE', ( #8692, #9041, #6697, #2040 ) ) ;
#8165 = VERTEX_POINT ( 'NONE', #4412 ) ;
#8166 = DIRECTION ( 'NONE',  ( 0.000000000000000000, -0.1045284632676515141, 0.9945218953682735119 ) ) ;
#8167 = LINE ( 'NONE', #7119, #6941 ) ;
#8168 = EDGE_LOOP ( 'NONE', ( #5181, #4383, #1092, #4322, #6128, #1363, #3030, #247, #2010, #4512, #3104, #7375 ) ) ;
#8169 = EDGE_CURVE ( 'NONE', #1759, #5143, #7194, .T. ) ;
#8170 = CARTESIAN_POINT ( 'NONE',  ( 1.824500000000000233, 0.7125687761248743479, -0.5924438146274771944 ) ) ;
#8171 = EDGE_CURVE ( 'NONE', #1335, #1569, #6311, .T. ) ;
#8172 = LINE ( 'NONE', #5214, #2367 ) ;
#8173 = ORIENTED_EDGE ( 'NONE', *, *, #8621, .F. ) ;
#8174 = ADVANCED_FACE ( 'NONE', ( #9074 ), #3044, .F. ) ;
#8175 = AXIS2_PLACEMENT_3D ( 'NONE', #5356, #6017, #1219 ) ;
#8176 = VERTEX_POINT ( 'NONE', #1586 ) ;
#8177 = ORIENTED_EDGE ( 'NONE', *, *, #7129, .F. ) ;
#8178 = ORIENTED_EDGE ( 'NONE', *, *, #7563, .F. ) ;
#8179 = CARTESIAN_POINT ( 'NONE',  ( 4.594500000000000028, 1.119999999999999885, -0.1792604477561911547 ) ) ;
#8180 = CARTESIAN_POINT ( 'NONE',  ( 0.8149647589960814509, 0.6199999999999999956, 3.000000000000000000 ) ) ;
#8181 = LINE ( 'NONE', #7580, #423 ) ;
#8182 = EDGE_CURVE ( 'NONE', #2753, #6511, #984, .T. ) ;
#8183 = CARTESIAN_POINT ( 'NONE',  ( 1.824500000000000233, 1.119999999999999885, 3.000000000000000000 ) ) ;
#8184 = ORIENTED_EDGE ( 'NONE', *, *, #5609, .F. ) ;
#8185 = CARTESIAN_POINT ( 'NONE',  ( 1.824500000000000233, 0.9399999999999998357, 3.000000000000000000 ) ) ;
#8186 = DIRECTION ( 'NONE',  ( 0.000000000000000000, 0.000000000000000000, 1.000000000000000000 ) ) ;
#8187 = PLANE ( 'NONE',  #4217 ) ;
#8188 = ORIENTED_EDGE ( 'NONE', *, *, #7489, .T. ) ;
#8189 = PLANE ( 'NONE',  #3516 ) ;
#8190 = SURFACE_STYLE_FILL_AREA ( #2835 ) ;
#8191 = CARTESIAN_POINT ( 'NONE',  ( 2.094500000000000028, 0.7523999999999998467, 3.522613783243200292 ) ) ;
#8192 = VERTEX_POINT ( 'NONE', #8766 ) ;
#8193 = CARTESIAN_POINT ( 'NONE',  ( 1.094500000000000028, 0.8399999999999998579, 3.108792087519462122 ) ) ;
#8194 = PLANE ( 'NONE',  #6078 ) ;
#8195 = DIRECTION ( 'NONE',  ( 1.000000000000000000, -0.000000000000000000, -0.000000000000000000 ) ) ;
#8196 = LINE ( 'NONE', #6419, #5636 ) ;
#8197 = AXIS2_PLACEMENT_3D ( 'NONE', #8612, #250, #7243 ) ;
#8198 = CARTESIAN_POINT ( 'NONE',  ( 2.824500000000000011, 1.071938878923327065, 3.285312666603656062 ) ) ;
#8199 = LINE ( 'NONE', #1222, #1953 ) ;
#8200 = AXIS2_PLACEMENT_3D ( 'NONE', #1567, #6435, #7805 ) ;
#8201 = DIRECTION ( 'NONE',  ( 0.000000000000000000, 0.000000000000000000, -1.000000000000000000 ) ) ;
#8202 = VECTOR ( 'NONE', #28, 1000.000000000000000 ) ;
#8203 = ADVANCED_FACE ( 'NONE', ( #6528 ), #2525, .F. ) ;
#8204 = CARTESIAN_POINT ( 'NONE',  ( 0.6999999999999998446, 0.9399999999999999467, 3.000000000000000000 ) ) ;
#8205 = DIRECTION ( 'NONE',  ( 0.000000000000000000, 0.000000000000000000, 1.000000000000000000 ) ) ;
#8206 = VECTOR ( 'NONE', #5471, 1000.000000000000000 ) ;
#8207 = ORIENTED_EDGE ( 'NONE', *, *, #7146, .T. ) ;
#8208 = VECTOR ( 'NONE', #5992, 1000.000000000000000 ) ;
#8210 = ORIENTED_EDGE ( 'NONE', *, *, #7577, .F. ) ;
#8209 = CARTESIAN_POINT ( 'NONE',  ( 1.824500000000000233, 1.119999999999999885, 3.000000000000000000 ) ) ;
#8211 = CARTESIAN_POINT ( 'NONE',  ( 3.094500000000000028, 0.5335548349585852446, 3.573628691239299382 ) ) ;
#8212 = ORIENTED_EDGE ( 'NONE', *, *, #3738, .F. ) ;
#8213 = SURFACE_STYLE_FILL_AREA ( #3267 ) ;
#8214 = ADVANCED_FACE ( 'NONE', ( #874 ), #368, .F. ) ;
#8215 = ORIENTED_EDGE ( 'NONE', *, *, #8060, .F. ) ;
#8216 = CARTESIAN_POINT ( 'NONE',  ( 3.324500000000000011, 0.8996209656617012440, -0.1890749652305044881 ) ) ;
#8217 = FACE_OUTER_BOUND ( 'NONE', #7651, .T. ) ;
#8218 = CARTESIAN_POINT ( 'NONE',  ( 5.719500000000000917, 0.9400000000000001688, 0.000000000000000000 ) ) ;
#8219 = EDGE_CURVE ( 'NONE', #240, #1700, #6416, .T. ) ;
#8220 = DIRECTION ( 'NONE',  ( 0.000000000000000000, 0.000000000000000000, 1.000000000000000000 ) ) ;
#8222 = CARTESIAN_POINT ( 'NONE',  ( 2.324500000000000011, 1.071938878923327065, 3.285312666603656062 ) ) ;
#8221 = VECTOR ( 'NONE', #5643, 1000.000000000000000 ) ;
#8223 = LINE ( 'NONE', #293, #5121 ) ;
#8224 = AXIS2_PLACEMENT_3D ( 'NONE', #454, #5288, #1205 ) ;
#8225 = DIRECTION ( 'NONE',  ( 1.000000000000000000, 0.000000000000000000, 0.000000000000000000 ) ) ;
#8226 = DIRECTION ( 'NONE',  ( 1.000000000000000000, -0.000000000000000000, -0.000000000000000000 ) ) ;
#8227 = DIRECTION ( 'NONE',  ( 1.000000000000000000, -0.000000000000000000, -0.000000000000000000 ) ) ;
#8228 = EDGE_CURVE ( 'NONE', #7639, #184, #8289, .T. ) ;
#8229 = EDGE_CURVE ( 'NONE', #4735, #4749, #1455, .T. ) ;
#8230 = VECTOR ( 'NONE', #8233, 1000.000000000000000 ) ;
#8231 = CIRCLE ( 'NONE', #4829, 0.2799999999999998601 ) ;
#8232 = ORIENTED_EDGE ( 'NONE', *, *, #7892, .T. ) ;
#8233 = DIRECTION ( 'NONE',  ( 1.000000000000000000, 0.000000000000000000, 0.000000000000000000 ) ) ;
#8234 = ORIENTED_EDGE ( 'NONE', *, *, #4923, .T. ) ;
#8235 = ORIENTED_EDGE ( 'NONE', *, *, #7019, .F. ) ;
#8236 = VERTEX_POINT ( 'NONE', #5237 ) ;
#8237 = VECTOR ( 'NONE', #4658, 1000.000000000000000 ) ;
#8238 =( NAMED_UNIT ( * ) PLANE_ANGLE_UNIT ( ) SI_UNIT ( $, .RADIAN. ) );
#8239 = ORIENTED_EDGE ( 'NONE', *, *, #3760, .F. ) ;
#8240 = CARTESIAN_POINT ( 'NONE',  ( 1.824500000000000233, 0.6749881066967827747, -0.9500000000000002887 ) ) ;
#8241 = CARTESIAN_POINT ( 'NONE',  ( 3.324500000000000011, 1.119999999999999885, 3.000000000000000000 ) ) ;
#8242 = ORIENTED_EDGE ( 'NONE', *, *, #860, .T. ) ;
#8243 = DIRECTION ( 'NONE',  ( 0.000000000000000000, -1.000000000000000000, 0.000000000000000000 ) ) ;
#8244 = CARTESIAN_POINT ( 'NONE',  ( 2.594500000000000028, 0.5335548349585852446, 3.573628691239299382 ) ) ;
#8245 = EDGE_CURVE ( 'NONE', #5586, #1488, #7226, .T. ) ;
#8246 = ADVANCED_FACE ( 'NONE', ( #5020 ), #1437, .T. ) ;
#8247 = PRESENTATION_LAYER_ASSIGNMENT (  '', '', ( #8429 ) ) ;
#8248 = VERTEX_POINT ( 'NONE', #3131 ) ;
#8249 = LINE ( 'NONE', #7046, #716 ) ;
#8250 = EDGE_LOOP ( 'NONE', ( #6618, #2106, #1355, #6040 ) ) ;
#8251 = DIRECTION ( 'NONE',  ( 0.000000000000000000, -0.5962096566170164147, -0.8028287771104244408 ) ) ;
#8252 = SURFACE_SIDE_STYLE ('',( #5859 ) ) ;
#8253 = ORIENTED_EDGE ( 'NONE', *, *, #2133, .F. ) ;
#8254 = EDGE_LOOP ( 'NONE', ( #1598, #8619, #2119, #6807, #8757, #2482, #1566, #7686, #4546, #4617, #832, #402 ) ) ;
#8255 = EDGE_LOOP ( 'NONE', ( #7199, #6684, #6389, #2463 ) ) ;
#8256 = ADVANCED_FACE ( 'NONE', ( #8005 ), #5920, .F. ) ;
#8257 = ORIENTED_EDGE ( 'NONE', *, *, #2326, .T. ) ;
#8258 = CARTESIAN_POINT ( 'NONE',  ( 0.8245000000000001217, 0.8996209656617012440, -0.1890749652305044881 ) ) ;
#8259 = ORIENTED_EDGE ( 'NONE', *, *, #7117, .F. ) ;
#8260 = CARTESIAN_POINT ( 'NONE',  ( 4.324500000000000455, 0.9399999999999998357, 3.000000000000000000 ) ) ;
#8261 = VECTOR ( 'NONE', #6250, 1000.000000000000227 ) ;
#8262 = DIRECTION ( 'NONE',  ( 1.000000000000000000, 0.000000000000000000, 0.000000000000000000 ) ) ;
#8263 = EDGE_CURVE ( 'NONE', #7831, #1759, #6744, .T. ) ;
#8264 = EDGE_LOOP ( 'NONE', ( #3374, #5602, #7847, #4516 ) ) ;
#8265 = VERTEX_POINT ( 'NONE', #7373 ) ;
#8266 = ORIENTED_EDGE ( 'NONE', *, *, #787, .T. ) ;
#8267 = CARTESIAN_POINT ( 'NONE',  ( 1.824500000000000233, 1.071938878923327065, -0.2853126666036561732 ) ) ;
#8268 = ORIENTED_EDGE ( 'NONE', *, *, #294, .T. ) ;
#8269 = EDGE_CURVE ( 'NONE', #1692, #3906, #2280, .T. ) ;
#8270 = CARTESIAN_POINT ( 'NONE',  ( 2.324500000000000011, 0.7125687761248744589, 3.592443814627477305 ) ) ;
#8271 = EDGE_LOOP ( 'NONE', ( #8807, #3980, #5243, #7186 ) ) ;
#8272 = DIRECTION ( 'NONE',  ( 1.000000000000000000, -0.000000000000000000, -0.000000000000000000 ) ) ;
#8273 = LINE ( 'NONE', #6014, #2147 ) ;
#8274 = CARTESIAN_POINT ( 'NONE',  ( 2.324500000000000011, 0.5335548349585852446, -0.5736286912392993820 ) ) ;
#8275 = ORIENTED_EDGE ( 'NONE', *, *, #5200, .F. ) ;
#8276 = EDGE_CURVE ( 'NONE', #8248, #7957, #6077, .T. ) ;
#8277 = DIRECTION ( 'NONE',  ( 0.000000000000000000, -0.8028287771104236636, 0.5962096566170171918 ) ) ;
#8278 = CARTESIAN_POINT ( 'NONE',  ( 4.092000000000001414, 0.6500000000000000222, 0.5544999999999998819 ) ) ;
#8279 = AXIS2_PLACEMENT_3D ( 'NONE', #3451, #6832, #4209 ) ;
#8280 = ORIENTED_EDGE ( 'NONE', *, *, #2310, .F. ) ;
#8281 = LINE ( 'NONE', #239, #6170 ) ;
#8282 = CARTESIAN_POINT ( 'NONE',  ( 3.594500000000000028, 1.119999999999999885, 0.000000000000000000 ) ) ;
#8283 = DIRECTION ( 'NONE',  ( 0.000000000000000000, 0.000000000000000000, -1.000000000000000000 ) ) ;
#8284 = EDGE_CURVE ( 'NONE', #6397, #1187, #37, .T. ) ;
#8285 = ORIENTED_EDGE ( 'NONE', *, *, #6742, .F. ) ;
#8286 = EDGE_CURVE ( 'NONE', #2669, #6515, #8772, .T. ) ;
#8287 = EDGE_LOOP ( 'NONE', ( #6482, #6607, #6404, #2067 ) ) ;
#8288 = AXIS2_PLACEMENT_3D ( 'NONE', #3054, #244, #8608 ) ;
#8289 = LINE ( 'NONE', #8035, #4545 ) ;
#8290 = ADVANCED_FACE ( 'NONE', ( #2072 ), #6176, .F. ) ;
#8291 = CARTESIAN_POINT ( 'NONE',  ( 1.324500000000000233, 0.4984000000000007313, 3.908104603363323548 ) ) ;
#8292 = CARTESIAN_POINT ( 'NONE',  ( 0.8245000000000001217, 1.119999999999999885, 3.000000000000000000 ) ) ;
#8293 = ORIENTED_EDGE ( 'NONE', *, *, #3575, .T. ) ;
#8294 = DIRECTION ( 'NONE',  ( -0.000000000000000000, 0.1045284632676540260, -0.9945218953682732899 ) ) ;
#8295 = DIRECTION ( 'NONE',  ( 1.000000000000000000, 0.000000000000000000, 0.000000000000000000 ) ) ;
#8296 = CIRCLE ( 'NONE', #3559, 0.09999999999999982514 ) ;
#8297 = PLANE ( 'NONE',  #6759 ) ;
#8298 = ADVANCED_FACE ( 'NONE', ( #3595 ), #5886, .F. ) ;
#8299 = ORIENTED_EDGE ( 'NONE', *, *, #4671, .F. ) ;
#8300 = CARTESIAN_POINT ( 'NONE',  ( 0.7999999999999999334, 1.439999999999999947, 0.1149647589960807736 ) ) ;
#8301 = CARTESIAN_POINT ( 'NONE',  ( 3.594500000000000028, 0.7125687761248744589, 3.592443814627477305 ) ) ;
#8302 = VECTOR ( 'NONE', #6165, 1000.000000000000114 ) ;
#8303 = DIRECTION ( 'NONE',  ( 1.000000000000000000, 0.000000000000000000, 0.000000000000000000 ) ) ;
#8304 = SURFACE_STYLE_FILL_AREA ( #7126 ) ;
#8305 = EDGE_LOOP ( 'NONE', ( #2790, #509, #2215, #8697 ) ) ;
#8306 = CARTESIAN_POINT ( 'NONE',  ( 3.594500000000000028, 0.6749881066967827747, 3.950000000000000178 ) ) ;
#8307 = CARTESIAN_POINT ( 'NONE',  ( 2.324500000000000011, 0.9399999999999998357, 0.000000000000000000 ) ) ;
#8308 = ORIENTED_EDGE ( 'NONE', *, *, #5388, .F. ) ;
#8309 = CARTESIAN_POINT ( 'NONE',  ( 0.9470000000000003970, 0.5999999999999999778, 0.7944999999999992069 ) ) ;
#8310 = AXIS2_PLACEMENT_3D ( 'NONE', #3841, #4589, #416 ) ;
#8311 = VECTOR ( 'NONE', #1213, 1000.000000000000000 ) ;
#8312 = CARTESIAN_POINT ( 'NONE',  ( 0.9470000000000003970, 0.5999999999999999778, 2.205499999999999794 ) ) ;
#8313 = ORIENTED_EDGE ( 'NONE', *, *, #5034, .T. ) ;
#8314 = AXIS2_PLACEMENT_3D ( 'NONE', #5117, #1157, #5851 ) ;
#8315 = DIRECTION ( 'NONE',  ( 0.000000000000000000, 0.000000000000000000, 1.000000000000000000 ) ) ;
#8316 = CARTESIAN_POINT ( 'NONE',  ( 2.094500000000000028, 1.119999999999999885, 0.000000000000000000 ) ) ;
#8317 = EDGE_LOOP ( 'NONE', ( #7715, #9038, #1533, #1000, #7352, #5137, #7929, #4170, #8582, #2711, #2044, #8791 ) ) ;
#8318 = CIRCLE ( 'NONE', #7729, 0.09999999999999982514 ) ;
#8319 = VERTEX_POINT ( 'NONE', #1043 ) ;
#8320 = CYLINDRICAL_SURFACE ( 'NONE', #3895, 0.09999999999999982514 ) ;
#8321 = DIRECTION ( 'NONE',  ( -1.000000000000000000, 0.000000000000000000, 0.000000000000000000 ) ) ;
#8322 = DIRECTION ( 'NONE',  ( 0.000000000000000000, -1.000000000000000000, 0.000000000000000000 ) ) ;
#8323 =( LENGTH_UNIT ( ) NAMED_UNIT ( * ) SI_UNIT ( .MILLI., .METRE. ) );
#8324 = VECTOR ( 'NONE', #2344, 1000.000000000000000 ) ;
#8325 = CARTESIAN_POINT ( 'NONE',  ( 4.324500000000000455, 1.119999999999999885, 3.179260447756191432 ) ) ;
#8326 = VECTOR ( 'NONE', #2028, 999.9999999999998863 ) ;
#8327 = VECTOR ( 'NONE', #3779, 999.9999999999998863 ) ;
#8328 = DIRECTION ( 'NONE',  ( 0.000000000000000000, 0.000000000000000000, 1.000000000000000000 ) ) ;
#8329 = CARTESIAN_POINT ( 'NONE',  ( 1.594500000000000028, 0.7523999999999998467, -0.5226137832432001806 ) ) ;
#8330 = AXIS2_PLACEMENT_3D ( 'NONE', #2920, #948, #2218 ) ;
#8331 = PLANE ( 'NONE',  #8023 ) ;
#8332 = LINE ( 'NONE', #6884, #1322 ) ;
#8333 = DIRECTION ( 'NONE',  ( -0.000000000000000000, -0.000000000000000000, 1.000000000000000000 ) ) ;
#8334 = VECTOR ( 'NONE', #2529, 1000.000000000000000 ) ;
#8335 = FACE_OUTER_BOUND ( 'NONE', #5387, .T. ) ;
#8336 = CARTESIAN_POINT ( 'NONE',  ( 2.094500000000000028, 0.7125687761248743479, 3.592443814627477305 ) ) ;
#8337 = LINE ( 'NONE', #4261, #2214 ) ;
#8338 = CARTESIAN_POINT ( 'NONE',  ( 0.000000000000000000, 0.6500000000000000222, 0.000000000000000000 ) ) ;
#8339 = FACE_OUTER_BOUND ( 'NONE', #3525, .T. ) ;
#8340 = EDGE_CURVE ( 'NONE', #3063, #3140, #5631, .T. ) ;
#8341 = DIRECTION ( 'NONE',  ( 1.000000000000000000, -0.000000000000000000, -0.000000000000000000 ) ) ;
#8342 = DIRECTION ( 'NONE',  ( -1.000000000000000000, -0.000000000000000000, -0.000000000000000000 ) ) ;
#8343 = CARTESIAN_POINT ( 'NONE',  ( 1.300000000000000266, 1.459999999999999964, 2.200000000000000622 ) ) ;
#8344 = ORIENTED_EDGE ( 'NONE', *, *, #1846, .T. ) ;
#8345 = AXIS2_PLACEMENT_3D ( 'NONE', #2312, #6484, #5119 ) ;
#8346 = ORIENTED_EDGE ( 'NONE', *, *, #7437, .F. ) ;
#8347 = LINE ( 'NONE', #3705, #6467 ) ;
#8348 = FACE_OUTER_BOUND ( 'NONE', #7717, .T. ) ;
#8349 = EDGE_LOOP ( 'NONE', ( #733, #7997, #997, #4856 ) ) ;
#8350 = VERTEX_POINT ( 'NONE', #8278 ) ;
#8351 = DIRECTION ( 'NONE',  ( -0.000000000000000000, 1.000000000000000000, -0.000000000000000000 ) ) ;
#8352 = ADVANCED_FACE ( 'NONE', ( #4116 ), #8672, .F. ) ;
#8353 = CARTESIAN_POINT ( 'NONE',  ( 3.324500000000000011, 0.9399999999999998357, 3.000000000000000000 ) ) ;
#8354 = EDGE_CURVE ( 'NONE', #7071, #2620, #4800, .T. ) ;
#8355 = PLANE ( 'NONE',  #5182 ) ;
#8356 = EDGE_CURVE ( 'NONE', #8365, #2506, #4390, .T. ) ;
#8357 = DIRECTION ( 'NONE',  ( 1.000000000000000000, 0.000000000000000000, -0.000000000000000000 ) ) ;
#8358 = VERTEX_POINT ( 'NONE', #6101 ) ;
#8359 = DIRECTION ( 'NONE',  ( -1.000000000000000000, -0.000000000000000000, -0.000000000000000000 ) ) ;
#8360 = LINE ( 'NONE', #8732, #4808 ) ;
#8361 = VERTEX_POINT ( 'NONE', #7556 ) ;
#8362 = CARTESIAN_POINT ( 'NONE',  ( 1.347000000000000641, 0.6500000000000000222, 0.5544999999999995488 ) ) ;
#8363 = ORIENTED_EDGE ( 'NONE', *, *, #4214, .T. ) ;
#8364 = DIRECTION ( 'NONE',  ( 0.000000000000000000, -1.000000000000000000, 0.000000000000000000 ) ) ;
#8365 = VERTEX_POINT ( 'NONE', #1214 ) ;
#8366 = LINE ( 'NONE', #6308, #6032 ) ;
#8367 = EDGE_LOOP ( 'NONE', ( #2616, #8777, #8838, #5575 ) ) ;
#8368 = CARTESIAN_POINT ( 'NONE',  ( 3.324500000000000011, 0.8120209656617016769, 3.602896660954242769 ) ) ;
#8369 = EDGE_CURVE ( 'NONE', #4994, #3006, #7683, .T. ) ;
#8370 = ORIENTED_EDGE ( 'NONE', *, *, #8933, .F. ) ;
#8371 = DIRECTION ( 'NONE',  ( 0.000000000000000000, -1.000000000000000000, 0.000000000000000000 ) ) ;
#8372 = AXIS2_PLACEMENT_3D ( 'NONE', #4508, #8751, #356 ) ;
#8373 = LINE ( 'NONE', #2633, #8150 ) ;
#8374 = ORIENTED_EDGE ( 'NONE', *, *, #3873, .F. ) ;
#8375 = ORIENTED_EDGE ( 'NONE', *, *, #8340, .T. ) ;
#8376 = ORIENTED_EDGE ( 'NONE', *, *, #6792, .T. ) ;
#8377 = CARTESIAN_POINT ( 'NONE',  ( 4.492000000000000881, 0.5999999999999999778, 0.7944999999999996509 ) ) ;
#8378 = CARTESIAN_POINT ( 'NONE',  ( 2.094500000000000028, 0.9399999999999998357, 0.000000000000000000 ) ) ;
#8379 = EDGE_LOOP ( 'NONE', ( #4428, #8535, #7148, #7592 ) ) ;
#8380 = ORIENTED_EDGE ( 'NONE', *, *, #8109, .T. ) ;
#8381 = VERTEX_POINT ( 'NONE', #6747 ) ;
#8382 = CIRCLE ( 'NONE', #6140, 0.1200000000000000233 ) ;
#8383 = CARTESIAN_POINT ( 'NONE',  ( 2.824500000000000011, 0.7523999999999998467, -0.5226137832432001806 ) ) ;
#8384 = VERTEX_POINT ( 'NONE', #3276 ) ;
#8385 = CARTESIAN_POINT ( 'NONE',  ( 0.8245000000000001217, 0.5335548349585852446, 3.573628691239299382 ) ) ;
#8386 = ORIENTED_EDGE ( 'NONE', *, *, #553, .F. ) ;
#8387 = VECTOR ( 'NONE', #5012, 1000.000000000000227 ) ;
#8388 = ORIENTED_EDGE ( 'NONE', *, *, #7620, .T. ) ;
#8389 = CARTESIAN_POINT ( 'NONE',  ( 2.594500000000000028, 0.9399999999999998357, 3.000000000000000000 ) ) ;
#8390 = CARTESIAN_POINT ( 'NONE',  ( 3.094500000000000028, 1.119999999999999885, 3.179260447756191432 ) ) ;
#8391 = PLANE ( 'NONE',  #2820 ) ;
#8392 = AXIS2_PLACEMENT_3D ( 'NONE', #7633, #1376, #2837 ) ;
#8393 = VECTOR ( 'NONE', #6079, 1000.000000000000000 ) ;
#8394 = DIRECTION ( 'NONE',  ( 0.000000000000000000, 0.000000000000000000, 1.000000000000000000 ) ) ;
#8395 = VERTEX_POINT ( 'NONE', #3312 ) ;
#8396 = CARTESIAN_POINT ( 'NONE',  ( 4.092000000000001414, 0.5999999999999999778, 2.445500000000000007 ) ) ;
#8397 = EDGE_CURVE ( 'NONE', #8937, #5421, #5337, .T. ) ;
#8398 = EDGE_LOOP ( 'NONE', ( #2226, #8782, #8031, #221 ) ) ;
#8399 = CARTESIAN_POINT ( 'NONE',  ( 1.824500000000000233, 0.7125687761248743479, 3.592443814627477305 ) ) ;
#8400 = ORIENTED_EDGE ( 'NONE', *, *, #6268, .T. ) ;
#8401 = ADVANCED_FACE ( 'NONE', ( #6779 ), #6811, .F. ) ;
#8402 = EDGE_CURVE ( 'NONE', #4196, #8433, #2539, .T. ) ;
#8403 = VECTOR ( 'NONE', #4732, 1000.000000000000000 ) ;
#8404 = DIRECTION ( 'NONE',  ( 1.000000000000000000, -0.000000000000000000, -0.000000000000000000 ) ) ;
#8405 = CARTESIAN_POINT ( 'NONE',  ( 0.8245000000000001217, 1.119999999999999885, -0.1792604477561911547 ) ) ;
#8406 = CARTESIAN_POINT ( 'NONE',  ( 1.594500000000000028, 1.119999999999999885, 3.000000000000000000 ) ) ;
#8407 = DIRECTION ( 'NONE',  ( 0.000000000000000000, 0.9729913731149246736, -0.2308414777372849447 ) ) ;
#8408 = ORIENTED_EDGE ( 'NONE', *, *, #235, .T. ) ;
#8409 = EDGE_LOOP ( 'NONE', ( #3308, #1922, #6061, #7233 ) ) ;
#8410 = DIRECTION ( 'NONE',  ( 1.000000000000000000, 0.000000000000000000, -0.000000000000000000 ) ) ;
#8411 = DIRECTION ( 'NONE',  ( 1.000000000000000000, 0.000000000000000000, 0.000000000000000000 ) ) ;
#8412 = SURFACE_STYLE_USAGE ( .BOTH. , #4874 ) ;
#8413 = VECTOR ( 'NONE', #7965, 1000.000000000000000 ) ;
#8414 = EDGE_CURVE ( 'NONE', #53, #442, #4696, .T. ) ;
#8415 = DIRECTION ( 'NONE',  ( 1.184920407087982840E-16, -3.346426880925238799E-33, -1.000000000000000000 ) ) ;
#8416 = LINE ( 'NONE', #284, #2168 ) ;
#8417 = EDGE_CURVE ( 'NONE', #2681, #5407, #6237, .T. ) ;
#8418 = DIRECTION ( 'NONE',  ( 0.000000000000000000, -0.8028287771104236636, -0.5962096566170171918 ) ) ;
#8419 = CARTESIAN_POINT ( 'NONE',  ( 4.092000000000001414, 0.5999999999999999778, 0.5544999999999998819 ) ) ;
#8420 = ORIENTED_EDGE ( 'NONE', *, *, #9046, .T. ) ;
#8421 =( GEOMETRIC_REPRESENTATION_CONTEXT ( 3 ) GLOBAL_UNCERTAINTY_ASSIGNED_CONTEXT ( ( #8460 ) ) GLOBAL_UNIT_ASSIGNED_CONTEXT ( ( #2912, #26, #95 ) ) REPRESENTATION_CONTEXT ( 'NONE', 'WORKASPACE' ) );
#8422 = CARTESIAN_POINT ( 'NONE',  ( 2.824500000000000011, 0.5335548349585852446, 3.573628691239299382 ) ) ;
#8423 = DIRECTION ( 'NONE',  ( 1.000000000000000000, 0.000000000000000000, -0.000000000000000000 ) ) ;
#8424 = VECTOR ( 'NONE', #4005, 1000.000000000000000 ) ;
#8425 = FILL_AREA_STYLE ('',( #7748 ) ) ;
#8426 = EDGE_CURVE ( 'NONE', #7721, #2240, #8456, .T. ) ;
#8427 = FACE_OUTER_BOUND ( 'NONE', #3683, .T. ) ;
#8428 = DIRECTION ( 'NONE',  ( 0.000000000000000000, 0.000000000000000000, -1.000000000000000000 ) ) ;
#8429 = STYLED_ITEM ( 'NONE', ( #1740 ), #7742 ) ;
#8430 = LINE ( 'NONE', #767, #4768 ) ;
#8431 = ORIENTED_EDGE ( 'NONE', *, *, #8822, .T. ) ;
#8432 = FACE_OUTER_BOUND ( 'NONE', #501, .T. ) ;
#8433 = VERTEX_POINT ( 'NONE', #6131 ) ;
#8434 = CARTESIAN_POINT ( 'NONE',  ( 0.9470000000000003970, 0.6500000000000000222, 0.5544999999999994378 ) ) ;
#8435 = CARTESIAN_POINT ( 'NONE',  ( 0.9470000000000003970, 0.5999999999999999778, 0.5544999999999994378 ) ) ;
#8437 = CARTESIAN_POINT ( 'NONE',  ( 2.324500000000000011, 1.119999999999999885, 3.000000000000000000 ) ) ;
#8436 = CIRCLE ( 'NONE', #4174, 0.2799999999999999711 ) ;
#8438 = ORIENTED_EDGE ( 'NONE', *, *, #7195, .F. ) ;
#8439 = CIRCLE ( 'NONE', #6058, 0.1199999999999998845 ) ;
#8440 = CARTESIAN_POINT ( 'NONE',  ( 3.324500000000000011, 0.8120209656617016769, 3.602896660954242769 ) ) ;
#8441 = EDGE_CURVE ( 'NONE', #8775, #5156, #8014, .T. ) ;
#8442 = ADVANCED_FACE ( 'NONE', ( #3940, #7905 ), #6872, .F. ) ;
#8443 = CIRCLE ( 'NONE', #7513, 0.09999999999999993616 ) ;
#8444 = CARTESIAN_POINT ( 'NONE',  ( 3.324500000000000011, 0.8120209656617016769, 3.602896660954242769 ) ) ;
#8445 = CARTESIAN_POINT ( 'NONE',  ( 4.492000000000000881, 0.5999999999999999778, 2.205500000000000238 ) ) ;
#8446 = LINE ( 'NONE', #5881, #2857 ) ;
#8447 = FACE_OUTER_BOUND ( 'NONE', #3423, .T. ) ;
#8448 = EDGE_CURVE ( 'NONE', #8466, #5391, #3082, .T. ) ;
#8449 = CARTESIAN_POINT ( 'NONE',  ( 1.594500000000000028, 0.6450822618089369076, 3.378104603363324188 ) ) ;
#8450 = VECTOR ( 'NONE', #5926, 1000.000000000000000 ) ;
#8451 = CARTESIAN_POINT ( 'NONE',  ( 3.594500000000000028, 1.119999999999999885, 3.000000000000000000 ) ) ;
#8452 = DIRECTION ( 'NONE',  ( 0.000000000000000000, 0.000000000000000000, 1.000000000000000000 ) ) ;
#8453 = EDGE_CURVE ( 'NONE', #6590, #1531, #8572, .T. ) ;
#8454 = LINE ( 'NONE', #3697, #3078 ) ;
#8455 = VECTOR ( 'NONE', #5197, 1000.000000000000114 ) ;
#8456 = LINE ( 'NONE', #8244, #6011 ) ;
#8457 = ORIENTED_EDGE ( 'NONE', *, *, #5607, .T. ) ;
#8458 = CARTESIAN_POINT ( 'NONE',  ( 4.324500000000000455, 1.119999999999999885, -0.1792604477561911547 ) ) ;
#8459 = FACE_OUTER_BOUND ( 'NONE', #2284, .T. ) ;
#8460 = UNCERTAINTY_MEASURE_WITH_UNIT (LENGTH_MEASURE( 1.000000000000000082E-05 ), #2912, 'distance_accuracy_value', 'NONE');
#8461 = CARTESIAN_POINT ( 'NONE',  ( 2.324500000000000011, 0.8996209656617012440, -0.1890749652305044881 ) ) ;
#8462 =( NAMED_UNIT ( * ) SI_UNIT ( $, .STERADIAN. ) SOLID_ANGLE_UNIT ( ) );
#8463 = EDGE_CURVE ( 'NONE', #7516, #2493, #2867, .T. ) ;
#8464 = DIRECTION ( 'NONE',  ( 0.000000000000000000, 0.000000000000000000, -1.000000000000000000 ) ) ;
#8465 = VECTOR ( 'NONE', #8726, 999.9999999999998863 ) ;
#8466 = VERTEX_POINT ( 'NONE', #1397 ) ;
#8467 = EDGE_CURVE ( 'NONE', #268, #4848, #1022, .T. ) ;
#8468 = ORIENTED_EDGE ( 'NONE', *, *, #7814, .T. ) ;
#8469 = CARTESIAN_POINT ( 'NONE',  ( 2.324500000000000011, 0.9399999999999998357, 3.000000000000000000 ) ) ;
#8470 = CARTESIAN_POINT ( 'NONE',  ( 1.347000000000000641, 0.5999999999999999778, 0.6745000000000007656 ) ) ;
#8471 = AXIS2_PLACEMENT_3D ( 'NONE', #4553, #3890, #5275 ) ;
#8472 = CARTESIAN_POINT ( 'NONE',  ( 0.8245000000000001217, 1.119999999999999885, 0.000000000000000000 ) ) ;
#8473 = PLANE ( 'NONE',  #1824 ) ;
#8474 = ORIENTED_EDGE ( 'NONE', *, *, #6514, .T. ) ;
#8475 = VECTOR ( 'NONE', #1238, 1000.000000000000000 ) ;
#8476 = PLANE ( 'NONE',  #6537 ) ;
#8477 = ORIENTED_EDGE ( 'NONE', *, *, #1956, .F. ) ;
#8478 = DIRECTION ( 'NONE',  ( 0.000000000000000000, 0.9729913731149246736, -0.2308414777372849447 ) ) ;
#8479 = FILL_AREA_STYLE_COLOUR ( '', #3511 ) ;
#8480 = EDGE_CURVE ( 'NONE', #6384, #7239, #4167, .T. ) ;
#8481 = DIRECTION ( 'NONE',  ( 0.000000000000000000, 0.000000000000000000, 1.000000000000000000 ) ) ;
#8482 = DIRECTION ( 'NONE',  ( -0.000000000000000000, 0.9729913731149246736, 0.2308414777372849447 ) ) ;
#8483 = CARTESIAN_POINT ( 'NONE',  ( 4.492000000000000881, 0.5999999999999999778, 2.445500000000000007 ) ) ;
#8484 = ORIENTED_EDGE ( 'NONE', *, *, #7970, .F. ) ;
#8485 = ORIENTED_EDGE ( 'NONE', *, *, #7117, .T. ) ;
#8486 = CARTESIAN_POINT ( 'NONE',  ( 3.094500000000000028, 0.8399999999999998579, 3.108792087519462122 ) ) ;
#8487 = VERTEX_POINT ( 'NONE', #8405 ) ;
#8488 = ORIENTED_EDGE ( 'NONE', *, *, #7465, .T. ) ;
#8489 = DIRECTION ( 'NONE',  ( -0.000000000000000000, -0.000000000000000000, -1.000000000000000000 ) ) ;
#8490 = ORIENTED_EDGE ( 'NONE', *, *, #5670, .F. ) ;
#8491 = LINE ( 'NONE', #8396, #2675 ) ;
#8492 = VERTEX_POINT ( 'NONE', #7464 ) ;
#8493 = ADVANCED_FACE ( 'NONE', ( #2105 ), #4187, .F. ) ;
#8494 = ORIENTED_EDGE ( 'NONE', *, *, #5735, .T. ) ;
#8495 = DIRECTION ( 'NONE',  ( 0.000000000000000000, 0.000000000000000000, 1.000000000000000000 ) ) ;
#8496 = VECTOR ( 'NONE', #6728, 1000.000000000000000 ) ;
#8497 = VERTEX_POINT ( 'NONE', #2160 ) ;
#8498 = PLANE ( 'NONE',  #5526 ) ;
#8499 = CARTESIAN_POINT ( 'NONE',  ( 1.347000000000000419, 0.6500000000000000222, 2.445499999999999563 ) ) ;
#8500 = AXIS2_PLACEMENT_3D ( 'NONE', #5598, #4274, #1460 ) ;
#8501 = EDGE_LOOP ( 'NONE', ( #3523, #7589, #5314, #4443 ) ) ;
#8502 = VECTOR ( 'NONE', #8860, 1000.000000000000000 ) ;
#8503 = AXIS2_PLACEMENT_3D ( 'NONE', #7743, #4823, #2145 ) ;
#8504 = CARTESIAN_POINT ( 'NONE',  ( 0.8245000000000001217, 0.9399999999999997247, 3.108792087519461678 ) ) ;
#8505 = DIRECTION ( 'NONE',  ( 1.000000000000000000, 0.000000000000000000, 0.000000000000000000 ) ) ;
#8506 = ORIENTED_EDGE ( 'NONE', *, *, #2169, .F. ) ;
#8507 = DIRECTION ( 'NONE',  ( 0.000000000000000000, -0.8028287771104236636, -0.5962096566170171918 ) ) ;
#8508 = ORIENTED_EDGE ( 'NONE', *, *, #1314, .T. ) ;
#8509 = DIRECTION ( 'NONE',  ( 0.000000000000000000, 0.1045284632676540260, 0.9945218953682732899 ) ) ;
#8510 = ORIENTED_EDGE ( 'NONE', *, *, #5548, .F. ) ;
#8511 = CARTESIAN_POINT ( 'NONE',  ( 4.492000000000000881, 0.5999999999999998668, 0.5544999999999998819 ) ) ;
#8512 = DIRECTION ( 'NONE',  ( 0.000000000000000000, -0.8028287771104236636, -0.5962096566170171918 ) ) ;
#8513 = VECTOR ( 'NONE', #4442, 1000.000000000000000 ) ;
#8514 = CARTESIAN_POINT ( 'NONE',  ( 3.324500000000000011, 0.5335548349585852446, 3.573628691239299382 ) ) ;
#8515 = CARTESIAN_POINT ( 'NONE',  ( 4.094500000000000028, 0.8996209656617012440, -0.1890749652305044881 ) ) ;
#8516 = ORIENTED_EDGE ( 'NONE', *, *, #4490, .F. ) ;
#8517 = CARTESIAN_POINT ( 'NONE',  ( 2.324500000000000011, 1.119999999999999885, -0.1792604477561911547 ) ) ;
#8518 = EDGE_LOOP ( 'NONE', ( #4135, #3332, #80, #3812 ) ) ;
#8519 = EDGE_CURVE ( 'NONE', #3326, #8350, #477, .T. ) ;
#8520 = PRESENTATION_LAYER_ASSIGNMENT (  '', '', ( #5298 ) ) ;
#8521 = ORIENTED_EDGE ( 'NONE', *, *, #1216, .F. ) ;
#8522 = DIRECTION ( 'NONE',  ( 1.000000000000000000, -0.000000000000000000, -0.000000000000000000 ) ) ;
#8523 = LINE ( 'NONE', #6819, #3461 ) ;
#8524 = VECTOR ( 'NONE', #5616, 999.9999999999998863 ) ;
#8525 =( LENGTH_UNIT ( ) NAMED_UNIT ( * ) SI_UNIT ( .MILLI., .METRE. ) );
#8526 = EDGE_CURVE ( 'NONE', #184, #5949, #8231, .T. ) ;
#8527 = EDGE_LOOP ( 'NONE', ( #291, #7801, #6873, #1295 ) ) ;
#8528 = CARTESIAN_POINT ( 'NONE',  ( 2.324500000000000011, 1.071938878923327065, 3.285312666603656062 ) ) ;
#8529 = DIRECTION ( 'NONE',  ( 1.000000000000000000, -0.000000000000000000, -0.000000000000000000 ) ) ;
#8530 = CIRCLE ( 'NONE', #2696, 0.09999999999999982514 ) ;
#8531 = AXIS2_PLACEMENT_3D ( 'NONE', #1094, #5942, #7935 ) ;
#8532 = LINE ( 'NONE', #4644, #3798 ) ;
#8533 = DIRECTION ( 'NONE',  ( 0.000000000000000000, -0.8028287771104236636, -0.5962096566170173029 ) ) ;
#8534 = CARTESIAN_POINT ( 'NONE',  ( 3.594500000000000028, 1.071938878923327065, 3.285312666603656062 ) ) ;
#8535 = ORIENTED_EDGE ( 'NONE', *, *, #2596, .F. ) ;
#8536 = EDGE_CURVE ( 'NONE', #8236, #5586, #6468, .T. ) ;
#8537 = EDGE_CURVE ( 'NONE', #4417, #7041, #3452, .T. ) ;
#8538 = LINE ( 'NONE', #1271, #4554 ) ;
#8539 = CARTESIAN_POINT ( 'NONE',  ( 1.594500000000000028, 0.8996209656617012440, -0.1890749652305044881 ) ) ;
#8540 = CARTESIAN_POINT ( 'NONE',  ( 3.594500000000000028, 0.4984000000000007313, 3.908104603363323548 ) ) ;
#8541 = ADVANCED_FACE ( 'NONE', ( #8348 ), #3462, .F. ) ;
#8542 = DIRECTION ( 'NONE',  ( 1.000000000000000000, -0.000000000000000000, -0.000000000000000000 ) ) ;
#8543 = ORIENTED_EDGE ( 'NONE', *, *, #2534, .T. ) ;
#8544 = DIRECTION ( 'NONE',  ( -0.000000000000000000, -0.000000000000000000, 1.000000000000000000 ) ) ;
#8545 = ORIENTED_EDGE ( 'NONE', *, *, #873, .T. ) ;
#8546 = DIRECTION ( 'NONE',  ( 0.000000000000000000, -0.8028287771104236636, -0.5962096566170171918 ) ) ;
#8547 = CARTESIAN_POINT ( 'NONE',  ( 1.594500000000000028, 0.8399999999999998579, -0.1087920875194620801 ) ) ;
#8548 = FACE_OUTER_BOUND ( 'NONE', #3754, .T. ) ;
#8549 =( NAMED_UNIT ( * ) PLANE_ANGLE_UNIT ( ) SI_UNIT ( $, .RADIAN. ) );
#8550 = VERTEX_POINT ( 'NONE', #7002 ) ;
#8551 = FACE_OUTER_BOUND ( 'NONE', #387, .T. ) ;
#8552 = ORIENTED_EDGE ( 'NONE', *, *, #6320, .T. ) ;
#8553 = FACE_OUTER_BOUND ( 'NONE', #4889, .T. ) ;
#8554 = EDGE_CURVE ( 'NONE', #8138, #823, #5898, .T. ) ;
#8555 = VECTOR ( 'NONE', #7196, 1000.000000000000000 ) ;
#8556 = LINE ( 'NONE', #8739, #4263 ) ;
#8557 = CARTESIAN_POINT ( 'NONE',  ( 4.092000000000001414, 0.5999999999999998668, 2.325499999999999012 ) ) ;
#8558 = CARTESIAN_POINT ( 'NONE',  ( 3.594500000000000028, 1.119999999999999885, -0.1792604477561911547 ) ) ;
#8559 = FACE_OUTER_BOUND ( 'NONE', #7506, .T. ) ;
#8560 = VECTOR ( 'NONE', #530, 1000.000000000000227 ) ;
#8561 = VECTOR ( 'NONE', #6568, 1000.000000000000000 ) ;
#8562 = CARTESIAN_POINT ( 'NONE',  ( 4.624035241003919161, 0.5999999999999998668, 2.885035241003918838 ) ) ;
#8563 = EDGE_CURVE ( 'NONE', #938, #7341, #266, .T. ) ;
#8564 = ORIENTED_EDGE ( 'NONE', *, *, #917, .T. ) ;
#8565 = DIRECTION ( 'NONE',  ( 0.000000000000000000, -0.1045284632676515280, 0.9945218953682736229 ) ) ;
#8566 = CARTESIAN_POINT ( 'NONE',  ( 4.594500000000000028, 1.071938878923327065, -0.2853126666036561732 ) ) ;
#8567 = CARTESIAN_POINT ( 'NONE',  ( 4.324500000000000455, 0.8120209656617016769, 3.602896660954242769 ) ) ;
#8568 = EDGE_CURVE ( 'NONE', #6496, #3435, #7238, .T. ) ;
#8569 = CARTESIAN_POINT ( 'NONE',  ( 0.9470000000000003970, 0.5999999999999999778, 0.7944999999999992069 ) ) ;
#8570 = DIRECTION ( 'NONE',  ( -1.000000000000000000, -0.000000000000000000, -1.548860246407862350E-15 ) ) ;
#8571 = VECTOR ( 'NONE', #2305, 1000.000000000000000 ) ;
#8572 = CIRCLE ( 'NONE', #1766, 0.1200000000000000233 ) ;
#8573 = ORIENTED_EDGE ( 'NONE', *, *, #3773, .T. ) ;
#8574 = PLANE ( 'NONE',  #1093 ) ;
#8575 = ORIENTED_EDGE ( 'NONE', *, *, #2416, .F. ) ;
#8576 = UNCERTAINTY_MEASURE_WITH_UNIT (LENGTH_MEASURE( 1.000000000000000082E-05 ), #5994, 'distance_accuracy_value', 'NONE');
#8577 = EDGE_CURVE ( 'NONE', #2101, #2077, #1669, .T. ) ;
#8578 = VERTEX_POINT ( 'NONE', #5513 ) ;
#8579 = CARTESIAN_POINT ( 'NONE',  ( 1.824500000000000233, 0.8996209656617012440, -0.1890749652305044881 ) ) ;
#8580 = ORIENTED_EDGE ( 'NONE', *, *, #8735, .F. ) ;
#8581 = LINE ( 'NONE', #4574, #272 ) ;
#8582 = ORIENTED_EDGE ( 'NONE', *, *, #4636, .T. ) ;
#8583 = ADVANCED_FACE ( 'NONE', ( #1891 ), #70, .F. ) ;
#8584 = DIRECTION ( 'NONE',  ( 1.000000000000000000, -0.000000000000000000, -0.000000000000000000 ) ) ;
#8585 = EDGE_CURVE ( 'NONE', #2355, #1704, #7015, .T. ) ;
#8586 = ORIENTED_EDGE ( 'NONE', *, *, #1991, .T. ) ;
#8587 = EDGE_CURVE ( 'NONE', #5004, #8381, #3298, .T. ) ;
#8588 = DIRECTION ( 'NONE',  ( 0.000000000000000000, -0.1045284632676515280, -0.9945218953682736229 ) ) ;
#8589 = ORIENTED_EDGE ( 'NONE', *, *, #1391, .F. ) ;
#8590 = LINE ( 'NONE', #371, #921 ) ;
#8591 = DIRECTION ( 'NONE',  ( 0.000000000000000000, 0.000000000000000000, 1.000000000000000000 ) ) ;
#8592 = ORIENTED_EDGE ( 'NONE', *, *, #3464, .T. ) ;
#8593 = CARTESIAN_POINT ( 'NONE',  ( 0.8245000000000001217, 0.5335548349585852446, 3.573628691239299382 ) ) ;
#8594 = AXIS2_PLACEMENT_3D ( 'NONE', #828, #2848, #6289 ) ;
#8595 = DIRECTION ( 'NONE',  ( 0.000000000000000000, 0.000000000000000000, -1.000000000000000000 ) ) ;
#8596 = EDGE_LOOP ( 'NONE', ( #8070, #8749, #8020, #2350 ) ) ;
#8597 = VECTOR ( 'NONE', #1232, 999.9999999999998863 ) ;
#8598 = CARTESIAN_POINT ( 'NONE',  ( 0.8245000000000001217, 0.7125687761248744589, -0.5924438146274771944 ) ) ;
#8599 = ORIENTED_EDGE ( 'NONE', *, *, #6251, .T. ) ;
#8600 = DIRECTION ( 'NONE',  ( -1.000000000000000000, -0.000000000000000000, -0.000000000000000000 ) ) ;
#8601 = ORIENTED_EDGE ( 'NONE', *, *, #2930, .F. ) ;
#8602 =( NAMED_UNIT ( * ) SI_UNIT ( $, .STERADIAN. ) SOLID_ANGLE_UNIT ( ) );
#8603 = VERTEX_POINT ( 'NONE', #7137 ) ;
#8604 = ORIENTED_EDGE ( 'NONE', *, *, #7331, .F. ) ;
#8605 = CARTESIAN_POINT ( 'NONE',  ( 1.824500000000000233, 0.5335548349585852446, -0.5736286912392993820 ) ) ;
#8606 = VERTEX_POINT ( 'NONE', #2726 ) ;
#8607 = VECTOR ( 'NONE', #7281, 1000.000000000000000 ) ;
#8608 = DIRECTION ( 'NONE',  ( 0.000000000000000000, 0.000000000000000000, 1.000000000000000000 ) ) ;
#8609 = ORIENTED_EDGE ( 'NONE', *, *, #7629, .T. ) ;
#8610 = ORIENTED_EDGE ( 'NONE', *, *, #4685, .F. ) ;
#8611 = CYLINDRICAL_SURFACE ( 'NONE', #7914, 0.2799999999999998601 ) ;
#8612 = CARTESIAN_POINT ( 'NONE',  ( 3.824500000000000011, 0.5335548349585852446, -0.5736286912392993820 ) ) ;
#8613 = DIRECTION ( 'NONE',  ( 0.000000000000000000, 0.000000000000000000, 1.000000000000000000 ) ) ;
#8614 = VECTOR ( 'NONE', #2648, 1000.000000000000000 ) ;
#8615 = DIRECTION ( 'NONE',  ( -0.000000000000000000, 0.8028287771104243298, -0.5962096566170164147 ) ) ;
#8616 = ORIENTED_EDGE ( 'NONE', *, *, #6473, .T. ) ;
#8617 = DIRECTION ( 'NONE',  ( -2.824178620696807171E-17, -1.000000000000000000, -0.000000000000000000 ) ) ;
#8618 = AXIS2_PLACEMENT_3D ( 'NONE', #892, #5064, #5033 ) ;
#8619 = ORIENTED_EDGE ( 'NONE', *, *, #7152, .F. ) ;
#8620 = ORIENTED_EDGE ( 'NONE', *, *, #2714, .T. ) ;
#8621 = EDGE_CURVE ( 'NONE', #395, #5745, #2431, .T. ) ;
#8622 = CARTESIAN_POINT ( 'NONE',  ( 3.824500000000000011, 0.4984000000000007313, -0.9081046033633235481 ) ) ;
#8623 = CARTESIAN_POINT ( 'NONE',  ( 2.824500000000000011, 0.6749881066967827747, 3.950000000000000178 ) ) ;
#8624 = VECTOR ( 'NONE', #725, 1000.000000000000000 ) ;
#8625 = EDGE_LOOP ( 'NONE', ( #4081, #2868, #4523, #2243 ) ) ;
#8626 = CARTESIAN_POINT ( 'NONE',  ( 0.8245000000000001217, 1.071938878923327065, -0.2853126666036561732 ) ) ;
#8627 = ADVANCED_FACE ( 'NONE', ( #5132 ), #2645, .F. ) ;
#8628 = ORIENTED_EDGE ( 'NONE', *, *, #2951, .T. ) ;
#8629 = DIRECTION ( 'NONE',  ( -1.000000000000000000, 0.000000000000000000, 0.000000000000000000 ) ) ;
#8630 = EDGE_CURVE ( 'NONE', #7516, #4099, #4483, .T. ) ;
#8631 = AXIS2_PLACEMENT_3D ( 'NONE', #6208, #4173, #4851 ) ;
#8632 = SURFACE_STYLE_FILL_AREA ( #5287 ) ;
#8633 = AXIS2_PLACEMENT_3D ( 'NONE', #7429, #3269, #5234 ) ;
#8634 = DIRECTION ( 'NONE',  ( -0.000000000000000000, 1.000000000000000000, -0.000000000000000000 ) ) ;
#8635 = EDGE_LOOP ( 'NONE', ( #7952, #5965, #1339, #8457 ) ) ;
#8636 = MANIFOLD_SOLID_BREP ( 'LPattern2[1]', #1431 ) ;
#8637 = LINE ( 'NONE', #3650, #1738 ) ;
#8638 = EDGE_CURVE ( 'NONE', #1262, #9021, #8774, .T. ) ;
#8639 = CARTESIAN_POINT ( 'NONE',  ( 3.824500000000000011, 0.8996209656617012440, -0.1890749652305044881 ) ) ;
#8640 = EDGE_CURVE ( 'NONE', #1507, #3405, #7340, .T. ) ;
#8641 = ORIENTED_EDGE ( 'NONE', *, *, #5050, .T. ) ;
#8642 = CARTESIAN_POINT ( 'NONE',  ( 3.824500000000000011, 0.7125687761248743479, -0.5924438146274771944 ) ) ;
#8643 = PLANE ( 'NONE',  #5760 ) ;
#8644 = LINE ( 'NONE', #926, #3258 ) ;
#8645 = ORIENTED_EDGE ( 'NONE', *, *, #1494, .T. ) ;
#8646 = DIRECTION ( 'NONE',  ( 1.000000000000000000, -3.949734690293276133E-17, 0.000000000000000000 ) ) ;
#8647 = CIRCLE ( 'NONE', #2774, 0.2799999999999998601 ) ;
#8648 = CARTESIAN_POINT ( 'NONE',  ( 0.7957774489646559646, 1.445643326479830515, 0.09577744896465567592 ) ) ;
#8649 = ORIENTED_EDGE ( 'NONE', *, *, #1844, .F. ) ;
#8650 = CIRCLE ( 'NONE', #6945, 0.09999999999999982514 ) ;
#8651 = EDGE_CURVE ( 'NONE', #3012, #3263, #7559, .T. ) ;
#8652 = ORIENTED_EDGE ( 'NONE', *, *, #4497, .T. ) ;
#8653 = DIRECTION ( 'NONE',  ( 0.000000000000000000, 0.000000000000000000, 1.000000000000000000 ) ) ;
#8654 = CYLINDRICAL_SURFACE ( 'NONE', #4626, 0.09999999999999982514 ) ;
#8655 = VERTEX_POINT ( 'NONE', #5918 ) ;
#8656 = LINE ( 'NONE', #2855, #1652 ) ;
#8657 = FILL_AREA_STYLE_COLOUR ( '', #7235 ) ;
#8658 = LINE ( 'NONE', #1, #7989 ) ;
#8659 = DIRECTION ( 'NONE',  ( 0.000000000000000000, 0.000000000000000000, 1.000000000000000000 ) ) ;
#8660 = SURFACE_STYLE_USAGE ( .BOTH. , #7158 ) ;
#8661 = LINE ( 'NONE', #2267, #3295 ) ;
#8662 = FACE_OUTER_BOUND ( 'NONE', #4936, .T. ) ;
#8663 = FACE_OUTER_BOUND ( 'NONE', #9010, .T. ) ;
#8664 =( GEOMETRIC_REPRESENTATION_CONTEXT ( 3 ) GLOBAL_UNCERTAINTY_ASSIGNED_CONTEXT ( ( #1008 ) ) GLOBAL_UNIT_ASSIGNED_CONTEXT ( ( #8525, #3645, #7895 ) ) REPRESENTATION_CONTEXT ( 'NONE', 'WORKASPACE' ) );
#8665 = ADVANCED_FACE ( 'NONE', ( #3935 ), #5685, .T. ) ;
#8666 = DIRECTION ( 'NONE',  ( 0.000000000000000000, 0.000000000000000000, 1.000000000000000000 ) ) ;
#8667 = AXIS2_PLACEMENT_3D ( 'NONE', #6382, #1596, #4988 ) ;
#8668 = SURFACE_STYLE_FILL_AREA ( #3136 ) ;
#8669 = CARTESIAN_POINT ( 'NONE',  ( 2.824500000000000011, 0.8120209656617016769, -0.6028966609542426580 ) ) ;
#8670 = DIRECTION ( 'NONE',  ( 1.000000000000000000, 0.000000000000000000, 0.000000000000000000 ) ) ;
#8671 = VECTOR ( 'NONE', #8054, 1000.000000000000000 ) ;
#8672 = CYLINDRICAL_SURFACE ( 'NONE', #8793, 0.09999999999999982514 ) ;
#8673 = EDGE_LOOP ( 'NONE', ( #4225, #1602, #3861, #1226 ) ) ;
#8674 = ORIENTED_EDGE ( 'NONE', *, *, #5609, .T. ) ;
#8675 = DIRECTION ( 'NONE',  ( 0.000000000000000000, -0.5962096566170164147, 0.8028287771104244408 ) ) ;
#8676 = DIRECTION ( 'NONE',  ( 1.000000000000000000, -0.000000000000000000, -0.000000000000000000 ) ) ;
#8677 = ORIENTED_EDGE ( 'NONE', *, *, #6148, .F. ) ;
#8678 = CARTESIAN_POINT ( 'NONE',  ( 2.324500000000000011, 0.9399999999999998357, 0.000000000000000000 ) ) ;
#8679 = LINE ( 'NONE', #6535, #3081 ) ;
#8680 = EDGE_CURVE ( 'NONE', #2676, #9044, #5436, .T. ) ;
#8681 = CARTESIAN_POINT ( 'NONE',  ( 0.9470000000000003970, 0.6500000000000000222, 2.205499999999999794 ) ) ;
#8682 = AXIS2_PLACEMENT_3D ( 'NONE', #1665, #166, #196 ) ;
#8683 = ORIENTED_EDGE ( 'NONE', *, *, #7451, .F. ) ;
#8684 = VERTEX_POINT ( 'NONE', #1284 ) ;
#8685 = DIRECTION ( 'NONE',  ( 0.000000000000000000, 0.2308414777372849447, 0.9729913731149246736 ) ) ;
#8686 = ORIENTED_EDGE ( 'NONE', *, *, #3369, .T. ) ;
#8687 = CARTESIAN_POINT ( 'NONE',  ( 0.9470000000000003970, 0.5999999999999999778, 0.5544999999999994378 ) ) ;
#8688 = ORIENTED_EDGE ( 'NONE', *, *, #1619, .T. ) ;
#8689 = EDGE_CURVE ( 'NONE', #1187, #1415, #4586, .T. ) ;
#8690 = AXIS2_PLACEMENT_3D ( 'NONE', #5090, #1636, #4970 ) ;
#8691 = DIRECTION ( 'NONE',  ( 1.000000000000000000, 0.000000000000000000, 0.000000000000000000 ) ) ;
#8692 = ORIENTED_EDGE ( 'NONE', *, *, #2353, .T. ) ;
#8693 = ORIENTED_EDGE ( 'NONE', *, *, #4323, .T. ) ;
#8694 = DIRECTION ( 'NONE',  ( 0.000000000000000000, 0.9729913731149246736, 0.2308414777372849447 ) ) ;
#8695 = CARTESIAN_POINT ( 'NONE',  ( 2.324500000000000011, 0.6749881066967827747, -0.9500000000000002887 ) ) ;
#8696 = VERTEX_POINT ( 'NONE', #4743 ) ;
#8697 = ORIENTED_EDGE ( 'NONE', *, *, #566, .T. ) ;
#8698 = EDGE_CURVE ( 'NONE', #4876, #4940, #1662, .T. ) ;
#8699 = DIRECTION ( 'NONE',  ( 1.000000000000000000, -0.000000000000000000, -0.000000000000000000 ) ) ;
#8700 = EDGE_CURVE ( 'NONE', #3057, #4050, #4792, .T. ) ;
#8701 = ORIENTED_EDGE ( 'NONE', *, *, #7394, .T. ) ;
#8702 = LINE ( 'NONE', #4455, #6815 ) ;
#8703 = CARTESIAN_POINT ( 'NONE',  ( 1.347000000000000419, 0.6500000000000000222, 2.325499999999998568 ) ) ;
#8704 = ORIENTED_EDGE ( 'NONE', *, *, #6008, .F. ) ;
#8705 = DIRECTION ( 'NONE',  ( 0.000000000000000000, 0.000000000000000000, -1.000000000000000000 ) ) ;
#8706 = ORIENTED_EDGE ( 'NONE', *, *, #5428, .F. ) ;
#8707 = VECTOR ( 'NONE', #3670, 1000.000000000000000 ) ;
#8708 = ORIENTED_EDGE ( 'NONE', *, *, #4969, .T. ) ;
#8709 = ORIENTED_EDGE ( 'NONE', *, *, #5231, .F. ) ;
#8710 = ADVANCED_FACE ( 'NONE', ( #43 ), #2625, .F. ) ;
#8711 = DIRECTION ( 'NONE',  ( 1.000000000000000000, 0.000000000000000000, 0.000000000000000000 ) ) ;
#8712 = LINE ( 'NONE', #8069, #522 ) ;
#8713 = DIRECTION ( 'NONE',  ( 0.000000000000000000, 0.000000000000000000, -1.000000000000000000 ) ) ;
#8714 = EDGE_LOOP ( 'NONE', ( #3490, #2572, #3206, #6681 ) ) ;
#8715 = DIRECTION ( 'NONE',  ( 0.000000000000000000, 0.000000000000000000, -1.000000000000000000 ) ) ;
#8716 = ORIENTED_EDGE ( 'NONE', *, *, #2076, .T. ) ;
#8717 = EDGE_CURVE ( 'NONE', #295, #1233, #1557, .T. ) ;
#8718 =( GEOMETRIC_REPRESENTATION_CONTEXT ( 3 ) GLOBAL_UNCERTAINTY_ASSIGNED_CONTEXT ( ( #4606 ) ) GLOBAL_UNIT_ASSIGNED_CONTEXT ( ( #7507, #1139, #6053 ) ) REPRESENTATION_CONTEXT ( 'NONE', 'WORKASPACE' ) );
#8719 = ORIENTED_EDGE ( 'NONE', *, *, #3238, .T. ) ;
#8720 = CARTESIAN_POINT ( 'NONE',  ( 4.492000000000000881, 0.6500000000000000222, 2.205500000000000238 ) ) ;
#8721 = LINE ( 'NONE', #1743, #8513 ) ;
#8722 = CARTESIAN_POINT ( 'NONE',  ( 2.824500000000000011, 0.8399999999999998579, 3.108792087519462122 ) ) ;
#8723 =( NAMED_UNIT ( * ) PLANE_ANGLE_UNIT ( ) SI_UNIT ( $, .RADIAN. ) );
#8724 = VERTEX_POINT ( 'NONE', #1934 ) ;
#8725 = ORIENTED_EDGE ( 'NONE', *, *, #2729, .T. ) ;
#8726 = DIRECTION ( 'NONE',  ( 0.000000000000000000, -0.1045284632676515280, -0.9945218953682736229 ) ) ;
#8727 =( NAMED_UNIT ( * ) SI_UNIT ( $, .STERADIAN. ) SOLID_ANGLE_UNIT ( ) );
#8728 = PLANE ( 'NONE',  #3797 ) ;
#8729 = DIRECTION ( 'NONE',  ( 1.000000000000000000, -0.000000000000000000, 1.239088197126289091E-15 ) ) ;
#8730 = EDGE_CURVE ( 'NONE', #3858, #1615, #3634, .T. ) ;
#8731 = PLANE ( 'NONE',  #3983 ) ;
#8732 = CARTESIAN_POINT ( 'NONE',  ( 4.092000000000001414, 0.5999999999999998668, 2.325499999999999012 ) ) ;
#8733 = EDGE_LOOP ( 'NONE', ( #2653, #8854, #4809, #8375 ) ) ;
#8734 = CARTESIAN_POINT ( 'NONE',  ( 4.324500000000000455, 1.000393720129284736, 3.188973213350405178 ) ) ;
#8735 = EDGE_CURVE ( 'NONE', #4990, #7047, #7894, .T. ) ;
#8736 = VECTOR ( 'NONE', #7409, 1000.000000000000000 ) ;
#8737 = CARTESIAN_POINT ( 'NONE',  ( 0.8245000000000001217, 0.8996209656617012440, 3.189074965230504599 ) ) ;
#8738 = DIRECTION ( 'NONE',  ( 0.000000000000000000, -1.000000000000000000, 0.000000000000000000 ) ) ;
#8739 = CARTESIAN_POINT ( 'NONE',  ( 3.324500000000000011, 0.8996209656617012440, -0.1890749652305044881 ) ) ;
#8740 = EDGE_CURVE ( 'NONE', #4738, #6800, #6664, .T. ) ;
#8741 = VERTEX_POINT ( 'NONE', #565 ) ;
#8742 = DIRECTION ( 'NONE',  ( 1.000000000000000000, -0.000000000000000000, -0.000000000000000000 ) ) ;
#8743 = LINE ( 'NONE', #6843, #5865 ) ;
#8744 = STYLED_ITEM ( 'NONE', ( #3578 ), #4517 ) ;
#8745 = PLANE ( 'NONE',  #7297 ) ;
#8746 = FACE_OUTER_BOUND ( 'NONE', #1644, .T. ) ;
#8747 = VERTEX_POINT ( 'NONE', #4758 ) ;
#8748 = DIRECTION ( 'NONE',  ( 0.000000000000000000, 0.000000000000000000, 1.000000000000000000 ) ) ;
#8749 = ORIENTED_EDGE ( 'NONE', *, *, #7446, .F. ) ;
#8750 = EDGE_CURVE ( 'NONE', #5826, #2751, #5447, .T. ) ;
#8751 = DIRECTION ( 'NONE',  ( 0.000000000000000000, 1.000000000000000000, 0.000000000000000000 ) ) ;
#8752 = LINE ( 'NONE', #4661, #670 ) ;
#8753 = ADVANCED_FACE ( 'NONE', ( #2975 ), #5782, .T. ) ;
#8754 = EDGE_CURVE ( 'NONE', #6130, #8061, #1328, .T. ) ;
#8755 = EDGE_LOOP ( 'NONE', ( #6857, #4645, #885, #3000 ) ) ;
#8756 = CARTESIAN_POINT ( 'NONE',  ( 2.824500000000000011, 1.000393720129284736, 3.188973213350405178 ) ) ;
#8757 = ORIENTED_EDGE ( 'NONE', *, *, #6357, .F. ) ;
#8758 = LINE ( 'NONE', #2331, #3816 ) ;
#8759 = STYLED_ITEM ( 'NONE', ( #7201 ), #7547 ) ;
#8760 = CIRCLE ( 'NONE', #3047, 0.1200000000000000233 ) ;
#8761 = CARTESIAN_POINT ( 'NONE',  ( 3.324500000000000011, 1.071938878923327065, 3.285312666603656062 ) ) ;
#8762 = VECTOR ( 'NONE', #6335, 1000.000000000000000 ) ;
#8763 = ADVANCED_FACE ( 'NONE', ( #6888 ), #6227, .F. ) ;
#8764 = CARTESIAN_POINT ( 'NONE',  ( 3.824500000000000011, 1.119999999999999885, 0.000000000000000000 ) ) ;
#8765 = CYLINDRICAL_SURFACE ( 'NONE', #4434, 0.09999999999999995004 ) ;
#8766 = CARTESIAN_POINT ( 'NONE',  ( 4.094500000000000028, 0.7523999999999998467, -0.5226137832432001806 ) ) ;
#8767 = LINE ( 'NONE', #6524, #8327 ) ;
#8768 = DIRECTION ( 'NONE',  ( 0.000000000000000000, 0.000000000000000000, 1.000000000000000000 ) ) ;
#8769 = DIRECTION ( 'NONE',  ( 1.000000000000000000, 0.000000000000000000, 0.000000000000000000 ) ) ;
#8770 = LINE ( 'NONE', #759, #3506 ) ;
#8771 = CARTESIAN_POINT ( 'NONE',  ( 3.594500000000000028, 1.119999999999999885, 3.000000000000000000 ) ) ;
#8772 = LINE ( 'NONE', #8828, #2084 ) ;
#8773 = CIRCLE ( 'NONE', #7850, 0.09999999999999993616 ) ;
#8774 = CIRCLE ( 'NONE', #219, 0.09999999999999982514 ) ;
#8775 = VERTEX_POINT ( 'NONE', #1381 ) ;
#8776 = DIRECTION ( 'NONE',  ( 1.000000000000000000, -0.000000000000000000, -0.000000000000000000 ) ) ;
#8777 = ORIENTED_EDGE ( 'NONE', *, *, #394, .F. ) ;
#8778 = DIRECTION ( 'NONE',  ( 1.000000000000000000, 0.000000000000000000, 1.579893876117310207E-16 ) ) ;
#8779 = ORIENTED_EDGE ( 'NONE', *, *, #462, .T. ) ;
#8780 = AXIS2_PLACEMENT_3D ( 'NONE', #4558, #1783, #3141 ) ;
#8781 = CYLINDRICAL_SURFACE ( 'NONE', #359, 0.09999999999999993616 ) ;
#8782 = ORIENTED_EDGE ( 'NONE', *, *, #7661, .F. ) ;
#8783 = DIRECTION ( 'NONE',  ( 0.000000000000000000, 0.1045284632676540260, 0.9945218953682732899 ) ) ;
#8784 = AXIS2_PLACEMENT_3D ( 'NONE', #3751, #1451, #3149 ) ;
#8785 = ORIENTED_EDGE ( 'NONE', *, *, #5887, .T. ) ;
#8786 = DIRECTION ( 'NONE',  ( -1.000000000000000000, -0.000000000000000000, -0.000000000000000000 ) ) ;
#8787 = ORIENTED_EDGE ( 'NONE', *, *, #4200, .F. ) ;
#8788 = ORIENTED_EDGE ( 'NONE', *, *, #898, .T. ) ;
#8789 = LINE ( 'NONE', #5883, #7812 ) ;
#8790 = CARTESIAN_POINT ( 'NONE',  ( 4.492000000000000881, 0.6500000000000000222, 0.7944999999999996509 ) ) ;
#8791 = ORIENTED_EDGE ( 'NONE', *, *, #1370, .T. ) ;
#8792 = DIRECTION ( 'NONE',  ( 0.000000000000000000, -1.000000000000000000, 0.000000000000000000 ) ) ;
#8793 = AXIS2_PLACEMENT_3D ( 'NONE', #1974, #581, #5350 ) ;
#8794 = CARTESIAN_POINT ( 'NONE',  ( 1.824500000000000233, 1.000393720129284736, -0.1889732133504053169 ) ) ;
#8795 = DIRECTION ( 'NONE',  ( 1.000000000000000000, 0.000000000000000000, 0.000000000000000000 ) ) ;
#8796 = AXIS2_PLACEMENT_3D ( 'NONE', #7392, #6031, #8816 ) ;
#8797 = ORIENTED_EDGE ( 'NONE', *, *, #5852, .F. ) ;
#8798 = ADVANCED_FACE ( 'NONE', ( #1879 ), #6243, .F. ) ;
#8799 = ORIENTED_EDGE ( 'NONE', *, *, #2767, .F. ) ;
#8800 = LINE ( 'NONE', #982, #7252 ) ;
#8801 = ORIENTED_EDGE ( 'NONE', *, *, #6343, .T. ) ;
#8802 = DIRECTION ( 'NONE',  ( -0.000000000000000000, 0.9729913731149246736, 0.2308414777372849447 ) ) ;
#8803 = ORIENTED_EDGE ( 'NONE', *, *, #6563, .F. ) ;
#8804 = LINE ( 'NONE', #5967, #7712 ) ;
#8805 = CARTESIAN_POINT ( 'NONE',  ( 0.8245000000000001217, 0.8996209656617012440, 3.189074965230504599 ) ) ;
#8806 = ORIENTED_EDGE ( 'NONE', *, *, #606, .F. ) ;
#8807 = ORIENTED_EDGE ( 'NONE', *, *, #6000, .T. ) ;
#8808 = EDGE_CURVE ( 'NONE', #6330, #7516, #5999, .T. ) ;
#8809 = ORIENTED_EDGE ( 'NONE', *, *, #5304, .F. ) ;
#8810 = CLOSED_SHELL ( 'NONE', ( #3703, #189, #6150, #8203, #8889, #6164, #3293, #8493, #4966, #5702, #1648, #932, #563, #5351 ) ) ;
#8811 = ADVANCED_FACE ( 'NONE', ( #5328 ), #8880, .F. ) ;
#8812 = VERTEX_POINT ( 'NONE', #8445 ) ;
#8813 = EDGE_LOOP ( 'NONE', ( #8510, #6712, #3550, #4101 ) ) ;
#8814 = CARTESIAN_POINT ( 'NONE',  ( 4.094500000000000028, 1.000393720129284736, -0.1889732133504053169 ) ) ;
#8815 = FACE_OUTER_BOUND ( 'NONE', #3216, .T. ) ;
#8816 = DIRECTION ( 'NONE',  ( 0.000000000000000000, 0.000000000000000000, 1.000000000000000000 ) ) ;
#8817 = ORIENTED_EDGE ( 'NONE', *, *, #8862, .F. ) ;
#8818 = ORIENTED_EDGE ( 'NONE', *, *, #370, .T. ) ;
#8819 = EDGE_CURVE ( 'NONE', #8122, #8192, #8337, .T. ) ;
#8820 = LINE ( 'NONE', #3436, #2574 ) ;
#8821 = CARTESIAN_POINT ( 'NONE',  ( 4.094500000000000028, 0.8120209656617016769, -0.6028966609542426580 ) ) ;
#8822 = EDGE_CURVE ( 'NONE', #6188, #1247, #7131, .T. ) ;
#8823 = DIRECTION ( 'NONE',  ( 0.000000000000000000, 0.8028287771104243298, 0.5962096566170163037 ) ) ;
#8824 = CARTESIAN_POINT ( 'NONE',  ( 3.094500000000000028, 0.9399999999999997247, -0.1087920875194616499 ) ) ;
#8825 = LINE ( 'NONE', #3407, #3882 ) ;
#8826 = VERTEX_POINT ( 'NONE', #19 ) ;
#8827 = DIRECTION ( 'NONE',  ( -0.000000000000000000, -0.000000000000000000, 1.000000000000000000 ) ) ;
#8828 = CARTESIAN_POINT ( 'NONE',  ( 3.324500000000000011, 0.9399999999999998357, 0.000000000000000000 ) ) ;
#8829 = ORIENTED_EDGE ( 'NONE', *, *, #1069, .F. ) ;
#8830 = ORIENTED_EDGE ( 'NONE', *, *, #2586, .F. ) ;
#8831 = DIRECTION ( 'NONE',  ( 1.000000000000000000, 0.000000000000000000, 0.000000000000000000 ) ) ;
#8832 = VERTEX_POINT ( 'NONE', #2173 ) ;
#8833 = LINE ( 'NONE', #2779, #7393 ) ;
#8834 = PLANE ( 'NONE',  #2537 ) ;
#8835 = EDGE_CURVE ( 'NONE', #7246, #1056, #3402, .T. ) ;
#8836 = PRESENTATION_LAYER_ASSIGNMENT (  '', '', ( #534 ) ) ;
#8837 = CARTESIAN_POINT ( 'NONE',  ( 2.594500000000000028, 0.8996209656617012440, -0.1890749652305044881 ) ) ;
#8838 = ORIENTED_EDGE ( 'NONE', *, *, #1326, .F. ) ;
#8839 = DIRECTION ( 'NONE',  ( 0.000000000000000000, -0.1045284632676515280, -0.9945218953682736229 ) ) ;
#8840 = CIRCLE ( 'NONE', #222, 0.2799999999999998601 ) ;
#8841 = LINE ( 'NONE', #115, #6968 ) ;
#8842 = ADVANCED_FACE ( 'NONE', ( #1122 ), #4915, .F. ) ;
#8843 = DIRECTION ( 'NONE',  ( 0.000000000000000000, 0.000000000000000000, -1.000000000000000000 ) ) ;
#8844 = ADVANCED_BREP_SHAPE_REPRESENTATION ( 'LT3022EMSE', ( #7547, #4517, #7271, #5902, #3847, #8636, #2242, #6317, #8074, #8908, #7115, #7381, #1737, #4120, #4297, #2402, #638, #4002, #8990 ), #4498 ) ;
#8845 = ORIENTED_EDGE ( 'NONE', *, *, #2377, .T. ) ;
#8846 = DIRECTION ( 'NONE',  ( 0.000000000000000000, 0.000000000000000000, -1.000000000000000000 ) ) ;
#8847 = CYLINDRICAL_SURFACE ( 'NONE', #5472, 0.1199999999999998845 ) ;
#8848 = EDGE_CURVE ( 'NONE', #8122, #2681, #2318, .T. ) ;
#8849 = DIRECTION ( 'NONE',  ( -1.000000000000000000, 0.000000000000000000, -0.000000000000000000 ) ) ;
#8850 = LINE ( 'NONE', #8687, #1414 ) ;
#8851 = AXIS2_PLACEMENT_3D ( 'NONE', #3292, #8226, #8935 ) ;
#8852 = CARTESIAN_POINT ( 'NONE',  ( 4.092000000000001414, 0.6500000000000000222, 2.325499999999999012 ) ) ;
#8853 = CARTESIAN_POINT ( 'NONE',  ( 4.492000000000000881, 0.6499999999999999112, 2.205500000000000238 ) ) ;
#8854 = ORIENTED_EDGE ( 'NONE', *, *, #6282, .F. ) ;
#8855 = ADVANCED_FACE ( 'NONE', ( #2532 ), #6985, .F. ) ;
#8856 = DIRECTION ( 'NONE',  ( 0.000000000000000000, 0.000000000000000000, -1.000000000000000000 ) ) ;
#8857 = CARTESIAN_POINT ( 'NONE',  ( 0.7999999999999999334, 1.459999999999999964, 3.000000000000000000 ) ) ;
#8858 = LINE ( 'NONE', #8764, #4875 ) ;
#8859 = ORIENTED_EDGE ( 'NONE', *, *, #1515, .T. ) ;
#8860 = DIRECTION ( 'NONE',  ( -2.824178620696807171E-17, -1.000000000000000000, -0.000000000000000000 ) ) ;
#8861 = VECTOR ( 'NONE', #7069, 1000.000000000000114 ) ;
#8862 = EDGE_CURVE ( 'NONE', #5216, #3199, #694, .T. ) ;
#8863 = ORIENTED_EDGE ( 'NONE', *, *, #2694, .T. ) ;
#8864 = LINE ( 'NONE', #1491, #2617 ) ;
#8865 = ORIENTED_EDGE ( 'NONE', *, *, #6091, .F. ) ;
#8866 = PLANE ( 'NONE',  #7497 ) ;
#8867 = AXIS2_PLACEMENT_3D ( 'NONE', #8267, #2053, #5468 ) ;
#8868 = PRODUCT_DEFINITION ( 'UNKNOWN', '', #384, #7699 ) ;
#8869 = CARTESIAN_POINT ( 'NONE',  ( 1.347000000000000419, 0.5999999999999999778, 2.445499999999999563 ) ) ;
#8870 = CARTESIAN_POINT ( 'NONE',  ( 4.594500000000000028, 1.000393720129284736, 3.188973213350405178 ) ) ;
#8871 = ORIENTED_EDGE ( 'NONE', *, *, #2007, .F. ) ;
#8872 = CYLINDRICAL_SURFACE ( 'NONE', #1466, 0.09999999999999982514 ) ;
#8873 = EDGE_CURVE ( 'NONE', #5078, #494, #468, .T. ) ;
#8874 = LINE ( 'NONE', #3115, #4014 ) ;
#8875 = EDGE_CURVE ( 'NONE', #1023, #5049, #3289, .T. ) ;
#8876 = FILL_AREA_STYLE_COLOUR ( '', #4445 ) ;
#8877 = LINE ( 'NONE', #6245, #5019 ) ;
#8878 = VECTOR ( 'NONE', #2558, 1000.000000000000000 ) ;
#8879 = VECTOR ( 'NONE', #2993, 1000.000000000000000 ) ;
#8880 = CYLINDRICAL_SURFACE ( 'NONE', #5293, 0.09999999999999993616 ) ;
#8881 = DIRECTION ( 'NONE',  ( 1.000000000000000000, -0.000000000000000000, -0.000000000000000000 ) ) ;
#8882 = DIRECTION ( 'NONE',  ( 0.000000000000000000, -0.1045284632676515141, 0.9945218953682735119 ) ) ;
#8883 = CARTESIAN_POINT ( 'NONE',  ( 0.9470000000000003970, 0.6500000000000000222, 2.445499999999999563 ) ) ;
#8884 = CARTESIAN_POINT ( 'NONE',  ( 1.324500000000000233, 0.7125687761248744589, -0.5924438146274771944 ) ) ;
#8885 = CYLINDRICAL_SURFACE ( 'NONE', #7698, 0.2799999999999999711 ) ;
#8886 = EDGE_CURVE ( 'NONE', #3906, #3435, #7670, .T. ) ;
#8887 = CIRCLE ( 'NONE', #7538, 0.2799999999999999711 ) ;
#8888 = ORIENTED_EDGE ( 'NONE', *, *, #2814, .T. ) ;
#8889 = ADVANCED_FACE ( 'NONE', ( #7440 ), #7005, .T. ) ;
#8890 = CARTESIAN_POINT ( 'NONE',  ( 3.094500000000000028, 1.119999999999999885, 0.000000000000000000 ) ) ;
#8891 = MECHANICAL_DESIGN_GEOMETRIC_PRESENTATION_REPRESENTATION (  '', ( #8429 ), #8718 ) ;
#8892 = EDGE_LOOP ( 'NONE', ( #4594, #6295, #6520, #2670 ) ) ;
#8893 = DIRECTION ( 'NONE',  ( -0.000000000000000000, 0.8028287771104243298, -0.5962096566170164147 ) ) ;
#8894 = CARTESIAN_POINT ( 'NONE',  ( 4.594500000000000028, 0.9399999999999998357, 0.000000000000000000 ) ) ;
#8895 = LINE ( 'NONE', #6775, #1575 ) ;
#8896 = DIRECTION ( 'NONE',  ( -0.000000000000000000, -0.000000000000000000, 1.000000000000000000 ) ) ;
#8897 = EDGE_LOOP ( 'NONE', ( #5707, #3967, #1461, #5565 ) ) ;
#8898 = CARTESIAN_POINT ( 'NONE',  ( 2.324500000000000011, 0.4984000000000007313, -0.9081046033633235481 ) ) ;
#8899 = ADVANCED_FACE ( 'NONE', ( #8663 ), #4899, .T. ) ;
#8900 = DIRECTION ( 'NONE',  ( 1.000000000000000000, 0.000000000000000000, 0.000000000000000000 ) ) ;
#8901 = AXIS2_PLACEMENT_3D ( 'NONE', #4786, #658, #85 ) ;
#8902 = ORIENTED_EDGE ( 'NONE', *, *, #4782, .T. ) ;
#8903 = CARTESIAN_POINT ( 'NONE',  ( 2.324500000000000011, 1.071938878923327065, -0.2853126666036561732 ) ) ;
#8904 = FACE_OUTER_BOUND ( 'NONE', #1911, .T. ) ;
#8905 = EDGE_CURVE ( 'NONE', #6909, #109, #6769, .T. ) ;
#8906 = ORIENTED_EDGE ( 'NONE', *, *, #7976, .T. ) ;
#8907 = CARTESIAN_POINT ( 'NONE',  ( 4.092000000000001414, 0.5999999999999999778, 0.5544999999999998819 ) ) ;
#8908 = MANIFOLD_SOLID_BREP ( 'Mirror1[2]', #3985 ) ;
#8909 = CARTESIAN_POINT ( 'NONE',  ( 1.594500000000000028, 1.119999999999999885, 3.000000000000000000 ) ) ;
#8910 = EDGE_CURVE ( 'NONE', #1518, #8684, #355, .T. ) ;
#8911 = VERTEX_POINT ( 'NONE', #7635 ) ;
#8912 = ORIENTED_EDGE ( 'NONE', *, *, #392, .F. ) ;
#8913 = CARTESIAN_POINT ( 'NONE',  ( 2.594500000000000028, 0.8399999999999998579, -0.1087920875194620801 ) ) ;
#8914 = DIRECTION ( 'NONE',  ( 1.000000000000000000, -0.000000000000000000, -0.000000000000000000 ) ) ;
#8915 = ORIENTED_EDGE ( 'NONE', *, *, #8076, .T. ) ;
#8916 = DIRECTION ( 'NONE',  ( 1.000000000000000000, -0.000000000000000000, -0.000000000000000000 ) ) ;
#8917 = ORIENTED_EDGE ( 'NONE', *, *, #8426, .F. ) ;
#8918 = EDGE_CURVE ( 'NONE', #281, #6647, #4783, .T. ) ;
#8919 = AXIS2_PLACEMENT_3D ( 'NONE', #5621, #5495, #4206 ) ;
#8920 = EDGE_LOOP ( 'NONE', ( #6132, #6377, #7560, #4186 ) ) ;
#8921 = DIRECTION ( 'NONE',  ( -1.548860246407862350E-15, 4.374257994352274040E-32, 1.000000000000000000 ) ) ;
#8922 = DIRECTION ( 'NONE',  ( 0.000000000000000000, 0.000000000000000000, 1.000000000000000000 ) ) ;
#8923 = ORIENTED_EDGE ( 'NONE', *, *, #8397, .T. ) ;
#8924 =( GEOMETRIC_REPRESENTATION_CONTEXT ( 3 ) GLOBAL_UNCERTAINTY_ASSIGNED_CONTEXT ( ( #4504 ) ) GLOBAL_UNIT_ASSIGNED_CONTEXT ( ( #8323, #4794, #6178 ) ) REPRESENTATION_CONTEXT ( 'NONE', 'WORKASPACE' ) );
#8925 = CARTESIAN_POINT ( 'NONE',  ( 2.824500000000000011, 0.6450822618089369076, -0.3781046033633239101 ) ) ;
#8926 = FACE_OUTER_BOUND ( 'NONE', #8409, .T. ) ;
#8927 = ORIENTED_EDGE ( 'NONE', *, *, #5082, .F. ) ;
#8928 = ORIENTED_EDGE ( 'NONE', *, *, #382, .F. ) ;
#8929 = CARTESIAN_POINT ( 'NONE',  ( 4.492000000000000881, 0.5999999999999998668, 2.445500000000000007 ) ) ;
#8930 = VECTOR ( 'NONE', #2256, 1000.000000000000000 ) ;
#8931 = ORIENTED_EDGE ( 'NONE', *, *, #8910, .F. ) ;
#8932 = EDGE_CURVE ( 'NONE', #2792, #7273, #7124, .T. ) ;
#8933 = EDGE_CURVE ( 'NONE', #5061, #3063, #7332, .T. ) ;
#8934 = LINE ( 'NONE', #3253, #2685 ) ;
#8935 = DIRECTION ( 'NONE',  ( 0.000000000000000000, 0.000000000000000000, -1.000000000000000000 ) ) ;
#8936 = VERTEX_POINT ( 'NONE', #7800 ) ;
#8937 = VERTEX_POINT ( 'NONE', #5653 ) ;
#8938 = ADVANCED_FACE ( 'NONE', ( #6880 ), #7121, .F. ) ;
#8939 = VERTEX_POINT ( 'NONE', #2204 ) ;
#8940 = CARTESIAN_POINT ( 'NONE',  ( 1.824500000000000233, 1.000393720129284736, -0.1889732133504053169 ) ) ;
#8941 = SURFACE_SIDE_STYLE ('',( #8632 ) ) ;
#8942 = LINE ( 'NONE', #2039, #2919 ) ;
#8943 = EDGE_CURVE ( 'NONE', #2005, #8152, #7788, .T. ) ;
#8944 = DIRECTION ( 'NONE',  ( 0.000000000000000000, 0.000000000000000000, -1.000000000000000000 ) ) ;
#8945 = DIRECTION ( 'NONE',  ( 1.000000000000000000, -0.000000000000000000, -0.000000000000000000 ) ) ;
#8946 = VERTEX_POINT ( 'NONE', #7832 ) ;
#8947 = DIRECTION ( 'NONE',  ( -1.000000000000000000, -0.000000000000000000, -0.000000000000000000 ) ) ;
#8948 = CARTESIAN_POINT ( 'NONE',  ( 3.824500000000000011, 0.7125687761248744589, 3.592443814627477305 ) ) ;
#8949 = ORIENTED_EDGE ( 'NONE', *, *, #1527, .F. ) ;
#8950 = ADVANCED_FACE ( 'NONE', ( #6111 ), #876, .F. ) ;
#8951 = VECTOR ( 'NONE', #697, 1000.000000000000000 ) ;
#8952 = CARTESIAN_POINT ( 'NONE',  ( 1.824500000000000233, 0.7125687761248744589, 3.592443814627477305 ) ) ;
#8953 = CARTESIAN_POINT ( 'NONE',  ( 2.094500000000000028, 0.8120209656617016769, -0.6028966609542426580 ) ) ;
#8954 = PLANE ( 'NONE',  #1423 ) ;
#8955 = ORIENTED_EDGE ( 'NONE', *, *, #3593, .T. ) ;
#8956 = CARTESIAN_POINT ( 'NONE',  ( 4.643222551035345091, 1.445643326479830959, 0.09577744896465596736 ) ) ;
#8957 = CARTESIAN_POINT ( 'NONE',  ( 3.324500000000000011, 1.071938878923327065, -0.2853126666036561732 ) ) ;
#8958 = DIRECTION ( 'NONE',  ( -1.000000000000000000, 0.000000000000000000, 0.000000000000000000 ) ) ;
#8959 = CARTESIAN_POINT ( 'NONE',  ( 3.094500000000000028, 0.4984000000000007313, -0.9081046033633235481 ) ) ;
#8960 = CARTESIAN_POINT ( 'NONE',  ( 1.324500000000000233, 1.119999999999999885, 3.000000000000000000 ) ) ;
#8961 = DIRECTION ( 'NONE',  ( -1.000000000000000000, 0.000000000000000000, -1.184920407087982840E-16 ) ) ;
#8962 = AXIS2_PLACEMENT_3D ( 'NONE', #8114, #1847, #5963 ) ;
#8963 = CARTESIAN_POINT ( 'NONE',  ( 2.324500000000000011, 1.119999999999999885, 3.000000000000000000 ) ) ;
#8964 = ORIENTED_EDGE ( 'NONE', *, *, #6062, .F. ) ;
#8965 = DIRECTION ( 'NONE',  ( 0.000000000000000000, -0.8028287771104236636, -0.5962096566170171918 ) ) ;
#8966 = CIRCLE ( 'NONE', #1015, 0.1200000000000000233 ) ;
#8967 = CARTESIAN_POINT ( 'NONE',  ( 0.9470000000000003970, 0.6500000000000000222, 0.7944999999999992069 ) ) ;
#8968 = DIRECTION ( 'NONE',  ( 1.000000000000000000, -0.000000000000000000, -0.000000000000000000 ) ) ;
#8969 = LINE ( 'NONE', #5750, #1961 ) ;
#8970 = VERTEX_POINT ( 'NONE', #2992 ) ;
#8972 = ORIENTED_EDGE ( 'NONE', *, *, #3593, .F. ) ;
#8971 = CARTESIAN_POINT ( 'NONE',  ( 1.094500000000000028, 0.8996209656617012440, 3.189074965230504599 ) ) ;
#8973 = VECTOR ( 'NONE', #2465, 1000.000000000000000 ) ;
#8974 = EDGE_CURVE ( 'NONE', #6383, #6292, #5776, .T. ) ;
#8975 =( LENGTH_UNIT ( ) NAMED_UNIT ( * ) SI_UNIT ( .MILLI., .METRE. ) );
#8976 = AXIS2_PLACEMENT_3D ( 'NONE', #8695, #2453, #3061 ) ;
#8977 = CIRCLE ( 'NONE', #8119, 0.2799999999999999711 ) ;
#8978 = ORIENTED_EDGE ( 'NONE', *, *, #7938, .F. ) ;
#8979 = DIRECTION ( 'NONE',  ( 0.000000000000000000, 0.9729913731149246736, -0.2308414777372849447 ) ) ;
#8980 = SURFACE_STYLE_FILL_AREA ( #5023 ) ;
#8981 = CIRCLE ( 'NONE', #8901, 0.1199999999999998845 ) ;
#8982 = ADVANCED_FACE ( 'NONE', ( #3623 ), #5716, .T. ) ;
#8983 = CARTESIAN_POINT ( 'NONE',  ( 4.094500000000000028, 0.9399999999999998357, 3.000000000000000000 ) ) ;
#8984 = EDGE_CURVE ( 'NONE', #4486, #7367, #1319, .T. ) ;
#8985 = DIRECTION ( 'NONE',  ( 0.000000000000000000, 0.000000000000000000, 1.000000000000000000 ) ) ;
#8987 = DIRECTION ( 'NONE',  ( -0.000000000000000000, 0.000000000000000000, 1.000000000000000000 ) ) ;
#8986 = VECTOR ( 'NONE', #5824, 1000.000000000000000 ) ;
#8988 = DIRECTION ( 'NONE',  ( 0.000000000000000000, 0.9729913731149246736, -0.2308414777372849447 ) ) ;
#8989 = VECTOR ( 'NONE', #1881, 1000.000000000000000 ) ;
#8990 = AXIS2_PLACEMENT_3D ( 'NONE', #1744, #2472, #3748 ) ;
#8991 = CARTESIAN_POINT ( 'NONE',  ( 1.324500000000000233, 0.4984000000000007313, -0.9081046033633235481 ) ) ;
#8992 = CARTESIAN_POINT ( 'NONE',  ( 1.297000000000000375, 0.5999999999999999778, 2.205499999999999350 ) ) ;
#8993 = ADVANCED_FACE ( 'NONE', ( #4477 ), #5043, .F. ) ;
#8994 = LINE ( 'NONE', #4917, #7127 ) ;
#8995 = CARTESIAN_POINT ( 'NONE',  ( 1.594500000000000028, 0.7125687761248744589, 3.592443814627477305 ) ) ;
#8996 = DIRECTION ( 'NONE',  ( 0.000000000000000000, 0.000000000000000000, -1.000000000000000000 ) ) ;
#8997 = EDGE_CURVE ( 'NONE', #3114, #1132, #2970, .T. ) ;
#8998 = VECTOR ( 'NONE', #7733, 1000.000000000000000 ) ;
#8999 = EDGE_CURVE ( 'NONE', #1899, #616, #1548, .T. ) ;
#9000 = CIRCLE ( 'NONE', #6304, 0.1200000000000000233 ) ;
#9001 = VECTOR ( 'NONE', #8965, 1000.000000000000227 ) ;
#9002 = ORIENTED_EDGE ( 'NONE', *, *, #5316, .T. ) ;
#9003 = DIRECTION ( 'NONE',  ( -0.000000000000000000, -0.000000000000000000, -1.000000000000000000 ) ) ;
#9004 = VECTOR ( 'NONE', #4900, 1000.000000000000000 ) ;
#9005 = PLANE ( 'NONE',  #8867 ) ;
#9006 = CIRCLE ( 'NONE', #7030, 0.09999999999999982514 ) ;
#9007 = DIRECTION ( 'NONE',  ( 0.000000000000000000, 0.000000000000000000, 1.000000000000000000 ) ) ;
#9008 = ORIENTED_EDGE ( 'NONE', *, *, #6345, .F. ) ;
#9009 = DIRECTION ( 'NONE',  ( 0.000000000000000000, -1.000000000000000000, 0.000000000000000000 ) ) ;
#9010 = EDGE_LOOP ( 'NONE', ( #4669, #7588, #8080, #5352 ) ) ;
#9011 = CARTESIAN_POINT ( 'NONE',  ( 0.8057526820886826702, 0.6000000000000000888, 2.894247317911317730 ) ) ;
#9012 = EDGE_CURVE ( 'NONE', #6392, #6339, #2636, .T. ) ;
#9013 = CARTESIAN_POINT ( 'NONE',  ( 3.094500000000000028, 0.8996209656617012440, -0.1890749652305044881 ) ) ;
#9014 = VERTEX_POINT ( 'NONE', #217 ) ;
#9015 = VECTOR ( 'NONE', #282, 1000.000000000000000 ) ;
#9016 = ORIENTED_EDGE ( 'NONE', *, *, #6740, .T. ) ;
#9017 = CARTESIAN_POINT ( 'NONE',  ( 4.324500000000000455, 1.119999999999999885, -0.1792604477561911547 ) ) ;
#9018 = DIRECTION ( 'NONE',  ( 0.000000000000000000, -0.000000000000000000, -1.000000000000000000 ) ) ;
#9019 = FILL_AREA_STYLE ('',( #3468 ) ) ;
#9020 = CARTESIAN_POINT ( 'NONE',  ( 3.094500000000000028, 0.9399999999999998357, 3.000000000000000000 ) ) ;
#9021 = VERTEX_POINT ( 'NONE', #5075 ) ;
#9022 = VERTEX_POINT ( 'NONE', #3076 ) ;
#9023 = CARTESIAN_POINT ( 'NONE',  ( 1.324500000000000233, 0.4984000000000007313, 3.908104603363323548 ) ) ;
#9024 = ORIENTED_EDGE ( 'NONE', *, *, #1504, .T. ) ;
#9025 = DIRECTION ( 'NONE',  ( 1.000000000000000000, -0.000000000000000000, -0.000000000000000000 ) ) ;
#9026 = CARTESIAN_POINT ( 'NONE',  ( 2.824500000000000011, 1.000393720129284736, 3.188973213350405178 ) ) ;
#9027 = UNCERTAINTY_MEASURE_WITH_UNIT (LENGTH_MEASURE( 1.000000000000000082E-05 ), #1384, 'distance_accuracy_value', 'NONE');
#9028 = ORIENTED_EDGE ( 'NONE', *, *, #1086, .F. ) ;
#9029 = ADVANCED_FACE ( 'NONE', ( #5888 ), #5016, .F. ) ;
#9030 = DIRECTION ( 'NONE',  ( -0.2715627232967849358, -0.9233132592090663726, 0.2715627232967836036 ) ) ;
#9031 = VECTOR ( 'NONE', #3392, 1000.000000000000000 ) ;
#9032 = EDGE_CURVE ( 'NONE', #7268, #5049, #2208, .T. ) ;
#9033 = VERTEX_POINT ( 'NONE', #4418 ) ;
#9034 = VERTEX_POINT ( 'NONE', #5215 ) ;
#9035 = EDGE_LOOP ( 'NONE', ( #7292, #946, #1351, #5248 ) ) ;
#9036 = VERTEX_POINT ( 'NONE', #5157 ) ;
#9037 = CARTESIAN_POINT ( 'NONE',  ( 3.094500000000000028, 0.6749881066967827747, -0.9500000000000002887 ) ) ;
#9038 = ORIENTED_EDGE ( 'NONE', *, *, #41, .T. ) ;
#9039 = EDGE_CURVE ( 'NONE', #1918, #4640, #5221, .T. ) ;
#9040 = CARTESIAN_POINT ( 'NONE',  ( 3.824500000000000011, 1.119999999999999885, 0.000000000000000000 ) ) ;
#9041 = ORIENTED_EDGE ( 'NONE', *, *, #4411, .F. ) ;
#9042 = CARTESIAN_POINT ( 'NONE',  ( 2.824500000000000011, 0.9399999999999998357, 0.000000000000000000 ) ) ;
#9043 = VECTOR ( 'NONE', #4281, 1000.000000000000000 ) ;
#9044 = VERTEX_POINT ( 'NONE', #1018 ) ;
#9045 = ADVANCED_FACE ( 'NONE', ( #5674 ), #2408, .F. ) ;
#9046 = EDGE_CURVE ( 'NONE', #1233, #1507, #8007, .T. ) ;
#9047 = VERTEX_POINT ( 'NONE', #8071 ) ;
#9048 = DIRECTION ( 'NONE',  ( 0.000000000000000000, 0.000000000000000000, -1.000000000000000000 ) ) ;
#9049 = CARTESIAN_POINT ( 'NONE',  ( 3.324500000000000011, 1.000393720129284736, -0.1889732133504053169 ) ) ;
#9050 = VECTOR ( 'NONE', #592, 1000.000000000000000 ) ;
#9051 = AXIS2_PLACEMENT_3D ( 'NONE', #4113, #1265, #7583 ) ;
#9052 = DIRECTION ( 'NONE',  ( 0.000000000000000000, -0.000000000000000000, -1.000000000000000000 ) ) ;
#9053 = ORIENTED_EDGE ( 'NONE', *, *, #2915, .F. ) ;
#9054 = DIRECTION ( 'NONE',  ( -1.000000000000000000, 0.000000000000000000, 0.000000000000000000 ) ) ;
#9055 = DIRECTION ( 'NONE',  ( 0.000000000000000000, 0.1045284632676540260, 0.9945218953682732899 ) ) ;
#9056 = ORIENTED_EDGE ( 'NONE', *, *, #6841, .F. ) ;
#9057 = CARTESIAN_POINT ( 'NONE',  ( 1.094500000000000028, 0.5335548349585852446, 3.573628691239299382 ) ) ;
#9058 = EDGE_CURVE ( 'NONE', #1476, #5571, #8767, .T. ) ;
#9059 = ORIENTED_EDGE ( 'NONE', *, *, #4333, .F. ) ;
#9060 = DIRECTION ( 'NONE',  ( 0.000000000000000000, 0.2821663239915486177, 0.9593655015712710954 ) ) ;
#9061 = EDGE_CURVE ( 'NONE', #3786, #1918, #8556, .T. ) ;
#9062 = ORIENTED_EDGE ( 'NONE', *, *, #6187, .T. ) ;
#9063 = DIRECTION ( 'NONE',  ( 0.000000000000000000, 0.000000000000000000, -1.000000000000000000 ) ) ;
#9064 = PLANE ( 'NONE',  #1784 ) ;
#9065 = LINE ( 'NONE', #6122, #8072 ) ;
#9066 = CARTESIAN_POINT ( 'NONE',  ( 2.824500000000000011, 0.8120209656617016769, -0.6028966609542426580 ) ) ;
#9067 = STYLED_ITEM ( 'NONE', ( #347 ), #7115 ) ;
#9068 = DIRECTION ( 'NONE',  ( 0.000000000000000000, 0.000000000000000000, -1.000000000000000000 ) ) ;
#9069 = DIRECTION ( 'NONE',  ( -0.000000000000000000, 1.000000000000000000, -0.000000000000000000 ) ) ;
#9070 = FILL_AREA_STYLE ('',( #2082 ) ) ;
#9071 = EDGE_LOOP ( 'NONE', ( #5941, #8308, #4920, #1813 ) ) ;
#9072 = FACE_OUTER_BOUND ( 'NONE', #3239, .T. ) ;
#9073 = CARTESIAN_POINT ( 'NONE',  ( 1.824500000000000233, 1.071938878923327065, -0.2853126666036561732 ) ) ;
#9074 = FACE_OUTER_BOUND ( 'NONE', #8755, .T. ) ;
ENDSEC;
END-ISO-10303-21;
