ISO-10303-21;
HEADER;
FILE_DESCRIPTION( ( 'Unknown' ), '1' );
FILE_NAME( '//Ntcw022/Edgesv/fsw/ユーザ提出用データ/ﾃﾞｨﾃｸﾀｰｽｲｯﾁ/ESE18/ese18l11b-std-sk.stp', 'Unknown', ( 'Unknown' ), ( 'Unknown' ), 'PSStep 10.0', 'Unknown', '  ' );
FILE_SCHEMA( ( 'AUTOMOTIVE_DESIGN { 1 0 10303 214 1 1 1 1 }' ) );
ENDSEC;
DATA;
#1 = MECHANICAL_DESIGN_GEOMETRIC_PRESENTATION_REPRESENTATION( ' ', ( #38, #39, #40, #41, #42, #43, #44, #45, #46, #47, #48, #49, #50, #51, #52, #53, #54, #55, #56, #57, #58, #59, #60, #61, #62, #63, #64, #65, #66, #67, #68, #69, #70, #71, #72, #73, #74, #75, #76, #77, #78, #79, #80, #81, #82, #83, #84, #85, #86, #87, #88, #89, #90, #91, #92, #93, #94, #95, #96, #97, #98, #99, #100, #101, #102, #103, #104, #105, #106, #107, #108, #109, #110, #111, #112, #113, #114, #115, #116, #117, #118, #119, #120, #121, #122, #123, #124, #125, #126, #127, #128, #129, #130, #131, #132, #133, #134, #135, #136, #137, #138, #139, #140, #141, #142, #143, #144, #145, #146, #147, #148, #149, #150, #151, #152, #153, #154, #155, #156, #157, #158, #159, #160, #161, #162, #163, #164, #165, #166, #167, #168, #169, #170, #171, #172, #173, #174, #175, #176, #177, #178, #179, #180, #181, #182, #183, #184, #185, #186, #187, #188, #189, #190, #191, #192, #193, #194, #195, #196, #197, #198, #199, #200, #201, #202, #203, #204, #205, #206, #207, #208, #209, #210, #211, #212, #213, #214, #215, #216, #217, #218, #219 ), #34 );
#2 = PRODUCT_DEFINITION_CONTEXT( '', #220, 'design' );
#3 = APPLICATION_PROTOCOL_DEFINITION( 'INTERNATIONAL STANDARD', 'automotive_design', 2001, #220 );
#4 = PRODUCT_CATEGORY_RELATIONSHIP( 'NONE', 'NONE', #221, #222 );
#5 = SHAPE_DEFINITION_REPRESENTATION( #223, #224 );
#6 = PRODUCT_DEFINITION_CONTEXT( '', #225, 'design' );
#7 = APPLICATION_PROTOCOL_DEFINITION( 'INTERNATIONAL STANDARD', 'automotive_design', 2001, #225 );
#8 = PRODUCT_CATEGORY_RELATIONSHIP( 'NONE', 'NONE', #226, #227 );
#9 = SHAPE_DEFINITION_REPRESENTATION( #228, #229 );
#10 = PRODUCT_DEFINITION_CONTEXT( '', #230, 'design' );
#11 = APPLICATION_PROTOCOL_DEFINITION( 'INTERNATIONAL STANDARD', 'automotive_design', 2001, #230 );
#12 = PRODUCT_CATEGORY_RELATIONSHIP( 'NONE', 'NONE', #231, #232 );
#13 = SHAPE_DEFINITION_REPRESENTATION( #233, #234 );
#14 = PRODUCT_DEFINITION_CONTEXT( '', #235, 'design' );
#15 = APPLICATION_PROTOCOL_DEFINITION( 'INTERNATIONAL STANDARD', 'automotive_design', 2001, #235 );
#16 = PRODUCT_CATEGORY_RELATIONSHIP( 'NONE', 'NONE', #236, #237 );
#17 = SHAPE_DEFINITION_REPRESENTATION( #238, #239 );
#18 = PRODUCT_DEFINITION_CONTEXT( '', #240, 'design' );
#19 = APPLICATION_PROTOCOL_DEFINITION( 'INTERNATIONAL STANDARD', 'automotive_design', 2001, #240 );
#20 = PRODUCT_CATEGORY_RELATIONSHIP( 'NONE', 'NONE', #241, #242 );
#21 = SHAPE_DEFINITION_REPRESENTATION( #243, #244 );
#22 = PRODUCT_DEFINITION_CONTEXT( '', #245, 'design' );
#23 = APPLICATION_PROTOCOL_DEFINITION( 'INTERNATIONAL STANDARD', 'automotive_design', 2001, #245 );
#24 = PRODUCT_CATEGORY_RELATIONSHIP( 'NONE', 'NONE', #246, #247 );
#25 = SHAPE_DEFINITION_REPRESENTATION( #248, #249 );
#26 = PRODUCT_DEFINITION_CONTEXT( '', #250, 'design' );
#27 = APPLICATION_PROTOCOL_DEFINITION( 'INTERNATIONAL STANDARD', 'automotive_design', 2001, #250 );
#28 = PRODUCT_CATEGORY_RELATIONSHIP( 'NONE', 'NONE', #251, #252 );
#29 = SHAPE_DEFINITION_REPRESENTATION( #253, #254 );
#30 = PRODUCT_DEFINITION_CONTEXT( '', #255, 'design' );
#31 = APPLICATION_PROTOCOL_DEFINITION( 'INTERNATIONAL STANDARD', 'automotive_design', 2001, #255 );
#32 = PRODUCT_CATEGORY_RELATIONSHIP( 'NONE', 'NONE', #256, #257 );
#33 = SHAPE_DEFINITION_REPRESENTATION( #258, #259 );
#34 =  ( GEOMETRIC_REPRESENTATION_CONTEXT( 3 )GLOBAL_UNCERTAINTY_ASSIGNED_CONTEXT( ( #262 ) )GLOBAL_UNIT_ASSIGNED_CONTEXT( ( #264, #265, #266 ) )REPRESENTATION_CONTEXT( 'NONE', 'WORKSPACE' ) );
#38 = STYLED_ITEM( '', ( #268 ), #269 );
#39 = STYLED_ITEM( '', ( #270 ), #271 );
#40 = STYLED_ITEM( '', ( #272 ), #273 );
#41 = STYLED_ITEM( '', ( #274 ), #275 );
#42 = STYLED_ITEM( '', ( #276 ), #277 );
#43 = STYLED_ITEM( '', ( #278 ), #279 );
#44 = STYLED_ITEM( '', ( #280 ), #281 );
#45 = STYLED_ITEM( '', ( #282 ), #283 );
#46 = STYLED_ITEM( '', ( #284 ), #285 );
#47 = STYLED_ITEM( '', ( #286 ), #287 );
#48 = STYLED_ITEM( '', ( #288 ), #289 );
#49 = STYLED_ITEM( '', ( #290 ), #291 );
#50 = STYLED_ITEM( '', ( #292 ), #293 );
#51 = STYLED_ITEM( '', ( #294 ), #295 );
#52 = STYLED_ITEM( '', ( #296 ), #297 );
#53 = STYLED_ITEM( '', ( #298 ), #299 );
#54 = STYLED_ITEM( '', ( #300 ), #301 );
#55 = STYLED_ITEM( '', ( #302 ), #303 );
#56 = STYLED_ITEM( '', ( #304 ), #305 );
#57 = STYLED_ITEM( '', ( #306 ), #307 );
#58 = STYLED_ITEM( '', ( #308 ), #309 );
#59 = STYLED_ITEM( '', ( #310 ), #311 );
#60 = STYLED_ITEM( '', ( #312 ), #313 );
#61 = STYLED_ITEM( '', ( #314 ), #315 );
#62 = STYLED_ITEM( '', ( #316 ), #317 );
#63 = STYLED_ITEM( '', ( #318 ), #319 );
#64 = STYLED_ITEM( '', ( #320 ), #321 );
#65 = STYLED_ITEM( '', ( #322 ), #323 );
#66 = STYLED_ITEM( '', ( #324 ), #325 );
#67 = STYLED_ITEM( '', ( #326 ), #327 );
#68 = STYLED_ITEM( '', ( #328 ), #329 );
#69 = STYLED_ITEM( '', ( #330 ), #331 );
#70 = STYLED_ITEM( '', ( #332 ), #333 );
#71 = STYLED_ITEM( '', ( #334 ), #335 );
#72 = STYLED_ITEM( '', ( #336 ), #337 );
#73 = STYLED_ITEM( '', ( #338 ), #339 );
#74 = STYLED_ITEM( '', ( #340 ), #341 );
#75 = STYLED_ITEM( '', ( #342 ), #343 );
#76 = STYLED_ITEM( '', ( #344 ), #345 );
#77 = STYLED_ITEM( '', ( #346 ), #347 );
#78 = STYLED_ITEM( '', ( #348 ), #349 );
#79 = STYLED_ITEM( '', ( #350 ), #351 );
#80 = STYLED_ITEM( '', ( #352 ), #353 );
#81 = STYLED_ITEM( '', ( #354 ), #355 );
#82 = STYLED_ITEM( '', ( #356 ), #357 );
#83 = STYLED_ITEM( '', ( #358 ), #359 );
#84 = STYLED_ITEM( '', ( #360 ), #361 );
#85 = STYLED_ITEM( '', ( #362 ), #363 );
#86 = STYLED_ITEM( '', ( #364 ), #365 );
#87 = STYLED_ITEM( '', ( #366 ), #367 );
#88 = STYLED_ITEM( '', ( #368 ), #369 );
#89 = STYLED_ITEM( '', ( #370 ), #371 );
#90 = STYLED_ITEM( '', ( #372 ), #373 );
#91 = STYLED_ITEM( '', ( #374 ), #375 );
#92 = STYLED_ITEM( '', ( #376 ), #377 );
#93 = STYLED_ITEM( '', ( #378 ), #379 );
#94 = STYLED_ITEM( '', ( #380 ), #381 );
#95 = STYLED_ITEM( '', ( #382 ), #383 );
#96 = STYLED_ITEM( '', ( #384 ), #385 );
#97 = STYLED_ITEM( '', ( #386 ), #387 );
#98 = STYLED_ITEM( '', ( #388 ), #389 );
#99 = STYLED_ITEM( '', ( #390 ), #391 );
#100 = STYLED_ITEM( '', ( #392 ), #393 );
#101 = STYLED_ITEM( '', ( #394 ), #395 );
#102 = STYLED_ITEM( '', ( #396 ), #397 );
#103 = STYLED_ITEM( '', ( #398 ), #399 );
#104 = STYLED_ITEM( '', ( #400 ), #401 );
#105 = STYLED_ITEM( '', ( #402 ), #403 );
#106 = STYLED_ITEM( '', ( #404 ), #405 );
#107 = STYLED_ITEM( '', ( #406 ), #407 );
#108 = STYLED_ITEM( '', ( #408 ), #409 );
#109 = STYLED_ITEM( '', ( #410 ), #411 );
#110 = STYLED_ITEM( '', ( #412 ), #413 );
#111 = STYLED_ITEM( '', ( #414 ), #415 );
#112 = STYLED_ITEM( '', ( #416 ), #417 );
#113 = STYLED_ITEM( '', ( #418 ), #419 );
#114 = STYLED_ITEM( '', ( #420 ), #421 );
#115 = STYLED_ITEM( '', ( #422 ), #423 );
#116 = STYLED_ITEM( '', ( #424 ), #425 );
#117 = STYLED_ITEM( '', ( #426 ), #427 );
#118 = STYLED_ITEM( '', ( #428 ), #429 );
#119 = STYLED_ITEM( '', ( #430 ), #431 );
#120 = STYLED_ITEM( '', ( #432 ), #433 );
#121 = STYLED_ITEM( '', ( #434 ), #435 );
#122 = STYLED_ITEM( '', ( #436 ), #437 );
#123 = STYLED_ITEM( '', ( #438 ), #439 );
#124 = STYLED_ITEM( '', ( #440 ), #441 );
#125 = STYLED_ITEM( '', ( #442 ), #443 );
#126 = STYLED_ITEM( '', ( #444 ), #445 );
#127 = STYLED_ITEM( '', ( #446 ), #447 );
#128 = STYLED_ITEM( '', ( #448 ), #449 );
#129 = STYLED_ITEM( '', ( #450 ), #451 );
#130 = STYLED_ITEM( '', ( #452 ), #453 );
#131 = STYLED_ITEM( '', ( #454 ), #455 );
#132 = STYLED_ITEM( '', ( #456 ), #457 );
#133 = STYLED_ITEM( '', ( #458 ), #459 );
#134 = STYLED_ITEM( '', ( #460 ), #461 );
#135 = STYLED_ITEM( '', ( #462 ), #463 );
#136 = STYLED_ITEM( '', ( #464 ), #465 );
#137 = STYLED_ITEM( '', ( #466 ), #467 );
#138 = STYLED_ITEM( '', ( #468 ), #469 );
#139 = STYLED_ITEM( '', ( #470 ), #471 );
#140 = STYLED_ITEM( '', ( #472 ), #473 );
#141 = STYLED_ITEM( '', ( #474 ), #475 );
#142 = STYLED_ITEM( '', ( #476 ), #477 );
#143 = STYLED_ITEM( '', ( #478 ), #479 );
#144 = STYLED_ITEM( '', ( #480 ), #481 );
#145 = STYLED_ITEM( '', ( #482 ), #483 );
#146 = STYLED_ITEM( '', ( #484 ), #485 );
#147 = STYLED_ITEM( '', ( #486 ), #487 );
#148 = STYLED_ITEM( '', ( #488 ), #489 );
#149 = STYLED_ITEM( '', ( #490 ), #491 );
#150 = STYLED_ITEM( '', ( #492 ), #493 );
#151 = STYLED_ITEM( '', ( #494 ), #495 );
#152 = STYLED_ITEM( '', ( #496 ), #497 );
#153 = STYLED_ITEM( '', ( #498 ), #499 );
#154 = STYLED_ITEM( '', ( #500 ), #501 );
#155 = STYLED_ITEM( '', ( #502 ), #503 );
#156 = STYLED_ITEM( '', ( #504 ), #505 );
#157 = STYLED_ITEM( '', ( #506 ), #507 );
#158 = STYLED_ITEM( '', ( #508 ), #509 );
#159 = STYLED_ITEM( '', ( #510 ), #511 );
#160 = STYLED_ITEM( '', ( #512 ), #513 );
#161 = STYLED_ITEM( '', ( #514 ), #515 );
#162 = STYLED_ITEM( '', ( #516 ), #517 );
#163 = STYLED_ITEM( '', ( #518 ), #519 );
#164 = STYLED_ITEM( '', ( #520 ), #521 );
#165 = STYLED_ITEM( '', ( #522 ), #523 );
#166 = STYLED_ITEM( '', ( #524 ), #525 );
#167 = STYLED_ITEM( '', ( #526 ), #527 );
#168 = STYLED_ITEM( '', ( #528 ), #529 );
#169 = STYLED_ITEM( '', ( #530 ), #531 );
#170 = STYLED_ITEM( '', ( #532 ), #533 );
#171 = STYLED_ITEM( '', ( #534 ), #535 );
#172 = STYLED_ITEM( '', ( #536 ), #537 );
#173 = STYLED_ITEM( '', ( #538 ), #539 );
#174 = STYLED_ITEM( '', ( #540 ), #541 );
#175 = STYLED_ITEM( '', ( #542 ), #543 );
#176 = STYLED_ITEM( '', ( #544 ), #545 );
#177 = STYLED_ITEM( '', ( #546 ), #547 );
#178 = STYLED_ITEM( '', ( #548 ), #549 );
#179 = STYLED_ITEM( '', ( #550 ), #551 );
#180 = STYLED_ITEM( '', ( #552 ), #553 );
#181 = STYLED_ITEM( '', ( #554 ), #555 );
#182 = STYLED_ITEM( '', ( #556 ), #557 );
#183 = STYLED_ITEM( '', ( #558 ), #559 );
#184 = STYLED_ITEM( '', ( #560 ), #561 );
#185 = STYLED_ITEM( '', ( #562 ), #563 );
#186 = STYLED_ITEM( '', ( #564 ), #565 );
#187 = STYLED_ITEM( '', ( #566 ), #567 );
#188 = STYLED_ITEM( '', ( #568 ), #569 );
#189 = STYLED_ITEM( '', ( #570 ), #571 );
#190 = STYLED_ITEM( '', ( #572 ), #573 );
#191 = STYLED_ITEM( '', ( #574 ), #575 );
#192 = STYLED_ITEM( '', ( #576 ), #577 );
#193 = STYLED_ITEM( '', ( #578 ), #579 );
#194 = STYLED_ITEM( '', ( #580 ), #581 );
#195 = STYLED_ITEM( '', ( #582 ), #583 );
#196 = STYLED_ITEM( '', ( #584 ), #585 );
#197 = STYLED_ITEM( '', ( #586 ), #587 );
#198 = STYLED_ITEM( '', ( #588 ), #589 );
#199 = STYLED_ITEM( '', ( #590 ), #591 );
#200 = STYLED_ITEM( '', ( #592 ), #593 );
#201 = STYLED_ITEM( '', ( #594 ), #595 );
#202 = STYLED_ITEM( '', ( #596 ), #597 );
#203 = STYLED_ITEM( '', ( #598 ), #599 );
#204 = STYLED_ITEM( '', ( #600 ), #601 );
#205 = STYLED_ITEM( '', ( #602 ), #603 );
#206 = STYLED_ITEM( '', ( #604 ), #605 );
#207 = STYLED_ITEM( '', ( #606 ), #607 );
#208 = STYLED_ITEM( '', ( #608 ), #609 );
#209 = STYLED_ITEM( '', ( #610 ), #611 );
#210 = STYLED_ITEM( '', ( #612 ), #613 );
#211 = STYLED_ITEM( '', ( #614 ), #615 );
#212 = STYLED_ITEM( '', ( #616 ), #617 );
#213 = STYLED_ITEM( '', ( #618 ), #619 );
#214 = STYLED_ITEM( '', ( #620 ), #621 );
#215 = STYLED_ITEM( '', ( #622 ), #623 );
#216 = STYLED_ITEM( '', ( #624 ), #625 );
#217 = STYLED_ITEM( '', ( #626 ), #627 );
#218 = STYLED_ITEM( '', ( #628 ), #629 );
#219 = STYLED_ITEM( '', ( #630 ), #631 );
#220 = APPLICATION_CONTEXT( 'core data for automotive mechanical design processes' );
#221 = PRODUCT_CATEGORY( 'part', 'NONE' );
#222 = PRODUCT_RELATED_PRODUCT_CATEGORY( 'detail', ' ', ( #632 ) );
#223 = PRODUCT_DEFINITION_SHAPE( 'NONE', 'NONE', #633 );
#224 = ADVANCED_BREP_SHAPE_REPRESENTATION( 'Assem1', ( #634, #635, #636, #637, #638, #639, #640, #641 ), #34 );
#225 = APPLICATION_CONTEXT( 'core data for automotive mechanical design processes' );
#226 = PRODUCT_CATEGORY( 'part', 'NONE' );
#227 = PRODUCT_RELATED_PRODUCT_CATEGORY( 'detail', ' ', ( #642 ) );
#228 = PRODUCT_DEFINITION_SHAPE( 'NONE', 'NONE', #643 );
#229 = ADVANCED_BREP_SHAPE_REPRESENTATION( 'sw-131-e18cs-boss-pc-1', ( #644 ), #34 );
#230 = APPLICATION_CONTEXT( 'core data for automotive mechanical design processes' );
#231 = PRODUCT_CATEGORY( 'part', 'NONE' );
#232 = PRODUCT_RELATED_PRODUCT_CATEGORY( 'detail', ' ', ( #645 ) );
#233 = PRODUCT_DEFINITION_SHAPE( 'NONE', 'NONE', #646 );
#234 = ADVANCED_BREP_SHAPE_REPRESENTATION( 'sw-131-e18lv3-sk-1', ( #647 ), #34 );
#235 = APPLICATION_CONTEXT( 'core data for automotive mechanical design processes' );
#236 = PRODUCT_CATEGORY( 'part', 'NONE' );
#237 = PRODUCT_RELATED_PRODUCT_CATEGORY( 'detail', ' ', ( #648 ) );
#238 = PRODUCT_DEFINITION_SHAPE( 'NONE', 'NONE', #649 );
#239 = ADVANCED_BREP_SHAPE_REPRESENTATION( 'sw-131-e18fm4-sk-1', ( #650 ), #34 );
#240 = APPLICATION_CONTEXT( 'core data for automotive mechanical design processes' );
#241 = PRODUCT_CATEGORY( 'part', 'NONE' );
#242 = PRODUCT_RELATED_PRODUCT_CATEGORY( 'detail', ' ', ( #651 ) );
#243 = PRODUCT_DEFINITION_SHAPE( 'NONE', 'NONE', #652 );
#244 = ADVANCED_BREP_SHAPE_REPRESENTATION( 'sw-131-e18ts-j-sk-1', ( #653 ), #34 );
#245 = APPLICATION_CONTEXT( 'core data for automotive mechanical design processes' );
#246 = PRODUCT_CATEGORY( 'part', 'NONE' );
#247 = PRODUCT_RELATED_PRODUCT_CATEGORY( 'detail', ' ', ( #654 ) );
#248 = PRODUCT_DEFINITION_SHAPE( 'NONE', 'NONE', #655 );
#249 = ADVANCED_BREP_SHAPE_REPRESENTATION( 'sw-131-e18ts-j-sk-1', ( #656 ), #34 );
#250 = APPLICATION_CONTEXT( 'core data for automotive mechanical design processes' );
#251 = PRODUCT_CATEGORY( 'part', 'NONE' );
#252 = PRODUCT_RELATED_PRODUCT_CATEGORY( 'detail', ' ', ( #657 ) );
#253 = PRODUCT_DEFINITION_SHAPE( 'NONE', 'NONE', #658 );
#254 = ADVANCED_BREP_SHAPE_REPRESENTATION( 'sw-131-e18ts-j-sk-1', ( #659 ), #34 );
#255 = APPLICATION_CONTEXT( 'core data for automotive mechanical design processes' );
#256 = PRODUCT_CATEGORY( 'part', 'NONE' );
#257 = PRODUCT_RELATED_PRODUCT_CATEGORY( 'detail', ' ', ( #660 ) );
#258 = PRODUCT_DEFINITION_SHAPE( 'NONE', 'NONE', #661 );
#259 = ADVANCED_BREP_SHAPE_REPRESENTATION( 'sw-131-e18ts-j-sk-1', ( #662 ), #34 );
#262 = UNCERTAINTY_MEASURE_WITH_UNIT( LENGTH_MEASURE( 0.00100000000000000 ), #264, '', '' );
#264 =  ( CONVERSION_BASED_UNIT( 'MILLIMETRE', #665 )LENGTH_UNIT(  )NAMED_UNIT( #668 ) );
#265 =  ( NAMED_UNIT( #670 )PLANE_ANGLE_UNIT(  )SI_UNIT( $, .RADIAN. ) );
#266 =  ( NAMED_UNIT( #670 )SI_UNIT( $, .STERADIAN. )SOLID_ANGLE_UNIT(  ) );
#268 = PRESENTATION_STYLE_ASSIGNMENT( ( #676 ) );
#269 = ADVANCED_FACE( '', ( #677 ), #678, .T. );
#270 = PRESENTATION_STYLE_ASSIGNMENT( ( #679 ) );
#271 = ADVANCED_FACE( '', ( #680 ), #681, .T. );
#272 = PRESENTATION_STYLE_ASSIGNMENT( ( #682 ) );
#273 = ADVANCED_FACE( '', ( #683 ), #684, .F. );
#274 = PRESENTATION_STYLE_ASSIGNMENT( ( #685 ) );
#275 = ADVANCED_FACE( '', ( #686 ), #687, .F. );
#276 = PRESENTATION_STYLE_ASSIGNMENT( ( #688 ) );
#277 = ADVANCED_FACE( '', ( #689 ), #690, .T. );
#278 = PRESENTATION_STYLE_ASSIGNMENT( ( #691 ) );
#279 = ADVANCED_FACE( '', ( #692, #693 ), #694, .T. );
#280 = PRESENTATION_STYLE_ASSIGNMENT( ( #695 ) );
#281 = ADVANCED_FACE( '', ( #696 ), #697, .F. );
#282 = PRESENTATION_STYLE_ASSIGNMENT( ( #698 ) );
#283 = ADVANCED_FACE( '', ( #699 ), #700, .T. );
#284 = PRESENTATION_STYLE_ASSIGNMENT( ( #701 ) );
#285 = ADVANCED_FACE( '', ( #702 ), #703, .F. );
#286 = PRESENTATION_STYLE_ASSIGNMENT( ( #704 ) );
#287 = ADVANCED_FACE( '', ( #705 ), #706, .F. );
#288 = PRESENTATION_STYLE_ASSIGNMENT( ( #707 ) );
#289 = ADVANCED_FACE( '', ( #708 ), #709, .T. );
#290 = PRESENTATION_STYLE_ASSIGNMENT( ( #710 ) );
#291 = ADVANCED_FACE( '', ( #711 ), #712, .T. );
#292 = PRESENTATION_STYLE_ASSIGNMENT( ( #713 ) );
#293 = ADVANCED_FACE( '', ( #714 ), #715, .T. );
#294 = PRESENTATION_STYLE_ASSIGNMENT( ( #716 ) );
#295 = ADVANCED_FACE( '', ( #717 ), #718, .F. );
#296 = PRESENTATION_STYLE_ASSIGNMENT( ( #719 ) );
#297 = ADVANCED_FACE( '', ( #720 ), #721, .T. );
#298 = PRESENTATION_STYLE_ASSIGNMENT( ( #722 ) );
#299 = ADVANCED_FACE( '', ( #723 ), #724, .F. );
#300 = PRESENTATION_STYLE_ASSIGNMENT( ( #725 ) );
#301 = ADVANCED_FACE( '', ( #726 ), #727, .T. );
#302 = PRESENTATION_STYLE_ASSIGNMENT( ( #728 ) );
#303 = ADVANCED_FACE( '', ( #729 ), #730, .T. );
#304 = PRESENTATION_STYLE_ASSIGNMENT( ( #731 ) );
#305 = ADVANCED_FACE( '', ( #732, #733 ), #734, .T. );
#306 = PRESENTATION_STYLE_ASSIGNMENT( ( #735 ) );
#307 = ADVANCED_FACE( '', ( #736 ), #737, .T. );
#308 = PRESENTATION_STYLE_ASSIGNMENT( ( #738 ) );
#309 = ADVANCED_FACE( '', ( #739 ), #740, .F. );
#310 = PRESENTATION_STYLE_ASSIGNMENT( ( #741 ) );
#311 = ADVANCED_FACE( '', ( #742 ), #743, .F. );
#312 = PRESENTATION_STYLE_ASSIGNMENT( ( #744 ) );
#313 = ADVANCED_FACE( '', ( #745 ), #746, .T. );
#314 = PRESENTATION_STYLE_ASSIGNMENT( ( #747 ) );
#315 = ADVANCED_FACE( '', ( #748 ), #749, .F. );
#316 = PRESENTATION_STYLE_ASSIGNMENT( ( #750 ) );
#317 = ADVANCED_FACE( '', ( #751 ), #752, .T. );
#318 = PRESENTATION_STYLE_ASSIGNMENT( ( #753 ) );
#319 = ADVANCED_FACE( '', ( #754 ), #755, .T. );
#320 = PRESENTATION_STYLE_ASSIGNMENT( ( #756 ) );
#321 = ADVANCED_FACE( '', ( #757 ), #758, .T. );
#322 = PRESENTATION_STYLE_ASSIGNMENT( ( #759 ) );
#323 = ADVANCED_FACE( '', ( #760, #761 ), #762, .F. );
#324 = PRESENTATION_STYLE_ASSIGNMENT( ( #763 ) );
#325 = ADVANCED_FACE( '', ( #764 ), #765, .F. );
#326 = PRESENTATION_STYLE_ASSIGNMENT( ( #766 ) );
#327 = ADVANCED_FACE( '', ( #767 ), #768, .T. );
#328 = PRESENTATION_STYLE_ASSIGNMENT( ( #769 ) );
#329 = ADVANCED_FACE( '', ( #770 ), #771, .F. );
#330 = PRESENTATION_STYLE_ASSIGNMENT( ( #772 ) );
#331 = ADVANCED_FACE( '', ( #773 ), #774, .F. );
#332 = PRESENTATION_STYLE_ASSIGNMENT( ( #775 ) );
#333 = ADVANCED_FACE( '', ( #776 ), #777, .T. );
#334 = PRESENTATION_STYLE_ASSIGNMENT( ( #778 ) );
#335 = ADVANCED_FACE( '', ( #779 ), #780, .T. );
#336 = PRESENTATION_STYLE_ASSIGNMENT( ( #781 ) );
#337 = ADVANCED_FACE( '', ( #782 ), #783, .F. );
#338 = PRESENTATION_STYLE_ASSIGNMENT( ( #784 ) );
#339 = ADVANCED_FACE( '', ( #785 ), #786, .T. );
#340 = PRESENTATION_STYLE_ASSIGNMENT( ( #787 ) );
#341 = ADVANCED_FACE( '', ( #788 ), #789, .F. );
#342 = PRESENTATION_STYLE_ASSIGNMENT( ( #790 ) );
#343 = ADVANCED_FACE( '', ( #791 ), #792, .F. );
#344 = PRESENTATION_STYLE_ASSIGNMENT( ( #793 ) );
#345 = ADVANCED_FACE( '', ( #794 ), #795, .F. );
#346 = PRESENTATION_STYLE_ASSIGNMENT( ( #796 ) );
#347 = ADVANCED_FACE( '', ( #797 ), #798, .F. );
#348 = PRESENTATION_STYLE_ASSIGNMENT( ( #799 ) );
#349 = ADVANCED_FACE( '', ( #800 ), #801, .T. );
#350 = PRESENTATION_STYLE_ASSIGNMENT( ( #802 ) );
#351 = ADVANCED_FACE( '', ( #803 ), #804, .T. );
#352 = PRESENTATION_STYLE_ASSIGNMENT( ( #805 ) );
#353 = ADVANCED_FACE( '', ( #806 ), #807, .T. );
#354 = PRESENTATION_STYLE_ASSIGNMENT( ( #808 ) );
#355 = ADVANCED_FACE( '', ( #809 ), #810, .F. );
#356 = PRESENTATION_STYLE_ASSIGNMENT( ( #811 ) );
#357 = ADVANCED_FACE( '', ( #812 ), #813, .T. );
#358 = PRESENTATION_STYLE_ASSIGNMENT( ( #814 ) );
#359 = ADVANCED_FACE( '', ( #815 ), #816, .F. );
#360 = PRESENTATION_STYLE_ASSIGNMENT( ( #817 ) );
#361 = ADVANCED_FACE( '', ( #818 ), #819, .T. );
#362 = PRESENTATION_STYLE_ASSIGNMENT( ( #820 ) );
#363 = ADVANCED_FACE( '', ( #821 ), #822, .T. );
#364 = PRESENTATION_STYLE_ASSIGNMENT( ( #823 ) );
#365 = ADVANCED_FACE( '', ( #824 ), #825, .T. );
#366 = PRESENTATION_STYLE_ASSIGNMENT( ( #826 ) );
#367 = ADVANCED_FACE( '', ( #827 ), #828, .F. );
#368 = PRESENTATION_STYLE_ASSIGNMENT( ( #829 ) );
#369 = ADVANCED_FACE( '', ( #830 ), #831, .T. );
#370 = PRESENTATION_STYLE_ASSIGNMENT( ( #832 ) );
#371 = ADVANCED_FACE( '', ( #833 ), #834, .F. );
#372 = PRESENTATION_STYLE_ASSIGNMENT( ( #835 ) );
#373 = ADVANCED_FACE( '', ( #836 ), #837, .T. );
#374 = PRESENTATION_STYLE_ASSIGNMENT( ( #838 ) );
#375 = ADVANCED_FACE( '', ( #839 ), #840, .T. );
#376 = PRESENTATION_STYLE_ASSIGNMENT( ( #841 ) );
#377 = ADVANCED_FACE( '', ( #842 ), #843, .T. );
#378 = PRESENTATION_STYLE_ASSIGNMENT( ( #844 ) );
#379 = ADVANCED_FACE( '', ( #845 ), #846, .T. );
#380 = PRESENTATION_STYLE_ASSIGNMENT( ( #847 ) );
#381 = ADVANCED_FACE( '', ( #848, #849, #850 ), #851, .F. );
#382 = PRESENTATION_STYLE_ASSIGNMENT( ( #852 ) );
#383 = ADVANCED_FACE( '', ( #853 ), #854, .T. );
#384 = PRESENTATION_STYLE_ASSIGNMENT( ( #855 ) );
#385 = ADVANCED_FACE( '', ( #856 ), #857, .T. );
#386 = PRESENTATION_STYLE_ASSIGNMENT( ( #858 ) );
#387 = ADVANCED_FACE( '', ( #859 ), #860, .F. );
#388 = PRESENTATION_STYLE_ASSIGNMENT( ( #861 ) );
#389 = ADVANCED_FACE( '', ( #862 ), #863, .T. );
#390 = PRESENTATION_STYLE_ASSIGNMENT( ( #864 ) );
#391 = ADVANCED_FACE( '', ( #865 ), #866, .F. );
#392 = PRESENTATION_STYLE_ASSIGNMENT( ( #867 ) );
#393 = ADVANCED_FACE( '', ( #868 ), #869, .T. );
#394 = PRESENTATION_STYLE_ASSIGNMENT( ( #870 ) );
#395 = ADVANCED_FACE( '', ( #871 ), #872, .F. );
#396 = PRESENTATION_STYLE_ASSIGNMENT( ( #873 ) );
#397 = ADVANCED_FACE( '', ( #874 ), #875, .T. );
#398 = PRESENTATION_STYLE_ASSIGNMENT( ( #876 ) );
#399 = ADVANCED_FACE( '', ( #877 ), #878, .T. );
#400 = PRESENTATION_STYLE_ASSIGNMENT( ( #879 ) );
#401 = ADVANCED_FACE( '', ( #880 ), #881, .T. );
#402 = PRESENTATION_STYLE_ASSIGNMENT( ( #882 ) );
#403 = ADVANCED_FACE( '', ( #883, #884 ), #885, .T. );
#404 = PRESENTATION_STYLE_ASSIGNMENT( ( #886 ) );
#405 = ADVANCED_FACE( '', ( #887 ), #888, .F. );
#406 = PRESENTATION_STYLE_ASSIGNMENT( ( #889 ) );
#407 = ADVANCED_FACE( '', ( #890 ), #891, .F. );
#408 = PRESENTATION_STYLE_ASSIGNMENT( ( #892 ) );
#409 = ADVANCED_FACE( '', ( #893 ), #894, .F. );
#410 = PRESENTATION_STYLE_ASSIGNMENT( ( #895 ) );
#411 = ADVANCED_FACE( '', ( #896 ), #897, .F. );
#412 = PRESENTATION_STYLE_ASSIGNMENT( ( #898 ) );
#413 = ADVANCED_FACE( '', ( #899 ), #900, .F. );
#414 = PRESENTATION_STYLE_ASSIGNMENT( ( #901 ) );
#415 = ADVANCED_FACE( '', ( #902 ), #903, .F. );
#416 = PRESENTATION_STYLE_ASSIGNMENT( ( #904 ) );
#417 = ADVANCED_FACE( '', ( #905 ), #906, .F. );
#418 = PRESENTATION_STYLE_ASSIGNMENT( ( #907 ) );
#419 = ADVANCED_FACE( '', ( #908 ), #909, .F. );
#420 = PRESENTATION_STYLE_ASSIGNMENT( ( #910 ) );
#421 = ADVANCED_FACE( '', ( #911 ), #912, .F. );
#422 = PRESENTATION_STYLE_ASSIGNMENT( ( #913 ) );
#423 = ADVANCED_FACE( '', ( #914 ), #915, .F. );
#424 = PRESENTATION_STYLE_ASSIGNMENT( ( #916 ) );
#425 = ADVANCED_FACE( '', ( #917 ), #918, .F. );
#426 = PRESENTATION_STYLE_ASSIGNMENT( ( #919 ) );
#427 = ADVANCED_FACE( '', ( #920 ), #921, .T. );
#428 = PRESENTATION_STYLE_ASSIGNMENT( ( #922 ) );
#429 = ADVANCED_FACE( '', ( #923 ), #924, .T. );
#430 = PRESENTATION_STYLE_ASSIGNMENT( ( #925 ) );
#431 = ADVANCED_FACE( '', ( #926 ), #927, .F. );
#432 = PRESENTATION_STYLE_ASSIGNMENT( ( #928 ) );
#433 = ADVANCED_FACE( '', ( #929 ), #930, .T. );
#434 = PRESENTATION_STYLE_ASSIGNMENT( ( #931 ) );
#435 = ADVANCED_FACE( '', ( #932 ), #933, .T. );
#436 = PRESENTATION_STYLE_ASSIGNMENT( ( #934 ) );
#437 = ADVANCED_FACE( '', ( #935 ), #936, .F. );
#438 = PRESENTATION_STYLE_ASSIGNMENT( ( #937 ) );
#439 = ADVANCED_FACE( '', ( #938, #939 ), #940, .T. );
#440 = PRESENTATION_STYLE_ASSIGNMENT( ( #941 ) );
#441 = ADVANCED_FACE( '', ( #942, #943 ), #944, .T. );
#442 = PRESENTATION_STYLE_ASSIGNMENT( ( #945 ) );
#443 = ADVANCED_FACE( '', ( #946 ), #947, .T. );
#444 = PRESENTATION_STYLE_ASSIGNMENT( ( #948 ) );
#445 = ADVANCED_FACE( '', ( #949 ), #950, .F. );
#446 = PRESENTATION_STYLE_ASSIGNMENT( ( #951 ) );
#447 = ADVANCED_FACE( '', ( #952 ), #953, .T. );
#448 = PRESENTATION_STYLE_ASSIGNMENT( ( #954 ) );
#449 = ADVANCED_FACE( '', ( #955 ), #956, .T. );
#450 = PRESENTATION_STYLE_ASSIGNMENT( ( #957 ) );
#451 = ADVANCED_FACE( '', ( #958 ), #959, .T. );
#452 = PRESENTATION_STYLE_ASSIGNMENT( ( #960 ) );
#453 = ADVANCED_FACE( '', ( #961 ), #962, .F. );
#454 = PRESENTATION_STYLE_ASSIGNMENT( ( #963 ) );
#455 = ADVANCED_FACE( '', ( #964, #965 ), #966, .F. );
#456 = PRESENTATION_STYLE_ASSIGNMENT( ( #967 ) );
#457 = ADVANCED_FACE( '', ( #968 ), #969, .T. );
#458 = PRESENTATION_STYLE_ASSIGNMENT( ( #970 ) );
#459 = ADVANCED_FACE( '', ( #971 ), #972, .T. );
#460 = PRESENTATION_STYLE_ASSIGNMENT( ( #973 ) );
#461 = ADVANCED_FACE( '', ( #974 ), #975, .F. );
#462 = PRESENTATION_STYLE_ASSIGNMENT( ( #976 ) );
#463 = ADVANCED_FACE( '', ( #977 ), #978, .T. );
#464 = PRESENTATION_STYLE_ASSIGNMENT( ( #979 ) );
#465 = ADVANCED_FACE( '', ( #980 ), #981, .F. );
#466 = PRESENTATION_STYLE_ASSIGNMENT( ( #982 ) );
#467 = ADVANCED_FACE( '', ( #983 ), #984, .T. );
#468 = PRESENTATION_STYLE_ASSIGNMENT( ( #985 ) );
#469 = ADVANCED_FACE( '', ( #986 ), #987, .F. );
#470 = PRESENTATION_STYLE_ASSIGNMENT( ( #988 ) );
#471 = ADVANCED_FACE( '', ( #989 ), #990, .F. );
#472 = PRESENTATION_STYLE_ASSIGNMENT( ( #991 ) );
#473 = ADVANCED_FACE( '', ( #992 ), #993, .T. );
#474 = PRESENTATION_STYLE_ASSIGNMENT( ( #994 ) );
#475 = ADVANCED_FACE( '', ( #995 ), #996, .F. );
#476 = PRESENTATION_STYLE_ASSIGNMENT( ( #997 ) );
#477 = ADVANCED_FACE( '', ( #998 ), #999, .T. );
#478 = PRESENTATION_STYLE_ASSIGNMENT( ( #1000 ) );
#479 = ADVANCED_FACE( '', ( #1001, #1002 ), #1003, .T. );
#480 = PRESENTATION_STYLE_ASSIGNMENT( ( #1004 ) );
#481 = ADVANCED_FACE( '', ( #1005 ), #1006, .T. );
#482 = PRESENTATION_STYLE_ASSIGNMENT( ( #1007 ) );
#483 = ADVANCED_FACE( '', ( #1008 ), #1009, .T. );
#484 = PRESENTATION_STYLE_ASSIGNMENT( ( #1010 ) );
#485 = ADVANCED_FACE( '', ( #1011 ), #1012, .F. );
#486 = PRESENTATION_STYLE_ASSIGNMENT( ( #1013 ) );
#487 = ADVANCED_FACE( '', ( #1014 ), #1015, .T. );
#488 = PRESENTATION_STYLE_ASSIGNMENT( ( #1016 ) );
#489 = ADVANCED_FACE( '', ( #1017 ), #1018, .T. );
#490 = PRESENTATION_STYLE_ASSIGNMENT( ( #1019 ) );
#491 = ADVANCED_FACE( '', ( #1020 ), #1021, .F. );
#492 = PRESENTATION_STYLE_ASSIGNMENT( ( #1022 ) );
#493 = ADVANCED_FACE( '', ( #1023 ), #1024, .T. );
#494 = PRESENTATION_STYLE_ASSIGNMENT( ( #1025 ) );
#495 = ADVANCED_FACE( '', ( #1026 ), #1027, .F. );
#496 = PRESENTATION_STYLE_ASSIGNMENT( ( #1028 ) );
#497 = ADVANCED_FACE( '', ( #1029 ), #1030, .T. );
#498 = PRESENTATION_STYLE_ASSIGNMENT( ( #1031 ) );
#499 = ADVANCED_FACE( '', ( #1032 ), #1033, .T. );
#500 = PRESENTATION_STYLE_ASSIGNMENT( ( #1034 ) );
#501 = ADVANCED_FACE( '', ( #1035 ), #1036, .F. );
#502 = PRESENTATION_STYLE_ASSIGNMENT( ( #1037 ) );
#503 = ADVANCED_FACE( '', ( #1038 ), #1039, .F. );
#504 = PRESENTATION_STYLE_ASSIGNMENT( ( #1040 ) );
#505 = ADVANCED_FACE( '', ( #1041 ), #1042, .F. );
#506 = PRESENTATION_STYLE_ASSIGNMENT( ( #1043 ) );
#507 = ADVANCED_FACE( '', ( #1044 ), #1045, .F. );
#508 = PRESENTATION_STYLE_ASSIGNMENT( ( #1046 ) );
#509 = ADVANCED_FACE( '', ( #1047 ), #1048, .T. );
#510 = PRESENTATION_STYLE_ASSIGNMENT( ( #1049 ) );
#511 = ADVANCED_FACE( '', ( #1050 ), #1051, .F. );
#512 = PRESENTATION_STYLE_ASSIGNMENT( ( #1052 ) );
#513 = ADVANCED_FACE( '', ( #1053 ), #1054, .T. );
#514 = PRESENTATION_STYLE_ASSIGNMENT( ( #1055 ) );
#515 = ADVANCED_FACE( '', ( #1056 ), #1057, .T. );
#516 = PRESENTATION_STYLE_ASSIGNMENT( ( #1058 ) );
#517 = ADVANCED_FACE( '', ( #1059 ), #1060, .F. );
#518 = PRESENTATION_STYLE_ASSIGNMENT( ( #1061 ) );
#519 = ADVANCED_FACE( '', ( #1062 ), #1063, .F. );
#520 = PRESENTATION_STYLE_ASSIGNMENT( ( #1064 ) );
#521 = ADVANCED_FACE( '', ( #1065 ), #1066, .T. );
#522 = PRESENTATION_STYLE_ASSIGNMENT( ( #1067 ) );
#523 = ADVANCED_FACE( '', ( #1068 ), #1069, .T. );
#524 = PRESENTATION_STYLE_ASSIGNMENT( ( #1070 ) );
#525 = ADVANCED_FACE( '', ( #1071, #1072 ), #1073, .F. );
#526 = PRESENTATION_STYLE_ASSIGNMENT( ( #1074 ) );
#527 = ADVANCED_FACE( '', ( #1075 ), #1076, .F. );
#528 = PRESENTATION_STYLE_ASSIGNMENT( ( #1077 ) );
#529 = ADVANCED_FACE( '', ( #1078 ), #1079, .F. );
#530 = PRESENTATION_STYLE_ASSIGNMENT( ( #1080 ) );
#531 = ADVANCED_FACE( '', ( #1081 ), #1082, .F. );
#532 = PRESENTATION_STYLE_ASSIGNMENT( ( #1083 ) );
#533 = ADVANCED_FACE( '', ( #1084 ), #1085, .T. );
#534 = PRESENTATION_STYLE_ASSIGNMENT( ( #1086 ) );
#535 = ADVANCED_FACE( '', ( #1087 ), #1088, .F. );
#536 = PRESENTATION_STYLE_ASSIGNMENT( ( #1089 ) );
#537 = ADVANCED_FACE( '', ( #1090 ), #1091, .F. );
#538 = PRESENTATION_STYLE_ASSIGNMENT( ( #1092 ) );
#539 = ADVANCED_FACE( '', ( #1093 ), #1094, .F. );
#540 = PRESENTATION_STYLE_ASSIGNMENT( ( #1095 ) );
#541 = ADVANCED_FACE( '', ( #1096 ), #1097, .F. );
#542 = PRESENTATION_STYLE_ASSIGNMENT( ( #1098 ) );
#543 = ADVANCED_FACE( '', ( #1099 ), #1100, .T. );
#544 = PRESENTATION_STYLE_ASSIGNMENT( ( #1101 ) );
#545 = ADVANCED_FACE( '', ( #1102 ), #1103, .T. );
#546 = PRESENTATION_STYLE_ASSIGNMENT( ( #1104 ) );
#547 = ADVANCED_FACE( '', ( #1105 ), #1106, .F. );
#548 = PRESENTATION_STYLE_ASSIGNMENT( ( #1107 ) );
#549 = ADVANCED_FACE( '', ( #1108 ), #1109, .F. );
#550 = PRESENTATION_STYLE_ASSIGNMENT( ( #1110 ) );
#551 = ADVANCED_FACE( '', ( #1111 ), #1112, .T. );
#552 = PRESENTATION_STYLE_ASSIGNMENT( ( #1113 ) );
#553 = ADVANCED_FACE( '', ( #1114 ), #1115, .T. );
#554 = PRESENTATION_STYLE_ASSIGNMENT( ( #1116 ) );
#555 = ADVANCED_FACE( '', ( #1117 ), #1118, .F. );
#556 = PRESENTATION_STYLE_ASSIGNMENT( ( #1119 ) );
#557 = ADVANCED_FACE( '', ( #1120 ), #1121, .F. );
#558 = PRESENTATION_STYLE_ASSIGNMENT( ( #1122 ) );
#559 = ADVANCED_FACE( '', ( #1123 ), #1124, .F. );
#560 = PRESENTATION_STYLE_ASSIGNMENT( ( #1125 ) );
#561 = ADVANCED_FACE( '', ( #1126 ), #1127, .F. );
#562 = PRESENTATION_STYLE_ASSIGNMENT( ( #1128 ) );
#563 = ADVANCED_FACE( '', ( #1129 ), #1130, .F. );
#564 = PRESENTATION_STYLE_ASSIGNMENT( ( #1131 ) );
#565 = ADVANCED_FACE( '', ( #1132 ), #1133, .F. );
#566 = PRESENTATION_STYLE_ASSIGNMENT( ( #1134 ) );
#567 = ADVANCED_FACE( '', ( #1135 ), #1136, .F. );
#568 = PRESENTATION_STYLE_ASSIGNMENT( ( #1137 ) );
#569 = ADVANCED_FACE( '', ( #1138 ), #1139, .T. );
#570 = PRESENTATION_STYLE_ASSIGNMENT( ( #1140 ) );
#571 = ADVANCED_FACE( '', ( #1141 ), #1142, .T. );
#572 = PRESENTATION_STYLE_ASSIGNMENT( ( #1143 ) );
#573 = ADVANCED_FACE( '', ( #1144 ), #1145, .T. );
#574 = PRESENTATION_STYLE_ASSIGNMENT( ( #1146 ) );
#575 = ADVANCED_FACE( '', ( #1147 ), #1148, .F. );
#576 = PRESENTATION_STYLE_ASSIGNMENT( ( #1149 ) );
#577 = ADVANCED_FACE( '', ( #1150 ), #1151, .F. );
#578 = PRESENTATION_STYLE_ASSIGNMENT( ( #1152 ) );
#579 = ADVANCED_FACE( '', ( #1153 ), #1154, .T. );
#580 = PRESENTATION_STYLE_ASSIGNMENT( ( #1155 ) );
#581 = ADVANCED_FACE( '', ( #1156 ), #1157, .F. );
#582 = PRESENTATION_STYLE_ASSIGNMENT( ( #1158 ) );
#583 = ADVANCED_FACE( '', ( #1159 ), #1160, .T. );
#584 = PRESENTATION_STYLE_ASSIGNMENT( ( #1161 ) );
#585 = ADVANCED_FACE( '', ( #1162 ), #1163, .F. );
#586 = PRESENTATION_STYLE_ASSIGNMENT( ( #1164 ) );
#587 = ADVANCED_FACE( '', ( #1165 ), #1166, .F. );
#588 = PRESENTATION_STYLE_ASSIGNMENT( ( #1167 ) );
#589 = ADVANCED_FACE( '', ( #1168 ), #1169, .T. );
#590 = PRESENTATION_STYLE_ASSIGNMENT( ( #1170 ) );
#591 = ADVANCED_FACE( '', ( #1171 ), #1172, .F. );
#592 = PRESENTATION_STYLE_ASSIGNMENT( ( #1173 ) );
#593 = ADVANCED_FACE( '', ( #1174 ), #1175, .F. );
#594 = PRESENTATION_STYLE_ASSIGNMENT( ( #1176 ) );
#595 = ADVANCED_FACE( '', ( #1177 ), #1178, .T. );
#596 = PRESENTATION_STYLE_ASSIGNMENT( ( #1179 ) );
#597 = ADVANCED_FACE( '', ( #1180 ), #1181, .T. );
#598 = PRESENTATION_STYLE_ASSIGNMENT( ( #1182 ) );
#599 = ADVANCED_FACE( '', ( #1183 ), #1184, .T. );
#600 = PRESENTATION_STYLE_ASSIGNMENT( ( #1185 ) );
#601 = ADVANCED_FACE( '', ( #1186 ), #1187, .T. );
#602 = PRESENTATION_STYLE_ASSIGNMENT( ( #1188 ) );
#603 = ADVANCED_FACE( '', ( #1189 ), #1190, .F. );
#604 = PRESENTATION_STYLE_ASSIGNMENT( ( #1191 ) );
#605 = ADVANCED_FACE( '', ( #1192 ), #1193, .F. );
#606 = PRESENTATION_STYLE_ASSIGNMENT( ( #1194 ) );
#607 = ADVANCED_FACE( '', ( #1195 ), #1196, .F. );
#608 = PRESENTATION_STYLE_ASSIGNMENT( ( #1197 ) );
#609 = ADVANCED_FACE( '', ( #1198 ), #1199, .T. );
#610 = PRESENTATION_STYLE_ASSIGNMENT( ( #1200 ) );
#611 = ADVANCED_FACE( '', ( #1201 ), #1202, .T. );
#612 = PRESENTATION_STYLE_ASSIGNMENT( ( #1203 ) );
#613 = ADVANCED_FACE( '', ( #1204 ), #1205, .T. );
#614 = PRESENTATION_STYLE_ASSIGNMENT( ( #1206 ) );
#615 = ADVANCED_FACE( '', ( #1207 ), #1208, .T. );
#616 = PRESENTATION_STYLE_ASSIGNMENT( ( #1209 ) );
#617 = ADVANCED_FACE( '', ( #1210 ), #1211, .F. );
#618 = PRESENTATION_STYLE_ASSIGNMENT( ( #1212 ) );
#619 = ADVANCED_FACE( '', ( #1213 ), #1214, .F. );
#620 = PRESENTATION_STYLE_ASSIGNMENT( ( #1215 ) );
#621 = ADVANCED_FACE( '', ( #1216 ), #1217, .F. );
#622 = PRESENTATION_STYLE_ASSIGNMENT( ( #1218 ) );
#623 = ADVANCED_FACE( '', ( #1219 ), #1220, .F. );
#624 = PRESENTATION_STYLE_ASSIGNMENT( ( #1221 ) );
#625 = ADVANCED_FACE( '', ( #1222 ), #1223, .T. );
#626 = PRESENTATION_STYLE_ASSIGNMENT( ( #1224 ) );
#627 = ADVANCED_FACE( '', ( #1225, #1226 ), #1227, .T. );
#628 = PRESENTATION_STYLE_ASSIGNMENT( ( #1228 ) );
#629 = ADVANCED_FACE( '', ( #1229 ), #1230, .F. );
#630 = PRESENTATION_STYLE_ASSIGNMENT( ( #1231 ) );
#631 = ADVANCED_FACE( '', ( #1232 ), #1233, .F. );
#632 = PRODUCT( 'Assem1', 'Assem1', 'PART-Assem1-DESC', ( #1234 ) );
#633 = PRODUCT_DEFINITION( 'NONE', 'NONE', #1235, #2 );
#634 = MAPPED_ITEM( '', #1236, #1237 );
#635 = MAPPED_ITEM( '', #1238, #1239 );
#636 = MAPPED_ITEM( '', #1240, #1241 );
#637 = MAPPED_ITEM( '', #1242, #1243 );
#638 = MAPPED_ITEM( '', #1244, #1245 );
#639 = MAPPED_ITEM( '', #1246, #1247 );
#640 = MAPPED_ITEM( '', #1248, #1249 );
#641 = AXIS2_PLACEMENT_3D( '', #1250, #1251, #1252 );
#642 = PRODUCT( 'sw-131-e18cs-boss-pc-1', 'sw-131-e18cs-boss-pc-1', 'PART-sw-131-e18cs-boss-pc-1-DESC', ( #1253 ) );
#643 = PRODUCT_DEFINITION( 'NONE', 'NONE', #1254, #6 );
#644 = MANIFOLD_SOLID_BREP( 'sw-131-e18cs-boss-pc-1', #1255 );
#645 = PRODUCT( 'sw-131-e18lv3-sk-1', 'sw-131-e18lv3-sk-1', 'PART-sw-131-e18lv3-sk-1-DESC', ( #1256 ) );
#646 = PRODUCT_DEFINITION( 'NONE', 'NONE', #1257, #10 );
#647 = MANIFOLD_SOLID_BREP( 'sw-131-e18lv3-sk-1', #1258 );
#648 = PRODUCT( 'sw-131-e18fm4-sk-1', 'sw-131-e18fm4-sk-1', 'PART-sw-131-e18fm4-sk-1-DESC', ( #1259 ) );
#649 = PRODUCT_DEFINITION( 'NONE', 'NONE', #1260, #14 );
#650 = MANIFOLD_SOLID_BREP( 'sw-131-e18fm4-sk-1', #1261 );
#651 = PRODUCT( 'sw-131-e18ts-j-sk-1', 'sw-131-e18ts-j-sk-1', 'PART-sw-131-e18ts-j-sk-1-DESC', ( #1262 ) );
#652 = PRODUCT_DEFINITION( 'NONE', 'NONE', #1263, #18 );
#653 = MANIFOLD_SOLID_BREP( 'sw-131-e18ts-j-sk-1', #1264 );
#654 = PRODUCT( 'sw-131-e18ts-j-sk-1', 'sw-131-e18ts-j-sk-1', 'PART-sw-131-e18ts-j-sk-1-DESC', ( #1265 ) );
#655 = PRODUCT_DEFINITION( 'NONE', 'NONE', #1266, #22 );
#656 = MANIFOLD_SOLID_BREP( 'sw-131-e18ts-j-sk-1', #1267 );
#657 = PRODUCT( 'sw-131-e18ts-j-sk-1', 'sw-131-e18ts-j-sk-1', 'PART-sw-131-e18ts-j-sk-1-DESC', ( #1268 ) );
#658 = PRODUCT_DEFINITION( 'NONE', 'NONE', #1269, #26 );
#659 = MANIFOLD_SOLID_BREP( 'sw-131-e18ts-j-sk-1', #1270 );
#660 = PRODUCT( 'sw-131-e18ts-j-sk-1', 'sw-131-e18ts-j-sk-1', 'PART-sw-131-e18ts-j-sk-1-DESC', ( #1271 ) );
#661 = PRODUCT_DEFINITION( 'NONE', 'NONE', #1272, #30 );
#662 = MANIFOLD_SOLID_BREP( 'sw-131-e18ts-j-sk-1', #1273 );
#665 = LENGTH_MEASURE_WITH_UNIT( LENGTH_MEASURE( 1.00000000000000 ), #1274 );
#668 = DIMENSIONAL_EXPONENTS( 1.00000000000000, 0.000000000000000, 0.000000000000000, 0.000000000000000, 0.000000000000000, 0.000000000000000, 0.000000000000000 );
#670 = DIMENSIONAL_EXPONENTS( 0.000000000000000, 0.000000000000000, 0.000000000000000, 0.000000000000000, 0.000000000000000, 0.000000000000000, 0.000000000000000 );
#676 = SURFACE_STYLE_USAGE( .BOTH., #1275 );
#677 = FACE_OUTER_BOUND( '', #1276, .T. );
#678 = PLANE( '', #1277 );
#679 = SURFACE_STYLE_USAGE( .BOTH., #1278 );
#680 = FACE_OUTER_BOUND( '', #1279, .T. );
#681 = CYLINDRICAL_SURFACE( '', #1280, 0.180000000000000 );
#682 = SURFACE_STYLE_USAGE( .BOTH., #1281 );
#683 = FACE_OUTER_BOUND( '', #1282, .T. );
#684 = PLANE( '', #1283 );
#685 = SURFACE_STYLE_USAGE( .BOTH., #1284 );
#686 = FACE_OUTER_BOUND( '', #1285, .T. );
#687 = PLANE( '', #1286 );
#688 = SURFACE_STYLE_USAGE( .BOTH., #1287 );
#689 = FACE_OUTER_BOUND( '', #1288, .T. );
#690 = PLANE( '', #1289 );
#691 = SURFACE_STYLE_USAGE( .BOTH., #1290 );
#692 = FACE_OUTER_BOUND( '', #1291, .T. );
#693 = FACE_BOUND( '', #1292, .T. );
#694 = CONICAL_SURFACE( '', #1293, 0.300000000000000, 0.785398163397448 );
#695 = SURFACE_STYLE_USAGE( .BOTH., #1294 );
#696 = FACE_OUTER_BOUND( '', #1295, .T. );
#697 = PLANE( '', #1296 );
#698 = SURFACE_STYLE_USAGE( .BOTH., #1297 );
#699 = FACE_OUTER_BOUND( '', #1298, .T. );
#700 = CYLINDRICAL_SURFACE( '', #1299, 1.05000000000000 );
#701 = SURFACE_STYLE_USAGE( .BOTH., #1300 );
#702 = FACE_OUTER_BOUND( '', #1301, .T. );
#703 = PLANE( '', #1302 );
#704 = SURFACE_STYLE_USAGE( .BOTH., #1303 );
#705 = FACE_OUTER_BOUND( '', #1304, .T. );
#706 = PLANE( '', #1305 );
#707 = SURFACE_STYLE_USAGE( .BOTH., #1306 );
#708 = FACE_OUTER_BOUND( '', #1307, .T. );
#709 = PLANE( '', #1308 );
#710 = SURFACE_STYLE_USAGE( .BOTH., #1309 );
#711 = FACE_OUTER_BOUND( '', #1310, .T. );
#712 = PLANE( '', #1311 );
#713 = SURFACE_STYLE_USAGE( .BOTH., #1312 );
#714 = FACE_OUTER_BOUND( '', #1313, .T. );
#715 = PLANE( '', #1314 );
#716 = SURFACE_STYLE_USAGE( .BOTH., #1315 );
#717 = FACE_OUTER_BOUND( '', #1316, .T. );
#718 = PLANE( '', #1317 );
#719 = SURFACE_STYLE_USAGE( .BOTH., #1318 );
#720 = FACE_OUTER_BOUND( '', #1319, .T. );
#721 = CYLINDRICAL_SURFACE( '', #1320, 0.300000000000000 );
#722 = SURFACE_STYLE_USAGE( .BOTH., #1321 );
#723 = FACE_OUTER_BOUND( '', #1322, .T. );
#724 = PLANE( '', #1323 );
#725 = SURFACE_STYLE_USAGE( .BOTH., #1324 );
#726 = FACE_OUTER_BOUND( '', #1325, .T. );
#727 = PLANE( '', #1326 );
#728 = SURFACE_STYLE_USAGE( .BOTH., #1327 );
#729 = FACE_OUTER_BOUND( '', #1328, .T. );
#730 = CYLINDRICAL_SURFACE( '', #1329, 0.180000000000000 );
#731 = SURFACE_STYLE_USAGE( .BOTH., #1330 );
#732 = FACE_OUTER_BOUND( '', #1331, .T. );
#733 = FACE_OUTER_BOUND( '', #1332, .T. );
#734 = CYLINDRICAL_SURFACE( '', #1333, 0.300000000000000 );
#735 = SURFACE_STYLE_USAGE( .BOTH., #1334 );
#736 = FACE_OUTER_BOUND( '', #1335, .T. );
#737 = PLANE( '', #1336 );
#738 = SURFACE_STYLE_USAGE( .BOTH., #1337 );
#739 = FACE_OUTER_BOUND( '', #1338, .T. );
#740 = PLANE( '', #1339 );
#741 = SURFACE_STYLE_USAGE( .BOTH., #1340 );
#742 = FACE_OUTER_BOUND( '', #1341, .T. );
#743 = PLANE( '', #1342 );
#744 = SURFACE_STYLE_USAGE( .BOTH., #1343 );
#745 = FACE_OUTER_BOUND( '', #1344, .T. );
#746 = PLANE( '', #1345 );
#747 = SURFACE_STYLE_USAGE( .BOTH., #1346 );
#748 = FACE_OUTER_BOUND( '', #1347, .T. );
#749 = PLANE( '', #1348 );
#750 = SURFACE_STYLE_USAGE( .BOTH., #1349 );
#751 = FACE_OUTER_BOUND( '', #1350, .T. );
#752 = PLANE( '', #1351 );
#753 = SURFACE_STYLE_USAGE( .BOTH., #1352 );
#754 = FACE_OUTER_BOUND( '', #1353, .T. );
#755 = PLANE( '', #1354 );
#756 = SURFACE_STYLE_USAGE( .BOTH., #1355 );
#757 = FACE_OUTER_BOUND( '', #1356, .T. );
#758 = PLANE( '', #1357 );
#759 = SURFACE_STYLE_USAGE( .BOTH., #1358 );
#760 = FACE_BOUND( '', #1359, .T. );
#761 = FACE_OUTER_BOUND( '', #1360, .T. );
#762 = PLANE( '', #1361 );
#763 = SURFACE_STYLE_USAGE( .BOTH., #1362 );
#764 = FACE_OUTER_BOUND( '', #1363, .T. );
#765 = PLANE( '', #1364 );
#766 = SURFACE_STYLE_USAGE( .BOTH., #1365 );
#767 = FACE_OUTER_BOUND( '', #1366, .T. );
#768 = PLANE( '', #1367 );
#769 = SURFACE_STYLE_USAGE( .BOTH., #1368 );
#770 = FACE_OUTER_BOUND( '', #1369, .T. );
#771 = CYLINDRICAL_SURFACE( '', #1370, 0.150000000000000 );
#772 = SURFACE_STYLE_USAGE( .BOTH., #1371 );
#773 = FACE_OUTER_BOUND( '', #1372, .T. );
#774 = PLANE( '', #1373 );
#775 = SURFACE_STYLE_USAGE( .BOTH., #1374 );
#776 = FACE_OUTER_BOUND( '', #1375, .T. );
#777 = PLANE( '', #1376 );
#778 = SURFACE_STYLE_USAGE( .BOTH., #1377 );
#779 = FACE_OUTER_BOUND( '', #1378, .T. );
#780 = PLANE( '', #1379 );
#781 = SURFACE_STYLE_USAGE( .BOTH., #1380 );
#782 = FACE_OUTER_BOUND( '', #1381, .T. );
#783 = PLANE( '', #1382 );
#784 = SURFACE_STYLE_USAGE( .BOTH., #1383 );
#785 = FACE_OUTER_BOUND( '', #1384, .T. );
#786 = PLANE( '', #1385 );
#787 = SURFACE_STYLE_USAGE( .BOTH., #1386 );
#788 = FACE_OUTER_BOUND( '', #1387, .T. );
#789 = CYLINDRICAL_SURFACE( '', #1388, 0.0800000000000000 );
#790 = SURFACE_STYLE_USAGE( .BOTH., #1389 );
#791 = FACE_OUTER_BOUND( '', #1390, .T. );
#792 = PLANE( '', #1391 );
#793 = SURFACE_STYLE_USAGE( .BOTH., #1392 );
#794 = FACE_OUTER_BOUND( '', #1393, .T. );
#795 = PLANE( '', #1394 );
#796 = SURFACE_STYLE_USAGE( .BOTH., #1395 );
#797 = FACE_OUTER_BOUND( '', #1396, .T. );
#798 = PLANE( '', #1397 );
#799 = SURFACE_STYLE_USAGE( .BOTH., #1398 );
#800 = FACE_OUTER_BOUND( '', #1399, .T. );
#801 = PLANE( '', #1400 );
#802 = SURFACE_STYLE_USAGE( .BOTH., #1401 );
#803 = FACE_OUTER_BOUND( '', #1402, .T. );
#804 = PLANE( '', #1403 );
#805 = SURFACE_STYLE_USAGE( .BOTH., #1404 );
#806 = FACE_OUTER_BOUND( '', #1405, .T. );
#807 = PLANE( '', #1406 );
#808 = SURFACE_STYLE_USAGE( .BOTH., #1407 );
#809 = FACE_OUTER_BOUND( '', #1408, .T. );
#810 = PLANE( '', #1409 );
#811 = SURFACE_STYLE_USAGE( .BOTH., #1410 );
#812 = FACE_OUTER_BOUND( '', #1411, .T. );
#813 = PLANE( '', #1412 );
#814 = SURFACE_STYLE_USAGE( .BOTH., #1413 );
#815 = FACE_OUTER_BOUND( '', #1414, .T. );
#816 = PLANE( '', #1415 );
#817 = SURFACE_STYLE_USAGE( .BOTH., #1416 );
#818 = FACE_OUTER_BOUND( '', #1417, .T. );
#819 = PLANE( '', #1418 );
#820 = SURFACE_STYLE_USAGE( .BOTH., #1419 );
#821 = FACE_OUTER_BOUND( '', #1420, .T. );
#822 = PLANE( '', #1421 );
#823 = SURFACE_STYLE_USAGE( .BOTH., #1422 );
#824 = FACE_OUTER_BOUND( '', #1423, .T. );
#825 = PLANE( '', #1424 );
#826 = SURFACE_STYLE_USAGE( .BOTH., #1425 );
#827 = FACE_OUTER_BOUND( '', #1426, .T. );
#828 = PLANE( '', #1427 );
#829 = SURFACE_STYLE_USAGE( .BOTH., #1428 );
#830 = FACE_OUTER_BOUND( '', #1429, .T. );
#831 = CYLINDRICAL_SURFACE( '', #1430, 0.180000000000000 );
#832 = SURFACE_STYLE_USAGE( .BOTH., #1431 );
#833 = FACE_OUTER_BOUND( '', #1432, .T. );
#834 = PLANE( '', #1433 );
#835 = SURFACE_STYLE_USAGE( .BOTH., #1434 );
#836 = FACE_OUTER_BOUND( '', #1435, .T. );
#837 = PLANE( '', #1436 );
#838 = SURFACE_STYLE_USAGE( .BOTH., #1437 );
#839 = FACE_OUTER_BOUND( '', #1438, .T. );
#840 = PLANE( '', #1439 );
#841 = SURFACE_STYLE_USAGE( .BOTH., #1440 );
#842 = FACE_OUTER_BOUND( '', #1441, .T. );
#843 = PLANE( '', #1442 );
#844 = SURFACE_STYLE_USAGE( .BOTH., #1443 );
#845 = FACE_OUTER_BOUND( '', #1444, .T. );
#846 = PLANE( '', #1445 );
#847 = SURFACE_STYLE_USAGE( .BOTH., #1446 );
#848 = FACE_BOUND( '', #1447, .T. );
#849 = FACE_BOUND( '', #1448, .T. );
#850 = FACE_OUTER_BOUND( '', #1449, .T. );
#851 = PLANE( '', #1450 );
#852 = SURFACE_STYLE_USAGE( .BOTH., #1451 );
#853 = FACE_OUTER_BOUND( '', #1452, .T. );
#854 = PLANE( '', #1453 );
#855 = SURFACE_STYLE_USAGE( .BOTH., #1454 );
#856 = FACE_OUTER_BOUND( '', #1455, .T. );
#857 = PLANE( '', #1456 );
#858 = SURFACE_STYLE_USAGE( .BOTH., #1457 );
#859 = FACE_OUTER_BOUND( '', #1458, .T. );
#860 = PLANE( '', #1459 );
#861 = SURFACE_STYLE_USAGE( .BOTH., #1460 );
#862 = FACE_OUTER_BOUND( '', #1461, .T. );
#863 = PLANE( '', #1462 );
#864 = SURFACE_STYLE_USAGE( .BOTH., #1463 );
#865 = FACE_OUTER_BOUND( '', #1464, .T. );
#866 = PLANE( '', #1465 );
#867 = SURFACE_STYLE_USAGE( .BOTH., #1466 );
#868 = FACE_OUTER_BOUND( '', #1467, .T. );
#869 = PLANE( '', #1468 );
#870 = SURFACE_STYLE_USAGE( .BOTH., #1469 );
#871 = FACE_OUTER_BOUND( '', #1470, .T. );
#872 = PLANE( '', #1471 );
#873 = SURFACE_STYLE_USAGE( .BOTH., #1472 );
#874 = FACE_OUTER_BOUND( '', #1473, .T. );
#875 = PLANE( '', #1474 );
#876 = SURFACE_STYLE_USAGE( .BOTH., #1475 );
#877 = FACE_OUTER_BOUND( '', #1476, .T. );
#878 = PLANE( '', #1477 );
#879 = SURFACE_STYLE_USAGE( .BOTH., #1478 );
#880 = FACE_OUTER_BOUND( '', #1479, .T. );
#881 = CYLINDRICAL_SURFACE( '', #1480, 0.180000000000000 );
#882 = SURFACE_STYLE_USAGE( .BOTH., #1481 );
#883 = FACE_OUTER_BOUND( '', #1482, .T. );
#884 = FACE_OUTER_BOUND( '', #1483, .T. );
#885 = CYLINDRICAL_SURFACE( '', #1484, 0.300000000000000 );
#886 = SURFACE_STYLE_USAGE( .BOTH., #1485 );
#887 = FACE_OUTER_BOUND( '', #1486, .T. );
#888 = PLANE( '', #1487 );
#889 = SURFACE_STYLE_USAGE( .BOTH., #1488 );
#890 = FACE_OUTER_BOUND( '', #1489, .T. );
#891 = PLANE( '', #1490 );
#892 = SURFACE_STYLE_USAGE( .BOTH., #1491 );
#893 = FACE_OUTER_BOUND( '', #1492, .T. );
#894 = PLANE( '', #1493 );
#895 = SURFACE_STYLE_USAGE( .BOTH., #1494 );
#896 = FACE_OUTER_BOUND( '', #1495, .T. );
#897 = CYLINDRICAL_SURFACE( '', #1496, 0.0800000000000000 );
#898 = SURFACE_STYLE_USAGE( .BOTH., #1497 );
#899 = FACE_OUTER_BOUND( '', #1498, .T. );
#900 = PLANE( '', #1499 );
#901 = SURFACE_STYLE_USAGE( .BOTH., #1500 );
#902 = FACE_OUTER_BOUND( '', #1501, .T. );
#903 = PLANE( '', #1502 );
#904 = SURFACE_STYLE_USAGE( .BOTH., #1503 );
#905 = FACE_OUTER_BOUND( '', #1504, .T. );
#906 = PLANE( '', #1505 );
#907 = SURFACE_STYLE_USAGE( .BOTH., #1506 );
#908 = FACE_OUTER_BOUND( '', #1507, .T. );
#909 = PLANE( '', #1508 );
#910 = SURFACE_STYLE_USAGE( .BOTH., #1509 );
#911 = FACE_OUTER_BOUND( '', #1510, .T. );
#912 = PLANE( '', #1511 );
#913 = SURFACE_STYLE_USAGE( .BOTH., #1512 );
#914 = FACE_OUTER_BOUND( '', #1513, .T. );
#915 = CYLINDRICAL_SURFACE( '', #1514, 0.150000000000000 );
#916 = SURFACE_STYLE_USAGE( .BOTH., #1515 );
#917 = FACE_OUTER_BOUND( '', #1516, .T. );
#918 = PLANE( '', #1517 );
#919 = SURFACE_STYLE_USAGE( .BOTH., #1518 );
#920 = FACE_OUTER_BOUND( '', #1519, .T. );
#921 = CYLINDRICAL_SURFACE( '', #1520, 0.180000000000000 );
#922 = SURFACE_STYLE_USAGE( .BOTH., #1521 );
#923 = FACE_OUTER_BOUND( '', #1522, .T. );
#924 = PLANE( '', #1523 );
#925 = SURFACE_STYLE_USAGE( .BOTH., #1524 );
#926 = FACE_OUTER_BOUND( '', #1525, .T. );
#927 = PLANE( '', #1526 );
#928 = SURFACE_STYLE_USAGE( .BOTH., #1527 );
#929 = FACE_OUTER_BOUND( '', #1528, .T. );
#930 = PLANE( '', #1529 );
#931 = SURFACE_STYLE_USAGE( .BOTH., #1530 );
#932 = FACE_OUTER_BOUND( '', #1531, .T. );
#933 = PLANE( '', #1532 );
#934 = SURFACE_STYLE_USAGE( .BOTH., #1533 );
#935 = FACE_OUTER_BOUND( '', #1534, .T. );
#936 = PLANE( '', #1535 );
#937 = SURFACE_STYLE_USAGE( .BOTH., #1536 );
#938 = FACE_OUTER_BOUND( '', #1537, .T. );
#939 = FACE_OUTER_BOUND( '', #1538, .T. );
#940 = CYLINDRICAL_SURFACE( '', #1539, 0.300000000000000 );
#941 = SURFACE_STYLE_USAGE( .BOTH., #1540 );
#942 = FACE_OUTER_BOUND( '', #1541, .T. );
#943 = FACE_BOUND( '', #1542, .T. );
#944 = CONICAL_SURFACE( '', #1543, 0.300000000000000, 0.785398163397448 );
#945 = SURFACE_STYLE_USAGE( .BOTH., #1544 );
#946 = FACE_OUTER_BOUND( '', #1545, .T. );
#947 = PLANE( '', #1546 );
#948 = SURFACE_STYLE_USAGE( .BOTH., #1547 );
#949 = FACE_OUTER_BOUND( '', #1548, .T. );
#950 = CYLINDRICAL_SURFACE( '', #1549, 0.0800000000000000 );
#951 = SURFACE_STYLE_USAGE( .BOTH., #1550 );
#952 = FACE_OUTER_BOUND( '', #1551, .T. );
#953 = PLANE( '', #1552 );
#954 = SURFACE_STYLE_USAGE( .BOTH., #1553 );
#955 = FACE_OUTER_BOUND( '', #1554, .T. );
#956 = PLANE( '', #1555 );
#957 = SURFACE_STYLE_USAGE( .BOTH., #1556 );
#958 = FACE_OUTER_BOUND( '', #1557, .T. );
#959 = PLANE( '', #1558 );
#960 = SURFACE_STYLE_USAGE( .BOTH., #1559 );
#961 = FACE_OUTER_BOUND( '', #1560, .T. );
#962 = CYLINDRICAL_SURFACE( '', #1561, 0.0800000000000000 );
#963 = SURFACE_STYLE_USAGE( .BOTH., #1562 );
#964 = FACE_OUTER_BOUND( '', #1563, .T. );
#965 = FACE_OUTER_BOUND( '', #1564, .T. );
#966 = CYLINDRICAL_SURFACE( '', #1565, 0.320000000000000 );
#967 = SURFACE_STYLE_USAGE( .BOTH., #1566 );
#968 = FACE_OUTER_BOUND( '', #1567, .T. );
#969 = PLANE( '', #1568 );
#970 = SURFACE_STYLE_USAGE( .BOTH., #1569 );
#971 = FACE_OUTER_BOUND( '', #1570, .T. );
#972 = PLANE( '', #1571 );
#973 = SURFACE_STYLE_USAGE( .BOTH., #1572 );
#974 = FACE_OUTER_BOUND( '', #1573, .T. );
#975 = PLANE( '', #1574 );
#976 = SURFACE_STYLE_USAGE( .BOTH., #1575 );
#977 = FACE_OUTER_BOUND( '', #1576, .T. );
#978 = PLANE( '', #1577 );
#979 = SURFACE_STYLE_USAGE( .BOTH., #1578 );
#980 = FACE_OUTER_BOUND( '', #1579, .T. );
#981 = PLANE( '', #1580 );
#982 = SURFACE_STYLE_USAGE( .BOTH., #1581 );
#983 = FACE_OUTER_BOUND( '', #1582, .T. );
#984 = PLANE( '', #1583 );
#985 = SURFACE_STYLE_USAGE( .BOTH., #1584 );
#986 = FACE_OUTER_BOUND( '', #1585, .T. );
#987 = PLANE( '', #1586 );
#988 = SURFACE_STYLE_USAGE( .BOTH., #1587 );
#989 = FACE_OUTER_BOUND( '', #1588, .T. );
#990 = PLANE( '', #1589 );
#991 = SURFACE_STYLE_USAGE( .BOTH., #1590 );
#992 = FACE_OUTER_BOUND( '', #1591, .T. );
#993 = PLANE( '', #1592 );
#994 = SURFACE_STYLE_USAGE( .BOTH., #1593 );
#995 = FACE_OUTER_BOUND( '', #1594, .T. );
#996 = CYLINDRICAL_SURFACE( '', #1595, 0.0800000000000000 );
#997 = SURFACE_STYLE_USAGE( .BOTH., #1596 );
#998 = FACE_OUTER_BOUND( '', #1597, .T. );
#999 = PLANE( '', #1598 );
#1000 = SURFACE_STYLE_USAGE( .BOTH., #1599 );
#1001 = FACE_OUTER_BOUND( '', #1600, .T. );
#1002 = FACE_BOUND( '', #1601, .T. );
#1003 = CONICAL_SURFACE( '', #1602, 0.200000000000000, 0.785398163397448 );
#1004 = SURFACE_STYLE_USAGE( .BOTH., #1603 );
#1005 = FACE_OUTER_BOUND( '', #1604, .T. );
#1006 = PLANE( '', #1605 );
#1007 = SURFACE_STYLE_USAGE( .BOTH., #1606 );
#1008 = FACE_OUTER_BOUND( '', #1607, .T. );
#1009 = CYLINDRICAL_SURFACE( '', #1608, 0.0800000000000071 );
#1010 = SURFACE_STYLE_USAGE( .BOTH., #1609 );
#1011 = FACE_OUTER_BOUND( '', #1610, .T. );
#1012 = PLANE( '', #1611 );
#1013 = SURFACE_STYLE_USAGE( .BOTH., #1612 );
#1014 = FACE_OUTER_BOUND( '', #1613, .T. );
#1015 = PLANE( '', #1614 );
#1016 = SURFACE_STYLE_USAGE( .BOTH., #1615 );
#1017 = FACE_OUTER_BOUND( '', #1616, .T. );
#1018 = CYLINDRICAL_SURFACE( '', #1617, 0.300000000000000 );
#1019 = SURFACE_STYLE_USAGE( .BOTH., #1618 );
#1020 = FACE_OUTER_BOUND( '', #1619, .T. );
#1021 = PLANE( '', #1620 );
#1022 = SURFACE_STYLE_USAGE( .BOTH., #1621 );
#1023 = FACE_OUTER_BOUND( '', #1622, .T. );
#1024 = PLANE( '', #1623 );
#1025 = SURFACE_STYLE_USAGE( .BOTH., #1624 );
#1026 = FACE_OUTER_BOUND( '', #1625, .T. );
#1027 = PLANE( '', #1626 );
#1028 = SURFACE_STYLE_USAGE( .BOTH., #1627 );
#1029 = FACE_OUTER_BOUND( '', #1628, .T. );
#1030 = PLANE( '', #1629 );
#1031 = SURFACE_STYLE_USAGE( .BOTH., #1630 );
#1032 = FACE_OUTER_BOUND( '', #1631, .T. );
#1033 = PLANE( '', #1632 );
#1034 = SURFACE_STYLE_USAGE( .BOTH., #1633 );
#1035 = FACE_OUTER_BOUND( '', #1634, .T. );
#1036 = PLANE( '', #1635 );
#1037 = SURFACE_STYLE_USAGE( .BOTH., #1636 );
#1038 = FACE_OUTER_BOUND( '', #1637, .T. );
#1039 = PLANE( '', #1638 );
#1040 = SURFACE_STYLE_USAGE( .BOTH., #1639 );
#1041 = FACE_OUTER_BOUND( '', #1640, .T. );
#1042 = PLANE( '', #1641 );
#1043 = SURFACE_STYLE_USAGE( .BOTH., #1642 );
#1044 = FACE_OUTER_BOUND( '', #1643, .T. );
#1045 = PLANE( '', #1644 );
#1046 = SURFACE_STYLE_USAGE( .BOTH., #1645 );
#1047 = FACE_OUTER_BOUND( '', #1646, .T. );
#1048 = PLANE( '', #1647 );
#1049 = SURFACE_STYLE_USAGE( .BOTH., #1648 );
#1050 = FACE_OUTER_BOUND( '', #1649, .T. );
#1051 = PLANE( '', #1650 );
#1052 = SURFACE_STYLE_USAGE( .BOTH., #1651 );
#1053 = FACE_OUTER_BOUND( '', #1652, .T. );
#1054 = PLANE( '', #1653 );
#1055 = SURFACE_STYLE_USAGE( .BOTH., #1654 );
#1056 = FACE_OUTER_BOUND( '', #1655, .T. );
#1057 = CYLINDRICAL_SURFACE( '', #1656, 0.0800000000000036 );
#1058 = SURFACE_STYLE_USAGE( .BOTH., #1657 );
#1059 = FACE_OUTER_BOUND( '', #1658, .T. );
#1060 = PLANE( '', #1659 );
#1061 = SURFACE_STYLE_USAGE( .BOTH., #1660 );
#1062 = FACE_OUTER_BOUND( '', #1661, .T. );
#1063 = PLANE( '', #1662 );
#1064 = SURFACE_STYLE_USAGE( .BOTH., #1663 );
#1065 = FACE_OUTER_BOUND( '', #1664, .T. );
#1066 = PLANE( '', #1665 );
#1067 = SURFACE_STYLE_USAGE( .BOTH., #1666 );
#1068 = FACE_OUTER_BOUND( '', #1667, .T. );
#1069 = PLANE( '', #1668 );
#1070 = SURFACE_STYLE_USAGE( .BOTH., #1669 );
#1071 = FACE_BOUND( '', #1670, .T. );
#1072 = FACE_OUTER_BOUND( '', #1671, .T. );
#1073 = PLANE( '', #1672 );
#1074 = SURFACE_STYLE_USAGE( .BOTH., #1673 );
#1075 = FACE_OUTER_BOUND( '', #1674, .T. );
#1076 = PLANE( '', #1675 );
#1077 = SURFACE_STYLE_USAGE( .BOTH., #1676 );
#1078 = FACE_OUTER_BOUND( '', #1677, .T. );
#1079 = PLANE( '', #1678 );
#1080 = SURFACE_STYLE_USAGE( .BOTH., #1679 );
#1081 = FACE_OUTER_BOUND( '', #1680, .T. );
#1082 = PLANE( '', #1681 );
#1083 = SURFACE_STYLE_USAGE( .BOTH., #1682 );
#1084 = FACE_OUTER_BOUND( '', #1683, .T. );
#1085 = PLANE( '', #1684 );
#1086 = SURFACE_STYLE_USAGE( .BOTH., #1685 );
#1087 = FACE_OUTER_BOUND( '', #1686, .T. );
#1088 = PLANE( '', #1687 );
#1089 = SURFACE_STYLE_USAGE( .BOTH., #1688 );
#1090 = FACE_OUTER_BOUND( '', #1689, .T. );
#1091 = PLANE( '', #1690 );
#1092 = SURFACE_STYLE_USAGE( .BOTH., #1691 );
#1093 = FACE_OUTER_BOUND( '', #1692, .T. );
#1094 = PLANE( '', #1693 );
#1095 = SURFACE_STYLE_USAGE( .BOTH., #1694 );
#1096 = FACE_OUTER_BOUND( '', #1695, .T. );
#1097 = PLANE( '', #1696 );
#1098 = SURFACE_STYLE_USAGE( .BOTH., #1697 );
#1099 = FACE_OUTER_BOUND( '', #1698, .T. );
#1100 = PLANE( '', #1699 );
#1101 = SURFACE_STYLE_USAGE( .BOTH., #1700 );
#1102 = FACE_OUTER_BOUND( '', #1701, .T. );
#1103 = PLANE( '', #1702 );
#1104 = SURFACE_STYLE_USAGE( .BOTH., #1703 );
#1105 = FACE_OUTER_BOUND( '', #1704, .T. );
#1106 = PLANE( '', #1705 );
#1107 = SURFACE_STYLE_USAGE( .BOTH., #1706 );
#1108 = FACE_OUTER_BOUND( '', #1707, .T. );
#1109 = PLANE( '', #1708 );
#1110 = SURFACE_STYLE_USAGE( .BOTH., #1709 );
#1111 = FACE_OUTER_BOUND( '', #1710, .T. );
#1112 = PLANE( '', #1711 );
#1113 = SURFACE_STYLE_USAGE( .BOTH., #1712 );
#1114 = FACE_OUTER_BOUND( '', #1713, .T. );
#1115 = CYLINDRICAL_SURFACE( '', #1714, 0.0800000000000036 );
#1116 = SURFACE_STYLE_USAGE( .BOTH., #1715 );
#1117 = FACE_OUTER_BOUND( '', #1716, .T. );
#1118 = PLANE( '', #1717 );
#1119 = SURFACE_STYLE_USAGE( .BOTH., #1718 );
#1120 = FACE_OUTER_BOUND( '', #1719, .T. );
#1121 = PLANE( '', #1720 );
#1122 = SURFACE_STYLE_USAGE( .BOTH., #1721 );
#1123 = FACE_OUTER_BOUND( '', #1722, .T. );
#1124 = PLANE( '', #1723 );
#1125 = SURFACE_STYLE_USAGE( .BOTH., #1724 );
#1126 = FACE_OUTER_BOUND( '', #1725, .T. );
#1127 = PLANE( '', #1726 );
#1128 = SURFACE_STYLE_USAGE( .BOTH., #1727 );
#1129 = FACE_OUTER_BOUND( '', #1728, .T. );
#1130 = PLANE( '', #1729 );
#1131 = SURFACE_STYLE_USAGE( .BOTH., #1730 );
#1132 = FACE_OUTER_BOUND( '', #1731, .T. );
#1133 = PLANE( '', #1732 );
#1134 = SURFACE_STYLE_USAGE( .BOTH., #1733 );
#1135 = FACE_OUTER_BOUND( '', #1734, .T. );
#1136 = PLANE( '', #1735 );
#1137 = SURFACE_STYLE_USAGE( .BOTH., #1736 );
#1138 = FACE_OUTER_BOUND( '', #1737, .T. );
#1139 = CYLINDRICAL_SURFACE( '', #1738, 0.180000000000000 );
#1140 = SURFACE_STYLE_USAGE( .BOTH., #1739 );
#1141 = FACE_OUTER_BOUND( '', #1740, .T. );
#1142 = PLANE( '', #1741 );
#1143 = SURFACE_STYLE_USAGE( .BOTH., #1742 );
#1144 = FACE_OUTER_BOUND( '', #1743, .T. );
#1145 = PLANE( '', #1744 );
#1146 = SURFACE_STYLE_USAGE( .BOTH., #1745 );
#1147 = FACE_OUTER_BOUND( '', #1746, .T. );
#1148 = PLANE( '', #1747 );
#1149 = SURFACE_STYLE_USAGE( .BOTH., #1748 );
#1150 = FACE_OUTER_BOUND( '', #1749, .T. );
#1151 = PLANE( '', #1750 );
#1152 = SURFACE_STYLE_USAGE( .BOTH., #1751 );
#1153 = FACE_OUTER_BOUND( '', #1752, .T. );
#1154 = PLANE( '', #1753 );
#1155 = SURFACE_STYLE_USAGE( .BOTH., #1754 );
#1156 = FACE_OUTER_BOUND( '', #1755, .T. );
#1157 = PLANE( '', #1756 );
#1158 = SURFACE_STYLE_USAGE( .BOTH., #1757 );
#1159 = FACE_OUTER_BOUND( '', #1758, .T. );
#1160 = PLANE( '', #1759 );
#1161 = SURFACE_STYLE_USAGE( .BOTH., #1760 );
#1162 = FACE_OUTER_BOUND( '', #1761, .T. );
#1163 = PLANE( '', #1762 );
#1164 = SURFACE_STYLE_USAGE( .BOTH., #1763 );
#1165 = FACE_OUTER_BOUND( '', #1764, .T. );
#1166 = CYLINDRICAL_SURFACE( '', #1765, 0.0800000000000000 );
#1167 = SURFACE_STYLE_USAGE( .BOTH., #1766 );
#1168 = FACE_OUTER_BOUND( '', #1767, .T. );
#1169 = PLANE( '', #1768 );
#1170 = SURFACE_STYLE_USAGE( .BOTH., #1769 );
#1171 = FACE_OUTER_BOUND( '', #1770, .T. );
#1172 = PLANE( '', #1771 );
#1173 = SURFACE_STYLE_USAGE( .BOTH., #1772 );
#1174 = FACE_OUTER_BOUND( '', #1773, .T. );
#1175 = PLANE( '', #1774 );
#1176 = SURFACE_STYLE_USAGE( .BOTH., #1775 );
#1177 = FACE_OUTER_BOUND( '', #1776, .T. );
#1178 = PLANE( '', #1777 );
#1179 = SURFACE_STYLE_USAGE( .BOTH., #1778 );
#1180 = FACE_OUTER_BOUND( '', #1779, .T. );
#1181 = PLANE( '', #1780 );
#1182 = SURFACE_STYLE_USAGE( .BOTH., #1781 );
#1183 = FACE_OUTER_BOUND( '', #1782, .T. );
#1184 = PLANE( '', #1783 );
#1185 = SURFACE_STYLE_USAGE( .BOTH., #1784 );
#1186 = FACE_OUTER_BOUND( '', #1785, .T. );
#1187 = PLANE( '', #1786 );
#1188 = SURFACE_STYLE_USAGE( .BOTH., #1787 );
#1189 = FACE_OUTER_BOUND( '', #1788, .T. );
#1190 = PLANE( '', #1789 );
#1191 = SURFACE_STYLE_USAGE( .BOTH., #1790 );
#1192 = FACE_OUTER_BOUND( '', #1791, .T. );
#1193 = PLANE( '', #1792 );
#1194 = SURFACE_STYLE_USAGE( .BOTH., #1793 );
#1195 = FACE_OUTER_BOUND( '', #1794, .T. );
#1196 = PLANE( '', #1795 );
#1197 = SURFACE_STYLE_USAGE( .BOTH., #1796 );
#1198 = FACE_OUTER_BOUND( '', #1797, .T. );
#1199 = PLANE( '', #1798 );
#1200 = SURFACE_STYLE_USAGE( .BOTH., #1799 );
#1201 = FACE_OUTER_BOUND( '', #1800, .T. );
#1202 = CYLINDRICAL_SURFACE( '', #1801, 0.0800000000000071 );
#1203 = SURFACE_STYLE_USAGE( .BOTH., #1802 );
#1204 = FACE_OUTER_BOUND( '', #1803, .T. );
#1205 = PLANE( '', #1804 );
#1206 = SURFACE_STYLE_USAGE( .BOTH., #1805 );
#1207 = FACE_OUTER_BOUND( '', #1806, .T. );
#1208 = PLANE( '', #1807 );
#1209 = SURFACE_STYLE_USAGE( .BOTH., #1808 );
#1210 = FACE_OUTER_BOUND( '', #1809, .T. );
#1211 = PLANE( '', #1810 );
#1212 = SURFACE_STYLE_USAGE( .BOTH., #1811 );
#1213 = FACE_OUTER_BOUND( '', #1812, .T. );
#1214 = PLANE( '', #1813 );
#1215 = SURFACE_STYLE_USAGE( .BOTH., #1814 );
#1216 = FACE_OUTER_BOUND( '', #1815, .T. );
#1217 = PLANE( '', #1816 );
#1218 = SURFACE_STYLE_USAGE( .BOTH., #1817 );
#1219 = FACE_OUTER_BOUND( '', #1818, .T. );
#1220 = PLANE( '', #1819 );
#1221 = SURFACE_STYLE_USAGE( .BOTH., #1820 );
#1222 = FACE_OUTER_BOUND( '', #1821, .T. );
#1223 = PLANE( '', #1822 );
#1224 = SURFACE_STYLE_USAGE( .BOTH., #1823 );
#1225 = FACE_OUTER_BOUND( '', #1824, .T. );
#1226 = FACE_BOUND( '', #1825, .T. );
#1227 = PLANE( '', #1826 );
#1228 = SURFACE_STYLE_USAGE( .BOTH., #1827 );
#1229 = FACE_OUTER_BOUND( '', #1828, .T. );
#1230 = PLANE( '', #1829 );
#1231 = SURFACE_STYLE_USAGE( .BOTH., #1830 );
#1232 = FACE_OUTER_BOUND( '', #1831, .T. );
#1233 = PLANE( '', #1832 );
#1234 = PRODUCT_CONTEXT( '', #220, 'mechanical' );
#1235 = PRODUCT_DEFINITION_FORMATION_WITH_SPECIFIED_SOURCE( ' ', 'NONE', #632, .NOT_KNOWN. );
#1236 = REPRESENTATION_MAP( #641, #229 );
#1237 = AXIS2_PLACEMENT_3D( '', #1833, #1834, #1835 );
#1238 = REPRESENTATION_MAP( #641, #234 );
#1239 = AXIS2_PLACEMENT_3D( '', #1836, #1837, #1838 );
#1240 = REPRESENTATION_MAP( #641, #239 );
#1241 = AXIS2_PLACEMENT_3D( '', #1839, #1840, #1841 );
#1242 = REPRESENTATION_MAP( #641, #244 );
#1243 = AXIS2_PLACEMENT_3D( '', #1842, #1843, #1844 );
#1244 = REPRESENTATION_MAP( #641, #249 );
#1245 = AXIS2_PLACEMENT_3D( '', #1845, #1846, #1847 );
#1246 = REPRESENTATION_MAP( #641, #254 );
#1247 = AXIS2_PLACEMENT_3D( '', #1848, #1849, #1850 );
#1248 = REPRESENTATION_MAP( #641, #259 );
#1249 = AXIS2_PLACEMENT_3D( '', #1851, #1852, #1853 );
#1250 = CARTESIAN_POINT( '', ( 0.000000000000000, 0.000000000000000, 0.000000000000000 ) );
#1251 = DIRECTION( '', ( 0.000000000000000, 0.000000000000000, 1.00000000000000 ) );
#1252 = DIRECTION( '', ( 1.00000000000000, 0.000000000000000, 0.000000000000000 ) );
#1253 = PRODUCT_CONTEXT( '', #225, 'mechanical' );
#1254 = PRODUCT_DEFINITION_FORMATION_WITH_SPECIFIED_SOURCE( ' ', 'NONE', #642, .NOT_KNOWN. );
#1255 = CLOSED_SHELL( '', ( #381, #479, #281, #339, #319, #595, #269, #589, #361, #527, #561, #325, #415, #601, #627, #491, #287, #395, #549, #273, #289, #537, #629, #425, #365, #337, #457, #439, #441, #279, #367, #605, #581, #517, #403, #503, #521, #285, #509, #397, #383, #495, #505, #539, #305, #619, #607, #565, #317, #451, #417, #547, #461, #609, #545, #351, #493, #409, #625, #511, #327, #577, #407, #301, #435, #335, #389, #293, #449, #315 ) );
#1256 = PRODUCT_CONTEXT( '', #230, 'mechanical' );
#1257 = PRODUCT_DEFINITION_FORMATION_WITH_SPECIFIED_SOURCE( ' ', 'NONE', #645, .NOT_KNOWN. );
#1258 = CLOSED_SHELL( '', ( #323, #283, #345, #359, #481, #307, #489, #297, #309, #621, #447, #429, #571, #433, #525, #541, #347, #455 ) );
#1259 = PRODUCT_CONTEXT( '', #235, 'mechanical' );
#1260 = PRODUCT_DEFINITION_FORMATION_WITH_SPECIFIED_SOURCE( ' ', 'NONE', #648, .NOT_KNOWN. );
#1261 = CLOSED_SHELL( '', ( #555, #421, #497, #437, #579, #453, #423, #295, #357, #271, #369, #341, #593, #499, #617, #343, #363, #501, #485, #613, #413, #575, #427, #329, #559, #321, #587, #475, #445, #377, #431, #379, #519, #299, #469, #275, #563, #477, #277, #567, #569, #303, #331, #399, #531, #471, #391, #393, #533, #535, #405, #529, #631, #585, #623, #401, #411, #573 ) );
#1262 = PRODUCT_CONTEXT( '', #240, 'mechanical' );
#1263 = PRODUCT_DEFINITION_FORMATION_WITH_SPECIFIED_SOURCE( ' ', 'NONE', #651, .NOT_KNOWN. );
#1264 = CLOSED_SHELL( '', ( #611, #333, #513, #313, #603, #463, #291, #443, #385 ) );
#1265 = PRODUCT_CONTEXT( '', #245, 'mechanical' );
#1266 = PRODUCT_DEFINITION_FORMATION_WITH_SPECIFIED_SOURCE( ' ', 'NONE', #654, .NOT_KNOWN. );
#1267 = CLOSED_SHELL( '', ( #483, #353, #375, #507, #349, #459, #543, #599, #523 ) );
#1268 = PRODUCT_CONTEXT( '', #250, 'mechanical' );
#1269 = PRODUCT_DEFINITION_FORMATION_WITH_SPECIFIED_SOURCE( ' ', 'NONE', #657, .NOT_KNOWN. );
#1270 = CLOSED_SHELL( '', ( #311, #419, #551, #373, #553, #583, #465, #487, #591 ) );
#1271 = PRODUCT_CONTEXT( '', #255, 'mechanical' );
#1272 = PRODUCT_DEFINITION_FORMATION_WITH_SPECIFIED_SOURCE( ' ', 'NONE', #660, .NOT_KNOWN. );
#1273 = CLOSED_SHELL( '', ( #355, #387, #557, #597, #473, #615, #371, #467, #515 ) );
#1274 =  ( LENGTH_UNIT(  )NAMED_UNIT( #668 )SI_UNIT( .MILLI., .METRE. ) );
#1275 = SURFACE_SIDE_STYLE( '', ( #1855 ) );
#1276 = EDGE_LOOP( '', ( #1856, #1857, #1858, #1859 ) );
#1277 = AXIS2_PLACEMENT_3D( '', #1860, #1861, #1862 );
#1278 = SURFACE_SIDE_STYLE( '', ( #1863 ) );
#1279 = EDGE_LOOP( '', ( #1864, #1865, #1866, #1867, #1868 ) );
#1280 = AXIS2_PLACEMENT_3D( '', #1869, #1870, #1871 );
#1281 = SURFACE_SIDE_STYLE( '', ( #1872 ) );
#1282 = EDGE_LOOP( '', ( #1873, #1874, #1875, #1876, #1877, #1878, #1879, #1880, #1881, #1882, #1883 ) );
#1283 = AXIS2_PLACEMENT_3D( '', #1884, #1885, #1886 );
#1284 = SURFACE_SIDE_STYLE( '', ( #1887 ) );
#1285 = EDGE_LOOP( '', ( #1888, #1889, #1890, #1891 ) );
#1286 = AXIS2_PLACEMENT_3D( '', #1892, #1893, #1894 );
#1287 = SURFACE_SIDE_STYLE( '', ( #1895 ) );
#1288 = EDGE_LOOP( '', ( #1896, #1897, #1898, #1899 ) );
#1289 = AXIS2_PLACEMENT_3D( '', #1900, #1901, #1902 );
#1290 = SURFACE_SIDE_STYLE( '', ( #1903 ) );
#1291 = EDGE_LOOP( '', ( #1904 ) );
#1292 = EDGE_LOOP( '', ( #1905 ) );
#1293 = AXIS2_PLACEMENT_3D( '', #1906, #1907, #1908 );
#1294 = SURFACE_SIDE_STYLE( '', ( #1909 ) );
#1295 = EDGE_LOOP( '', ( #1910, #1911, #1912, #1913 ) );
#1296 = AXIS2_PLACEMENT_3D( '', #1914, #1915, #1916 );
#1297 = SURFACE_SIDE_STYLE( '', ( #1917 ) );
#1298 = EDGE_LOOP( '', ( #1918, #1919, #1920, #1921 ) );
#1299 = AXIS2_PLACEMENT_3D( '', #1922, #1923, #1924 );
#1300 = SURFACE_SIDE_STYLE( '', ( #1925 ) );
#1301 = EDGE_LOOP( '', ( #1926, #1927, #1928, #1929 ) );
#1302 = AXIS2_PLACEMENT_3D( '', #1930, #1931, #1932 );
#1303 = SURFACE_SIDE_STYLE( '', ( #1933 ) );
#1304 = EDGE_LOOP( '', ( #1934, #1935, #1936, #1937 ) );
#1305 = AXIS2_PLACEMENT_3D( '', #1938, #1939, #1940 );
#1306 = SURFACE_SIDE_STYLE( '', ( #1941 ) );
#1307 = EDGE_LOOP( '', ( #1942, #1943, #1944, #1945, #1946, #1947, #1948, #1949, #1950, #1951 ) );
#1308 = AXIS2_PLACEMENT_3D( '', #1952, #1953, #1954 );
#1309 = SURFACE_SIDE_STYLE( '', ( #1955 ) );
#1310 = EDGE_LOOP( '', ( #1956, #1957, #1958, #1959 ) );
#1311 = AXIS2_PLACEMENT_3D( '', #1960, #1961, #1962 );
#1312 = SURFACE_SIDE_STYLE( '', ( #1963 ) );
#1313 = EDGE_LOOP( '', ( #1964, #1965, #1966, #1967 ) );
#1314 = AXIS2_PLACEMENT_3D( '', #1968, #1969, #1970 );
#1315 = SURFACE_SIDE_STYLE( '', ( #1971 ) );
#1316 = EDGE_LOOP( '', ( #1972, #1973, #1974, #1975 ) );
#1317 = AXIS2_PLACEMENT_3D( '', #1976, #1977, #1978 );
#1318 = SURFACE_SIDE_STYLE( '', ( #1979 ) );
#1319 = EDGE_LOOP( '', ( #1980, #1981, #1982, #1983 ) );
#1320 = AXIS2_PLACEMENT_3D( '', #1984, #1985, #1986 );
#1321 = SURFACE_SIDE_STYLE( '', ( #1987 ) );
#1322 = EDGE_LOOP( '', ( #1988, #1989, #1990, #1991, #1992, #1993, #1994, #1995 ) );
#1323 = AXIS2_PLACEMENT_3D( '', #1996, #1997, #1998 );
#1324 = SURFACE_SIDE_STYLE( '', ( #1999 ) );
#1325 = EDGE_LOOP( '', ( #2000, #2001, #2002, #2003 ) );
#1326 = AXIS2_PLACEMENT_3D( '', #2004, #2005, #2006 );
#1327 = SURFACE_SIDE_STYLE( '', ( #2007 ) );
#1328 = EDGE_LOOP( '', ( #2008, #2009, #2010, #2011 ) );
#1329 = AXIS2_PLACEMENT_3D( '', #2012, #2013, #2014 );
#1330 = SURFACE_SIDE_STYLE( '', ( #2015 ) );
#1331 = EDGE_LOOP( '', ( #2016 ) );
#1332 = EDGE_LOOP( '', ( #2017 ) );
#1333 = AXIS2_PLACEMENT_3D( '', #2018, #2019, #2020 );
#1334 = SURFACE_SIDE_STYLE( '', ( #2021 ) );
#1335 = EDGE_LOOP( '', ( #2022, #2023, #2024, #2025 ) );
#1336 = AXIS2_PLACEMENT_3D( '', #2026, #2027, #2028 );
#1337 = SURFACE_SIDE_STYLE( '', ( #2029 ) );
#1338 = EDGE_LOOP( '', ( #2030, #2031, #2032, #2033, #2034, #2035, #2036 ) );
#1339 = AXIS2_PLACEMENT_3D( '', #2037, #2038, #2039 );
#1340 = SURFACE_SIDE_STYLE( '', ( #2040 ) );
#1341 = EDGE_LOOP( '', ( #2041, #2042, #2043, #2044, #2045, #2046, #2047 ) );
#1342 = AXIS2_PLACEMENT_3D( '', #2048, #2049, #2050 );
#1343 = SURFACE_SIDE_STYLE( '', ( #2051 ) );
#1344 = EDGE_LOOP( '', ( #2052, #2053, #2054, #2055, #2056, #2057, #2058 ) );
#1345 = AXIS2_PLACEMENT_3D( '', #2059, #2060, #2061 );
#1346 = SURFACE_SIDE_STYLE( '', ( #2062 ) );
#1347 = EDGE_LOOP( '', ( #2063, #2064, #2065, #2066 ) );
#1348 = AXIS2_PLACEMENT_3D( '', #2067, #2068, #2069 );
#1349 = SURFACE_SIDE_STYLE( '', ( #2070 ) );
#1350 = EDGE_LOOP( '', ( #2071, #2072, #2073, #2074 ) );
#1351 = AXIS2_PLACEMENT_3D( '', #2075, #2076, #2077 );
#1352 = SURFACE_SIDE_STYLE( '', ( #2078 ) );
#1353 = EDGE_LOOP( '', ( #2079, #2080, #2081, #2082 ) );
#1354 = AXIS2_PLACEMENT_3D( '', #2083, #2084, #2085 );
#1355 = SURFACE_SIDE_STYLE( '', ( #2086 ) );
#1356 = EDGE_LOOP( '', ( #2087, #2088, #2089, #2090, #2091, #2092, #2093, #2094 ) );
#1357 = AXIS2_PLACEMENT_3D( '', #2095, #2096, #2097 );
#1358 = SURFACE_SIDE_STYLE( '', ( #2098 ) );
#1359 = EDGE_LOOP( '', ( #2099 ) );
#1360 = EDGE_LOOP( '', ( #2100, #2101, #2102, #2103, #2104, #2105 ) );
#1361 = AXIS2_PLACEMENT_3D( '', #2106, #2107, #2108 );
#1362 = SURFACE_SIDE_STYLE( '', ( #2109 ) );
#1363 = EDGE_LOOP( '', ( #2110, #2111, #2112, #2113, #2114, #2115, #2116, #2117, #2118, #2119, #2120 ) );
#1364 = AXIS2_PLACEMENT_3D( '', #2121, #2122, #2123 );
#1365 = SURFACE_SIDE_STYLE( '', ( #2124 ) );
#1366 = EDGE_LOOP( '', ( #2125, #2126, #2127, #2128 ) );
#1367 = AXIS2_PLACEMENT_3D( '', #2129, #2130, #2131 );
#1368 = SURFACE_SIDE_STYLE( '', ( #2132 ) );
#1369 = EDGE_LOOP( '', ( #2133, #2134, #2135, #2136, #2137, #2138 ) );
#1370 = AXIS2_PLACEMENT_3D( '', #2139, #2140, #2141 );
#1371 = SURFACE_SIDE_STYLE( '', ( #2142 ) );
#1372 = EDGE_LOOP( '', ( #2143, #2144, #2145, #2146, #2147, #2148, #2149, #2150 ) );
#1373 = AXIS2_PLACEMENT_3D( '', #2151, #2152, #2153 );
#1374 = SURFACE_SIDE_STYLE( '', ( #2154 ) );
#1375 = EDGE_LOOP( '', ( #2155, #2156, #2157, #2158 ) );
#1376 = AXIS2_PLACEMENT_3D( '', #2159, #2160, #2161 );
#1377 = SURFACE_SIDE_STYLE( '', ( #2162 ) );
#1378 = EDGE_LOOP( '', ( #2163, #2164, #2165, #2166 ) );
#1379 = AXIS2_PLACEMENT_3D( '', #2167, #2168, #2169 );
#1380 = SURFACE_SIDE_STYLE( '', ( #2170 ) );
#1381 = EDGE_LOOP( '', ( #2171, #2172, #2173, #2174 ) );
#1382 = AXIS2_PLACEMENT_3D( '', #2175, #2176, #2177 );
#1383 = SURFACE_SIDE_STYLE( '', ( #2178 ) );
#1384 = EDGE_LOOP( '', ( #2179, #2180, #2181, #2182 ) );
#1385 = AXIS2_PLACEMENT_3D( '', #2183, #2184, #2185 );
#1386 = SURFACE_SIDE_STYLE( '', ( #2186 ) );
#1387 = EDGE_LOOP( '', ( #2187, #2188, #2189, #2190 ) );
#1388 = AXIS2_PLACEMENT_3D( '', #2191, #2192, #2193 );
#1389 = SURFACE_SIDE_STYLE( '', ( #2194 ) );
#1390 = EDGE_LOOP( '', ( #2195, #2196, #2197, #2198, #2199, #2200, #2201, #2202, #2203, #2204, #2205, #2206, #2207, #2208, #2209, #2210, #2211, #2212 ) );
#1391 = AXIS2_PLACEMENT_3D( '', #2213, #2214, #2215 );
#1392 = SURFACE_SIDE_STYLE( '', ( #2216 ) );
#1393 = EDGE_LOOP( '', ( #2217, #2218, #2219, #2220, #2221, #2222, #2223 ) );
#1394 = AXIS2_PLACEMENT_3D( '', #2224, #2225, #2226 );
#1395 = SURFACE_SIDE_STYLE( '', ( #2227 ) );
#1396 = EDGE_LOOP( '', ( #2228, #2229, #2230 ) );
#1397 = AXIS2_PLACEMENT_3D( '', #2231, #2232, #2233 );
#1398 = SURFACE_SIDE_STYLE( '', ( #2234 ) );
#1399 = EDGE_LOOP( '', ( #2235, #2236, #2237, #2238, #2239, #2240, #2241 ) );
#1400 = AXIS2_PLACEMENT_3D( '', #2242, #2243, #2244 );
#1401 = SURFACE_SIDE_STYLE( '', ( #2245 ) );
#1402 = EDGE_LOOP( '', ( #2246, #2247, #2248, #2249 ) );
#1403 = AXIS2_PLACEMENT_3D( '', #2250, #2251, #2252 );
#1404 = SURFACE_SIDE_STYLE( '', ( #2253 ) );
#1405 = EDGE_LOOP( '', ( #2254, #2255, #2256, #2257 ) );
#1406 = AXIS2_PLACEMENT_3D( '', #2258, #2259, #2260 );
#1407 = SURFACE_SIDE_STYLE( '', ( #2261 ) );
#1408 = EDGE_LOOP( '', ( #2262, #2263, #2264, #2265, #2266, #2267, #2268 ) );
#1409 = AXIS2_PLACEMENT_3D( '', #2269, #2270, #2271 );
#1410 = SURFACE_SIDE_STYLE( '', ( #2272 ) );
#1411 = EDGE_LOOP( '', ( #2273, #2274, #2275, #2276 ) );
#1412 = AXIS2_PLACEMENT_3D( '', #2277, #2278, #2279 );
#1413 = SURFACE_SIDE_STYLE( '', ( #2280 ) );
#1414 = EDGE_LOOP( '', ( #2281, #2282, #2283, #2284 ) );
#1415 = AXIS2_PLACEMENT_3D( '', #2285, #2286, #2287 );
#1416 = SURFACE_SIDE_STYLE( '', ( #2288 ) );
#1417 = EDGE_LOOP( '', ( #2289, #2290, #2291, #2292 ) );
#1418 = AXIS2_PLACEMENT_3D( '', #2293, #2294, #2295 );
#1419 = SURFACE_SIDE_STYLE( '', ( #2296 ) );
#1420 = EDGE_LOOP( '', ( #2297, #2298, #2299, #2300 ) );
#1421 = AXIS2_PLACEMENT_3D( '', #2301, #2302, #2303 );
#1422 = SURFACE_SIDE_STYLE( '', ( #2304 ) );
#1423 = EDGE_LOOP( '', ( #2305, #2306, #2307, #2308 ) );
#1424 = AXIS2_PLACEMENT_3D( '', #2309, #2310, #2311 );
#1425 = SURFACE_SIDE_STYLE( '', ( #2312 ) );
#1426 = EDGE_LOOP( '', ( #2313 ) );
#1427 = AXIS2_PLACEMENT_3D( '', #2314, #2315, #2316 );
#1428 = SURFACE_SIDE_STYLE( '', ( #2317 ) );
#1429 = EDGE_LOOP( '', ( #2318, #2319, #2320, #2321 ) );
#1430 = AXIS2_PLACEMENT_3D( '', #2322, #2323, #2324 );
#1431 = SURFACE_SIDE_STYLE( '', ( #2325 ) );
#1432 = EDGE_LOOP( '', ( #2326, #2327, #2328, #2329, #2330, #2331, #2332 ) );
#1433 = AXIS2_PLACEMENT_3D( '', #2333, #2334, #2335 );
#1434 = SURFACE_SIDE_STYLE( '', ( #2336 ) );
#1435 = EDGE_LOOP( '', ( #2337, #2338, #2339, #2340 ) );
#1436 = AXIS2_PLACEMENT_3D( '', #2341, #2342, #2343 );
#1437 = SURFACE_SIDE_STYLE( '', ( #2344 ) );
#1438 = EDGE_LOOP( '', ( #2345, #2346, #2347, #2348 ) );
#1439 = AXIS2_PLACEMENT_3D( '', #2349, #2350, #2351 );
#1440 = SURFACE_SIDE_STYLE( '', ( #2352 ) );
#1441 = EDGE_LOOP( '', ( #2353, #2354, #2355, #2356 ) );
#1442 = AXIS2_PLACEMENT_3D( '', #2357, #2358, #2359 );
#1443 = SURFACE_SIDE_STYLE( '', ( #2360 ) );
#1444 = EDGE_LOOP( '', ( #2361, #2362, #2363, #2364 ) );
#1445 = AXIS2_PLACEMENT_3D( '', #2365, #2366, #2367 );
#1446 = SURFACE_SIDE_STYLE( '', ( #2368 ) );
#1447 = EDGE_LOOP( '', ( #2369 ) );
#1448 = EDGE_LOOP( '', ( #2370 ) );
#1449 = EDGE_LOOP( '', ( #2371, #2372, #2373, #2374, #2375, #2376, #2377, #2378, #2379, #2380, #2381, #2382, #2383, #2384, #2385, #2386, #2387, #2388, #2389, #2390, #2391, #2392, #2393, #2394, #2395, #2396, #2397, #2398, #2399, #2400, #2401, #2402 ) );
#1450 = AXIS2_PLACEMENT_3D( '', #2403, #2404, #2405 );
#1451 = SURFACE_SIDE_STYLE( '', ( #2406 ) );
#1452 = EDGE_LOOP( '', ( #2407, #2408, #2409, #2410, #2411, #2412 ) );
#1453 = AXIS2_PLACEMENT_3D( '', #2413, #2414, #2415 );
#1454 = SURFACE_SIDE_STYLE( '', ( #2416 ) );
#1455 = EDGE_LOOP( '', ( #2417, #2418, #2419, #2420 ) );
#1456 = AXIS2_PLACEMENT_3D( '', #2421, #2422, #2423 );
#1457 = SURFACE_SIDE_STYLE( '', ( #2424 ) );
#1458 = EDGE_LOOP( '', ( #2425, #2426, #2427, #2428 ) );
#1459 = AXIS2_PLACEMENT_3D( '', #2429, #2430, #2431 );
#1460 = SURFACE_SIDE_STYLE( '', ( #2432 ) );
#1461 = EDGE_LOOP( '', ( #2433, #2434, #2435, #2436 ) );
#1462 = AXIS2_PLACEMENT_3D( '', #2437, #2438, #2439 );
#1463 = SURFACE_SIDE_STYLE( '', ( #2440 ) );
#1464 = EDGE_LOOP( '', ( #2441, #2442, #2443, #2444, #2445, #2446 ) );
#1465 = AXIS2_PLACEMENT_3D( '', #2447, #2448, #2449 );
#1466 = SURFACE_SIDE_STYLE( '', ( #2450 ) );
#1467 = EDGE_LOOP( '', ( #2451, #2452, #2453, #2454, #2455, #2456 ) );
#1468 = AXIS2_PLACEMENT_3D( '', #2457, #2458, #2459 );
#1469 = SURFACE_SIDE_STYLE( '', ( #2460 ) );
#1470 = EDGE_LOOP( '', ( #2461, #2462, #2463, #2464, #2465, #2466, #2467, #2468, #2469 ) );
#1471 = AXIS2_PLACEMENT_3D( '', #2470, #2471, #2472 );
#1472 = SURFACE_SIDE_STYLE( '', ( #2473 ) );
#1473 = EDGE_LOOP( '', ( #2474, #2475, #2476, #2477 ) );
#1474 = AXIS2_PLACEMENT_3D( '', #2478, #2479, #2480 );
#1475 = SURFACE_SIDE_STYLE( '', ( #2481 ) );
#1476 = EDGE_LOOP( '', ( #2482, #2483, #2484, #2485 ) );
#1477 = AXIS2_PLACEMENT_3D( '', #2486, #2487, #2488 );
#1478 = SURFACE_SIDE_STYLE( '', ( #2489 ) );
#1479 = EDGE_LOOP( '', ( #2490, #2491, #2492, #2493 ) );
#1480 = AXIS2_PLACEMENT_3D( '', #2494, #2495, #2496 );
#1481 = SURFACE_SIDE_STYLE( '', ( #2497 ) );
#1482 = EDGE_LOOP( '', ( #2498 ) );
#1483 = EDGE_LOOP( '', ( #2499 ) );
#1484 = AXIS2_PLACEMENT_3D( '', #2500, #2501, #2502 );
#1485 = SURFACE_SIDE_STYLE( '', ( #2503 ) );
#1486 = EDGE_LOOP( '', ( #2504, #2505, #2506, #2507 ) );
#1487 = AXIS2_PLACEMENT_3D( '', #2508, #2509, #2510 );
#1488 = SURFACE_SIDE_STYLE( '', ( #2511 ) );
#1489 = EDGE_LOOP( '', ( #2512, #2513, #2514, #2515 ) );
#1490 = AXIS2_PLACEMENT_3D( '', #2516, #2517, #2518 );
#1491 = SURFACE_SIDE_STYLE( '', ( #2519 ) );
#1492 = EDGE_LOOP( '', ( #2520, #2521, #2522, #2523 ) );
#1493 = AXIS2_PLACEMENT_3D( '', #2524, #2525, #2526 );
#1494 = SURFACE_SIDE_STYLE( '', ( #2527 ) );
#1495 = EDGE_LOOP( '', ( #2528, #2529, #2530, #2531 ) );
#1496 = AXIS2_PLACEMENT_3D( '', #2532, #2533, #2534 );
#1497 = SURFACE_SIDE_STYLE( '', ( #2535 ) );
#1498 = EDGE_LOOP( '', ( #2536, #2537, #2538, #2539, #2540, #2541, #2542, #2543, #2544, #2545, #2546, #2547 ) );
#1499 = AXIS2_PLACEMENT_3D( '', #2548, #2549, #2550 );
#1500 = SURFACE_SIDE_STYLE( '', ( #2551 ) );
#1501 = EDGE_LOOP( '', ( #2552, #2553, #2554, #2555 ) );
#1502 = AXIS2_PLACEMENT_3D( '', #2556, #2557, #2558 );
#1503 = SURFACE_SIDE_STYLE( '', ( #2559 ) );
#1504 = EDGE_LOOP( '', ( #2560, #2561, #2562, #2563, #2564 ) );
#1505 = AXIS2_PLACEMENT_3D( '', #2565, #2566, #2567 );
#1506 = SURFACE_SIDE_STYLE( '', ( #2568 ) );
#1507 = EDGE_LOOP( '', ( #2569, #2570, #2571, #2572, #2573, #2574, #2575 ) );
#1508 = AXIS2_PLACEMENT_3D( '', #2576, #2577, #2578 );
#1509 = SURFACE_SIDE_STYLE( '', ( #2579 ) );
#1510 = EDGE_LOOP( '', ( #2580, #2581, #2582, #2583 ) );
#1511 = AXIS2_PLACEMENT_3D( '', #2584, #2585, #2586 );
#1512 = SURFACE_SIDE_STYLE( '', ( #2587 ) );
#1513 = EDGE_LOOP( '', ( #2588, #2589, #2590, #2591, #2592, #2593 ) );
#1514 = AXIS2_PLACEMENT_3D( '', #2594, #2595, #2596 );
#1515 = SURFACE_SIDE_STYLE( '', ( #2597 ) );
#1516 = EDGE_LOOP( '', ( #2598, #2599, #2600, #2601 ) );
#1517 = AXIS2_PLACEMENT_3D( '', #2602, #2603, #2604 );
#1518 = SURFACE_SIDE_STYLE( '', ( #2605 ) );
#1519 = EDGE_LOOP( '', ( #2606, #2607, #2608, #2609, #2610 ) );
#1520 = AXIS2_PLACEMENT_3D( '', #2611, #2612, #2613 );
#1521 = SURFACE_SIDE_STYLE( '', ( #2614 ) );
#1522 = EDGE_LOOP( '', ( #2615, #2616, #2617, #2618, #2619, #2620 ) );
#1523 = AXIS2_PLACEMENT_3D( '', #2621, #2622, #2623 );
#1524 = SURFACE_SIDE_STYLE( '', ( #2624 ) );
#1525 = EDGE_LOOP( '', ( #2625, #2626, #2627, #2628 ) );
#1526 = AXIS2_PLACEMENT_3D( '', #2629, #2630, #2631 );
#1527 = SURFACE_SIDE_STYLE( '', ( #2632 ) );
#1528 = EDGE_LOOP( '', ( #2633, #2634, #2635, #2636 ) );
#1529 = AXIS2_PLACEMENT_3D( '', #2637, #2638, #2639 );
#1530 = SURFACE_SIDE_STYLE( '', ( #2640 ) );
#1531 = EDGE_LOOP( '', ( #2641, #2642, #2643, #2644, #2645 ) );
#1532 = AXIS2_PLACEMENT_3D( '', #2646, #2647, #2648 );
#1533 = SURFACE_SIDE_STYLE( '', ( #2649 ) );
#1534 = EDGE_LOOP( '', ( #2650, #2651, #2652, #2653 ) );
#1535 = AXIS2_PLACEMENT_3D( '', #2654, #2655, #2656 );
#1536 = SURFACE_SIDE_STYLE( '', ( #2657 ) );
#1537 = EDGE_LOOP( '', ( #2658 ) );
#1538 = EDGE_LOOP( '', ( #2659 ) );
#1539 = AXIS2_PLACEMENT_3D( '', #2660, #2661, #2662 );
#1540 = SURFACE_SIDE_STYLE( '', ( #2663 ) );
#1541 = EDGE_LOOP( '', ( #2664 ) );
#1542 = EDGE_LOOP( '', ( #2665 ) );
#1543 = AXIS2_PLACEMENT_3D( '', #2666, #2667, #2668 );
#1544 = SURFACE_SIDE_STYLE( '', ( #2669 ) );
#1545 = EDGE_LOOP( '', ( #2670, #2671, #2672, #2673 ) );
#1546 = AXIS2_PLACEMENT_3D( '', #2674, #2675, #2676 );
#1547 = SURFACE_SIDE_STYLE( '', ( #2677 ) );
#1548 = EDGE_LOOP( '', ( #2678, #2679, #2680, #2681 ) );
#1549 = AXIS2_PLACEMENT_3D( '', #2682, #2683, #2684 );
#1550 = SURFACE_SIDE_STYLE( '', ( #2685 ) );
#1551 = EDGE_LOOP( '', ( #2686, #2687, #2688, #2689 ) );
#1552 = AXIS2_PLACEMENT_3D( '', #2690, #2691, #2692 );
#1553 = SURFACE_SIDE_STYLE( '', ( #2693 ) );
#1554 = EDGE_LOOP( '', ( #2694, #2695, #2696, #2697 ) );
#1555 = AXIS2_PLACEMENT_3D( '', #2698, #2699, #2700 );
#1556 = SURFACE_SIDE_STYLE( '', ( #2701 ) );
#1557 = EDGE_LOOP( '', ( #2702, #2703, #2704, #2705 ) );
#1558 = AXIS2_PLACEMENT_3D( '', #2706, #2707, #2708 );
#1559 = SURFACE_SIDE_STYLE( '', ( #2709 ) );
#1560 = EDGE_LOOP( '', ( #2710, #2711, #2712, #2713, #2714 ) );
#1561 = AXIS2_PLACEMENT_3D( '', #2715, #2716, #2717 );
#1562 = SURFACE_SIDE_STYLE( '', ( #2718 ) );
#1563 = EDGE_LOOP( '', ( #2719 ) );
#1564 = EDGE_LOOP( '', ( #2720 ) );
#1565 = AXIS2_PLACEMENT_3D( '', #2721, #2722, #2723 );
#1566 = SURFACE_SIDE_STYLE( '', ( #2724 ) );
#1567 = EDGE_LOOP( '', ( #2725, #2726, #2727, #2728 ) );
#1568 = AXIS2_PLACEMENT_3D( '', #2729, #2730, #2731 );
#1569 = SURFACE_SIDE_STYLE( '', ( #2732 ) );
#1570 = EDGE_LOOP( '', ( #2733, #2734, #2735, #2736 ) );
#1571 = AXIS2_PLACEMENT_3D( '', #2737, #2738, #2739 );
#1572 = SURFACE_SIDE_STYLE( '', ( #2740 ) );
#1573 = EDGE_LOOP( '', ( #2741, #2742, #2743, #2744, #2745, #2746 ) );
#1574 = AXIS2_PLACEMENT_3D( '', #2747, #2748, #2749 );
#1575 = SURFACE_SIDE_STYLE( '', ( #2750 ) );
#1576 = EDGE_LOOP( '', ( #2751, #2752, #2753, #2754 ) );
#1577 = AXIS2_PLACEMENT_3D( '', #2755, #2756, #2757 );
#1578 = SURFACE_SIDE_STYLE( '', ( #2758 ) );
#1579 = EDGE_LOOP( '', ( #2759, #2760, #2761, #2762 ) );
#1580 = AXIS2_PLACEMENT_3D( '', #2763, #2764, #2765 );
#1581 = SURFACE_SIDE_STYLE( '', ( #2766 ) );
#1582 = EDGE_LOOP( '', ( #2767, #2768, #2769, #2770 ) );
#1583 = AXIS2_PLACEMENT_3D( '', #2771, #2772, #2773 );
#1584 = SURFACE_SIDE_STYLE( '', ( #2774 ) );
#1585 = EDGE_LOOP( '', ( #2775, #2776, #2777, #2778 ) );
#1586 = AXIS2_PLACEMENT_3D( '', #2779, #2780, #2781 );
#1587 = SURFACE_SIDE_STYLE( '', ( #2782 ) );
#1588 = EDGE_LOOP( '', ( #2783, #2784, #2785, #2786 ) );
#1589 = AXIS2_PLACEMENT_3D( '', #2787, #2788, #2789 );
#1590 = SURFACE_SIDE_STYLE( '', ( #2790 ) );
#1591 = EDGE_LOOP( '', ( #2791, #2792, #2793, #2794 ) );
#1592 = AXIS2_PLACEMENT_3D( '', #2795, #2796, #2797 );
#1593 = SURFACE_SIDE_STYLE( '', ( #2798 ) );
#1594 = EDGE_LOOP( '', ( #2799, #2800, #2801, #2802 ) );
#1595 = AXIS2_PLACEMENT_3D( '', #2803, #2804, #2805 );
#1596 = SURFACE_SIDE_STYLE( '', ( #2806 ) );
#1597 = EDGE_LOOP( '', ( #2807, #2808, #2809, #2810 ) );
#1598 = AXIS2_PLACEMENT_3D( '', #2811, #2812, #2813 );
#1599 = SURFACE_SIDE_STYLE( '', ( #2814 ) );
#1600 = EDGE_LOOP( '', ( #2815 ) );
#1601 = EDGE_LOOP( '', ( #2816 ) );
#1602 = AXIS2_PLACEMENT_3D( '', #2817, #2818, #2819 );
#1603 = SURFACE_SIDE_STYLE( '', ( #2820 ) );
#1604 = EDGE_LOOP( '', ( #2821, #2822, #2823, #2824, #2825, #2826, #2827, #2828 ) );
#1605 = AXIS2_PLACEMENT_3D( '', #2829, #2830, #2831 );
#1606 = SURFACE_SIDE_STYLE( '', ( #2832 ) );
#1607 = EDGE_LOOP( '', ( #2833, #2834, #2835, #2836 ) );
#1608 = AXIS2_PLACEMENT_3D( '', #2837, #2838, #2839 );
#1609 = SURFACE_SIDE_STYLE( '', ( #2840 ) );
#1610 = EDGE_LOOP( '', ( #2841, #2842, #2843, #2844 ) );
#1611 = AXIS2_PLACEMENT_3D( '', #2845, #2846, #2847 );
#1612 = SURFACE_SIDE_STYLE( '', ( #2848 ) );
#1613 = EDGE_LOOP( '', ( #2849, #2850, #2851, #2852 ) );
#1614 = AXIS2_PLACEMENT_3D( '', #2853, #2854, #2855 );
#1615 = SURFACE_SIDE_STYLE( '', ( #2856 ) );
#1616 = EDGE_LOOP( '', ( #2857, #2858, #2859, #2860 ) );
#1617 = AXIS2_PLACEMENT_3D( '', #2861, #2862, #2863 );
#1618 = SURFACE_SIDE_STYLE( '', ( #2864 ) );
#1619 = EDGE_LOOP( '', ( #2865, #2866, #2867, #2868, #2869, #2870, #2871 ) );
#1620 = AXIS2_PLACEMENT_3D( '', #2872, #2873, #2874 );
#1621 = SURFACE_SIDE_STYLE( '', ( #2875 ) );
#1622 = EDGE_LOOP( '', ( #2876, #2877, #2878, #2879 ) );
#1623 = AXIS2_PLACEMENT_3D( '', #2880, #2881, #2882 );
#1624 = SURFACE_SIDE_STYLE( '', ( #2883 ) );
#1625 = EDGE_LOOP( '', ( #2884, #2885, #2886, #2887, #2888 ) );
#1626 = AXIS2_PLACEMENT_3D( '', #2889, #2890, #2891 );
#1627 = SURFACE_SIDE_STYLE( '', ( #2892 ) );
#1628 = EDGE_LOOP( '', ( #2893, #2894, #2895, #2896 ) );
#1629 = AXIS2_PLACEMENT_3D( '', #2897, #2898, #2899 );
#1630 = SURFACE_SIDE_STYLE( '', ( #2900 ) );
#1631 = EDGE_LOOP( '', ( #2901, #2902, #2903, #2904, #2905, #2906, #2907, #2908, #2909, #2910, #2911, #2912, #2913, #2914, #2915, #2916, #2917, #2918 ) );
#1632 = AXIS2_PLACEMENT_3D( '', #2919, #2920, #2921 );
#1633 = SURFACE_SIDE_STYLE( '', ( #2922 ) );
#1634 = EDGE_LOOP( '', ( #2923, #2924, #2925, #2926, #2927, #2928, #2929, #2930, #2931, #2932, #2933, #2934 ) );
#1635 = AXIS2_PLACEMENT_3D( '', #2935, #2936, #2937 );
#1636 = SURFACE_SIDE_STYLE( '', ( #2938 ) );
#1637 = EDGE_LOOP( '', ( #2939, #2940, #2941, #2942 ) );
#1638 = AXIS2_PLACEMENT_3D( '', #2943, #2944, #2945 );
#1639 = SURFACE_SIDE_STYLE( '', ( #2946 ) );
#1640 = EDGE_LOOP( '', ( #2947, #2948, #2949, #2950 ) );
#1641 = AXIS2_PLACEMENT_3D( '', #2951, #2952, #2953 );
#1642 = SURFACE_SIDE_STYLE( '', ( #2954 ) );
#1643 = EDGE_LOOP( '', ( #2955, #2956, #2957, #2958, #2959, #2960, #2961 ) );
#1644 = AXIS2_PLACEMENT_3D( '', #2962, #2963, #2964 );
#1645 = SURFACE_SIDE_STYLE( '', ( #2965 ) );
#1646 = EDGE_LOOP( '', ( #2966, #2967, #2968, #2969, #2970 ) );
#1647 = AXIS2_PLACEMENT_3D( '', #2971, #2972, #2973 );
#1648 = SURFACE_SIDE_STYLE( '', ( #2974 ) );
#1649 = EDGE_LOOP( '', ( #2975, #2976, #2977, #2978 ) );
#1650 = AXIS2_PLACEMENT_3D( '', #2979, #2980, #2981 );
#1651 = SURFACE_SIDE_STYLE( '', ( #2982 ) );
#1652 = EDGE_LOOP( '', ( #2983, #2984, #2985, #2986 ) );
#1653 = AXIS2_PLACEMENT_3D( '', #2987, #2988, #2989 );
#1654 = SURFACE_SIDE_STYLE( '', ( #2990 ) );
#1655 = EDGE_LOOP( '', ( #2991, #2992, #2993, #2994 ) );
#1656 = AXIS2_PLACEMENT_3D( '', #2995, #2996, #2997 );
#1657 = SURFACE_SIDE_STYLE( '', ( #2998 ) );
#1658 = EDGE_LOOP( '', ( #2999 ) );
#1659 = AXIS2_PLACEMENT_3D( '', #3000, #3001, #3002 );
#1660 = SURFACE_SIDE_STYLE( '', ( #3003 ) );
#1661 = EDGE_LOOP( '', ( #3004, #3005, #3006, #3007 ) );
#1662 = AXIS2_PLACEMENT_3D( '', #3008, #3009, #3010 );
#1663 = SURFACE_SIDE_STYLE( '', ( #3011 ) );
#1664 = EDGE_LOOP( '', ( #3012, #3013, #3014, #3015 ) );
#1665 = AXIS2_PLACEMENT_3D( '', #3016, #3017, #3018 );
#1666 = SURFACE_SIDE_STYLE( '', ( #3019 ) );
#1667 = EDGE_LOOP( '', ( #3020, #3021, #3022, #3023 ) );
#1668 = AXIS2_PLACEMENT_3D( '', #3024, #3025, #3026 );
#1669 = SURFACE_SIDE_STYLE( '', ( #3027 ) );
#1670 = EDGE_LOOP( '', ( #3028 ) );
#1671 = EDGE_LOOP( '', ( #3029, #3030, #3031, #3032, #3033, #3034 ) );
#1672 = AXIS2_PLACEMENT_3D( '', #3035, #3036, #3037 );
#1673 = SURFACE_SIDE_STYLE( '', ( #3038 ) );
#1674 = EDGE_LOOP( '', ( #3039, #3040, #3041, #3042 ) );
#1675 = AXIS2_PLACEMENT_3D( '', #3043, #3044, #3045 );
#1676 = SURFACE_SIDE_STYLE( '', ( #3046 ) );
#1677 = EDGE_LOOP( '', ( #3047, #3048, #3049, #3050 ) );
#1678 = AXIS2_PLACEMENT_3D( '', #3051, #3052, #3053 );
#1679 = SURFACE_SIDE_STYLE( '', ( #3054 ) );
#1680 = EDGE_LOOP( '', ( #3055, #3056, #3057, #3058, #3059, #3060, #3061, #3062, #3063, #3064, #3065, #3066 ) );
#1681 = AXIS2_PLACEMENT_3D( '', #3067, #3068, #3069 );
#1682 = SURFACE_SIDE_STYLE( '', ( #3070 ) );
#1683 = EDGE_LOOP( '', ( #3071, #3072, #3073, #3074 ) );
#1684 = AXIS2_PLACEMENT_3D( '', #3075, #3076, #3077 );
#1685 = SURFACE_SIDE_STYLE( '', ( #3078 ) );
#1686 = EDGE_LOOP( '', ( #3079, #3080, #3081, #3082, #3083, #3084 ) );
#1687 = AXIS2_PLACEMENT_3D( '', #3085, #3086, #3087 );
#1688 = SURFACE_SIDE_STYLE( '', ( #3088 ) );
#1689 = EDGE_LOOP( '', ( #3089, #3090, #3091, #3092, #3093, #3094, #3095, #3096, #3097, #3098, #3099 ) );
#1690 = AXIS2_PLACEMENT_3D( '', #3100, #3101, #3102 );
#1691 = SURFACE_SIDE_STYLE( '', ( #3103 ) );
#1692 = EDGE_LOOP( '', ( #3104, #3105, #3106, #3107, #3108, #3109 ) );
#1693 = AXIS2_PLACEMENT_3D( '', #3110, #3111, #3112 );
#1694 = SURFACE_SIDE_STYLE( '', ( #3113 ) );
#1695 = EDGE_LOOP( '', ( #3114, #3115, #3116 ) );
#1696 = AXIS2_PLACEMENT_3D( '', #3117, #3118, #3119 );
#1697 = SURFACE_SIDE_STYLE( '', ( #3120 ) );
#1698 = EDGE_LOOP( '', ( #3121, #3122, #3123, #3124 ) );
#1699 = AXIS2_PLACEMENT_3D( '', #3125, #3126, #3127 );
#1700 = SURFACE_SIDE_STYLE( '', ( #3128 ) );
#1701 = EDGE_LOOP( '', ( #3129, #3130, #3131, #3132 ) );
#1702 = AXIS2_PLACEMENT_3D( '', #3133, #3134, #3135 );
#1703 = SURFACE_SIDE_STYLE( '', ( #3136 ) );
#1704 = EDGE_LOOP( '', ( #3137, #3138, #3139, #3140 ) );
#1705 = AXIS2_PLACEMENT_3D( '', #3141, #3142, #3143 );
#1706 = SURFACE_SIDE_STYLE( '', ( #3144 ) );
#1707 = EDGE_LOOP( '', ( #3145, #3146, #3147, #3148 ) );
#1708 = AXIS2_PLACEMENT_3D( '', #3149, #3150, #3151 );
#1709 = SURFACE_SIDE_STYLE( '', ( #3152 ) );
#1710 = EDGE_LOOP( '', ( #3153, #3154, #3155, #3156 ) );
#1711 = AXIS2_PLACEMENT_3D( '', #3157, #3158, #3159 );
#1712 = SURFACE_SIDE_STYLE( '', ( #3160 ) );
#1713 = EDGE_LOOP( '', ( #3161, #3162, #3163, #3164 ) );
#1714 = AXIS2_PLACEMENT_3D( '', #3165, #3166, #3167 );
#1715 = SURFACE_SIDE_STYLE( '', ( #3168 ) );
#1716 = EDGE_LOOP( '', ( #3169, #3170, #3171, #3172, #3173, #3174 ) );
#1717 = AXIS2_PLACEMENT_3D( '', #3175, #3176, #3177 );
#1718 = SURFACE_SIDE_STYLE( '', ( #3178 ) );
#1719 = EDGE_LOOP( '', ( #3179, #3180, #3181, #3182 ) );
#1720 = AXIS2_PLACEMENT_3D( '', #3183, #3184, #3185 );
#1721 = SURFACE_SIDE_STYLE( '', ( #3186 ) );
#1722 = EDGE_LOOP( '', ( #3187, #3188, #3189, #3190 ) );
#1723 = AXIS2_PLACEMENT_3D( '', #3191, #3192, #3193 );
#1724 = SURFACE_SIDE_STYLE( '', ( #3194 ) );
#1725 = EDGE_LOOP( '', ( #3195, #3196, #3197, #3198, #3199, #3200, #3201, #3202, #3203, #3204, #3205 ) );
#1726 = AXIS2_PLACEMENT_3D( '', #3206, #3207, #3208 );
#1727 = SURFACE_SIDE_STYLE( '', ( #3209 ) );
#1728 = EDGE_LOOP( '', ( #3210, #3211, #3212, #3213 ) );
#1729 = AXIS2_PLACEMENT_3D( '', #3214, #3215, #3216 );
#1730 = SURFACE_SIDE_STYLE( '', ( #3217 ) );
#1731 = EDGE_LOOP( '', ( #3218, #3219, #3220, #3221 ) );
#1732 = AXIS2_PLACEMENT_3D( '', #3222, #3223, #3224 );
#1733 = SURFACE_SIDE_STYLE( '', ( #3225 ) );
#1734 = EDGE_LOOP( '', ( #3226, #3227, #3228, #3229, #3230, #3231, #3232, #3233 ) );
#1735 = AXIS2_PLACEMENT_3D( '', #3234, #3235, #3236 );
#1736 = SURFACE_SIDE_STYLE( '', ( #3237 ) );
#1737 = EDGE_LOOP( '', ( #3238, #3239, #3240, #3241 ) );
#1738 = AXIS2_PLACEMENT_3D( '', #3242, #3243, #3244 );
#1739 = SURFACE_SIDE_STYLE( '', ( #3245 ) );
#1740 = EDGE_LOOP( '', ( #3246, #3247, #3248, #3249 ) );
#1741 = AXIS2_PLACEMENT_3D( '', #3250, #3251, #3252 );
#1742 = SURFACE_SIDE_STYLE( '', ( #3253 ) );
#1743 = EDGE_LOOP( '', ( #3254, #3255, #3256, #3257 ) );
#1744 = AXIS2_PLACEMENT_3D( '', #3258, #3259, #3260 );
#1745 = SURFACE_SIDE_STYLE( '', ( #3261 ) );
#1746 = EDGE_LOOP( '', ( #3262, #3263, #3264, #3265, #3266, #3267 ) );
#1747 = AXIS2_PLACEMENT_3D( '', #3268, #3269, #3270 );
#1748 = SURFACE_SIDE_STYLE( '', ( #3271 ) );
#1749 = EDGE_LOOP( '', ( #3272, #3273, #3274, #3275 ) );
#1750 = AXIS2_PLACEMENT_3D( '', #3276, #3277, #3278 );
#1751 = SURFACE_SIDE_STYLE( '', ( #3279 ) );
#1752 = EDGE_LOOP( '', ( #3280, #3281, #3282, #3283, #3284, #3285, #3286, #3287 ) );
#1753 = AXIS2_PLACEMENT_3D( '', #3288, #3289, #3290 );
#1754 = SURFACE_SIDE_STYLE( '', ( #3291 ) );
#1755 = EDGE_LOOP( '', ( #3292, #3293, #3294, #3295 ) );
#1756 = AXIS2_PLACEMENT_3D( '', #3296, #3297, #3298 );
#1757 = SURFACE_SIDE_STYLE( '', ( #3299 ) );
#1758 = EDGE_LOOP( '', ( #3300, #3301, #3302, #3303 ) );
#1759 = AXIS2_PLACEMENT_3D( '', #3304, #3305, #3306 );
#1760 = SURFACE_SIDE_STYLE( '', ( #3307 ) );
#1761 = EDGE_LOOP( '', ( #3308, #3309, #3310, #3311 ) );
#1762 = AXIS2_PLACEMENT_3D( '', #3312, #3313, #3314 );
#1763 = SURFACE_SIDE_STYLE( '', ( #3315 ) );
#1764 = EDGE_LOOP( '', ( #3316, #3317, #3318, #3319, #3320 ) );
#1765 = AXIS2_PLACEMENT_3D( '', #3321, #3322, #3323 );
#1766 = SURFACE_SIDE_STYLE( '', ( #3324 ) );
#1767 = EDGE_LOOP( '', ( #3325, #3326, #3327, #3328 ) );
#1768 = AXIS2_PLACEMENT_3D( '', #3329, #3330, #3331 );
#1769 = SURFACE_SIDE_STYLE( '', ( #3332 ) );
#1770 = EDGE_LOOP( '', ( #3333, #3334, #3335, #3336 ) );
#1771 = AXIS2_PLACEMENT_3D( '', #3337, #3338, #3339 );
#1772 = SURFACE_SIDE_STYLE( '', ( #3340 ) );
#1773 = EDGE_LOOP( '', ( #3341, #3342, #3343, #3344, #3345, #3346, #3347, #3348, #3349, #3350, #3351, #3352 ) );
#1774 = AXIS2_PLACEMENT_3D( '', #3353, #3354, #3355 );
#1775 = SURFACE_SIDE_STYLE( '', ( #3356 ) );
#1776 = EDGE_LOOP( '', ( #3357 ) );
#1777 = AXIS2_PLACEMENT_3D( '', #3358, #3359, #3360 );
#1778 = SURFACE_SIDE_STYLE( '', ( #3361 ) );
#1779 = EDGE_LOOP( '', ( #3362, #3363, #3364, #3365 ) );
#1780 = AXIS2_PLACEMENT_3D( '', #3366, #3367, #3368 );
#1781 = SURFACE_SIDE_STYLE( '', ( #3369 ) );
#1782 = EDGE_LOOP( '', ( #3370, #3371, #3372, #3373 ) );
#1783 = AXIS2_PLACEMENT_3D( '', #3374, #3375, #3376 );
#1784 = SURFACE_SIDE_STYLE( '', ( #3377 ) );
#1785 = EDGE_LOOP( '', ( #3378, #3379, #3380, #3381, #3382, #3383, #3384, #3385, #3386, #3387, #3388, #3389, #3390, #3391, #3392, #3393, #3394, #3395 ) );
#1786 = AXIS2_PLACEMENT_3D( '', #3396, #3397, #3398 );
#1787 = SURFACE_SIDE_STYLE( '', ( #3399 ) );
#1788 = EDGE_LOOP( '', ( #3400, #3401, #3402, #3403, #3404, #3405, #3406 ) );
#1789 = AXIS2_PLACEMENT_3D( '', #3407, #3408, #3409 );
#1790 = SURFACE_SIDE_STYLE( '', ( #3410 ) );
#1791 = EDGE_LOOP( '', ( #3411, #3412, #3413, #3414, #3415, #3416, #3417 ) );
#1792 = AXIS2_PLACEMENT_3D( '', #3418, #3419, #3420 );
#1793 = SURFACE_SIDE_STYLE( '', ( #3421 ) );
#1794 = EDGE_LOOP( '', ( #3422, #3423, #3424, #3425, #3426, #3427, #3428, #3429, #3430 ) );
#1795 = AXIS2_PLACEMENT_3D( '', #3431, #3432, #3433 );
#1796 = SURFACE_SIDE_STYLE( '', ( #3434 ) );
#1797 = EDGE_LOOP( '', ( #3435, #3436, #3437, #3438 ) );
#1798 = AXIS2_PLACEMENT_3D( '', #3439, #3440, #3441 );
#1799 = SURFACE_SIDE_STYLE( '', ( #3442 ) );
#1800 = EDGE_LOOP( '', ( #3443, #3444, #3445, #3446 ) );
#1801 = AXIS2_PLACEMENT_3D( '', #3447, #3448, #3449 );
#1802 = SURFACE_SIDE_STYLE( '', ( #3450 ) );
#1803 = EDGE_LOOP( '', ( #3451, #3452, #3453, #3454, #3455, #3456 ) );
#1804 = AXIS2_PLACEMENT_3D( '', #3457, #3458, #3459 );
#1805 = SURFACE_SIDE_STYLE( '', ( #3460 ) );
#1806 = EDGE_LOOP( '', ( #3461, #3462, #3463, #3464 ) );
#1807 = AXIS2_PLACEMENT_3D( '', #3465, #3466, #3467 );
#1808 = SURFACE_SIDE_STYLE( '', ( #3468 ) );
#1809 = EDGE_LOOP( '', ( #3469, #3470, #3471, #3472 ) );
#1810 = AXIS2_PLACEMENT_3D( '', #3473, #3474, #3475 );
#1811 = SURFACE_SIDE_STYLE( '', ( #3476 ) );
#1812 = EDGE_LOOP( '', ( #3477, #3478, #3479, #3480 ) );
#1813 = AXIS2_PLACEMENT_3D( '', #3481, #3482, #3483 );
#1814 = SURFACE_SIDE_STYLE( '', ( #3484 ) );
#1815 = EDGE_LOOP( '', ( #3485, #3486, #3487, #3488 ) );
#1816 = AXIS2_PLACEMENT_3D( '', #3489, #3490, #3491 );
#1817 = SURFACE_SIDE_STYLE( '', ( #3492 ) );
#1818 = EDGE_LOOP( '', ( #3493, #3494, #3495, #3496, #3497, #3498, #3499, #3500 ) );
#1819 = AXIS2_PLACEMENT_3D( '', #3501, #3502, #3503 );
#1820 = SURFACE_SIDE_STYLE( '', ( #3504 ) );
#1821 = EDGE_LOOP( '', ( #3505, #3506, #3507, #3508, #3509, #3510 ) );
#1822 = AXIS2_PLACEMENT_3D( '', #3511, #3512, #3513 );
#1823 = SURFACE_SIDE_STYLE( '', ( #3514 ) );
#1824 = EDGE_LOOP( '', ( #3515, #3516, #3517, #3518, #3519, #3520, #3521, #3522, #3523, #3524 ) );
#1825 = EDGE_LOOP( '', ( #3525 ) );
#1826 = AXIS2_PLACEMENT_3D( '', #3526, #3527, #3528 );
#1827 = SURFACE_SIDE_STYLE( '', ( #3529 ) );
#1828 = EDGE_LOOP( '', ( #3530, #3531, #3532, #3533 ) );
#1829 = AXIS2_PLACEMENT_3D( '', #3534, #3535, #3536 );
#1830 = SURFACE_SIDE_STYLE( '', ( #3537 ) );
#1831 = EDGE_LOOP( '', ( #3538, #3539, #3540, #3541 ) );
#1832 = AXIS2_PLACEMENT_3D( '', #3542, #3543, #3544 );
#1833 = CARTESIAN_POINT( '', ( 0.000000000000000, 0.000000000000000, 0.000000000000000 ) );
#1834 = DIRECTION( '', ( 0.000000000000000, 0.000000000000000, 1.00000000000000 ) );
#1835 = DIRECTION( '', ( 1.00000000000000, 0.000000000000000, 0.000000000000000 ) );
#1836 = CARTESIAN_POINT( '', ( 4.55364912443912E-015, 1.70315789473683, 0.705000000000000 ) );
#1837 = DIRECTION( '', ( 2.92316687892596E-016, 2.33535952093925E-017, -1.00000000000000 ) );
#1838 = DIRECTION( '', ( -0.610145163901269, 0.792289643355190, -1.59852801825793E-016 ) );
#1839 = CARTESIAN_POINT( '', ( -4.55364912443912E-015, 4.57578947368421, 1.23000000000000 ) );
#1840 = DIRECTION( '', ( 0.000000000000000, 0.000000000000000, 1.00000000000000 ) );
#1841 = DIRECTION( '', ( 1.00000000000000, 0.000000000000000, 0.000000000000000 ) );
#1842 = CARTESIAN_POINT( '', ( 6.30666851207662E-014, 0.0531578947368452, -6.82708555486966E-015 ) );
#1843 = DIRECTION( '', ( 0.000000000000000, 0.000000000000000, 1.00000000000000 ) );
#1844 = DIRECTION( '', ( 1.00000000000000, 0.000000000000000, 0.000000000000000 ) );
#1845 = CARTESIAN_POINT( '', ( 6.30666851207662E-014, 0.0531578947368452, -6.82708555486966E-015 ) );
#1846 = DIRECTION( '', ( 0.000000000000000, 0.000000000000000, 1.00000000000000 ) );
#1847 = DIRECTION( '', ( 1.00000000000000, 0.000000000000000, 0.000000000000000 ) );
#1848 = CARTESIAN_POINT( '', ( 6.30666851207662E-014, 0.0531578947368452, -6.82708555486966E-015 ) );
#1849 = DIRECTION( '', ( 0.000000000000000, 0.000000000000000, 1.00000000000000 ) );
#1850 = DIRECTION( '', ( 1.00000000000000, 0.000000000000000, 0.000000000000000 ) );
#1851 = CARTESIAN_POINT( '', ( 6.30666851207662E-014, 0.0531578947368452, -6.82708555486966E-015 ) );
#1852 = DIRECTION( '', ( 0.000000000000000, 0.000000000000000, 1.00000000000000 ) );
#1853 = DIRECTION( '', ( 1.00000000000000, 0.000000000000000, 0.000000000000000 ) );
#1855 = SURFACE_STYLE_FILL_AREA( #3545 );
#1856 = ORIENTED_EDGE( '', *, *, #3546, .F. );
#1857 = ORIENTED_EDGE( '', *, *, #3547, .F. );
#1858 = ORIENTED_EDGE( '', *, *, #3548, .T. );
#1859 = ORIENTED_EDGE( '', *, *, #3549, .T. );
#1860 = CARTESIAN_POINT( '', ( 2.00000000000000, 0.553157894736860, 0.0100000000000000 ) );
#1861 = DIRECTION( '', ( 6.93889390390722E-014, -1.00000000000000, 0.000000000000000 ) );
#1862 = DIRECTION( '', ( 1.00000000000000, 6.93889390390722E-014, 0.000000000000000 ) );
#1863 = SURFACE_STYLE_FILL_AREA( #3550 );
#1864 = ORIENTED_EDGE( '', *, *, #3551, .T. );
#1865 = ORIENTED_EDGE( '', *, *, #3552, .T. );
#1866 = ORIENTED_EDGE( '', *, *, #3553, .T. );
#1867 = ORIENTED_EDGE( '', *, *, #3554, .T. );
#1868 = ORIENTED_EDGE( '', *, *, #3555, .T. );
#1869 = CARTESIAN_POINT( '', ( -1.82000000000000, -2.87263157894737, -0.180000000000000 ) );
#1870 = DIRECTION( '', ( -2.44262377228781E-016, 1.00000000000000, -0.000000000000000 ) );
#1871 = DIRECTION( '', ( -1.00000000000000, -2.44262377228781E-016, 0.000000000000000 ) );
#1872 = SURFACE_STYLE_FILL_AREA( #3556 );
#1873 = ORIENTED_EDGE( '', *, *, #3547, .T. );
#1874 = ORIENTED_EDGE( '', *, *, #3557, .T. );
#1875 = ORIENTED_EDGE( '', *, *, #3558, .T. );
#1876 = ORIENTED_EDGE( '', *, *, #3559, .T. );
#1877 = ORIENTED_EDGE( '', *, *, #3560, .T. );
#1878 = ORIENTED_EDGE( '', *, *, #3561, .T. );
#1879 = ORIENTED_EDGE( '', *, *, #3562, .F. );
#1880 = ORIENTED_EDGE( '', *, *, #3563, .T. );
#1881 = ORIENTED_EDGE( '', *, *, #3564, .T. );
#1882 = ORIENTED_EDGE( '', *, *, #3565, .F. );
#1883 = ORIENTED_EDGE( '', *, *, #3566, .T. );
#1884 = CARTESIAN_POINT( '', ( 2.00000000000000, -2.39684210526317, 1.13000000000000 ) );
#1885 = DIRECTION( '', ( -1.00000000000000, 0.000000000000000, 0.000000000000000 ) );
#1886 = DIRECTION( '', ( 0.000000000000000, 0.000000000000000, 1.00000000000000 ) );
#1887 = SURFACE_STYLE_FILL_AREA( #3567 );
#1888 = ORIENTED_EDGE( '', *, *, #3568, .T. );
#1889 = ORIENTED_EDGE( '', *, *, #3569, .F. );
#1890 = ORIENTED_EDGE( '', *, *, #3570, .F. );
#1891 = ORIENTED_EDGE( '', *, *, #3571, .T. );
#1892 = CARTESIAN_POINT( '', ( 0.550000000000000, -6.87263157894737, -0.450000000000000 ) );
#1893 = DIRECTION( '', ( -1.00000000000000, -5.98180508957520E-016, -1.12937726300573E-016 ) );
#1894 = DIRECTION( '', ( 5.98180508957520E-016, -1.00000000000000, 0.000000000000000 ) );
#1895 = SURFACE_STYLE_FILL_AREA( #3572 );
#1896 = ORIENTED_EDGE( '', *, *, #3573, .T. );
#1897 = ORIENTED_EDGE( '', *, *, #3574, .T. );
#1898 = ORIENTED_EDGE( '', *, *, #3575, .F. );
#1899 = ORIENTED_EDGE( '', *, *, #3576, .F. );
#1900 = CARTESIAN_POINT( '', ( 4.33680868994202E-015, -6.87263157894737, -1.20000000000000 ) );
#1901 = DIRECTION( '', ( 0.000000000000000, 0.000000000000000, -1.00000000000000 ) );
#1902 = DIRECTION( '', ( -1.00000000000000, 0.000000000000000, 0.000000000000000 ) );
#1903 = SURFACE_STYLE_FILL_AREA( #3577 );
#1904 = ORIENTED_EDGE( '', *, *, #3578, .F. );
#1905 = ORIENTED_EDGE( '', *, *, #3579, .F. );
#1906 = CARTESIAN_POINT( '', ( 4.77048955893622E-015, -0.996842105263157, -0.250000000000000 ) );
#1907 = DIRECTION( '', ( -0.000000000000000, -0.000000000000000, 1.00000000000000 ) );
#1908 = DIRECTION( '', ( 1.00000000000000, 0.000000000000000, 0.000000000000000 ) );
#1909 = SURFACE_STYLE_FILL_AREA( #3580 );
#1910 = ORIENTED_EDGE( '', *, *, #3581, .F. );
#1911 = ORIENTED_EDGE( '', *, *, #3582, .F. );
#1912 = ORIENTED_EDGE( '', *, *, #3583, .F. );
#1913 = ORIENTED_EDGE( '', *, *, #3584, .F. );
#1914 = CARTESIAN_POINT( '', ( 1.60000000000000, -2.19684210526315, 0.0100000000000000 ) );
#1915 = DIRECTION( '', ( 0.000000000000000, 0.000000000000000, 1.00000000000000 ) );
#1916 = DIRECTION( '', ( 1.00000000000000, 0.000000000000000, 0.000000000000000 ) );
#1917 = SURFACE_STYLE_FILL_AREA( #3585 );
#1918 = ORIENTED_EDGE( '', *, *, #3586, .T. );
#1919 = ORIENTED_EDGE( '', *, *, #3587, .F. );
#1920 = ORIENTED_EDGE( '', *, *, #3588, .F. );
#1921 = ORIENTED_EDGE( '', *, *, #3589, .T. );
#1922 = CARTESIAN_POINT( '', ( 3.30643715532042E-015, 0.000000000000000, 0.355000000000000 ) );
#1923 = DIRECTION( '', ( -0.000000000000000, -0.000000000000000, 1.00000000000000 ) );
#1924 = DIRECTION( '', ( -1.00000000000000, 0.000000000000000, 0.000000000000000 ) );
#1925 = SURFACE_STYLE_FILL_AREA( #3590 );
#1926 = ORIENTED_EDGE( '', *, *, #3591, .T. );
#1927 = ORIENTED_EDGE( '', *, *, #3592, .F. );
#1928 = ORIENTED_EDGE( '', *, *, #3593, .F. );
#1929 = ORIENTED_EDGE( '', *, *, #3594, .T. );
#1930 = CARTESIAN_POINT( '', ( 1.25000000000000, 1.10315789473683, 0.150000000000000 ) );
#1931 = DIRECTION( '', ( -1.00000000000000, 8.34001671142699E-017, 0.000000000000000 ) );
#1932 = DIRECTION( '', ( -8.34001671142699E-017, -1.00000000000000, 0.000000000000000 ) );
#1933 = SURFACE_STYLE_FILL_AREA( #3595 );
#1934 = ORIENTED_EDGE( '', *, *, #3596, .F. );
#1935 = ORIENTED_EDGE( '', *, *, #3597, .T. );
#1936 = ORIENTED_EDGE( '', *, *, #3598, .T. );
#1937 = ORIENTED_EDGE( '', *, *, #3599, .F. );
#1938 = CARTESIAN_POINT( '', ( 0.650000000000000, 2.10315789473683, 1.13000000000000 ) );
#1939 = DIRECTION( '', ( 0.000000000000000, -1.00000000000000, 0.000000000000000 ) );
#1940 = DIRECTION( '', ( 0.000000000000000, 0.000000000000000, -1.00000000000000 ) );
#1941 = SURFACE_STYLE_FILL_AREA( #3600 );
#1942 = ORIENTED_EDGE( '', *, *, #3601, .T. );
#1943 = ORIENTED_EDGE( '', *, *, #3602, .T. );
#1944 = ORIENTED_EDGE( '', *, *, #3603, .F. );
#1945 = ORIENTED_EDGE( '', *, *, #3604, .F. );
#1946 = ORIENTED_EDGE( '', *, *, #3605, .F. );
#1947 = ORIENTED_EDGE( '', *, *, #3606, .F. );
#1948 = ORIENTED_EDGE( '', *, *, #3607, .F. );
#1949 = ORIENTED_EDGE( '', *, *, #3608, .T. );
#1950 = ORIENTED_EDGE( '', *, *, #3609, .T. );
#1951 = ORIENTED_EDGE( '', *, *, #3610, .T. );
#1952 = CARTESIAN_POINT( '', ( 0.575000000000000, -2.29684210526316, 0.000000000000000 ) );
#1953 = DIRECTION( '', ( 0.000000000000000, -1.00000000000000, 0.000000000000000 ) );
#1954 = DIRECTION( '', ( 0.000000000000000, 0.000000000000000, -1.00000000000000 ) );
#1955 = SURFACE_STYLE_FILL_AREA( #3611 );
#1956 = ORIENTED_EDGE( '', *, *, #3612, .F. );
#1957 = ORIENTED_EDGE( '', *, *, #3613, .F. );
#1958 = ORIENTED_EDGE( '', *, *, #3614, .T. );
#1959 = ORIENTED_EDGE( '', *, *, #3615, .T. );
#1960 = CARTESIAN_POINT( '', ( -2.16155494419535, 0.500000000000000, 0.500000000000007 ) );
#1961 = DIRECTION( '', ( -0.359010987105349, 0.000000000000000, 0.933333333347547 ) );
#1962 = DIRECTION( '', ( 0.933333333347547, 0.000000000000000, 0.359010987105349 ) );
#1963 = SURFACE_STYLE_FILL_AREA( #3616 );
#1964 = ORIENTED_EDGE( '', *, *, #3617, .F. );
#1965 = ORIENTED_EDGE( '', *, *, #3618, .F. );
#1966 = ORIENTED_EDGE( '', *, *, #3619, .T. );
#1967 = ORIENTED_EDGE( '', *, *, #3620, .T. );
#1968 = CARTESIAN_POINT( '', ( -1.80000000000005, 0.0531578947368522, 0.0100000000000000 ) );
#1969 = DIRECTION( '', ( 0.000000000000000, 1.00000000000000, 0.000000000000000 ) );
#1970 = DIRECTION( '', ( 0.000000000000000, 0.000000000000000, 1.00000000000000 ) );
#1971 = SURFACE_STYLE_FILL_AREA( #3621 );
#1972 = ORIENTED_EDGE( '', *, *, #3622, .F. );
#1973 = ORIENTED_EDGE( '', *, *, #3623, .F. );
#1974 = ORIENTED_EDGE( '', *, *, #3624, .T. );
#1975 = ORIENTED_EDGE( '', *, *, #3625, .T. );
#1976 = CARTESIAN_POINT( '', ( -1.85000000000000, -5.07263157894737, -0.100000000000000 ) );
#1977 = DIRECTION( '', ( 3.50038198934684E-016, -1.00000000000000, 0.000000000000000 ) );
#1978 = DIRECTION( '', ( 0.000000000000000, 0.000000000000000, -1.00000000000000 ) );
#1979 = SURFACE_STYLE_FILL_AREA( #3626 );
#1980 = ORIENTED_EDGE( '', *, *, #3627, .F. );
#1981 = ORIENTED_EDGE( '', *, *, #3628, .F. );
#1982 = ORIENTED_EDGE( '', *, *, #3629, .T. );
#1983 = ORIENTED_EDGE( '', *, *, #3630, .F. );
#1984 = CARTESIAN_POINT( '', ( 2.10000000000000, 0.400000000000007, 0.355000000000000 ) );
#1985 = DIRECTION( '', ( -0.000000000000000, -0.000000000000000, 1.00000000000000 ) );
#1986 = DIRECTION( '', ( -1.00000000000000, 0.000000000000000, 0.000000000000000 ) );
#1987 = SURFACE_STYLE_FILL_AREA( #3631 );
#1988 = ORIENTED_EDGE( '', *, *, #3632, .T. );
#1989 = ORIENTED_EDGE( '', *, *, #3633, .T. );
#1990 = ORIENTED_EDGE( '', *, *, #3573, .F. );
#1991 = ORIENTED_EDGE( '', *, *, #3634, .F. );
#1992 = ORIENTED_EDGE( '', *, *, #3635, .T. );
#1993 = ORIENTED_EDGE( '', *, *, #3636, .T. );
#1994 = ORIENTED_EDGE( '', *, *, #3637, .F. );
#1995 = ORIENTED_EDGE( '', *, *, #3638, .T. );
#1996 = CARTESIAN_POINT( '', ( 0.200000000000004, -6.87263157894737, -0.900000000000000 ) );
#1997 = DIRECTION( '', ( -1.00000000000000, -5.98180508957520E-016, 3.61400724161835E-016 ) );
#1998 = DIRECTION( '', ( 5.98180508957520E-016, -1.00000000000000, 0.000000000000000 ) );
#1999 = SURFACE_STYLE_FILL_AREA( #3639 );
#2000 = ORIENTED_EDGE( '', *, *, #3640, .T. );
#2001 = ORIENTED_EDGE( '', *, *, #3641, .F. );
#2002 = ORIENTED_EDGE( '', *, *, #3642, .F. );
#2003 = ORIENTED_EDGE( '', *, *, #3643, .F. );
#2004 = CARTESIAN_POINT( '', ( -1.90000000000005, 1.10315789473683, 0.760000000000000 ) );
#2005 = DIRECTION( '', ( 1.03086156154130E-031, -8.03112720359633E-017, 1.00000000000000 ) );
#2006 = DIRECTION( '', ( 1.28358265957944E-015, -1.00000000000000, -8.03112720359633E-017 ) );
#2007 = SURFACE_STYLE_FILL_AREA( #3644 );
#2008 = ORIENTED_EDGE( '', *, *, #3633, .F. );
#2009 = ORIENTED_EDGE( '', *, *, #3645, .F. );
#2010 = ORIENTED_EDGE( '', *, *, #3646, .T. );
#2011 = ORIENTED_EDGE( '', *, *, #3574, .F. );
#2012 = CARTESIAN_POINT( '', ( 4.30211422042248E-015, -6.79263157894737, -1.02000000000000 ) );
#2013 = DIRECTION( '', ( -1.00000000000000, -4.33680868994202E-016, -0.000000000000000 ) );
#2014 = DIRECTION( '', ( -4.33680868994202E-016, 1.00000000000000, 0.000000000000000 ) );
#2015 = SURFACE_STYLE_FILL_AREA( #3647 );
#2016 = ORIENTED_EDGE( '', *, *, #3648, .T. );
#2017 = ORIENTED_EDGE( '', *, *, #3649, .T. );
#2018 = CARTESIAN_POINT( '', ( 2.81892564846231E-015, 1.70315789473683, 1.13000000000000 ) );
#2019 = DIRECTION( '', ( -0.000000000000000, -0.000000000000000, 1.00000000000000 ) );
#2020 = DIRECTION( '', ( -1.00000000000000, 0.000000000000000, 0.000000000000000 ) );
#2021 = SURFACE_STYLE_FILL_AREA( #3650 );
#2022 = ORIENTED_EDGE( '', *, *, #3651, .T. );
#2023 = ORIENTED_EDGE( '', *, *, #3652, .T. );
#2024 = ORIENTED_EDGE( '', *, *, #3653, .F. );
#2025 = ORIENTED_EDGE( '', *, *, #3628, .T. );
#2026 = CARTESIAN_POINT( '', ( 2.40000000000000, 0.700000000000000, 0.355000000000000 ) );
#2027 = DIRECTION( '', ( 1.00000000000000, 0.000000000000000, 0.000000000000000 ) );
#2028 = DIRECTION( '', ( 0.000000000000000, 0.000000000000000, -1.00000000000000 ) );
#2029 = SURFACE_STYLE_FILL_AREA( #3654 );
#2030 = ORIENTED_EDGE( '', *, *, #3655, .F. );
#2031 = ORIENTED_EDGE( '', *, *, #3656, .T. );
#2032 = ORIENTED_EDGE( '', *, *, #3651, .F. );
#2033 = ORIENTED_EDGE( '', *, *, #3627, .T. );
#2034 = ORIENTED_EDGE( '', *, *, #3657, .F. );
#2035 = ORIENTED_EDGE( '', *, *, #3658, .F. );
#2036 = ORIENTED_EDGE( '', *, *, #3659, .F. );
#2037 = CARTESIAN_POINT( '', ( 1.05000000000000, 0.0500000000000063, 0.500000000000000 ) );
#2038 = DIRECTION( '', ( 0.000000000000000, 0.000000000000000, -1.00000000000000 ) );
#2039 = DIRECTION( '', ( -1.00000000000000, 0.000000000000000, 0.000000000000000 ) );
#2040 = SURFACE_STYLE_FILL_AREA( #3660 );
#2041 = ORIENTED_EDGE( '', *, *, #3661, .T. );
#2042 = ORIENTED_EDGE( '', *, *, #3662, .F. );
#2043 = ORIENTED_EDGE( '', *, *, #3663, .F. );
#2044 = ORIENTED_EDGE( '', *, *, #3664, .T. );
#2045 = ORIENTED_EDGE( '', *, *, #3665, .T. );
#2046 = ORIENTED_EDGE( '', *, *, #3666, .T. );
#2047 = ORIENTED_EDGE( '', *, *, #3667, .T. );
#2048 = CARTESIAN_POINT( '', ( -1.60000000000000, -2.45000000000000, 7.12862928409219E-015 ) );
#2049 = DIRECTION( '', ( 1.00000000000000, 0.000000000000000, 0.000000000000000 ) );
#2050 = DIRECTION( '', ( 0.000000000000000, 0.000000000000000, -1.00000000000000 ) );
#2051 = SURFACE_STYLE_FILL_AREA( #3668 );
#2052 = ORIENTED_EDGE( '', *, *, #3669, .T. );
#2053 = ORIENTED_EDGE( '', *, *, #3670, .T. );
#2054 = ORIENTED_EDGE( '', *, *, #3671, .T. );
#2055 = ORIENTED_EDGE( '', *, *, #3672, .T. );
#2056 = ORIENTED_EDGE( '', *, *, #3673, .T. );
#2057 = ORIENTED_EDGE( '', *, *, #3612, .T. );
#2058 = ORIENTED_EDGE( '', *, *, #3674, .T. );
#2059 = CARTESIAN_POINT( '', ( -2.00000000000000, 0.000000000000000, 0.0800000000000071 ) );
#2060 = DIRECTION( '', ( 0.000000000000000, -1.00000000000000, 0.000000000000000 ) );
#2061 = DIRECTION( '', ( 0.000000000000000, 0.000000000000000, -1.00000000000000 ) );
#2062 = SURFACE_STYLE_FILL_AREA( #3675 );
#2063 = ORIENTED_EDGE( '', *, *, #3676, .F. );
#2064 = ORIENTED_EDGE( '', *, *, #3677, .F. );
#2065 = ORIENTED_EDGE( '', *, *, #3678, .F. );
#2066 = ORIENTED_EDGE( '', *, *, #3679, .F. );
#2067 = CARTESIAN_POINT( '', ( -1.10000000000004, -2.19684210526317, 0.0100000000000000 ) );
#2068 = DIRECTION( '', ( 0.000000000000000, 0.000000000000000, 1.00000000000000 ) );
#2069 = DIRECTION( '', ( 1.00000000000000, 0.000000000000000, 0.000000000000000 ) );
#2070 = SURFACE_STYLE_FILL_AREA( #3680 );
#2071 = ORIENTED_EDGE( '', *, *, #3681, .F. );
#2072 = ORIENTED_EDGE( '', *, *, #3682, .T. );
#2073 = ORIENTED_EDGE( '', *, *, #3683, .T. );
#2074 = ORIENTED_EDGE( '', *, *, #3684, .F. );
#2075 = CARTESIAN_POINT( '', ( -1.60000000000006, 0.953157894736829, 1.13000000000000 ) );
#2076 = DIRECTION( '', ( 0.000000000000000, 1.00000000000000, 0.000000000000000 ) );
#2077 = DIRECTION( '', ( 0.000000000000000, 0.000000000000000, 1.00000000000000 ) );
#2078 = SURFACE_STYLE_FILL_AREA( #3685 );
#2079 = ORIENTED_EDGE( '', *, *, #3686, .F. );
#2080 = ORIENTED_EDGE( '', *, *, #3687, .F. );
#2081 = ORIENTED_EDGE( '', *, *, #3584, .T. );
#2082 = ORIENTED_EDGE( '', *, *, #3688, .T. );
#2083 = CARTESIAN_POINT( '', ( 1.60000000000000, -2.19684210526315, 0.0100000000000000 ) );
#2084 = DIRECTION( '', ( 0.000000000000000, -1.00000000000000, 0.000000000000000 ) );
#2085 = DIRECTION( '', ( 0.000000000000000, 0.000000000000000, -1.00000000000000 ) );
#2086 = SURFACE_STYLE_FILL_AREA( #3689 );
#2087 = ORIENTED_EDGE( '', *, *, #3690, .T. );
#2088 = ORIENTED_EDGE( '', *, *, #3691, .T. );
#2089 = ORIENTED_EDGE( '', *, *, #3692, .F. );
#2090 = ORIENTED_EDGE( '', *, *, #3693, .F. );
#2091 = ORIENTED_EDGE( '', *, *, #3694, .T. );
#2092 = ORIENTED_EDGE( '', *, *, #3695, .T. );
#2093 = ORIENTED_EDGE( '', *, *, #3696, .F. );
#2094 = ORIENTED_EDGE( '', *, *, #3697, .F. );
#2095 = CARTESIAN_POINT( '', ( 1.90000000000000, -3.47263157894737, -0.450000000000000 ) );
#2096 = DIRECTION( '', ( 1.05775821705903E-016, -1.00000000000000, 0.000000000000000 ) );
#2097 = DIRECTION( '', ( 1.00000000000000, 1.05775821705903E-016, 0.000000000000000 ) );
#2098 = SURFACE_STYLE_FILL_AREA( #3698 );
#2099 = ORIENTED_EDGE( '', *, *, #3699, .T. );
#2100 = ORIENTED_EDGE( '', *, *, #3700, .T. );
#2101 = ORIENTED_EDGE( '', *, *, #3701, .F. );
#2102 = ORIENTED_EDGE( '', *, *, #3589, .F. );
#2103 = ORIENTED_EDGE( '', *, *, #3702, .F. );
#2104 = ORIENTED_EDGE( '', *, *, #3703, .T. );
#2105 = ORIENTED_EDGE( '', *, *, #3704, .F. );
#2106 = CARTESIAN_POINT( '', ( 3.30643715532042E-015, 0.000000000000000, 0.355000000000000 ) );
#2107 = DIRECTION( '', ( 0.000000000000000, 0.000000000000000, -1.00000000000000 ) );
#2108 = DIRECTION( '', ( -1.00000000000000, 0.000000000000000, 0.000000000000000 ) );
#2109 = SURFACE_STYLE_FILL_AREA( #3705 );
#2110 = ORIENTED_EDGE( '', *, *, #3706, .T. );
#2111 = ORIENTED_EDGE( '', *, *, #3707, .F. );
#2112 = ORIENTED_EDGE( '', *, *, #3708, .T. );
#2113 = ORIENTED_EDGE( '', *, *, #3709, .F. );
#2114 = ORIENTED_EDGE( '', *, *, #3710, .T. );
#2115 = ORIENTED_EDGE( '', *, *, #3711, .T. );
#2116 = ORIENTED_EDGE( '', *, *, #3712, .T. );
#2117 = ORIENTED_EDGE( '', *, *, #3713, .T. );
#2118 = ORIENTED_EDGE( '', *, *, #3714, .F. );
#2119 = ORIENTED_EDGE( '', *, *, #3715, .F. );
#2120 = ORIENTED_EDGE( '', *, *, #3677, .T. );
#2121 = CARTESIAN_POINT( '', ( -4.88863957328427E-014, -2.39684210526317, 1.13000000000000 ) );
#2122 = DIRECTION( '', ( -1.28358265957944E-015, 1.00000000000000, 0.000000000000000 ) );
#2123 = DIRECTION( '', ( 0.000000000000000, 0.000000000000000, 1.00000000000000 ) );
#2124 = SURFACE_STYLE_FILL_AREA( #3716 );
#2125 = ORIENTED_EDGE( '', *, *, #3717, .F. );
#2126 = ORIENTED_EDGE( '', *, *, #3718, .F. );
#2127 = ORIENTED_EDGE( '', *, *, #3719, .F. );
#2128 = ORIENTED_EDGE( '', *, *, #3720, .F. );
#2129 = CARTESIAN_POINT( '', ( -1.90000000000005, 1.10315789473683, 0.150000000000000 ) );
#2130 = DIRECTION( '', ( 0.000000000000000, 0.000000000000000, -1.00000000000000 ) );
#2131 = DIRECTION( '', ( 1.00000000000000, 1.28358265957944E-015, 0.000000000000000 ) );
#2132 = SURFACE_STYLE_FILL_AREA( #3721 );
#2133 = ORIENTED_EDGE( '', *, *, #3722, .T. );
#2134 = ORIENTED_EDGE( '', *, *, #3723, .T. );
#2135 = ORIENTED_EDGE( '', *, *, #3724, .T. );
#2136 = ORIENTED_EDGE( '', *, *, #3725, .F. );
#2137 = ORIENTED_EDGE( '', *, *, #3726, .F. );
#2138 = ORIENTED_EDGE( '', *, *, #3727, .T. );
#2139 = CARTESIAN_POINT( '', ( 1.85000000000000, -4.92263157894737, -0.100000000000000 ) );
#2140 = DIRECTION( '', ( -0.000000000000000, -0.000000000000000, -1.00000000000000 ) );
#2141 = DIRECTION( '', ( 1.00000000000000, 0.000000000000000, 0.000000000000000 ) );
#2142 = SURFACE_STYLE_FILL_AREA( #3728 );
#2143 = ORIENTED_EDGE( '', *, *, #3729, .T. );
#2144 = ORIENTED_EDGE( '', *, *, #3730, .F. );
#2145 = ORIENTED_EDGE( '', *, *, #3731, .F. );
#2146 = ORIENTED_EDGE( '', *, *, #3732, .F. );
#2147 = ORIENTED_EDGE( '', *, *, #3733, .F. );
#2148 = ORIENTED_EDGE( '', *, *, #3734, .T. );
#2149 = ORIENTED_EDGE( '', *, *, #3735, .T. );
#2150 = ORIENTED_EDGE( '', *, *, #3736, .F. );
#2151 = CARTESIAN_POINT( '', ( -1.45000000000000, -6.97263157894737, -1.20000000000000 ) );
#2152 = DIRECTION( '', ( 1.00000000000000, 3.50038198934684E-016, -0.000000000000000 ) );
#2153 = DIRECTION( '', ( 0.000000000000000, 0.000000000000000, 1.00000000000000 ) );
#2154 = SURFACE_STYLE_FILL_AREA( #3737 );
#2155 = ORIENTED_EDGE( '', *, *, #3670, .F. );
#2156 = ORIENTED_EDGE( '', *, *, #3738, .F. );
#2157 = ORIENTED_EDGE( '', *, *, #3739, .T. );
#2158 = ORIENTED_EDGE( '', *, *, #3740, .T. );
#2159 = CARTESIAN_POINT( '', ( -2.00000000000000, 0.500000000000000, 7.10271867858458E-015 ) );
#2160 = DIRECTION( '', ( 0.000000000000000, 0.000000000000000, -1.00000000000000 ) );
#2161 = DIRECTION( '', ( -1.00000000000000, 0.000000000000000, 0.000000000000000 ) );
#2162 = SURFACE_STYLE_FILL_AREA( #3741 );
#2163 = ORIENTED_EDGE( '', *, *, #3742, .F. );
#2164 = ORIENTED_EDGE( '', *, *, #3620, .F. );
#2165 = ORIENTED_EDGE( '', *, *, #3743, .T. );
#2166 = ORIENTED_EDGE( '', *, *, #3744, .T. );
#2167 = CARTESIAN_POINT( '', ( -1.80000000000005, 0.553157894736839, 0.0100000000000000 ) );
#2168 = DIRECTION( '', ( -1.00000000000000, -8.67361737988427E-016, 0.000000000000000 ) );
#2169 = DIRECTION( '', ( 8.67361737988427E-016, -1.00000000000000, 0.000000000000000 ) );
#2170 = SURFACE_STYLE_FILL_AREA( #3745 );
#2171 = ORIENTED_EDGE( '', *, *, #3746, .F. );
#2172 = ORIENTED_EDGE( '', *, *, #3747, .F. );
#2173 = ORIENTED_EDGE( '', *, *, #3748, .T. );
#2174 = ORIENTED_EDGE( '', *, *, #3602, .F. );
#2175 = CARTESIAN_POINT( '', ( 0.575000000000000, -2.29684210526316, 0.980000000000000 ) );
#2176 = DIRECTION( '', ( 0.000000000000000, 0.707106781186554, -0.707106781186541 ) );
#2177 = DIRECTION( '', ( 0.000000000000000, 0.707106781186541, 0.707106781186554 ) );
#2178 = SURFACE_STYLE_FILL_AREA( #3749 );
#2179 = ORIENTED_EDGE( '', *, *, #3750, .F. );
#2180 = ORIENTED_EDGE( '', *, *, #3751, .F. );
#2181 = ORIENTED_EDGE( '', *, *, #3581, .T. );
#2182 = ORIENTED_EDGE( '', *, *, #3687, .T. );
#2183 = CARTESIAN_POINT( '', ( 1.60000000000000, -2.19684210526315, 0.0100000000000000 ) );
#2184 = DIRECTION( '', ( -1.00000000000000, -1.08420217248555E-015, 0.000000000000000 ) );
#2185 = DIRECTION( '', ( 1.08420217248555E-015, -1.00000000000000, 0.000000000000000 ) );
#2186 = SURFACE_STYLE_FILL_AREA( #3752 );
#2187 = ORIENTED_EDGE( '', *, *, #3753, .T. );
#2188 = ORIENTED_EDGE( '', *, *, #3754, .T. );
#2189 = ORIENTED_EDGE( '', *, *, #3755, .T. );
#2190 = ORIENTED_EDGE( '', *, *, #3756, .T. );
#2191 = CARTESIAN_POINT( '', ( -1.82000000000000, -3.47263157894737, -1.02000000000000 ) );
#2192 = DIRECTION( '', ( -4.82257976067062E-016, 1.00000000000000, -0.000000000000000 ) );
#2193 = DIRECTION( '', ( -1.00000000000000, -4.82257976067062E-016, 0.000000000000000 ) );
#2194 = SURFACE_STYLE_FILL_AREA( #3757 );
#2195 = ORIENTED_EDGE( '', *, *, #3724, .F. );
#2196 = ORIENTED_EDGE( '', *, *, #3758, .T. );
#2197 = ORIENTED_EDGE( '', *, *, #3759, .F. );
#2198 = ORIENTED_EDGE( '', *, *, #3760, .F. );
#2199 = ORIENTED_EDGE( '', *, *, #3761, .F. );
#2200 = ORIENTED_EDGE( '', *, *, #3762, .T. );
#2201 = ORIENTED_EDGE( '', *, *, #3763, .T. );
#2202 = ORIENTED_EDGE( '', *, *, #3555, .F. );
#2203 = ORIENTED_EDGE( '', *, *, #3764, .T. );
#2204 = ORIENTED_EDGE( '', *, *, #3622, .T. );
#2205 = ORIENTED_EDGE( '', *, *, #3765, .T. );
#2206 = ORIENTED_EDGE( '', *, *, #3766, .F. );
#2207 = ORIENTED_EDGE( '', *, *, #3729, .F. );
#2208 = ORIENTED_EDGE( '', *, *, #3767, .T. );
#2209 = ORIENTED_EDGE( '', *, *, #3768, .T. );
#2210 = ORIENTED_EDGE( '', *, *, #3769, .T. );
#2211 = ORIENTED_EDGE( '', *, *, #3770, .F. );
#2212 = ORIENTED_EDGE( '', *, *, #3771, .F. );
#2213 = CARTESIAN_POINT( '', ( 5.10000000000000, -6.97263157894737, 0.000000000000000 ) );
#2214 = DIRECTION( '', ( 0.000000000000000, 0.000000000000000, -1.00000000000000 ) );
#2215 = DIRECTION( '', ( -1.00000000000000, 0.000000000000000, 0.000000000000000 ) );
#2216 = SURFACE_STYLE_FILL_AREA( #3772 );
#2217 = ORIENTED_EDGE( '', *, *, #3773, .T. );
#2218 = ORIENTED_EDGE( '', *, *, #3774, .T. );
#2219 = ORIENTED_EDGE( '', *, *, #3775, .T. );
#2220 = ORIENTED_EDGE( '', *, *, #3776, .T. );
#2221 = ORIENTED_EDGE( '', *, *, #3629, .F. );
#2222 = ORIENTED_EDGE( '', *, *, #3653, .T. );
#2223 = ORIENTED_EDGE( '', *, *, #3777, .F. );
#2224 = CARTESIAN_POINT( '', ( 1.05000000000000, 0.0500000000000063, -0.500000000000000 ) );
#2225 = DIRECTION( '', ( 0.000000000000000, 0.000000000000000, 1.00000000000000 ) );
#2226 = DIRECTION( '', ( -1.00000000000000, 0.000000000000000, 0.000000000000000 ) );
#2227 = SURFACE_STYLE_FILL_AREA( #3778 );
#2228 = ORIENTED_EDGE( '', *, *, #3779, .T. );
#2229 = ORIENTED_EDGE( '', *, *, #3780, .T. );
#2230 = ORIENTED_EDGE( '', *, *, #3704, .T. );
#2231 = CARTESIAN_POINT( '', ( 1.05000000000000, 0.150000000000007, 0.355000000000000 ) );
#2232 = DIRECTION( '', ( 0.000000000000000, 1.00000000000000, 0.000000000000000 ) );
#2233 = DIRECTION( '', ( 0.000000000000000, 0.000000000000000, 1.00000000000000 ) );
#2234 = SURFACE_STYLE_FILL_AREA( #3781 );
#2235 = ORIENTED_EDGE( '', *, *, #3782, .F. );
#2236 = ORIENTED_EDGE( '', *, *, #3783, .F. );
#2237 = ORIENTED_EDGE( '', *, *, #3784, .F. );
#2238 = ORIENTED_EDGE( '', *, *, #3785, .F. );
#2239 = ORIENTED_EDGE( '', *, *, #3786, .F. );
#2240 = ORIENTED_EDGE( '', *, *, #3787, .F. );
#2241 = ORIENTED_EDGE( '', *, *, #3788, .F. );
#2242 = CARTESIAN_POINT( '', ( 2.00000000000000, 0.000000000000000, 0.0800000000000071 ) );
#2243 = DIRECTION( '', ( 0.000000000000000, -1.00000000000000, 0.000000000000000 ) );
#2244 = DIRECTION( '', ( 0.000000000000000, 0.000000000000000, -1.00000000000000 ) );
#2245 = SURFACE_STYLE_FILL_AREA( #3789 );
#2246 = ORIENTED_EDGE( '', *, *, #3790, .F. );
#2247 = ORIENTED_EDGE( '', *, *, #3791, .F. );
#2248 = ORIENTED_EDGE( '', *, *, #3678, .T. );
#2249 = ORIENTED_EDGE( '', *, *, #3715, .T. );
#2250 = CARTESIAN_POINT( '', ( -1.60000000000005, -2.19684210526317, 0.0100000000000000 ) );
#2251 = DIRECTION( '', ( 1.00000000000000, 0.000000000000000, 0.000000000000000 ) );
#2252 = DIRECTION( '', ( 0.000000000000000, 0.000000000000000, -1.00000000000000 ) );
#2253 = SURFACE_STYLE_FILL_AREA( #3792 );
#2254 = ORIENTED_EDGE( '', *, *, #3788, .T. );
#2255 = ORIENTED_EDGE( '', *, *, #3793, .F. );
#2256 = ORIENTED_EDGE( '', *, *, #3794, .F. );
#2257 = ORIENTED_EDGE( '', *, *, #3795, .T. );
#2258 = CARTESIAN_POINT( '', ( 2.00000000000000, 0.500000000000000, 7.10271867858458E-015 ) );
#2259 = DIRECTION( '', ( 0.000000000000000, 0.000000000000000, -1.00000000000000 ) );
#2260 = DIRECTION( '', ( 1.00000000000000, 0.000000000000000, 0.000000000000000 ) );
#2261 = SURFACE_STYLE_FILL_AREA( #3796 );
#2262 = ORIENTED_EDGE( '', *, *, #3797, .F. );
#2263 = ORIENTED_EDGE( '', *, *, #3798, .F. );
#2264 = ORIENTED_EDGE( '', *, *, #3799, .F. );
#2265 = ORIENTED_EDGE( '', *, *, #3800, .F. );
#2266 = ORIENTED_EDGE( '', *, *, #3801, .F. );
#2267 = ORIENTED_EDGE( '', *, *, #3802, .F. );
#2268 = ORIENTED_EDGE( '', *, *, #3803, .F. );
#2269 = CARTESIAN_POINT( '', ( 1.60000000000000, -2.45000000000000, 0.0800000000000071 ) );
#2270 = DIRECTION( '', ( -1.00000000000000, 0.000000000000000, 0.000000000000000 ) );
#2271 = DIRECTION( '', ( 0.000000000000000, 0.000000000000000, 1.00000000000000 ) );
#2272 = SURFACE_STYLE_FILL_AREA( #3804 );
#2273 = ORIENTED_EDGE( '', *, *, #3765, .F. );
#2274 = ORIENTED_EDGE( '', *, *, #3625, .F. );
#2275 = ORIENTED_EDGE( '', *, *, #3805, .F. );
#2276 = ORIENTED_EDGE( '', *, *, #3806, .T. );
#2277 = CARTESIAN_POINT( '', ( -1.95000000000000, -4.77263157894737, -0.100000000000000 ) );
#2278 = DIRECTION( '', ( -1.00000000000000, -3.50038198934684E-016, -0.000000000000000 ) );
#2279 = DIRECTION( '', ( 0.000000000000000, 0.000000000000000, -1.00000000000000 ) );
#2280 = SURFACE_STYLE_FILL_AREA( #3807 );
#2281 = ORIENTED_EDGE( '', *, *, #3808, .F. );
#2282 = ORIENTED_EDGE( '', *, *, #3775, .F. );
#2283 = ORIENTED_EDGE( '', *, *, #3809, .T. );
#2284 = ORIENTED_EDGE( '', *, *, #3810, .T. );
#2285 = CARTESIAN_POINT( '', ( 1.05000000000000, 0.150000000000007, -0.500000000000000 ) );
#2286 = DIRECTION( '', ( 0.707106781186548, 0.000000000000000, 0.707106781186547 ) );
#2287 = DIRECTION( '', ( -0.707106781186547, 0.000000000000000, 0.707106781186548 ) );
#2288 = SURFACE_STYLE_FILL_AREA( #3811 );
#2289 = ORIENTED_EDGE( '', *, *, #3812, .F. );
#2290 = ORIENTED_EDGE( '', *, *, #3549, .F. );
#2291 = ORIENTED_EDGE( '', *, *, #3813, .T. );
#2292 = ORIENTED_EDGE( '', *, *, #3814, .T. );
#2293 = CARTESIAN_POINT( '', ( 1.80000000000000, 0.0531578947368452, 0.0100000000000000 ) );
#2294 = DIRECTION( '', ( 1.00000000000000, 1.30104260698260E-015, 0.000000000000000 ) );
#2295 = DIRECTION( '', ( -1.30104260698260E-015, 1.00000000000000, 0.000000000000000 ) );
#2296 = SURFACE_STYLE_FILL_AREA( #3815 );
#2297 = ORIENTED_EDGE( '', *, *, #3770, .T. );
#2298 = ORIENTED_EDGE( '', *, *, #3816, .F. );
#2299 = ORIENTED_EDGE( '', *, *, #3817, .T. );
#2300 = ORIENTED_EDGE( '', *, *, #3818, .T. );
#2301 = CARTESIAN_POINT( '', ( 1.95000000000000, -4.77263157894737, -0.100000000000000 ) );
#2302 = DIRECTION( '', ( 1.00000000000000, 0.000000000000000, 0.000000000000000 ) );
#2303 = DIRECTION( '', ( 0.000000000000000, 0.000000000000000, -1.00000000000000 ) );
#2304 = SURFACE_STYLE_FILL_AREA( #3819 );
#2305 = ORIENTED_EDGE( '', *, *, #3607, .T. );
#2306 = ORIENTED_EDGE( '', *, *, #3820, .F. );
#2307 = ORIENTED_EDGE( '', *, *, #3821, .T. );
#2308 = ORIENTED_EDGE( '', *, *, #3822, .T. );
#2309 = CARTESIAN_POINT( '', ( 4.98732999343332E-015, -1.59684210526316, 0.150000000000000 ) );
#2310 = DIRECTION( '', ( 0.000000000000000, 0.000000000000000, -1.00000000000000 ) );
#2311 = DIRECTION( '', ( -1.00000000000000, 0.000000000000000, 0.000000000000000 ) );
#2312 = SURFACE_STYLE_FILL_AREA( #3823 );
#2313 = ORIENTED_EDGE( '', *, *, #3824, .T. );
#2314 = CARTESIAN_POINT( '', ( 3.46944695195362E-015, 1.00315789473684, -0.400000000000000 ) );
#2315 = DIRECTION( '', ( 0.000000000000000, 0.000000000000000, 1.00000000000000 ) );
#2316 = DIRECTION( '', ( 1.00000000000000, 0.000000000000000, 0.000000000000000 ) );
#2317 = SURFACE_STYLE_FILL_AREA( #3825 );
#2318 = ORIENTED_EDGE( '', *, *, #3826, .T. );
#2319 = ORIENTED_EDGE( '', *, *, #3827, .T. );
#2320 = ORIENTED_EDGE( '', *, *, #3828, .T. );
#2321 = ORIENTED_EDGE( '', *, *, #3829, .T. );
#2322 = CARTESIAN_POINT( '', ( -1.82000000000000, -6.97263157894737, -1.02000000000000 ) );
#2323 = DIRECTION( '', ( -2.44262377228781E-016, 1.00000000000000, -0.000000000000000 ) );
#2324 = DIRECTION( '', ( -1.00000000000000, -2.44262377228781E-016, 0.000000000000000 ) );
#2325 = SURFACE_STYLE_FILL_AREA( #3830 );
#2326 = ORIENTED_EDGE( '', *, *, #3831, .T. );
#2327 = ORIENTED_EDGE( '', *, *, #3832, .F. );
#2328 = ORIENTED_EDGE( '', *, *, #3833, .F. );
#2329 = ORIENTED_EDGE( '', *, *, #3834, .T. );
#2330 = ORIENTED_EDGE( '', *, *, #3835, .T. );
#2331 = ORIENTED_EDGE( '', *, *, #3836, .T. );
#2332 = ORIENTED_EDGE( '', *, *, #3837, .F. );
#2333 = CARTESIAN_POINT( '', ( 1.10000000000000, -2.19208273518227, 0.0222781440158591 ) );
#2334 = DIRECTION( '', ( 1.00000000000000, 0.000000000000000, 0.000000000000000 ) );
#2335 = DIRECTION( '', ( 0.000000000000000, 0.000000000000000, -1.00000000000000 ) );
#2336 = SURFACE_STYLE_FILL_AREA( #3838 );
#2337 = ORIENTED_EDGE( '', *, *, #3839, .F. );
#2338 = ORIENTED_EDGE( '', *, *, #3840, .T. );
#2339 = ORIENTED_EDGE( '', *, *, #3666, .F. );
#2340 = ORIENTED_EDGE( '', *, *, #3841, .F. );
#2341 = CARTESIAN_POINT( '', ( 1.60000000000000, -2.61155494421403, 0.500000000000007 ) );
#2342 = DIRECTION( '', ( 0.000000000000000, -0.359010987142301, 0.933333333333333 ) );
#2343 = DIRECTION( '', ( 0.000000000000000, -0.933333333333333, -0.359010987142301 ) );
#2344 = SURFACE_STYLE_FILL_AREA( #3842 );
#2345 = ORIENTED_EDGE( '', *, *, #3787, .T. );
#2346 = ORIENTED_EDGE( '', *, *, #3843, .F. );
#2347 = ORIENTED_EDGE( '', *, *, #3844, .F. );
#2348 = ORIENTED_EDGE( '', *, *, #3793, .T. );
#2349 = CARTESIAN_POINT( '', ( 1.80000000000000, 0.500000000000000, 4.55364912443912E-015 ) );
#2350 = DIRECTION( '', ( -1.00000000000000, 0.000000000000000, 0.000000000000000 ) );
#2351 = DIRECTION( '', ( 0.000000000000000, 0.000000000000000, -1.00000000000000 ) );
#2352 = SURFACE_STYLE_FILL_AREA( #3845 );
#2353 = ORIENTED_EDGE( '', *, *, #3697, .T. );
#2354 = ORIENTED_EDGE( '', *, *, #3846, .T. );
#2355 = ORIENTED_EDGE( '', *, *, #3847, .T. );
#2356 = ORIENTED_EDGE( '', *, *, #3848, .T. );
#2357 = CARTESIAN_POINT( '', ( 1.50000000000000, -3.47263157894737, -1.10000000000000 ) );
#2358 = DIRECTION( '', ( -1.00000000000000, 2.28253088944317E-016, 0.000000000000000 ) );
#2359 = DIRECTION( '', ( -2.28253088944317E-016, -1.00000000000000, 0.000000000000000 ) );
#2360 = SURFACE_STYLE_FILL_AREA( #3849 );
#2361 = ORIENTED_EDGE( '', *, *, #3576, .T. );
#2362 = ORIENTED_EDGE( '', *, *, #3850, .F. );
#2363 = ORIENTED_EDGE( '', *, *, #3851, .T. );
#2364 = ORIENTED_EDGE( '', *, *, #3634, .T. );
#2365 = CARTESIAN_POINT( '', ( 4.33680868994202E-015, -6.47263157894737, -1.10000000000000 ) );
#2366 = DIRECTION( '', ( 0.000000000000000, 1.00000000000000, 0.000000000000000 ) );
#2367 = DIRECTION( '', ( 0.000000000000000, 0.000000000000000, 1.00000000000000 ) );
#2368 = SURFACE_STYLE_FILL_AREA( #3852 );
#2369 = ORIENTED_EDGE( '', *, *, #3853, .T. );
#2370 = ORIENTED_EDGE( '', *, *, #3854, .T. );
#2371 = ORIENTED_EDGE( '', *, *, #3750, .T. );
#2372 = ORIENTED_EDGE( '', *, *, #3686, .T. );
#2373 = ORIENTED_EDGE( '', *, *, #3855, .T. );
#2374 = ORIENTED_EDGE( '', *, *, #3856, .F. );
#2375 = ORIENTED_EDGE( '', *, *, #3857, .F. );
#2376 = ORIENTED_EDGE( '', *, *, #3858, .F. );
#2377 = ORIENTED_EDGE( '', *, *, #3859, .T. );
#2378 = ORIENTED_EDGE( '', *, *, #3707, .T. );
#2379 = ORIENTED_EDGE( '', *, *, #3860, .T. );
#2380 = ORIENTED_EDGE( '', *, *, #3861, .T. );
#2381 = ORIENTED_EDGE( '', *, *, #3790, .T. );
#2382 = ORIENTED_EDGE( '', *, *, #3714, .T. );
#2383 = ORIENTED_EDGE( '', *, *, #3862, .T. );
#2384 = ORIENTED_EDGE( '', *, *, #3617, .T. );
#2385 = ORIENTED_EDGE( '', *, *, #3742, .T. );
#2386 = ORIENTED_EDGE( '', *, *, #3863, .T. );
#2387 = ORIENTED_EDGE( '', *, *, #3864, .T. );
#2388 = ORIENTED_EDGE( '', *, *, #3865, .F. );
#2389 = ORIENTED_EDGE( '', *, *, #3866, .T. );
#2390 = ORIENTED_EDGE( '', *, *, #3867, .T. );
#2391 = ORIENTED_EDGE( '', *, *, #3868, .T. );
#2392 = ORIENTED_EDGE( '', *, *, #3598, .F. );
#2393 = ORIENTED_EDGE( '', *, *, #3869, .F. );
#2394 = ORIENTED_EDGE( '', *, *, #3870, .F. );
#2395 = ORIENTED_EDGE( '', *, *, #3591, .F. );
#2396 = ORIENTED_EDGE( '', *, *, #3871, .T. );
#2397 = ORIENTED_EDGE( '', *, *, #3557, .F. );
#2398 = ORIENTED_EDGE( '', *, *, #3546, .T. );
#2399 = ORIENTED_EDGE( '', *, *, #3812, .T. );
#2400 = ORIENTED_EDGE( '', *, *, #3872, .T. );
#2401 = ORIENTED_EDGE( '', *, *, #3564, .F. );
#2402 = ORIENTED_EDGE( '', *, *, #3873, .F. );
#2403 = CARTESIAN_POINT( '', ( 5.38172598077041E-015, -2.39684210526317, 0.000000000000000 ) );
#2404 = DIRECTION( '', ( 0.000000000000000, 0.000000000000000, 1.00000000000000 ) );
#2405 = DIRECTION( '', ( 1.00000000000000, 0.000000000000000, 0.000000000000000 ) );
#2406 = SURFACE_STYLE_FILL_AREA( #3874 );
#2407 = ORIENTED_EDGE( '', *, *, #3875, .T. );
#2408 = ORIENTED_EDGE( '', *, *, #3876, .T. );
#2409 = ORIENTED_EDGE( '', *, *, #3558, .F. );
#2410 = ORIENTED_EDGE( '', *, *, #3871, .F. );
#2411 = ORIENTED_EDGE( '', *, *, #3594, .F. );
#2412 = ORIENTED_EDGE( '', *, *, #3877, .F. );
#2413 = CARTESIAN_POINT( '', ( 1.90000000000000, 1.10315789473683, 0.000000000000000 ) );
#2414 = DIRECTION( '', ( 0.000000000000000, 1.00000000000000, 0.000000000000000 ) );
#2415 = DIRECTION( '', ( 0.000000000000000, 0.000000000000000, 1.00000000000000 ) );
#2416 = SURFACE_STYLE_FILL_AREA( #3878 );
#2417 = ORIENTED_EDGE( '', *, *, #3672, .F. );
#2418 = ORIENTED_EDGE( '', *, *, #3879, .F. );
#2419 = ORIENTED_EDGE( '', *, *, #3880, .T. );
#2420 = ORIENTED_EDGE( '', *, *, #3881, .T. );
#2421 = CARTESIAN_POINT( '', ( -1.80000000000000, 0.500000000000000, 0.0800000000000071 ) );
#2422 = DIRECTION( '', ( 0.000000000000000, 0.000000000000000, 1.00000000000000 ) );
#2423 = DIRECTION( '', ( 1.00000000000000, 0.000000000000000, 0.000000000000000 ) );
#2424 = SURFACE_STYLE_FILL_AREA( #3882 );
#2425 = ORIENTED_EDGE( '', *, *, #3883, .F. );
#2426 = ORIENTED_EDGE( '', *, *, #3833, .T. );
#2427 = ORIENTED_EDGE( '', *, *, #3884, .T. );
#2428 = ORIENTED_EDGE( '', *, *, #3802, .T. );
#2429 = CARTESIAN_POINT( '', ( -1.60000000000000, -2.25000000000000, 7.12862928409219E-015 ) );
#2430 = DIRECTION( '', ( 0.000000000000000, -1.00000000000000, 0.000000000000000 ) );
#2431 = DIRECTION( '', ( 0.000000000000000, 0.000000000000000, -1.00000000000000 ) );
#2432 = SURFACE_STYLE_FILL_AREA( #3885 );
#2433 = ORIENTED_EDGE( '', *, *, #3863, .F. );
#2434 = ORIENTED_EDGE( '', *, *, #3744, .F. );
#2435 = ORIENTED_EDGE( '', *, *, #3886, .T. );
#2436 = ORIENTED_EDGE( '', *, *, #3887, .T. );
#2437 = CARTESIAN_POINT( '', ( -1.80000000000005, 0.553157894736839, 0.0100000000000000 ) );
#2438 = DIRECTION( '', ( -1.04083408558608E-013, -1.00000000000000, 0.000000000000000 ) );
#2439 = DIRECTION( '', ( 1.00000000000000, -1.04083408558608E-013, 0.000000000000000 ) );
#2440 = SURFACE_STYLE_FILL_AREA( #3888 );
#2441 = ORIENTED_EDGE( '', *, *, #3889, .F. );
#2442 = ORIENTED_EDGE( '', *, *, #3829, .F. );
#2443 = ORIENTED_EDGE( '', *, *, #3890, .F. );
#2444 = ORIENTED_EDGE( '', *, *, #3891, .F. );
#2445 = ORIENTED_EDGE( '', *, *, #3892, .F. );
#2446 = ORIENTED_EDGE( '', *, *, #3552, .F. );
#2447 = CARTESIAN_POINT( '', ( -2.00000000000000, -2.87263157894737, -0.100000000000000 ) );
#2448 = DIRECTION( '', ( 1.00000000000000, 2.44262377228781E-016, 0.000000000000000 ) );
#2449 = DIRECTION( '', ( 2.44262377228781E-016, -1.00000000000000, 0.000000000000000 ) );
#2450 = SURFACE_STYLE_FILL_AREA( #3893 );
#2451 = ORIENTED_EDGE( '', *, *, #3892, .T. );
#2452 = ORIENTED_EDGE( '', *, *, #3894, .F. );
#2453 = ORIENTED_EDGE( '', *, *, #3895, .F. );
#2454 = ORIENTED_EDGE( '', *, *, #3896, .F. );
#2455 = ORIENTED_EDGE( '', *, *, #3897, .T. );
#2456 = ORIENTED_EDGE( '', *, *, #3553, .F. );
#2457 = CARTESIAN_POINT( '', ( -1.90000000000000, -4.77263157894737, -0.100000000000000 ) );
#2458 = DIRECTION( '', ( 2.44262377228781E-016, -1.00000000000000, -1.54886024640786E-016 ) );
#2459 = DIRECTION( '', ( -5.42160251054139E-032, 1.54886024640786E-016, -1.00000000000000 ) );
#2460 = SURFACE_STYLE_FILL_AREA( #3898 );
#2461 = ORIENTED_EDGE( '', *, *, #3899, .F. );
#2462 = ORIENTED_EDGE( '', *, *, #3900, .T. );
#2463 = ORIENTED_EDGE( '', *, *, #3901, .T. );
#2464 = ORIENTED_EDGE( '', *, *, #3902, .F. );
#2465 = ORIENTED_EDGE( '', *, *, #3592, .T. );
#2466 = ORIENTED_EDGE( '', *, *, #3870, .T. );
#2467 = ORIENTED_EDGE( '', *, *, #3903, .F. );
#2468 = ORIENTED_EDGE( '', *, *, #3904, .F. );
#2469 = ORIENTED_EDGE( '', *, *, #3905, .T. );
#2470 = CARTESIAN_POINT( '', ( 2.00000000000000, 1.75315789473683, 1.13000000000000 ) );
#2471 = DIRECTION( '', ( 0.000000000000000, -1.00000000000000, 0.000000000000000 ) );
#2472 = DIRECTION( '', ( 0.000000000000000, 0.000000000000000, -1.00000000000000 ) );
#2473 = SURFACE_STYLE_FILL_AREA( #3906 );
#2474 = ORIENTED_EDGE( '', *, *, #3560, .F. );
#2475 = ORIENTED_EDGE( '', *, *, #3907, .T. );
#2476 = ORIENTED_EDGE( '', *, *, #3908, .T. );
#2477 = ORIENTED_EDGE( '', *, *, #3909, .T. );
#2478 = CARTESIAN_POINT( '', ( 1.90000000000000, 1.10315789473683, 0.760000000000000 ) );
#2479 = DIRECTION( '', ( 0.000000000000000, -8.03112720359633E-017, 1.00000000000000 ) );
#2480 = DIRECTION( '', ( 0.000000000000000, -1.00000000000000, -8.03112720359633E-017 ) );
#2481 = SURFACE_STYLE_FILL_AREA( #3910 );
#2482 = ORIENTED_EDGE( '', *, *, #3766, .T. );
#2483 = ORIENTED_EDGE( '', *, *, #3806, .F. );
#2484 = ORIENTED_EDGE( '', *, *, #3911, .F. );
#2485 = ORIENTED_EDGE( '', *, *, #3730, .T. );
#2486 = CARTESIAN_POINT( '', ( -1.45000000000000, -6.67263157894737, -0.100000000000000 ) );
#2487 = DIRECTION( '', ( -8.36426700595190E-017, -1.00000000000000, 0.000000000000000 ) );
#2488 = DIRECTION( '', ( -1.00000000000000, 8.36426700595190E-017, 0.000000000000000 ) );
#2489 = SURFACE_STYLE_FILL_AREA( #3912 );
#2490 = ORIENTED_EDGE( '', *, *, #3913, .F. );
#2491 = ORIENTED_EDGE( '', *, *, #3914, .F. );
#2492 = ORIENTED_EDGE( '', *, *, #3691, .F. );
#2493 = ORIENTED_EDGE( '', *, *, #3915, .F. );
#2494 = CARTESIAN_POINT( '', ( 1.82000000000000, -6.97263157894737, -1.02000000000000 ) );
#2495 = DIRECTION( '', ( -1.05775821705903E-016, 1.00000000000000, -0.000000000000000 ) );
#2496 = DIRECTION( '', ( 1.00000000000000, 1.05775821705903E-016, 0.000000000000000 ) );
#2497 = SURFACE_STYLE_FILL_AREA( #3916 );
#2498 = ORIENTED_EDGE( '', *, *, #3853, .F. );
#2499 = ORIENTED_EDGE( '', *, *, #3917, .T. );
#2500 = CARTESIAN_POINT( '', ( 3.46944695195362E-015, 1.00315789473684, -0.400000000000000 ) );
#2501 = DIRECTION( '', ( -0.000000000000000, -0.000000000000000, -1.00000000000000 ) );
#2502 = DIRECTION( '', ( 1.00000000000000, 0.000000000000000, 0.000000000000000 ) );
#2503 = SURFACE_STYLE_FILL_AREA( #3918 );
#2504 = ORIENTED_EDGE( '', *, *, #3919, .F. );
#2505 = ORIENTED_EDGE( '', *, *, #3920, .T. );
#2506 = ORIENTED_EDGE( '', *, *, #3921, .T. );
#2507 = ORIENTED_EDGE( '', *, *, #3827, .F. );
#2508 = CARTESIAN_POINT( '', ( -2.00000000000000, -6.97263157894737, -1.20000000000000 ) );
#2509 = DIRECTION( '', ( 0.000000000000000, 0.000000000000000, 1.00000000000000 ) );
#2510 = DIRECTION( '', ( -1.00000000000000, -3.50038198934684E-016, 0.000000000000000 ) );
#2511 = SURFACE_STYLE_FILL_AREA( #3922 );
#2512 = ORIENTED_EDGE( '', *, *, #3923, .F. );
#2513 = ORIENTED_EDGE( '', *, *, #3682, .F. );
#2514 = ORIENTED_EDGE( '', *, *, #3924, .T. );
#2515 = ORIENTED_EDGE( '', *, *, #3925, .T. );
#2516 = CARTESIAN_POINT( '', ( -1.60000000000006, 0.953157894736829, 0.350000000000000 ) );
#2517 = DIRECTION( '', ( -0.768221279597376, 0.640184399664480, 0.000000000000000 ) );
#2518 = DIRECTION( '', ( 0.640184399664480, 0.768221279597376, 0.000000000000000 ) );
#2519 = SURFACE_STYLE_FILL_AREA( #3926 );
#2520 = ORIENTED_EDGE( '', *, *, #3566, .F. );
#2521 = ORIENTED_EDGE( '', *, *, #3927, .F. );
#2522 = ORIENTED_EDGE( '', *, *, #3813, .F. );
#2523 = ORIENTED_EDGE( '', *, *, #3548, .F. );
#2524 = CARTESIAN_POINT( '', ( 2.00000000000000, 0.553157894736860, 0.0100000000000000 ) );
#2525 = DIRECTION( '', ( 0.000000000000000, 0.000000000000000, 1.00000000000000 ) );
#2526 = DIRECTION( '', ( 1.00000000000000, 0.000000000000000, 0.000000000000000 ) );
#2527 = SURFACE_STYLE_FILL_AREA( #3928 );
#2528 = ORIENTED_EDGE( '', *, *, #3695, .F. );
#2529 = ORIENTED_EDGE( '', *, *, #3929, .F. );
#2530 = ORIENTED_EDGE( '', *, *, #3930, .F. );
#2531 = ORIENTED_EDGE( '', *, *, #3931, .F. );
#2532 = CARTESIAN_POINT( '', ( 1.82000000000000, -3.47263157894737, -1.02000000000000 ) );
#2533 = DIRECTION( '', ( 1.32219777132379E-016, 1.00000000000000, -0.000000000000000 ) );
#2534 = DIRECTION( '', ( 1.00000000000000, -1.32219777132379E-016, 0.000000000000000 ) );
#2535 = SURFACE_STYLE_FILL_AREA( #3932 );
#2536 = ORIENTED_EDGE( '', *, *, #3759, .T. );
#2537 = ORIENTED_EDGE( '', *, *, #3933, .T. );
#2538 = ORIENTED_EDGE( '', *, *, #3934, .F. );
#2539 = ORIENTED_EDGE( '', *, *, #3913, .T. );
#2540 = ORIENTED_EDGE( '', *, *, #3935, .F. );
#2541 = ORIENTED_EDGE( '', *, *, #3847, .F. );
#2542 = ORIENTED_EDGE( '', *, *, #3936, .T. );
#2543 = ORIENTED_EDGE( '', *, *, #3930, .T. );
#2544 = ORIENTED_EDGE( '', *, *, #3937, .T. );
#2545 = ORIENTED_EDGE( '', *, *, #3938, .T. );
#2546 = ORIENTED_EDGE( '', *, *, #3939, .F. );
#2547 = ORIENTED_EDGE( '', *, *, #3940, .T. );
#2548 = CARTESIAN_POINT( '', ( 1.00000000000000, -2.87263157894737, -0.100000000000000 ) );
#2549 = DIRECTION( '', ( 0.000000000000000, -1.00000000000000, 0.000000000000000 ) );
#2550 = DIRECTION( '', ( 0.000000000000000, 0.000000000000000, -1.00000000000000 ) );
#2551 = SURFACE_STYLE_FILL_AREA( #3941 );
#2552 = ORIENTED_EDGE( '', *, *, #3942, .T. );
#2553 = ORIENTED_EDGE( '', *, *, #3943, .F. );
#2554 = ORIENTED_EDGE( '', *, *, #3944, .F. );
#2555 = ORIENTED_EDGE( '', *, *, #3684, .T. );
#2556 = CARTESIAN_POINT( '', ( 1.60000000000000, 0.953157894736829, 0.350000000000000 ) );
#2557 = DIRECTION( '', ( 0.768221279597375, 0.640184399664481, 0.000000000000000 ) );
#2558 = DIRECTION( '', ( -0.640184399664481, 0.768221279597375, 0.000000000000000 ) );
#2559 = SURFACE_STYLE_FILL_AREA( #3945 );
#2560 = ORIENTED_EDGE( '', *, *, #3711, .F. );
#2561 = ORIENTED_EDGE( '', *, *, #3946, .F. );
#2562 = ORIENTED_EDGE( '', *, *, #3603, .T. );
#2563 = ORIENTED_EDGE( '', *, *, #3748, .F. );
#2564 = ORIENTED_EDGE( '', *, *, #3947, .T. );
#2565 = CARTESIAN_POINT( '', ( -1.50000000000005, -2.29684210526316, 0.760000000000000 ) );
#2566 = DIRECTION( '', ( -1.00000000000000, -1.28358265957944E-015, -0.000000000000000 ) );
#2567 = DIRECTION( '', ( 0.000000000000000, 0.000000000000000, -1.00000000000000 ) );
#2568 = SURFACE_STYLE_FILL_AREA( #3948 );
#2569 = ORIENTED_EDGE( '', *, *, #3949, .T. );
#2570 = ORIENTED_EDGE( '', *, *, #3839, .T. );
#2571 = ORIENTED_EDGE( '', *, *, #3950, .T. );
#2572 = ORIENTED_EDGE( '', *, *, #3951, .T. );
#2573 = ORIENTED_EDGE( '', *, *, #3952, .T. );
#2574 = ORIENTED_EDGE( '', *, *, #3953, .F. );
#2575 = ORIENTED_EDGE( '', *, *, #3954, .F. );
#2576 = CARTESIAN_POINT( '', ( -1.10000000000000, -2.40622161088070, 0.578982417171311 ) );
#2577 = DIRECTION( '', ( -1.00000000000000, 0.000000000000000, 0.000000000000000 ) );
#2578 = DIRECTION( '', ( 0.000000000000000, 0.000000000000000, 1.00000000000000 ) );
#2579 = SURFACE_STYLE_FILL_AREA( #3955 );
#2580 = ORIENTED_EDGE( '', *, *, #3760, .T. );
#2581 = ORIENTED_EDGE( '', *, *, #3940, .F. );
#2582 = ORIENTED_EDGE( '', *, *, #3956, .F. );
#2583 = ORIENTED_EDGE( '', *, *, #3957, .T. );
#2584 = CARTESIAN_POINT( '', ( 0.700000000000000, -2.57263157894737, -0.100000000000000 ) );
#2585 = DIRECTION( '', ( -0.707106781186548, -0.707106781186547, 0.000000000000000 ) );
#2586 = DIRECTION( '', ( 0.707106781186547, -0.707106781186548, 0.000000000000000 ) );
#2587 = SURFACE_STYLE_FILL_AREA( #3958 );
#2588 = ORIENTED_EDGE( '', *, *, #3897, .F. );
#2589 = ORIENTED_EDGE( '', *, *, #3959, .F. );
#2590 = ORIENTED_EDGE( '', *, *, #3960, .T. );
#2591 = ORIENTED_EDGE( '', *, *, #3623, .T. );
#2592 = ORIENTED_EDGE( '', *, *, #3764, .F. );
#2593 = ORIENTED_EDGE( '', *, *, #3554, .F. );
#2594 = CARTESIAN_POINT( '', ( -1.85000000000000, -4.92263157894737, -0.100000000000000 ) );
#2595 = DIRECTION( '', ( -0.000000000000000, -0.000000000000000, -1.00000000000000 ) );
#2596 = DIRECTION( '', ( -1.00000000000000, -3.50038198934684E-016, 0.000000000000000 ) );
#2597 = SURFACE_STYLE_FILL_AREA( #3961 );
#2598 = ORIENTED_EDGE( '', *, *, #3609, .F. );
#2599 = ORIENTED_EDGE( '', *, *, #3962, .F. );
#2600 = ORIENTED_EDGE( '', *, *, #3963, .F. );
#2601 = ORIENTED_EDGE( '', *, *, #3964, .F. );
#2602 = CARTESIAN_POINT( '', ( 0.675000000000000, -2.29684210526316, 0.760000000000000 ) );
#2603 = DIRECTION( '', ( 0.707106781186548, 0.000000000000000, -0.707106781186548 ) );
#2604 = DIRECTION( '', ( -0.707106781186548, 0.000000000000000, -0.707106781186548 ) );
#2605 = SURFACE_STYLE_FILL_AREA( #3965 );
#2606 = ORIENTED_EDGE( '', *, *, #3933, .F. );
#2607 = ORIENTED_EDGE( '', *, *, #3758, .F. );
#2608 = ORIENTED_EDGE( '', *, *, #3723, .F. );
#2609 = ORIENTED_EDGE( '', *, *, #3966, .F. );
#2610 = ORIENTED_EDGE( '', *, *, #3967, .F. );
#2611 = CARTESIAN_POINT( '', ( 1.82000000000000, -2.87263157894737, -0.180000000000000 ) );
#2612 = DIRECTION( '', ( -1.05775821705903E-016, 1.00000000000000, -0.000000000000000 ) );
#2613 = DIRECTION( '', ( 1.00000000000000, 1.05775821705903E-016, 0.000000000000000 ) );
#2614 = SURFACE_STYLE_FILL_AREA( #3968 );
#2615 = ORIENTED_EDGE( '', *, *, #3969, .T. );
#2616 = ORIENTED_EDGE( '', *, *, #3970, .F. );
#2617 = ORIENTED_EDGE( '', *, *, #3773, .F. );
#2618 = ORIENTED_EDGE( '', *, *, #3971, .T. );
#2619 = ORIENTED_EDGE( '', *, *, #3655, .T. );
#2620 = ORIENTED_EDGE( '', *, *, #3972, .T. );
#2621 = CARTESIAN_POINT( '', ( 2.40000000000000, 0.0500000000000063, 0.355000000000000 ) );
#2622 = DIRECTION( '', ( 0.000000000000000, -1.00000000000000, 0.000000000000000 ) );
#2623 = DIRECTION( '', ( 0.000000000000000, 0.000000000000000, -1.00000000000000 ) );
#2624 = SURFACE_STYLE_FILL_AREA( #3973 );
#2625 = ORIENTED_EDGE( '', *, *, #3696, .T. );
#2626 = ORIENTED_EDGE( '', *, *, #3931, .T. );
#2627 = ORIENTED_EDGE( '', *, *, #3936, .F. );
#2628 = ORIENTED_EDGE( '', *, *, #3846, .F. );
#2629 = CARTESIAN_POINT( '', ( 1.50000000000000, -3.47263157894737, -1.10000000000000 ) );
#2630 = DIRECTION( '', ( 0.000000000000000, 0.000000000000000, -1.00000000000000 ) );
#2631 = DIRECTION( '', ( -1.00000000000000, 0.000000000000000, 0.000000000000000 ) );
#2632 = SURFACE_STYLE_FILL_AREA( #3974 );
#2633 = ORIENTED_EDGE( '', *, *, #3588, .T. );
#2634 = ORIENTED_EDGE( '', *, *, #3975, .F. );
#2635 = ORIENTED_EDGE( '', *, *, #3969, .F. );
#2636 = ORIENTED_EDGE( '', *, *, #3702, .T. );
#2637 = CARTESIAN_POINT( '', ( 1.05000000000000, 0.000000000000000, 0.355000000000000 ) );
#2638 = DIRECTION( '', ( 1.00000000000000, 0.000000000000000, 0.000000000000000 ) );
#2639 = DIRECTION( '', ( 0.000000000000000, 0.000000000000000, -1.00000000000000 ) );
#2640 = SURFACE_STYLE_FILL_AREA( #3976 );
#2641 = ORIENTED_EDGE( '', *, *, #3977, .T. );
#2642 = ORIENTED_EDGE( '', *, *, #3978, .F. );
#2643 = ORIENTED_EDGE( '', *, *, #3979, .F. );
#2644 = ORIENTED_EDGE( '', *, *, #3980, .F. );
#2645 = ORIENTED_EDGE( '', *, *, #3641, .T. );
#2646 = CARTESIAN_POINT( '', ( -1.90000000000005, -0.246842105263171, 0.760000000000000 ) );
#2647 = DIRECTION( '', ( -1.28358265957944E-015, 1.00000000000000, 0.000000000000000 ) );
#2648 = DIRECTION( '', ( 0.000000000000000, 0.000000000000000, 1.00000000000000 ) );
#2649 = SURFACE_STYLE_FILL_AREA( #3981 );
#2650 = ORIENTED_EDGE( '', *, *, #3982, .F. );
#2651 = ORIENTED_EDGE( '', *, *, #3983, .T. );
#2652 = ORIENTED_EDGE( '', *, *, #3984, .T. );
#2653 = ORIENTED_EDGE( '', *, *, #3754, .F. );
#2654 = CARTESIAN_POINT( '', ( -1.50000000000000, -3.47263157894737, -1.10000000000000 ) );
#2655 = DIRECTION( '', ( 0.000000000000000, 0.000000000000000, -1.00000000000000 ) );
#2656 = DIRECTION( '', ( 1.00000000000000, 3.50038198934684E-016, 0.000000000000000 ) );
#2657 = SURFACE_STYLE_FILL_AREA( #3985 );
#2658 = ORIENTED_EDGE( '', *, *, #3854, .F. );
#2659 = ORIENTED_EDGE( '', *, *, #3578, .T. );
#2660 = CARTESIAN_POINT( '', ( 4.77048955893622E-015, -0.996842105263157, -0.400000000000000 ) );
#2661 = DIRECTION( '', ( -0.000000000000000, -0.000000000000000, -1.00000000000000 ) );
#2662 = DIRECTION( '', ( 1.00000000000000, 0.000000000000000, 0.000000000000000 ) );
#2663 = SURFACE_STYLE_FILL_AREA( #3986 );
#2664 = ORIENTED_EDGE( '', *, *, #3917, .F. );
#2665 = ORIENTED_EDGE( '', *, *, #3824, .F. );
#2666 = CARTESIAN_POINT( '', ( 3.46944695195362E-015, 1.00315789473684, -0.250000000000000 ) );
#2667 = DIRECTION( '', ( -0.000000000000000, -0.000000000000000, 1.00000000000000 ) );
#2668 = DIRECTION( '', ( 1.00000000000000, 0.000000000000000, 0.000000000000000 ) );
#2669 = SURFACE_STYLE_FILL_AREA( #3987 );
#2670 = ORIENTED_EDGE( '', *, *, #3673, .F. );
#2671 = ORIENTED_EDGE( '', *, *, #3881, .F. );
#2672 = ORIENTED_EDGE( '', *, *, #3988, .T. );
#2673 = ORIENTED_EDGE( '', *, *, #3613, .T. );
#2674 = CARTESIAN_POINT( '', ( -2.00000000000041, 0.500000000000000, 0.0800000000000071 ) );
#2675 = DIRECTION( '', ( 0.933333333347552, 0.000000000000000, 0.359010987105336 ) );
#2676 = DIRECTION( '', ( 0.359010987105336, 0.000000000000000, -0.933333333347552 ) );
#2677 = SURFACE_STYLE_FILL_AREA( #3989 );
#2678 = ORIENTED_EDGE( '', *, *, #3990, .F. );
#2679 = ORIENTED_EDGE( '', *, *, #3732, .T. );
#2680 = ORIENTED_EDGE( '', *, *, #3991, .F. );
#2681 = ORIENTED_EDGE( '', *, *, #3992, .F. );
#2682 = CARTESIAN_POINT( '', ( 4.33680868994202E-015, -6.79263157894737, -0.180000000000000 ) );
#2683 = DIRECTION( '', ( -1.00000000000000, -0.000000000000000, -0.000000000000000 ) );
#2684 = DIRECTION( '', ( 0.000000000000000, 0.000000000000000, -1.00000000000000 ) );
#2685 = SURFACE_STYLE_FILL_AREA( #3993 );
#2686 = ORIENTED_EDGE( '', *, *, #3659, .T. );
#2687 = ORIENTED_EDGE( '', *, *, #3779, .F. );
#2688 = ORIENTED_EDGE( '', *, *, #3703, .F. );
#2689 = ORIENTED_EDGE( '', *, *, #3972, .F. );
#2690 = CARTESIAN_POINT( '', ( 1.05000000000000, 0.0500000000000063, 0.500000000000000 ) );
#2691 = DIRECTION( '', ( -1.00000000000000, 0.000000000000000, 0.000000000000000 ) );
#2692 = DIRECTION( '', ( 0.000000000000000, 0.000000000000000, 1.00000000000000 ) );
#2693 = SURFACE_STYLE_FILL_AREA( #3994 );
#2694 = ORIENTED_EDGE( '', *, *, #3743, .F. );
#2695 = ORIENTED_EDGE( '', *, *, #3619, .F. );
#2696 = ORIENTED_EDGE( '', *, *, #3995, .F. );
#2697 = ORIENTED_EDGE( '', *, *, #3886, .F. );
#2698 = CARTESIAN_POINT( '', ( -1.80000000000005, 0.0531578947368522, 0.0100000000000000 ) );
#2699 = DIRECTION( '', ( 0.000000000000000, 0.000000000000000, -1.00000000000000 ) );
#2700 = DIRECTION( '', ( -1.00000000000000, 0.000000000000000, 0.000000000000000 ) );
#2701 = SURFACE_STYLE_FILL_AREA( #3996 );
#2702 = ORIENTED_EDGE( '', *, *, #3855, .F. );
#2703 = ORIENTED_EDGE( '', *, *, #3688, .F. );
#2704 = ORIENTED_EDGE( '', *, *, #3583, .T. );
#2705 = ORIENTED_EDGE( '', *, *, #3997, .T. );
#2706 = CARTESIAN_POINT( '', ( 1.10000000000000, -2.19684210526317, 0.0100000000000000 ) );
#2707 = DIRECTION( '', ( 1.00000000000000, 1.08420217248551E-015, 0.000000000000000 ) );
#2708 = DIRECTION( '', ( -1.08420217248551E-015, 1.00000000000000, 0.000000000000000 ) );
#2709 = SURFACE_STYLE_FILL_AREA( #3998 );
#2710 = ORIENTED_EDGE( '', *, *, #3959, .T. );
#2711 = ORIENTED_EDGE( '', *, *, #3896, .T. );
#2712 = ORIENTED_EDGE( '', *, *, #3999, .T. );
#2713 = ORIENTED_EDGE( '', *, *, #4000, .T. );
#2714 = ORIENTED_EDGE( '', *, *, #4001, .T. );
#2715 = CARTESIAN_POINT( '', ( -1.82000000000000, -6.97263157894737, -0.180000000000000 ) );
#2716 = DIRECTION( '', ( 4.82257976067062E-016, -1.00000000000000, -0.000000000000000 ) );
#2717 = DIRECTION( '', ( 1.00000000000000, 4.82257976067062E-016, 0.000000000000000 ) );
#2718 = SURFACE_STYLE_FILL_AREA( #4002 );
#2719 = ORIENTED_EDGE( '', *, *, #3699, .F. );
#2720 = ORIENTED_EDGE( '', *, *, #4003, .T. );
#2721 = CARTESIAN_POINT( '', ( 3.30643715532042E-015, 0.000000000000000, 0.355000000000000 ) );
#2722 = DIRECTION( '', ( -0.000000000000000, -0.000000000000000, 1.00000000000000 ) );
#2723 = DIRECTION( '', ( -1.00000000000000, 0.000000000000000, 0.000000000000000 ) );
#2724 = SURFACE_STYLE_FILL_AREA( #4004 );
#2725 = ORIENTED_EDGE( '', *, *, #4005, .F. );
#2726 = ORIENTED_EDGE( '', *, *, #4006, .F. );
#2727 = ORIENTED_EDGE( '', *, *, #3900, .F. );
#2728 = ORIENTED_EDGE( '', *, *, #4007, .F. );
#2729 = CARTESIAN_POINT( '', ( 1.75000000000000, -2.39684210526317, 1.13000000000000 ) );
#2730 = DIRECTION( '', ( 0.707106781186548, 0.000000000000000, 0.707106781186548 ) );
#2731 = DIRECTION( '', ( 0.707106781186548, 0.000000000000000, -0.707106781186548 ) );
#2732 = SURFACE_STYLE_FILL_AREA( #4008 );
#2733 = ORIENTED_EDGE( '', *, *, #3783, .T. );
#2734 = ORIENTED_EDGE( '', *, *, #4009, .F. );
#2735 = ORIENTED_EDGE( '', *, *, #4010, .F. );
#2736 = ORIENTED_EDGE( '', *, *, #4011, .T. );
#2737 = CARTESIAN_POINT( '', ( 2.23622161086346, 0.500000000000000, 0.471279121031461 ) );
#2738 = DIRECTION( '', ( 0.933333333347547, 0.000000000000000, -0.359010987105348 ) );
#2739 = DIRECTION( '', ( 0.359010987105348, 0.000000000000000, 0.933333333347547 ) );
#2740 = SURFACE_STYLE_FILL_AREA( #4012 );
#2741 = ORIENTED_EDGE( '', *, *, #3708, .F. );
#2742 = ORIENTED_EDGE( '', *, *, #3859, .F. );
#2743 = ORIENTED_EDGE( '', *, *, #4013, .F. );
#2744 = ORIENTED_EDGE( '', *, *, #3820, .T. );
#2745 = ORIENTED_EDGE( '', *, *, #3606, .T. );
#2746 = ORIENTED_EDGE( '', *, *, #4014, .F. );
#2747 = CARTESIAN_POINT( '', ( -0.575000000000049, -2.29684210526316, 0.000000000000000 ) );
#2748 = DIRECTION( '', ( -1.00000000000000, -1.28358265957944E-015, -0.000000000000000 ) );
#2749 = DIRECTION( '', ( 0.000000000000000, 0.000000000000000, -1.00000000000000 ) );
#2750 = SURFACE_STYLE_FILL_AREA( #4015 );
#2751 = ORIENTED_EDGE( '', *, *, #3674, .F. );
#2752 = ORIENTED_EDGE( '', *, *, #3615, .F. );
#2753 = ORIENTED_EDGE( '', *, *, #4016, .T. );
#2754 = ORIENTED_EDGE( '', *, *, #4017, .T. );
#2755 = CARTESIAN_POINT( '', ( -2.23622161086346, 0.500000000000000, 0.471279121031461 ) );
#2756 = DIRECTION( '', ( -0.933333333347547, 0.000000000000000, -0.359010987105348 ) );
#2757 = DIRECTION( '', ( -0.359010987105348, 0.000000000000000, 0.933333333347547 ) );
#2758 = SURFACE_STYLE_FILL_AREA( #4018 );
#2759 = ORIENTED_EDGE( '', *, *, #4019, .T. );
#2760 = ORIENTED_EDGE( '', *, *, #3953, .T. );
#2761 = ORIENTED_EDGE( '', *, *, #4020, .F. );
#2762 = ORIENTED_EDGE( '', *, *, #3662, .T. );
#2763 = CARTESIAN_POINT( '', ( -1.60000000000000, -2.25000000000000, 7.12862928409219E-015 ) );
#2764 = DIRECTION( '', ( 0.000000000000000, -1.00000000000000, 0.000000000000000 ) );
#2765 = DIRECTION( '', ( 0.000000000000000, 0.000000000000000, -1.00000000000000 ) );
#2766 = SURFACE_STYLE_FILL_AREA( #4021 );
#2767 = ORIENTED_EDGE( '', *, *, #3834, .F. );
#2768 = ORIENTED_EDGE( '', *, *, #3883, .T. );
#2769 = ORIENTED_EDGE( '', *, *, #3801, .T. );
#2770 = ORIENTED_EDGE( '', *, *, #4022, .T. );
#2771 = CARTESIAN_POINT( '', ( -1.60000000000000, -2.25000000000000, 7.12862928409219E-015 ) );
#2772 = DIRECTION( '', ( 0.000000000000000, 0.000000000000000, -1.00000000000000 ) );
#2773 = DIRECTION( '', ( -1.00000000000000, 0.000000000000000, 0.000000000000000 ) );
#2774 = SURFACE_STYLE_FILL_AREA( #4023 );
#2775 = ORIENTED_EDGE( '', *, *, #4024, .T. );
#2776 = ORIENTED_EDGE( '', *, *, #3638, .F. );
#2777 = ORIENTED_EDGE( '', *, *, #4025, .F. );
#2778 = ORIENTED_EDGE( '', *, *, #3569, .T. );
#2779 = CARTESIAN_POINT( '', ( 0.550000000000000, -6.87263157894737, -0.690000000000000 ) );
#2780 = DIRECTION( '', ( -0.514495755427527, -3.07761332838122E-016, 0.857492925712544 ) );
#2781 = DIRECTION( '', ( 0.857492925712544, 0.000000000000000, 0.514495755427527 ) );
#2782 = SURFACE_STYLE_FILL_AREA( #4026 );
#2783 = ORIENTED_EDGE( '', *, *, #3762, .F. );
#2784 = ORIENTED_EDGE( '', *, *, #4027, .F. );
#2785 = ORIENTED_EDGE( '', *, *, #4028, .T. );
#2786 = ORIENTED_EDGE( '', *, *, #4029, .T. );
#2787 = CARTESIAN_POINT( '', ( -0.700000000000000, -2.57263157894737, -0.100000000000000 ) );
#2788 = DIRECTION( '', ( 0.707106781186548, -0.707106781186547, 0.000000000000000 ) );
#2789 = DIRECTION( '', ( -0.707106781186547, -0.707106781186548, 0.000000000000000 ) );
#2790 = SURFACE_STYLE_FILL_AREA( #4030 );
#2791 = ORIENTED_EDGE( '', *, *, #3836, .F. );
#2792 = ORIENTED_EDGE( '', *, *, #4031, .F. );
#2793 = ORIENTED_EDGE( '', *, *, #3799, .T. );
#2794 = ORIENTED_EDGE( '', *, *, #4032, .T. );
#2795 = CARTESIAN_POINT( '', ( 1.60000000000000, -2.68622161088070, 0.471279121028623 ) );
#2796 = DIRECTION( '', ( 0.000000000000000, -0.933333333333336, -0.359010987142294 ) );
#2797 = DIRECTION( '', ( 0.000000000000000, 0.359010987142294, -0.933333333333336 ) );
#2798 = SURFACE_STYLE_FILL_AREA( #4033 );
#2799 = ORIENTED_EDGE( '', *, *, #4034, .F. );
#2800 = ORIENTED_EDGE( '', *, *, #4035, .T. );
#2801 = ORIENTED_EDGE( '', *, *, #4036, .F. );
#2802 = ORIENTED_EDGE( '', *, *, #3636, .F. );
#2803 = CARTESIAN_POINT( '', ( 4.33680868994202E-015, -6.79263157894737, -1.02000000000000 ) );
#2804 = DIRECTION( '', ( 1.00000000000000, -0.000000000000000, -0.000000000000000 ) );
#2805 = DIRECTION( '', ( 0.000000000000000, 0.000000000000000, 1.00000000000000 ) );
#2806 = SURFACE_STYLE_FILL_AREA( #4037 );
#2807 = ORIENTED_EDGE( '', *, *, #3769, .F. );
#2808 = ORIENTED_EDGE( '', *, *, #4038, .F. );
#2809 = ORIENTED_EDGE( '', *, *, #4039, .T. );
#2810 = ORIENTED_EDGE( '', *, *, #3816, .T. );
#2811 = CARTESIAN_POINT( '', ( 1.45000000000000, -6.67263157894737, -0.100000000000000 ) );
#2812 = DIRECTION( '', ( 4.33680868994203E-016, -1.00000000000000, 0.000000000000000 ) );
#2813 = DIRECTION( '', ( 1.00000000000000, 4.33680868994203E-016, 0.000000000000000 ) );
#2814 = SURFACE_STYLE_FILL_AREA( #4040 );
#2815 = ORIENTED_EDGE( '', *, *, #3648, .F. );
#2816 = ORIENTED_EDGE( '', *, *, #4041, .F. );
#2817 = CARTESIAN_POINT( '', ( 2.81892564846231E-015, 1.70315789473683, 1.13000000000000 ) );
#2818 = DIRECTION( '', ( -0.000000000000000, 0.000000000000000, -1.00000000000000 ) );
#2819 = DIRECTION( '', ( -1.00000000000000, 0.000000000000000, 0.000000000000000 ) );
#2820 = SURFACE_STYLE_FILL_AREA( #4042 );
#2821 = ORIENTED_EDGE( '', *, *, #3657, .T. );
#2822 = ORIENTED_EDGE( '', *, *, #3630, .T. );
#2823 = ORIENTED_EDGE( '', *, *, #3776, .F. );
#2824 = ORIENTED_EDGE( '', *, *, #3808, .T. );
#2825 = ORIENTED_EDGE( '', *, *, #4043, .F. );
#2826 = ORIENTED_EDGE( '', *, *, #3586, .F. );
#2827 = ORIENTED_EDGE( '', *, *, #3701, .T. );
#2828 = ORIENTED_EDGE( '', *, *, #4044, .F. );
#2829 = CARTESIAN_POINT( '', ( -0.782623792124914, 0.700000000000000, 0.355000000000000 ) );
#2830 = DIRECTION( '', ( 0.000000000000000, 1.00000000000000, 0.000000000000000 ) );
#2831 = DIRECTION( '', ( 0.000000000000000, 0.000000000000000, 1.00000000000000 ) );
#2832 = SURFACE_STYLE_FILL_AREA( #4045 );
#2833 = ORIENTED_EDGE( '', *, *, #3782, .T. );
#2834 = ORIENTED_EDGE( '', *, *, #3795, .F. );
#2835 = ORIENTED_EDGE( '', *, *, #4046, .F. );
#2836 = ORIENTED_EDGE( '', *, *, #4009, .T. );
#2837 = CARTESIAN_POINT( '', ( 2.00000000000000, 0.500000000000000, 0.0800000000000071 ) );
#2838 = DIRECTION( '', ( -0.000000000000000, 1.00000000000000, -0.000000000000000 ) );
#2839 = DIRECTION( '', ( 0.000000000000000, 0.000000000000000, -1.00000000000000 ) );
#2840 = SURFACE_STYLE_FILL_AREA( #4047 );
#2841 = ORIENTED_EDGE( '', *, *, #3761, .T. );
#2842 = ORIENTED_EDGE( '', *, *, #3957, .F. );
#2843 = ORIENTED_EDGE( '', *, *, #4048, .F. );
#2844 = ORIENTED_EDGE( '', *, *, #4027, .T. );
#2845 = CARTESIAN_POINT( '', ( 3.14891410643927E-015, -2.57263157894737, -0.100000000000000 ) );
#2846 = DIRECTION( '', ( 0.000000000000000, -1.00000000000000, 0.000000000000000 ) );
#2847 = DIRECTION( '', ( 0.000000000000000, 0.000000000000000, -1.00000000000000 ) );
#2848 = SURFACE_STYLE_FILL_AREA( #4049 );
#2849 = ORIENTED_EDGE( '', *, *, #3952, .F. );
#2850 = ORIENTED_EDGE( '', *, *, #4050, .T. );
#2851 = ORIENTED_EDGE( '', *, *, #3663, .T. );
#2852 = ORIENTED_EDGE( '', *, *, #4020, .T. );
#2853 = CARTESIAN_POINT( '', ( -1.60000000000000, -2.25000000000000, 7.12862928409219E-015 ) );
#2854 = DIRECTION( '', ( 0.000000000000000, 0.000000000000000, -1.00000000000000 ) );
#2855 = DIRECTION( '', ( -1.00000000000000, 0.000000000000000, 0.000000000000000 ) );
#2856 = SURFACE_STYLE_FILL_AREA( #4051 );
#2857 = ORIENTED_EDGE( '', *, *, #3656, .F. );
#2858 = ORIENTED_EDGE( '', *, *, #3971, .F. );
#2859 = ORIENTED_EDGE( '', *, *, #3777, .T. );
#2860 = ORIENTED_EDGE( '', *, *, #3652, .F. );
#2861 = CARTESIAN_POINT( '', ( 2.10000000000000, 0.350000000000007, 0.355000000000000 ) );
#2862 = DIRECTION( '', ( -0.000000000000000, -0.000000000000000, 1.00000000000000 ) );
#2863 = DIRECTION( '', ( -1.00000000000000, 0.000000000000000, 0.000000000000000 ) );
#2864 = SURFACE_STYLE_FILL_AREA( #4052 );
#2865 = ORIENTED_EDGE( '', *, *, #3901, .F. );
#2866 = ORIENTED_EDGE( '', *, *, #4006, .T. );
#2867 = ORIENTED_EDGE( '', *, *, #4053, .F. );
#2868 = ORIENTED_EDGE( '', *, *, #3908, .F. );
#2869 = ORIENTED_EDGE( '', *, *, #4054, .T. );
#2870 = ORIENTED_EDGE( '', *, *, #3875, .F. );
#2871 = ORIENTED_EDGE( '', *, *, #4055, .F. );
#2872 = CARTESIAN_POINT( '', ( 1.90000000000000, 1.10315789473683, 0.000000000000000 ) );
#2873 = DIRECTION( '', ( -1.00000000000000, 0.000000000000000, 0.000000000000000 ) );
#2874 = DIRECTION( '', ( 0.000000000000000, 0.000000000000000, 1.00000000000000 ) );
#2875 = SURFACE_STYLE_FILL_AREA( #4056 );
#2876 = ORIENTED_EDGE( '', *, *, #3872, .F. );
#2877 = ORIENTED_EDGE( '', *, *, #3814, .F. );
#2878 = ORIENTED_EDGE( '', *, *, #3927, .T. );
#2879 = ORIENTED_EDGE( '', *, *, #3565, .T. );
#2880 = CARTESIAN_POINT( '', ( 2.00000000000000, 0.0531578947368591, 0.0100000000000000 ) );
#2881 = DIRECTION( '', ( -6.93889390390722E-014, 1.00000000000000, 0.000000000000000 ) );
#2882 = DIRECTION( '', ( -1.00000000000000, -6.93889390390722E-014, 0.000000000000000 ) );
#2883 = SURFACE_STYLE_FILL_AREA( #4057 );
#2884 = ORIENTED_EDGE( '', *, *, #4058, .T. );
#2885 = ORIENTED_EDGE( '', *, *, #4059, .F. );
#2886 = ORIENTED_EDGE( '', *, *, #3746, .T. );
#2887 = ORIENTED_EDGE( '', *, *, #3601, .F. );
#2888 = ORIENTED_EDGE( '', *, *, #4060, .T. );
#2889 = CARTESIAN_POINT( '', ( 1.50000000000000, -2.29684210526316, 0.760000000000000 ) );
#2890 = DIRECTION( '', ( 1.00000000000000, 0.000000000000000, 0.000000000000000 ) );
#2891 = DIRECTION( '', ( 0.000000000000000, 0.000000000000000, -1.00000000000000 ) );
#2892 = SURFACE_STYLE_FILL_AREA( #4061 );
#2893 = ORIENTED_EDGE( '', *, *, #4062, .F. );
#2894 = ORIENTED_EDGE( '', *, *, #3920, .F. );
#2895 = ORIENTED_EDGE( '', *, *, #4063, .F. );
#2896 = ORIENTED_EDGE( '', *, *, #3983, .F. );
#2897 = CARTESIAN_POINT( '', ( -1.50000000000000, -3.47263157894737, -1.10000000000000 ) );
#2898 = DIRECTION( '', ( 1.00000000000000, 5.78291287879001E-016, 0.000000000000000 ) );
#2899 = DIRECTION( '', ( 5.78291287879001E-016, -1.00000000000000, 0.000000000000000 ) );
#2900 = SURFACE_STYLE_FILL_AREA( #4064 );
#2901 = ORIENTED_EDGE( '', *, *, #3939, .T. );
#2902 = ORIENTED_EDGE( '', *, *, #4065, .T. );
#2903 = ORIENTED_EDGE( '', *, *, #3726, .T. );
#2904 = ORIENTED_EDGE( '', *, *, #4066, .T. );
#2905 = ORIENTED_EDGE( '', *, *, #3817, .F. );
#2906 = ORIENTED_EDGE( '', *, *, #4039, .F. );
#2907 = ORIENTED_EDGE( '', *, *, #4067, .F. );
#2908 = ORIENTED_EDGE( '', *, *, #3991, .T. );
#2909 = ORIENTED_EDGE( '', *, *, #3731, .T. );
#2910 = ORIENTED_EDGE( '', *, *, #3911, .T. );
#2911 = ORIENTED_EDGE( '', *, *, #3805, .T. );
#2912 = ORIENTED_EDGE( '', *, *, #3624, .F. );
#2913 = ORIENTED_EDGE( '', *, *, #3960, .F. );
#2914 = ORIENTED_EDGE( '', *, *, #4001, .F. );
#2915 = ORIENTED_EDGE( '', *, *, #4068, .F. );
#2916 = ORIENTED_EDGE( '', *, *, #4028, .F. );
#2917 = ORIENTED_EDGE( '', *, *, #4048, .T. );
#2918 = ORIENTED_EDGE( '', *, *, #3956, .T. );
#2919 = CARTESIAN_POINT( '', ( 5.10000000000000, -6.97263157894737, -0.100000000000000 ) );
#2920 = DIRECTION( '', ( 0.000000000000000, 0.000000000000000, -1.00000000000000 ) );
#2921 = DIRECTION( '', ( -1.00000000000000, 0.000000000000000, 0.000000000000000 ) );
#2922 = SURFACE_STYLE_FILL_AREA( #4069 );
#2923 = ORIENTED_EDGE( '', *, *, #4070, .T. );
#2924 = ORIENTED_EDGE( '', *, *, #3735, .F. );
#2925 = ORIENTED_EDGE( '', *, *, #4071, .T. );
#2926 = ORIENTED_EDGE( '', *, *, #4072, .T. );
#2927 = ORIENTED_EDGE( '', *, *, #4073, .T. );
#2928 = ORIENTED_EDGE( '', *, *, #4074, .T. );
#2929 = ORIENTED_EDGE( '', *, *, #3645, .T. );
#2930 = ORIENTED_EDGE( '', *, *, #3632, .F. );
#2931 = ORIENTED_EDGE( '', *, *, #4024, .F. );
#2932 = ORIENTED_EDGE( '', *, *, #3568, .F. );
#2933 = ORIENTED_EDGE( '', *, *, #4075, .F. );
#2934 = ORIENTED_EDGE( '', *, *, #4076, .T. );
#2935 = CARTESIAN_POINT( '', ( 2.00000000000000, -6.97263157894737, -0.100000000000000 ) );
#2936 = DIRECTION( '', ( -4.33680868994202E-016, 1.00000000000000, 0.000000000000000 ) );
#2937 = DIRECTION( '', ( -1.00000000000000, -4.33680868994202E-016, 0.000000000000000 ) );
#2938 = SURFACE_STYLE_FILL_AREA( #4077 );
#2939 = ORIENTED_EDGE( '', *, *, #3858, .T. );
#2940 = ORIENTED_EDGE( '', *, *, #4078, .F. );
#2941 = ORIENTED_EDGE( '', *, *, #3821, .F. );
#2942 = ORIENTED_EDGE( '', *, *, #4013, .T. );
#2943 = CARTESIAN_POINT( '', ( 4.98732999343332E-015, -1.59684210526316, 0.150000000000000 ) );
#2944 = DIRECTION( '', ( 0.000000000000000, 1.00000000000000, 0.000000000000000 ) );
#2945 = DIRECTION( '', ( 0.000000000000000, 0.000000000000000, 1.00000000000000 ) );
#2946 = SURFACE_STYLE_FILL_AREA( #4079 );
#2947 = ORIENTED_EDGE( '', *, *, #3610, .F. );
#2948 = ORIENTED_EDGE( '', *, *, #3964, .T. );
#2949 = ORIENTED_EDGE( '', *, *, #4080, .T. );
#2950 = ORIENTED_EDGE( '', *, *, #4060, .F. );
#2951 = CARTESIAN_POINT( '', ( 0.575000000000000, -2.29684210526316, 0.760000000000000 ) );
#2952 = DIRECTION( '', ( 0.000000000000000, 0.000000000000000, -1.00000000000000 ) );
#2953 = DIRECTION( '', ( -1.00000000000000, 0.000000000000000, 0.000000000000000 ) );
#2954 = SURFACE_STYLE_FILL_AREA( #4081 );
#2955 = ORIENTED_EDGE( '', *, *, #4046, .T. );
#2956 = ORIENTED_EDGE( '', *, *, #3794, .T. );
#2957 = ORIENTED_EDGE( '', *, *, #3844, .T. );
#2958 = ORIENTED_EDGE( '', *, *, #4082, .T. );
#2959 = ORIENTED_EDGE( '', *, *, #4083, .T. );
#2960 = ORIENTED_EDGE( '', *, *, #4084, .T. );
#2961 = ORIENTED_EDGE( '', *, *, #4010, .T. );
#2962 = CARTESIAN_POINT( '', ( 2.00000000000000, 0.500000000000000, 0.0800000000000071 ) );
#2963 = DIRECTION( '', ( 0.000000000000000, -1.00000000000000, 0.000000000000000 ) );
#2964 = DIRECTION( '', ( 0.000000000000000, 0.000000000000000, -1.00000000000000 ) );
#2965 = SURFACE_STYLE_FILL_AREA( #4085 );
#2966 = ORIENTED_EDGE( '', *, *, #3561, .F. );
#2967 = ORIENTED_EDGE( '', *, *, #3909, .F. );
#2968 = ORIENTED_EDGE( '', *, *, #4053, .T. );
#2969 = ORIENTED_EDGE( '', *, *, #4005, .T. );
#2970 = ORIENTED_EDGE( '', *, *, #4086, .T. );
#2971 = CARTESIAN_POINT( '', ( 1.90000000000000, -0.246842105263171, 0.760000000000000 ) );
#2972 = DIRECTION( '', ( 0.000000000000000, 1.00000000000000, 0.000000000000000 ) );
#2973 = DIRECTION( '', ( 0.000000000000000, 0.000000000000000, 1.00000000000000 ) );
#2974 = SURFACE_STYLE_FILL_AREA( #4087 );
#2975 = ORIENTED_EDGE( '', *, *, #4088, .T. );
#2976 = ORIENTED_EDGE( '', *, *, #4089, .T. );
#2977 = ORIENTED_EDGE( '', *, *, #4090, .T. );
#2978 = ORIENTED_EDGE( '', *, *, #3643, .T. );
#2979 = CARTESIAN_POINT( '', ( -1.90000000000005, 1.10315789473683, 0.610000000000000 ) );
#2980 = DIRECTION( '', ( 9.07630002802095E-016, -0.707106781186554, -0.707106781186541 ) );
#2981 = DIRECTION( '', ( -9.07630002802079E-016, 0.707106781186541, -0.707106781186554 ) );
#2982 = SURFACE_STYLE_FILL_AREA( #4091 );
#2983 = ORIENTED_EDGE( '', *, *, #3671, .F. );
#2984 = ORIENTED_EDGE( '', *, *, #3740, .F. );
#2985 = ORIENTED_EDGE( '', *, *, #4092, .T. );
#2986 = ORIENTED_EDGE( '', *, *, #3879, .T. );
#2987 = CARTESIAN_POINT( '', ( -1.80000000000000, 0.500000000000000, 4.55364912443912E-015 ) );
#2988 = DIRECTION( '', ( 1.00000000000000, 0.000000000000000, 0.000000000000000 ) );
#2989 = DIRECTION( '', ( 0.000000000000000, 0.000000000000000, -1.00000000000000 ) );
#2990 = SURFACE_STYLE_FILL_AREA( #4093 );
#2991 = ORIENTED_EDGE( '', *, *, #3835, .F. );
#2992 = ORIENTED_EDGE( '', *, *, #4022, .F. );
#2993 = ORIENTED_EDGE( '', *, *, #3800, .T. );
#2994 = ORIENTED_EDGE( '', *, *, #4031, .T. );
#2995 = CARTESIAN_POINT( '', ( 1.60000000000000, -2.45000000000000, 0.0800000000000071 ) );
#2996 = DIRECTION( '', ( 1.00000000000000, -0.000000000000000, -0.000000000000000 ) );
#2997 = DIRECTION( '', ( 0.000000000000000, 0.000000000000000, 1.00000000000000 ) );
#2998 = SURFACE_STYLE_FILL_AREA( #4094 );
#2999 = ORIENTED_EDGE( '', *, *, #3579, .T. );
#3000 = CARTESIAN_POINT( '', ( 4.77048955893622E-015, -0.996842105263157, -0.400000000000000 ) );
#3001 = DIRECTION( '', ( 0.000000000000000, 0.000000000000000, 1.00000000000000 ) );
#3002 = DIRECTION( '', ( 1.00000000000000, 0.000000000000000, 0.000000000000000 ) );
#3003 = SURFACE_STYLE_FILL_AREA( #4095 );
#3004 = ORIENTED_EDGE( '', *, *, #3851, .F. );
#3005 = ORIENTED_EDGE( '', *, *, #4096, .T. );
#3006 = ORIENTED_EDGE( '', *, *, #4034, .T. );
#3007 = ORIENTED_EDGE( '', *, *, #3635, .F. );
#3008 = CARTESIAN_POINT( '', ( 4.33680868994202E-015, -6.47263157894737, -1.10000000000000 ) );
#3009 = DIRECTION( '', ( 0.000000000000000, 0.000000000000000, -1.00000000000000 ) );
#3010 = DIRECTION( '', ( -1.00000000000000, 0.000000000000000, 0.000000000000000 ) );
#3011 = SURFACE_STYLE_FILL_AREA( #4097 );
#3012 = ORIENTED_EDGE( '', *, *, #4055, .T. );
#3013 = ORIENTED_EDGE( '', *, *, #3877, .T. );
#3014 = ORIENTED_EDGE( '', *, *, #3593, .T. );
#3015 = ORIENTED_EDGE( '', *, *, #3902, .T. );
#3016 = CARTESIAN_POINT( '', ( 1.90000000000000, 1.10315789473683, 0.150000000000000 ) );
#3017 = DIRECTION( '', ( 0.000000000000000, 0.000000000000000, -1.00000000000000 ) );
#3018 = DIRECTION( '', ( -1.00000000000000, 0.000000000000000, 0.000000000000000 ) );
#3019 = SURFACE_STYLE_FILL_AREA( #4098 );
#3020 = ORIENTED_EDGE( '', *, *, #3786, .T. );
#3021 = ORIENTED_EDGE( '', *, *, #4099, .F. );
#3022 = ORIENTED_EDGE( '', *, *, #4082, .F. );
#3023 = ORIENTED_EDGE( '', *, *, #3843, .T. );
#3024 = CARTESIAN_POINT( '', ( 1.80000000000000, 0.500000000000000, 0.0800000000000071 ) );
#3025 = DIRECTION( '', ( 0.000000000000000, 0.000000000000000, 1.00000000000000 ) );
#3026 = DIRECTION( '', ( -1.00000000000000, 0.000000000000000, 0.000000000000000 ) );
#3027 = SURFACE_STYLE_FILL_AREA( #4100 );
#3028 = ORIENTED_EDGE( '', *, *, #4003, .F. );
#3029 = ORIENTED_EDGE( '', *, *, #3810, .F. );
#3030 = ORIENTED_EDGE( '', *, *, #4101, .T. );
#3031 = ORIENTED_EDGE( '', *, *, #4102, .F. );
#3032 = ORIENTED_EDGE( '', *, *, #3975, .T. );
#3033 = ORIENTED_EDGE( '', *, *, #3587, .T. );
#3034 = ORIENTED_EDGE( '', *, *, #4043, .T. );
#3035 = CARTESIAN_POINT( '', ( 3.30643715532042E-015, 0.000000000000000, -0.355000000000000 ) );
#3036 = DIRECTION( '', ( 0.000000000000000, 0.000000000000000, 1.00000000000000 ) );
#3037 = DIRECTION( '', ( -1.00000000000000, 0.000000000000000, 0.000000000000000 ) );
#3038 = SURFACE_STYLE_FILL_AREA( #4103 );
#3039 = ORIENTED_EDGE( '', *, *, #3605, .T. );
#3040 = ORIENTED_EDGE( '', *, *, #4104, .T. );
#3041 = ORIENTED_EDGE( '', *, *, #3709, .T. );
#3042 = ORIENTED_EDGE( '', *, *, #4014, .T. );
#3043 = CARTESIAN_POINT( '', ( -0.675000000000049, -2.29684210526316, 0.760000000000000 ) );
#3044 = DIRECTION( '', ( -0.707106781186548, -9.07630002802086E-016, -0.707106781186548 ) );
#3045 = DIRECTION( '', ( 0.707106781186548, 9.07630002802086E-016, -0.707106781186548 ) );
#3046 = SURFACE_STYLE_FILL_AREA( #4105 );
#3047 = ORIENTED_EDGE( '', *, *, #4071, .F. );
#3048 = ORIENTED_EDGE( '', *, *, #3734, .F. );
#3049 = ORIENTED_EDGE( '', *, *, #4106, .T. );
#3050 = ORIENTED_EDGE( '', *, *, #4107, .T. );
#3051 = CARTESIAN_POINT( '', ( -1.45000000000000, -6.87263157894737, -0.450000000000000 ) );
#3052 = DIRECTION( '', ( 0.000000000000000, 0.000000000000000, 1.00000000000000 ) );
#3053 = DIRECTION( '', ( -1.00000000000000, -3.50038198934684E-016, 0.000000000000000 ) );
#3054 = SURFACE_STYLE_FILL_AREA( #4108 );
#3055 = ORIENTED_EDGE( '', *, *, #3763, .F. );
#3056 = ORIENTED_EDGE( '', *, *, #4029, .F. );
#3057 = ORIENTED_EDGE( '', *, *, #4068, .T. );
#3058 = ORIENTED_EDGE( '', *, *, #4000, .F. );
#3059 = ORIENTED_EDGE( '', *, *, #4109, .F. );
#3060 = ORIENTED_EDGE( '', *, *, #3755, .F. );
#3061 = ORIENTED_EDGE( '', *, *, #3984, .F. );
#3062 = ORIENTED_EDGE( '', *, *, #4063, .T. );
#3063 = ORIENTED_EDGE( '', *, *, #3919, .T. );
#3064 = ORIENTED_EDGE( '', *, *, #3826, .F. );
#3065 = ORIENTED_EDGE( '', *, *, #3889, .T. );
#3066 = ORIENTED_EDGE( '', *, *, #3551, .F. );
#3067 = CARTESIAN_POINT( '', ( -1.00000000000000, -2.87263157894737, -0.100000000000000 ) );
#3068 = DIRECTION( '', ( 3.50038198934684E-016, -1.00000000000000, 0.000000000000000 ) );
#3069 = DIRECTION( '', ( 0.000000000000000, 0.000000000000000, -1.00000000000000 ) );
#3070 = SURFACE_STYLE_FILL_AREA( #4110 );
#3071 = ORIENTED_EDGE( '', *, *, #3891, .T. );
#3072 = ORIENTED_EDGE( '', *, *, #4111, .F. );
#3073 = ORIENTED_EDGE( '', *, *, #4112, .F. );
#3074 = ORIENTED_EDGE( '', *, *, #3894, .T. );
#3075 = CARTESIAN_POINT( '', ( -1.90000000000000, -4.77263157894737, -0.450000000000000 ) );
#3076 = DIRECTION( '', ( 0.000000000000000, 0.000000000000000, -1.00000000000000 ) );
#3077 = DIRECTION( '', ( 1.00000000000000, 3.50038198934684E-016, 0.000000000000000 ) );
#3078 = SURFACE_STYLE_FILL_AREA( #4113 );
#3079 = ORIENTED_EDGE( '', *, *, #4109, .T. );
#3080 = ORIENTED_EDGE( '', *, *, #3999, .F. );
#3081 = ORIENTED_EDGE( '', *, *, #3895, .T. );
#3082 = ORIENTED_EDGE( '', *, *, #4112, .T. );
#3083 = ORIENTED_EDGE( '', *, *, #4114, .T. );
#3084 = ORIENTED_EDGE( '', *, *, #3756, .F. );
#3085 = CARTESIAN_POINT( '', ( -1.90000000000000, -6.97263157894737, -1.20000000000000 ) );
#3086 = DIRECTION( '', ( -1.00000000000000, -4.82257976067062E-016, 0.000000000000000 ) );
#3087 = DIRECTION( '', ( -4.82257976067062E-016, 1.00000000000000, 0.000000000000000 ) );
#3088 = SURFACE_STYLE_FILL_AREA( #4115 );
#3089 = ORIENTED_EDGE( '', *, *, #3887, .F. );
#3090 = ORIENTED_EDGE( '', *, *, #3995, .T. );
#3091 = ORIENTED_EDGE( '', *, *, #3618, .T. );
#3092 = ORIENTED_EDGE( '', *, *, #3862, .F. );
#3093 = ORIENTED_EDGE( '', *, *, #3713, .F. );
#3094 = ORIENTED_EDGE( '', *, *, #4116, .T. );
#3095 = ORIENTED_EDGE( '', *, *, #3977, .F. );
#3096 = ORIENTED_EDGE( '', *, *, #3640, .F. );
#3097 = ORIENTED_EDGE( '', *, *, #4090, .F. );
#3098 = ORIENTED_EDGE( '', *, *, #4117, .F. );
#3099 = ORIENTED_EDGE( '', *, *, #3864, .F. );
#3100 = CARTESIAN_POINT( '', ( -2.00000000000005, -2.39684210526317, 1.13000000000000 ) );
#3101 = DIRECTION( '', ( 1.00000000000000, 1.28358265957944E-015, -0.000000000000000 ) );
#3102 = DIRECTION( '', ( 0.000000000000000, 0.000000000000000, 1.00000000000000 ) );
#3103 = SURFACE_STYLE_FILL_AREA( #4118 );
#3104 = ORIENTED_EDGE( '', *, *, #4119, .T. );
#3105 = ORIENTED_EDGE( '', *, *, #3962, .T. );
#3106 = ORIENTED_EDGE( '', *, *, #3608, .F. );
#3107 = ORIENTED_EDGE( '', *, *, #3822, .F. );
#3108 = ORIENTED_EDGE( '', *, *, #4078, .T. );
#3109 = ORIENTED_EDGE( '', *, *, #3857, .T. );
#3110 = CARTESIAN_POINT( '', ( 0.575000000000000, -2.29684210526316, 0.000000000000000 ) );
#3111 = DIRECTION( '', ( 1.00000000000000, 0.000000000000000, 0.000000000000000 ) );
#3112 = DIRECTION( '', ( 0.000000000000000, 0.000000000000000, -1.00000000000000 ) );
#3113 = SURFACE_STYLE_FILL_AREA( #4120 );
#3114 = ORIENTED_EDGE( '', *, *, #4121, .F. );
#3115 = ORIENTED_EDGE( '', *, *, #4101, .F. );
#3116 = ORIENTED_EDGE( '', *, *, #3809, .F. );
#3117 = CARTESIAN_POINT( '', ( 1.05000000000000, 0.150000000000007, -0.355000000000000 ) );
#3118 = DIRECTION( '', ( 0.000000000000000, 1.00000000000000, 0.000000000000000 ) );
#3119 = DIRECTION( '', ( 0.000000000000000, 0.000000000000000, -1.00000000000000 ) );
#3120 = SURFACE_STYLE_FILL_AREA( #4122 );
#3121 = ORIENTED_EDGE( '', *, *, #3784, .T. );
#3122 = ORIENTED_EDGE( '', *, *, #4011, .F. );
#3123 = ORIENTED_EDGE( '', *, *, #4084, .F. );
#3124 = ORIENTED_EDGE( '', *, *, #4123, .T. );
#3125 = CARTESIAN_POINT( '', ( 2.16155494419535, 0.500000000000000, 0.500000000000007 ) );
#3126 = DIRECTION( '', ( 0.359010987105349, 0.000000000000000, 0.933333333347547 ) );
#3127 = DIRECTION( '', ( -0.933333333347547, 0.000000000000000, 0.359010987105349 ) );
#3128 = SURFACE_STYLE_FILL_AREA( #4124 );
#3129 = ORIENTED_EDGE( '', *, *, #3861, .F. );
#3130 = ORIENTED_EDGE( '', *, *, #4125, .F. );
#3131 = ORIENTED_EDGE( '', *, *, #3679, .T. );
#3132 = ORIENTED_EDGE( '', *, *, #3791, .T. );
#3133 = CARTESIAN_POINT( '', ( -1.10000000000004, -2.19684210526317, 0.0100000000000000 ) );
#3134 = DIRECTION( '', ( 0.000000000000000, -1.00000000000000, 0.000000000000000 ) );
#3135 = DIRECTION( '', ( 0.000000000000000, 0.000000000000000, -1.00000000000000 ) );
#3136 = SURFACE_STYLE_FILL_AREA( #4126 );
#3137 = ORIENTED_EDGE( '', *, *, #3604, .T. );
#3138 = ORIENTED_EDGE( '', *, *, #3946, .T. );
#3139 = ORIENTED_EDGE( '', *, *, #3710, .F. );
#3140 = ORIENTED_EDGE( '', *, *, #4104, .F. );
#3141 = CARTESIAN_POINT( '', ( -0.575000000000049, -2.29684210526316, 0.760000000000000 ) );
#3142 = DIRECTION( '', ( 0.000000000000000, 0.000000000000000, -1.00000000000000 ) );
#3143 = DIRECTION( '', ( 1.00000000000000, 1.28358265957944E-015, 0.000000000000000 ) );
#3144 = SURFACE_STYLE_FILL_AREA( #4127 );
#3145 = ORIENTED_EDGE( '', *, *, #4128, .F. );
#3146 = ORIENTED_EDGE( '', *, *, #3903, .T. );
#3147 = ORIENTED_EDGE( '', *, *, #3869, .T. );
#3148 = ORIENTED_EDGE( '', *, *, #3597, .F. );
#3149 = CARTESIAN_POINT( '', ( 1.00000000000000, 1.75315789473683, 1.13000000000000 ) );
#3150 = DIRECTION( '', ( -0.707106781186546, -0.707106781186549, 0.000000000000000 ) );
#3151 = DIRECTION( '', ( 0.707106781186549, -0.707106781186546, 0.000000000000000 ) );
#3152 = SURFACE_STYLE_FILL_AREA( #4129 );
#3153 = ORIENTED_EDGE( '', *, *, #3950, .F. );
#3154 = ORIENTED_EDGE( '', *, *, #3841, .T. );
#3155 = ORIENTED_EDGE( '', *, *, #3665, .F. );
#3156 = ORIENTED_EDGE( '', *, *, #4130, .F. );
#3157 = CARTESIAN_POINT( '', ( 1.60000000000000, -2.68622161088070, 0.471279121028623 ) );
#3158 = DIRECTION( '', ( 0.000000000000000, -0.933333333333336, -0.359010987142294 ) );
#3159 = DIRECTION( '', ( 0.000000000000000, 0.359010987142294, -0.933333333333336 ) );
#3160 = SURFACE_STYLE_FILL_AREA( #4131 );
#3161 = ORIENTED_EDGE( '', *, *, #3951, .F. );
#3162 = ORIENTED_EDGE( '', *, *, #4130, .T. );
#3163 = ORIENTED_EDGE( '', *, *, #3664, .F. );
#3164 = ORIENTED_EDGE( '', *, *, #4050, .F. );
#3165 = CARTESIAN_POINT( '', ( 1.60000000000000, -2.45000000000000, 0.0800000000000071 ) );
#3166 = DIRECTION( '', ( 1.00000000000000, -0.000000000000000, -0.000000000000000 ) );
#3167 = DIRECTION( '', ( 0.000000000000000, 0.000000000000000, 1.00000000000000 ) );
#3168 = SURFACE_STYLE_FILL_AREA( #4132 );
#3169 = ORIENTED_EDGE( '', *, *, #3937, .F. );
#3170 = ORIENTED_EDGE( '', *, *, #3929, .T. );
#3171 = ORIENTED_EDGE( '', *, *, #3694, .F. );
#3172 = ORIENTED_EDGE( '', *, *, #4133, .F. );
#3173 = ORIENTED_EDGE( '', *, *, #4134, .F. );
#3174 = ORIENTED_EDGE( '', *, *, #4135, .T. );
#3175 = CARTESIAN_POINT( '', ( 1.90000000000000, -6.97263157894737, -1.20000000000000 ) );
#3176 = DIRECTION( '', ( 1.00000000000000, -1.32219777132379E-016, 0.000000000000000 ) );
#3177 = DIRECTION( '', ( 1.32219777132379E-016, 1.00000000000000, 0.000000000000000 ) );
#3178 = SURFACE_STYLE_FILL_AREA( #4136 );
#3179 = ORIENTED_EDGE( '', *, *, #3884, .F. );
#3180 = ORIENTED_EDGE( '', *, *, #3832, .T. );
#3181 = ORIENTED_EDGE( '', *, *, #4137, .F. );
#3182 = ORIENTED_EDGE( '', *, *, #3803, .T. );
#3183 = CARTESIAN_POINT( '', ( -1.60000000000000, -2.25000000000000, 0.0800000000000071 ) );
#3184 = DIRECTION( '', ( 0.000000000000000, 0.000000000000000, -1.00000000000000 ) );
#3185 = DIRECTION( '', ( -1.00000000000000, 0.000000000000000, 0.000000000000000 ) );
#3186 = SURFACE_STYLE_FILL_AREA( #4138 );
#3187 = ORIENTED_EDGE( '', *, *, #3771, .T. );
#3188 = ORIENTED_EDGE( '', *, *, #3818, .F. );
#3189 = ORIENTED_EDGE( '', *, *, #4066, .F. );
#3190 = ORIENTED_EDGE( '', *, *, #3725, .T. );
#3191 = CARTESIAN_POINT( '', ( 1.85000000000000, -5.07263157894737, -0.100000000000000 ) );
#3192 = DIRECTION( '', ( 0.000000000000000, -1.00000000000000, 0.000000000000000 ) );
#3193 = DIRECTION( '', ( 0.000000000000000, 0.000000000000000, -1.00000000000000 ) );
#3194 = SURFACE_STYLE_FILL_AREA( #4139 );
#3195 = ORIENTED_EDGE( '', *, *, #3751, .T. );
#3196 = ORIENTED_EDGE( '', *, *, #3873, .T. );
#3197 = ORIENTED_EDGE( '', *, *, #3563, .F. );
#3198 = ORIENTED_EDGE( '', *, *, #4140, .F. );
#3199 = ORIENTED_EDGE( '', *, *, #4058, .F. );
#3200 = ORIENTED_EDGE( '', *, *, #4080, .F. );
#3201 = ORIENTED_EDGE( '', *, *, #3963, .T. );
#3202 = ORIENTED_EDGE( '', *, *, #4119, .F. );
#3203 = ORIENTED_EDGE( '', *, *, #3856, .T. );
#3204 = ORIENTED_EDGE( '', *, *, #3997, .F. );
#3205 = ORIENTED_EDGE( '', *, *, #3582, .T. );
#3206 = CARTESIAN_POINT( '', ( 5.38172598077041E-015, -2.39684210526317, 1.13000000000000 ) );
#3207 = DIRECTION( '', ( 0.000000000000000, 1.00000000000000, 0.000000000000000 ) );
#3208 = DIRECTION( '', ( 0.000000000000000, 0.000000000000000, 1.00000000000000 ) );
#3209 = SURFACE_STYLE_FILL_AREA( #4141 );
#3210 = ORIENTED_EDGE( '', *, *, #4075, .T. );
#3211 = ORIENTED_EDGE( '', *, *, #3571, .F. );
#3212 = ORIENTED_EDGE( '', *, *, #4142, .F. );
#3213 = ORIENTED_EDGE( '', *, *, #4143, .T. );
#3214 = CARTESIAN_POINT( '', ( 1.45000000000000, -6.87263157894737, -0.450000000000000 ) );
#3215 = DIRECTION( '', ( 0.000000000000000, 0.000000000000000, 1.00000000000000 ) );
#3216 = DIRECTION( '', ( 1.00000000000000, 0.000000000000000, 0.000000000000000 ) );
#3217 = SURFACE_STYLE_FILL_AREA( #4144 );
#3218 = ORIENTED_EDGE( '', *, *, #4145, .F. );
#3219 = ORIENTED_EDGE( '', *, *, #3925, .F. );
#3220 = ORIENTED_EDGE( '', *, *, #4146, .T. );
#3221 = ORIENTED_EDGE( '', *, *, #4147, .T. );
#3222 = CARTESIAN_POINT( '', ( -1.10000000000005, 1.55315789473684, 0.350000000000000 ) );
#3223 = DIRECTION( '', ( -1.00000000000000, -1.62239583848116E-015, 0.000000000000000 ) );
#3224 = DIRECTION( '', ( -1.62239583848116E-015, 1.00000000000000, 0.000000000000000 ) );
#3225 = SURFACE_STYLE_FILL_AREA( #4148 );
#3226 = ORIENTED_EDGE( '', *, *, #3768, .F. );
#3227 = ORIENTED_EDGE( '', *, *, #4149, .T. );
#3228 = ORIENTED_EDGE( '', *, *, #4076, .F. );
#3229 = ORIENTED_EDGE( '', *, *, #4143, .F. );
#3230 = ORIENTED_EDGE( '', *, *, #4150, .T. );
#3231 = ORIENTED_EDGE( '', *, *, #3992, .T. );
#3232 = ORIENTED_EDGE( '', *, *, #4067, .T. );
#3233 = ORIENTED_EDGE( '', *, *, #4038, .T. );
#3234 = CARTESIAN_POINT( '', ( 1.45000000000000, -6.97263157894737, -1.20000000000000 ) );
#3235 = DIRECTION( '', ( -1.00000000000000, 0.000000000000000, 0.000000000000000 ) );
#3236 = DIRECTION( '', ( 0.000000000000000, 0.000000000000000, 1.00000000000000 ) );
#3237 = SURFACE_STYLE_FILL_AREA( #4151 );
#3238 = ORIENTED_EDGE( '', *, *, #4149, .F. );
#3239 = ORIENTED_EDGE( '', *, *, #3767, .F. );
#3240 = ORIENTED_EDGE( '', *, *, #3736, .T. );
#3241 = ORIENTED_EDGE( '', *, *, #4070, .F. );
#3242 = CARTESIAN_POINT( '', ( 2.00000000000000, -6.79263157894737, -0.180000000000000 ) );
#3243 = DIRECTION( '', ( 1.00000000000000, 4.33680868994202E-016, -0.000000000000000 ) );
#3244 = DIRECTION( '', ( 4.33680868994202E-016, -1.00000000000000, 0.000000000000000 ) );
#3245 = SURFACE_STYLE_FILL_AREA( #4152 );
#3246 = ORIENTED_EDGE( '', *, *, #3774, .F. );
#3247 = ORIENTED_EDGE( '', *, *, #3970, .T. );
#3248 = ORIENTED_EDGE( '', *, *, #4102, .T. );
#3249 = ORIENTED_EDGE( '', *, *, #4121, .T. );
#3250 = CARTESIAN_POINT( '', ( 1.05000000000000, 0.0500000000000063, -0.500000000000000 ) );
#3251 = DIRECTION( '', ( -1.00000000000000, 0.000000000000000, 0.000000000000000 ) );
#3252 = DIRECTION( '', ( 0.000000000000000, 0.000000000000000, -1.00000000000000 ) );
#3253 = SURFACE_STYLE_FILL_AREA( #4153 );
#3254 = ORIENTED_EDGE( '', *, *, #4154, .F. );
#3255 = ORIENTED_EDGE( '', *, *, #4155, .F. );
#3256 = ORIENTED_EDGE( '', *, *, #4133, .T. );
#3257 = ORIENTED_EDGE( '', *, *, #3693, .T. );
#3258 = CARTESIAN_POINT( '', ( 1.90000000000000, -4.77263157894737, -0.450000000000000 ) );
#3259 = DIRECTION( '', ( 0.000000000000000, 0.000000000000000, -1.00000000000000 ) );
#3260 = DIRECTION( '', ( -1.00000000000000, 0.000000000000000, 0.000000000000000 ) );
#3261 = SURFACE_STYLE_FILL_AREA( #4156 );
#3262 = ORIENTED_EDGE( '', *, *, #3934, .T. );
#3263 = ORIENTED_EDGE( '', *, *, #3967, .T. );
#3264 = ORIENTED_EDGE( '', *, *, #4157, .T. );
#3265 = ORIENTED_EDGE( '', *, *, #4154, .T. );
#3266 = ORIENTED_EDGE( '', *, *, #3692, .T. );
#3267 = ORIENTED_EDGE( '', *, *, #3914, .T. );
#3268 = CARTESIAN_POINT( '', ( 2.00000000000000, -2.87263157894737, -0.100000000000000 ) );
#3269 = DIRECTION( '', ( -1.00000000000000, -1.05775821705903E-016, 0.000000000000000 ) );
#3270 = DIRECTION( '', ( 1.05775821705903E-016, -1.00000000000000, 0.000000000000000 ) );
#3271 = SURFACE_STYLE_FILL_AREA( #4158 );
#3272 = ORIENTED_EDGE( '', *, *, #3866, .F. );
#3273 = ORIENTED_EDGE( '', *, *, #4159, .F. );
#3274 = ORIENTED_EDGE( '', *, *, #3719, .T. );
#3275 = ORIENTED_EDGE( '', *, *, #4160, .T. );
#3276 = CARTESIAN_POINT( '', ( -1.25000000000005, 1.10315789473683, 0.150000000000000 ) );
#3277 = DIRECTION( '', ( 1.00000000000000, 1.36698282669371E-015, 0.000000000000000 ) );
#3278 = DIRECTION( '', ( 1.36698282669371E-015, -1.00000000000000, 0.000000000000000 ) );
#3279 = SURFACE_STYLE_FILL_AREA( #4161 );
#3280 = ORIENTED_EDGE( '', *, *, #3921, .F. );
#3281 = ORIENTED_EDGE( '', *, *, #4062, .T. );
#3282 = ORIENTED_EDGE( '', *, *, #3982, .T. );
#3283 = ORIENTED_EDGE( '', *, *, #3753, .F. );
#3284 = ORIENTED_EDGE( '', *, *, #4114, .F. );
#3285 = ORIENTED_EDGE( '', *, *, #4111, .T. );
#3286 = ORIENTED_EDGE( '', *, *, #3890, .T. );
#3287 = ORIENTED_EDGE( '', *, *, #3828, .F. );
#3288 = CARTESIAN_POINT( '', ( -1.90000000000000, -3.47263157894737, -0.450000000000000 ) );
#3289 = DIRECTION( '', ( 2.44262377228781E-016, -1.00000000000000, 0.000000000000000 ) );
#3290 = DIRECTION( '', ( -1.00000000000000, -2.44262377228781E-016, 0.000000000000000 ) );
#3291 = SURFACE_STYLE_FILL_AREA( #4162 );
#3292 = ORIENTED_EDGE( '', *, *, #4163, .T. );
#3293 = ORIENTED_EDGE( '', *, *, #3599, .T. );
#3294 = ORIENTED_EDGE( '', *, *, #3868, .F. );
#3295 = ORIENTED_EDGE( '', *, *, #4164, .F. );
#3296 = CARTESIAN_POINT( '', ( -1.00000000000005, 1.75315789473683, 1.13000000000000 ) );
#3297 = DIRECTION( '', ( 0.707106781186547, -0.707106781186548, 0.000000000000000 ) );
#3298 = DIRECTION( '', ( -0.707106781186548, -0.707106781186547, 0.000000000000000 ) );
#3299 = SURFACE_STYLE_FILL_AREA( #4165 );
#3300 = ORIENTED_EDGE( '', *, *, #3949, .F. );
#3301 = ORIENTED_EDGE( '', *, *, #4166, .T. );
#3302 = ORIENTED_EDGE( '', *, *, #3667, .F. );
#3303 = ORIENTED_EDGE( '', *, *, #3840, .F. );
#3304 = CARTESIAN_POINT( '', ( 1.60000000000000, -2.45000000000000, 0.0800000000000071 ) );
#3305 = DIRECTION( '', ( 0.000000000000000, 0.933333333333333, 0.359010987142301 ) );
#3306 = DIRECTION( '', ( 0.000000000000000, -0.359010987142301, 0.933333333333333 ) );
#3307 = SURFACE_STYLE_FILL_AREA( #4167 );
#3308 = ORIENTED_EDGE( '', *, *, #4073, .F. );
#3309 = ORIENTED_EDGE( '', *, *, #4168, .F. );
#3310 = ORIENTED_EDGE( '', *, *, #4169, .T. );
#3311 = ORIENTED_EDGE( '', *, *, #4170, .T. );
#3312 = CARTESIAN_POINT( '', ( -0.550000000000000, -6.87263157894737, -0.690000000000000 ) );
#3313 = DIRECTION( '', ( 0.514495755427527, -1.27668165248731E-016, 0.857492925712544 ) );
#3314 = DIRECTION( '', ( -0.857492925712544, -3.00155279315651E-016, 0.514495755427527 ) );
#3315 = SURFACE_STYLE_FILL_AREA( #4171 );
#3316 = ORIENTED_EDGE( '', *, *, #3727, .F. );
#3317 = ORIENTED_EDGE( '', *, *, #4065, .F. );
#3318 = ORIENTED_EDGE( '', *, *, #3938, .F. );
#3319 = ORIENTED_EDGE( '', *, *, #4135, .F. );
#3320 = ORIENTED_EDGE( '', *, *, #4172, .F. );
#3321 = CARTESIAN_POINT( '', ( 1.82000000000000, -6.97263157894737, -0.180000000000000 ) );
#3322 = DIRECTION( '', ( -1.32219777132379E-016, -1.00000000000000, -0.000000000000000 ) );
#3323 = DIRECTION( '', ( -1.00000000000000, 1.32219777132379E-016, 0.000000000000000 ) );
#3324 = SURFACE_STYLE_FILL_AREA( #4173 );
#3325 = ORIENTED_EDGE( '', *, *, #3979, .T. );
#3326 = ORIENTED_EDGE( '', *, *, #4174, .T. );
#3327 = ORIENTED_EDGE( '', *, *, #4175, .T. );
#3328 = ORIENTED_EDGE( '', *, *, #4176, .T. );
#3329 = CARTESIAN_POINT( '', ( -1.75000000000005, -2.39684210526317, 1.13000000000000 ) );
#3330 = DIRECTION( '', ( -0.707106781186548, -9.07630002802086E-016, 0.707106781186548 ) );
#3331 = DIRECTION( '', ( -0.707106781186548, -9.07630002802086E-016, -0.707106781186548 ) );
#3332 = SURFACE_STYLE_FILL_AREA( #4177 );
#3333 = ORIENTED_EDGE( '', *, *, #4166, .F. );
#3334 = ORIENTED_EDGE( '', *, *, #3954, .T. );
#3335 = ORIENTED_EDGE( '', *, *, #4019, .F. );
#3336 = ORIENTED_EDGE( '', *, *, #3661, .F. );
#3337 = CARTESIAN_POINT( '', ( -1.60000000000000, -2.25000000000000, 0.0800000000000071 ) );
#3338 = DIRECTION( '', ( 0.000000000000000, 0.000000000000000, -1.00000000000000 ) );
#3339 = DIRECTION( '', ( -1.00000000000000, 0.000000000000000, 0.000000000000000 ) );
#3340 = SURFACE_STYLE_FILL_AREA( #4178 );
#3341 = ORIENTED_EDGE( '', *, *, #3637, .T. );
#3342 = ORIENTED_EDGE( '', *, *, #4036, .T. );
#3343 = ORIENTED_EDGE( '', *, *, #4179, .F. );
#3344 = ORIENTED_EDGE( '', *, *, #4169, .F. );
#3345 = ORIENTED_EDGE( '', *, *, #4180, .F. );
#3346 = ORIENTED_EDGE( '', *, *, #4106, .F. );
#3347 = ORIENTED_EDGE( '', *, *, #3733, .T. );
#3348 = ORIENTED_EDGE( '', *, *, #3990, .T. );
#3349 = ORIENTED_EDGE( '', *, *, #4150, .F. );
#3350 = ORIENTED_EDGE( '', *, *, #4142, .T. );
#3351 = ORIENTED_EDGE( '', *, *, #3570, .T. );
#3352 = ORIENTED_EDGE( '', *, *, #4025, .T. );
#3353 = CARTESIAN_POINT( '', ( 4.33680868994202E-015, -6.87263157894737, -1.20000000000000 ) );
#3354 = DIRECTION( '', ( 0.000000000000000, -1.00000000000000, 0.000000000000000 ) );
#3355 = DIRECTION( '', ( 0.000000000000000, 0.000000000000000, -1.00000000000000 ) );
#3356 = SURFACE_STYLE_FILL_AREA( #4181 );
#3357 = ORIENTED_EDGE( '', *, *, #4041, .T. );
#3358 = CARTESIAN_POINT( '', ( 2.81892564846231E-015, 1.70315789473683, 1.13000000000000 ) );
#3359 = DIRECTION( '', ( 0.000000000000000, 0.000000000000000, 1.00000000000000 ) );
#3360 = DIRECTION( '', ( 1.00000000000000, 0.000000000000000, 0.000000000000000 ) );
#3361 = SURFACE_STYLE_FILL_AREA( #4182 );
#3362 = ORIENTED_EDGE( '', *, *, #3837, .T. );
#3363 = ORIENTED_EDGE( '', *, *, #4032, .F. );
#3364 = ORIENTED_EDGE( '', *, *, #3798, .T. );
#3365 = ORIENTED_EDGE( '', *, *, #4183, .T. );
#3366 = CARTESIAN_POINT( '', ( 1.60000000000000, -2.61155494421403, 0.500000000000007 ) );
#3367 = DIRECTION( '', ( 0.000000000000000, -0.359010987142301, 0.933333333333333 ) );
#3368 = DIRECTION( '', ( 0.000000000000000, -0.933333333333333, -0.359010987142301 ) );
#3369 = SURFACE_STYLE_FILL_AREA( #4184 );
#3370 = ORIENTED_EDGE( '', *, *, #3785, .T. );
#3371 = ORIENTED_EDGE( '', *, *, #4123, .F. );
#3372 = ORIENTED_EDGE( '', *, *, #4083, .F. );
#3373 = ORIENTED_EDGE( '', *, *, #4099, .T. );
#3374 = CARTESIAN_POINT( '', ( 2.00000000000041, 0.500000000000000, 0.0800000000000071 ) );
#3375 = DIRECTION( '', ( -0.933333333347552, 0.000000000000000, 0.359010987105336 ) );
#3376 = DIRECTION( '', ( -0.359010987105336, 0.000000000000000, -0.933333333347552 ) );
#3377 = SURFACE_STYLE_FILL_AREA( #4185 );
#3378 = ORIENTED_EDGE( '', *, *, #3942, .F. );
#3379 = ORIENTED_EDGE( '', *, *, #3683, .F. );
#3380 = ORIENTED_EDGE( '', *, *, #3923, .T. );
#3381 = ORIENTED_EDGE( '', *, *, #4145, .T. );
#3382 = ORIENTED_EDGE( '', *, *, #4186, .F. );
#3383 = ORIENTED_EDGE( '', *, *, #4174, .F. );
#3384 = ORIENTED_EDGE( '', *, *, #3978, .T. );
#3385 = ORIENTED_EDGE( '', *, *, #4116, .F. );
#3386 = ORIENTED_EDGE( '', *, *, #3712, .F. );
#3387 = ORIENTED_EDGE( '', *, *, #3947, .F. );
#3388 = ORIENTED_EDGE( '', *, *, #3747, .T. );
#3389 = ORIENTED_EDGE( '', *, *, #4059, .T. );
#3390 = ORIENTED_EDGE( '', *, *, #4140, .T. );
#3391 = ORIENTED_EDGE( '', *, *, #3562, .T. );
#3392 = ORIENTED_EDGE( '', *, *, #4086, .F. );
#3393 = ORIENTED_EDGE( '', *, *, #4007, .T. );
#3394 = ORIENTED_EDGE( '', *, *, #3899, .T. );
#3395 = ORIENTED_EDGE( '', *, *, #4187, .F. );
#3396 = CARTESIAN_POINT( '', ( 5.38172598077041E-015, -2.39684210526317, 1.13000000000000 ) );
#3397 = DIRECTION( '', ( 0.000000000000000, 0.000000000000000, 1.00000000000000 ) );
#3398 = DIRECTION( '', ( 1.00000000000000, 0.000000000000000, 0.000000000000000 ) );
#3399 = SURFACE_STYLE_FILL_AREA( #4188 );
#3400 = ORIENTED_EDGE( '', *, *, #4189, .F. );
#3401 = ORIENTED_EDGE( '', *, *, #4016, .F. );
#3402 = ORIENTED_EDGE( '', *, *, #3614, .F. );
#3403 = ORIENTED_EDGE( '', *, *, #3988, .F. );
#3404 = ORIENTED_EDGE( '', *, *, #3880, .F. );
#3405 = ORIENTED_EDGE( '', *, *, #4092, .F. );
#3406 = ORIENTED_EDGE( '', *, *, #3739, .F. );
#3407 = CARTESIAN_POINT( '', ( -2.00000000000000, 0.500000000000000, 0.0800000000000071 ) );
#3408 = DIRECTION( '', ( 0.000000000000000, -1.00000000000000, 0.000000000000000 ) );
#3409 = DIRECTION( '', ( 0.000000000000000, 0.000000000000000, -1.00000000000000 ) );
#3410 = SURFACE_STYLE_FILL_AREA( #4190 );
#3411 = ORIENTED_EDGE( '', *, *, #4191, .T. );
#3412 = ORIENTED_EDGE( '', *, *, #3717, .T. );
#3413 = ORIENTED_EDGE( '', *, *, #4192, .T. );
#3414 = ORIENTED_EDGE( '', *, *, #4088, .F. );
#3415 = ORIENTED_EDGE( '', *, *, #3642, .T. );
#3416 = ORIENTED_EDGE( '', *, *, #3980, .T. );
#3417 = ORIENTED_EDGE( '', *, *, #4176, .F. );
#3418 = CARTESIAN_POINT( '', ( -1.90000000000005, 1.10315789473683, 0.000000000000000 ) );
#3419 = DIRECTION( '', ( 1.00000000000000, 1.28358265957944E-015, -0.000000000000000 ) );
#3420 = DIRECTION( '', ( 0.000000000000000, 0.000000000000000, 1.00000000000000 ) );
#3421 = SURFACE_STYLE_FILL_AREA( #4193 );
#3422 = ORIENTED_EDGE( '', *, *, #4186, .T. );
#3423 = ORIENTED_EDGE( '', *, *, #4147, .F. );
#3424 = ORIENTED_EDGE( '', *, *, #4194, .T. );
#3425 = ORIENTED_EDGE( '', *, *, #4164, .T. );
#3426 = ORIENTED_EDGE( '', *, *, #3867, .F. );
#3427 = ORIENTED_EDGE( '', *, *, #4160, .F. );
#3428 = ORIENTED_EDGE( '', *, *, #3718, .T. );
#3429 = ORIENTED_EDGE( '', *, *, #4191, .F. );
#3430 = ORIENTED_EDGE( '', *, *, #4175, .F. );
#3431 = CARTESIAN_POINT( '', ( -2.00000000000005, 1.75315789473683, 1.13000000000000 ) );
#3432 = DIRECTION( '', ( 1.28358265957944E-015, -1.00000000000000, 0.000000000000000 ) );
#3433 = DIRECTION( '', ( 0.000000000000000, 0.000000000000000, -1.00000000000000 ) );
#3434 = SURFACE_STYLE_FILL_AREA( #4195 );
#3435 = ORIENTED_EDGE( '', *, *, #3860, .F. );
#3436 = ORIENTED_EDGE( '', *, *, #3706, .F. );
#3437 = ORIENTED_EDGE( '', *, *, #3676, .T. );
#3438 = ORIENTED_EDGE( '', *, *, #4125, .T. );
#3439 = CARTESIAN_POINT( '', ( -1.10000000000004, -2.39684210526317, 0.0100000000000000 ) );
#3440 = DIRECTION( '', ( -1.00000000000000, -1.08420217248555E-015, 0.000000000000000 ) );
#3441 = DIRECTION( '', ( 1.08420217248555E-015, -1.00000000000000, 0.000000000000000 ) );
#3442 = SURFACE_STYLE_FILL_AREA( #4196 );
#3443 = ORIENTED_EDGE( '', *, *, #3669, .F. );
#3444 = ORIENTED_EDGE( '', *, *, #4017, .F. );
#3445 = ORIENTED_EDGE( '', *, *, #4189, .T. );
#3446 = ORIENTED_EDGE( '', *, *, #3738, .T. );
#3447 = CARTESIAN_POINT( '', ( -2.00000000000000, 0.500000000000000, 0.0800000000000071 ) );
#3448 = DIRECTION( '', ( -0.000000000000000, 1.00000000000000, -0.000000000000000 ) );
#3449 = DIRECTION( '', ( 0.000000000000000, 0.000000000000000, -1.00000000000000 ) );
#3450 = SURFACE_STYLE_FILL_AREA( #4197 );
#3451 = ORIENTED_EDGE( '', *, *, #4157, .F. );
#3452 = ORIENTED_EDGE( '', *, *, #3966, .T. );
#3453 = ORIENTED_EDGE( '', *, *, #3722, .F. );
#3454 = ORIENTED_EDGE( '', *, *, #4172, .T. );
#3455 = ORIENTED_EDGE( '', *, *, #4134, .T. );
#3456 = ORIENTED_EDGE( '', *, *, #4155, .T. );
#3457 = CARTESIAN_POINT( '', ( 1.90000000000000, -4.77263157894737, -0.100000000000000 ) );
#3458 = DIRECTION( '', ( 1.05775821705903E-016, -1.00000000000000, -1.54886024640786E-016 ) );
#3459 = DIRECTION( '', ( 0.000000000000000, 1.54886024640786E-016, -1.00000000000000 ) );
#3460 = SURFACE_STYLE_FILL_AREA( #4198 );
#3461 = ORIENTED_EDGE( '', *, *, #3831, .F. );
#3462 = ORIENTED_EDGE( '', *, *, #4183, .F. );
#3463 = ORIENTED_EDGE( '', *, *, #3797, .T. );
#3464 = ORIENTED_EDGE( '', *, *, #4137, .T. );
#3465 = CARTESIAN_POINT( '', ( 1.60000000000000, -2.45000000000000, 0.0800000000000071 ) );
#3466 = DIRECTION( '', ( 0.000000000000000, 0.933333333333333, 0.359010987142301 ) );
#3467 = DIRECTION( '', ( 0.000000000000000, -0.359010987142301, 0.933333333333333 ) );
#3468 = SURFACE_STYLE_FILL_AREA( #4199 );
#3469 = ORIENTED_EDGE( '', *, *, #3935, .T. );
#3470 = ORIENTED_EDGE( '', *, *, #3915, .T. );
#3471 = ORIENTED_EDGE( '', *, *, #3690, .F. );
#3472 = ORIENTED_EDGE( '', *, *, #3848, .F. );
#3473 = CARTESIAN_POINT( '', ( 2.00000000000000, -6.97263157894737, -1.20000000000000 ) );
#3474 = DIRECTION( '', ( 0.000000000000000, 0.000000000000000, 1.00000000000000 ) );
#3475 = DIRECTION( '', ( 1.00000000000000, 0.000000000000000, 0.000000000000000 ) );
#3476 = SURFACE_STYLE_FILL_AREA( #4200 );
#3477 = ORIENTED_EDGE( '', *, *, #4187, .T. );
#3478 = ORIENTED_EDGE( '', *, *, #3905, .F. );
#3479 = ORIENTED_EDGE( '', *, *, #4201, .F. );
#3480 = ORIENTED_EDGE( '', *, *, #3943, .T. );
#3481 = CARTESIAN_POINT( '', ( 1.10000000000000, 1.55315789473684, 0.350000000000000 ) );
#3482 = DIRECTION( '', ( 1.00000000000000, -3.38813178901720E-016, 0.000000000000000 ) );
#3483 = DIRECTION( '', ( 3.38813178901720E-016, 1.00000000000000, 0.000000000000000 ) );
#3484 = SURFACE_STYLE_FILL_AREA( #4202 );
#3485 = ORIENTED_EDGE( '', *, *, #4044, .T. );
#3486 = ORIENTED_EDGE( '', *, *, #3700, .F. );
#3487 = ORIENTED_EDGE( '', *, *, #3780, .F. );
#3488 = ORIENTED_EDGE( '', *, *, #3658, .T. );
#3489 = CARTESIAN_POINT( '', ( 1.05000000000000, 0.150000000000007, 0.500000000000000 ) );
#3490 = DIRECTION( '', ( 0.707106781186548, 0.000000000000000, -0.707106781186547 ) );
#3491 = DIRECTION( '', ( -0.707106781186547, 0.000000000000000, -0.707106781186548 ) );
#3492 = SURFACE_STYLE_FILL_AREA( #4203 );
#3493 = ORIENTED_EDGE( '', *, *, #4074, .F. );
#3494 = ORIENTED_EDGE( '', *, *, #4170, .F. );
#3495 = ORIENTED_EDGE( '', *, *, #4179, .T. );
#3496 = ORIENTED_EDGE( '', *, *, #4035, .F. );
#3497 = ORIENTED_EDGE( '', *, *, #4096, .F. );
#3498 = ORIENTED_EDGE( '', *, *, #3850, .T. );
#3499 = ORIENTED_EDGE( '', *, *, #3575, .T. );
#3500 = ORIENTED_EDGE( '', *, *, #3646, .F. );
#3501 = CARTESIAN_POINT( '', ( -0.200000000000000, -6.87263157894737, -0.900000000000000 ) );
#3502 = DIRECTION( '', ( 1.00000000000000, -2.48142310022836E-016, 3.61400724161835E-016 ) );
#3503 = DIRECTION( '', ( -2.48142310022836E-016, -1.00000000000000, 0.000000000000000 ) );
#3504 = SURFACE_STYLE_FILL_AREA( #4204 );
#3505 = ORIENTED_EDGE( '', *, *, #4192, .F. );
#3506 = ORIENTED_EDGE( '', *, *, #3720, .T. );
#3507 = ORIENTED_EDGE( '', *, *, #4159, .T. );
#3508 = ORIENTED_EDGE( '', *, *, #3865, .T. );
#3509 = ORIENTED_EDGE( '', *, *, #4117, .T. );
#3510 = ORIENTED_EDGE( '', *, *, #4089, .F. );
#3511 = CARTESIAN_POINT( '', ( -1.90000000000005, 1.10315789473683, 0.000000000000000 ) );
#3512 = DIRECTION( '', ( -1.28358265957944E-015, 1.00000000000000, 0.000000000000000 ) );
#3513 = DIRECTION( '', ( 0.000000000000000, 0.000000000000000, 1.00000000000000 ) );
#3514 = SURFACE_STYLE_FILL_AREA( #4205 );
#3515 = ORIENTED_EDGE( '', *, *, #3681, .T. );
#3516 = ORIENTED_EDGE( '', *, *, #3944, .T. );
#3517 = ORIENTED_EDGE( '', *, *, #4201, .T. );
#3518 = ORIENTED_EDGE( '', *, *, #3904, .T. );
#3519 = ORIENTED_EDGE( '', *, *, #4128, .T. );
#3520 = ORIENTED_EDGE( '', *, *, #3596, .T. );
#3521 = ORIENTED_EDGE( '', *, *, #4163, .F. );
#3522 = ORIENTED_EDGE( '', *, *, #4194, .F. );
#3523 = ORIENTED_EDGE( '', *, *, #4146, .F. );
#3524 = ORIENTED_EDGE( '', *, *, #3924, .F. );
#3525 = ORIENTED_EDGE( '', *, *, #3649, .F. );
#3526 = CARTESIAN_POINT( '', ( 5.20417042793042E-015, -1.89684210526317, 0.350000000000000 ) );
#3527 = DIRECTION( '', ( 0.000000000000000, 0.000000000000000, 1.00000000000000 ) );
#3528 = DIRECTION( '', ( 1.00000000000000, 0.000000000000000, 0.000000000000000 ) );
#3529 = SURFACE_STYLE_FILL_AREA( #4206 );
#3530 = ORIENTED_EDGE( '', *, *, #4054, .F. );
#3531 = ORIENTED_EDGE( '', *, *, #3907, .F. );
#3532 = ORIENTED_EDGE( '', *, *, #3559, .F. );
#3533 = ORIENTED_EDGE( '', *, *, #3876, .F. );
#3534 = CARTESIAN_POINT( '', ( 1.90000000000000, 1.10315789473683, 0.610000000000000 ) );
#3535 = DIRECTION( '', ( 0.000000000000000, -0.707106781186554, -0.707106781186541 ) );
#3536 = DIRECTION( '', ( 0.000000000000000, 0.707106781186541, -0.707106781186554 ) );
#3537 = SURFACE_STYLE_FILL_AREA( #4207 );
#3538 = ORIENTED_EDGE( '', *, *, #4072, .F. );
#3539 = ORIENTED_EDGE( '', *, *, #4107, .F. );
#3540 = ORIENTED_EDGE( '', *, *, #4180, .T. );
#3541 = ORIENTED_EDGE( '', *, *, #4168, .T. );
#3542 = CARTESIAN_POINT( '', ( -0.550000000000000, -6.87263157894737, -0.450000000000000 ) );
#3543 = DIRECTION( '', ( 1.00000000000000, -2.48142310022836E-016, -1.12937726300573E-016 ) );
#3544 = DIRECTION( '', ( -2.48142310022836E-016, -1.00000000000000, 0.000000000000000 ) );
#3545 = FILL_AREA_STYLE( '', ( #4208 ) );
#3546 = EDGE_CURVE( '', #4209, #4210, #4211, .T. );
#3547 = EDGE_CURVE( '', #4212, #4209, #4213, .T. );
#3548 = EDGE_CURVE( '', #4212, #4214, #4215, .T. );
#3549 = EDGE_CURVE( '', #4214, #4210, #4216, .T. );
#3550 = FILL_AREA_STYLE( '', ( #4217 ) );
#3551 = EDGE_CURVE( '', #4218, #4219, #4220, .F. );
#3552 = EDGE_CURVE( '', #4219, #4221, #4222, .T. );
#3553 = EDGE_CURVE( '', #4221, #4223, #4224, .T. );
#3554 = EDGE_CURVE( '', #4223, #4225, #4226, .T. );
#3555 = EDGE_CURVE( '', #4225, #4218, #4227, .F. );
#3556 = FILL_AREA_STYLE( '', ( #4228 ) );
#3557 = EDGE_CURVE( '', #4209, #4229, #4230, .T. );
#3558 = EDGE_CURVE( '', #4229, #4231, #4232, .T. );
#3559 = EDGE_CURVE( '', #4231, #4233, #4234, .F. );
#3560 = EDGE_CURVE( '', #4233, #4235, #4236, .T. );
#3561 = EDGE_CURVE( '', #4235, #4237, #4238, .T. );
#3562 = EDGE_CURVE( '', #4239, #4237, #4240, .T. );
#3563 = EDGE_CURVE( '', #4239, #4241, #4242, .T. );
#3564 = EDGE_CURVE( '', #4241, #4243, #4244, .T. );
#3565 = EDGE_CURVE( '', #4245, #4243, #4246, .T. );
#3566 = EDGE_CURVE( '', #4245, #4212, #4247, .T. );
#3567 = FILL_AREA_STYLE( '', ( #4248 ) );
#3568 = EDGE_CURVE( '', #4249, #4250, #4251, .T. );
#3569 = EDGE_CURVE( '', #4252, #4250, #4253, .T. );
#3570 = EDGE_CURVE( '', #4254, #4252, #4255, .T. );
#3571 = EDGE_CURVE( '', #4254, #4249, #4256, .T. );
#3572 = FILL_AREA_STYLE( '', ( #4257 ) );
#3573 = EDGE_CURVE( '', #4258, #4259, #4260, .T. );
#3574 = EDGE_CURVE( '', #4259, #4261, #4262, .T. );
#3575 = EDGE_CURVE( '', #4263, #4261, #4264, .T. );
#3576 = EDGE_CURVE( '', #4258, #4263, #4265, .T. );
#3577 = FILL_AREA_STYLE( '', ( #4266 ) );
#3578 = EDGE_CURVE( '', #4267, #4267, #4268, .T. );
#3579 = EDGE_CURVE( '', #4269, #4269, #4270, .F. );
#3580 = FILL_AREA_STYLE( '', ( #4271 ) );
#3581 = EDGE_CURVE( '', #4272, #4273, #4274, .T. );
#3582 = EDGE_CURVE( '', #4275, #4272, #4276, .T. );
#3583 = EDGE_CURVE( '', #4277, #4275, #4278, .T. );
#3584 = EDGE_CURVE( '', #4273, #4277, #4279, .T. );
#3585 = FILL_AREA_STYLE( '', ( #4280 ) );
#3586 = EDGE_CURVE( '', #4281, #4282, #4283, .T. );
#3587 = EDGE_CURVE( '', #4284, #4282, #4285, .T. );
#3588 = EDGE_CURVE( '', #4286, #4284, #4287, .T. );
#3589 = EDGE_CURVE( '', #4286, #4281, #4288, .T. );
#3590 = FILL_AREA_STYLE( '', ( #4289 ) );
#3591 = EDGE_CURVE( '', #4290, #4291, #4292, .T. );
#3592 = EDGE_CURVE( '', #4293, #4291, #4294, .T. );
#3593 = EDGE_CURVE( '', #4295, #4293, #4296, .T. );
#3594 = EDGE_CURVE( '', #4295, #4290, #4297, .T. );
#3595 = FILL_AREA_STYLE( '', ( #4298 ) );
#3596 = EDGE_CURVE( '', #4299, #4300, #4301, .T. );
#3597 = EDGE_CURVE( '', #4299, #4302, #4303, .T. );
#3598 = EDGE_CURVE( '', #4302, #4304, #4305, .T. );
#3599 = EDGE_CURVE( '', #4300, #4304, #4306, .T. );
#3600 = FILL_AREA_STYLE( '', ( #4307 ) );
#3601 = EDGE_CURVE( '', #4308, #4309, #4310, .T. );
#3602 = EDGE_CURVE( '', #4309, #4311, #4312, .T. );
#3603 = EDGE_CURVE( '', #4313, #4311, #4314, .T. );
#3604 = EDGE_CURVE( '', #4315, #4313, #4316, .T. );
#3605 = EDGE_CURVE( '', #4317, #4315, #4318, .F. );
#3606 = EDGE_CURVE( '', #4319, #4317, #4320, .T. );
#3607 = EDGE_CURVE( '', #4321, #4319, #4322, .T. );
#3608 = EDGE_CURVE( '', #4321, #4323, #4324, .T. );
#3609 = EDGE_CURVE( '', #4323, #4325, #4326, .F. );
#3610 = EDGE_CURVE( '', #4325, #4308, #4327, .T. );
#3611 = FILL_AREA_STYLE( '', ( #4328 ) );
#3612 = EDGE_CURVE( '', #4329, #4330, #4331, .T. );
#3613 = EDGE_CURVE( '', #4332, #4329, #4333, .T. );
#3614 = EDGE_CURVE( '', #4332, #4334, #4335, .T. );
#3615 = EDGE_CURVE( '', #4334, #4330, #4336, .T. );
#3616 = FILL_AREA_STYLE( '', ( #4337 ) );
#3617 = EDGE_CURVE( '', #4338, #4339, #4340, .T. );
#3618 = EDGE_CURVE( '', #4341, #4338, #4342, .T. );
#3619 = EDGE_CURVE( '', #4341, #4343, #4344, .T. );
#3620 = EDGE_CURVE( '', #4343, #4339, #4345, .T. );
#3621 = FILL_AREA_STYLE( '', ( #4346 ) );
#3622 = EDGE_CURVE( '', #4347, #4348, #4349, .T. );
#3623 = EDGE_CURVE( '', #4350, #4347, #4351, .T. );
#3624 = EDGE_CURVE( '', #4350, #4352, #4353, .T. );
#3625 = EDGE_CURVE( '', #4352, #4348, #4354, .T. );
#3626 = FILL_AREA_STYLE( '', ( #4355 ) );
#3627 = EDGE_CURVE( '', #4356, #4357, #4358, .F. );
#3628 = EDGE_CURVE( '', #4359, #4356, #4360, .F. );
#3629 = EDGE_CURVE( '', #4359, #4361, #4362, .F. );
#3630 = EDGE_CURVE( '', #4357, #4361, #4363, .T. );
#3631 = FILL_AREA_STYLE( '', ( #4364 ) );
#3632 = EDGE_CURVE( '', #4365, #4366, #4367, .T. );
#3633 = EDGE_CURVE( '', #4366, #4259, #4368, .F. );
#3634 = EDGE_CURVE( '', #4369, #4258, #4370, .T. );
#3635 = EDGE_CURVE( '', #4369, #4371, #4372, .T. );
#3636 = EDGE_CURVE( '', #4371, #4373, #4374, .T. );
#3637 = EDGE_CURVE( '', #4375, #4373, #4376, .T. );
#3638 = EDGE_CURVE( '', #4375, #4365, #4377, .T. );
#3639 = FILL_AREA_STYLE( '', ( #4378 ) );
#3640 = EDGE_CURVE( '', #4379, #4380, #4381, .T. );
#3641 = EDGE_CURVE( '', #4382, #4380, #4383, .T. );
#3642 = EDGE_CURVE( '', #4384, #4382, #4385, .T. );
#3643 = EDGE_CURVE( '', #4379, #4384, #4386, .T. );
#3644 = FILL_AREA_STYLE( '', ( #4387 ) );
#3645 = EDGE_CURVE( '', #4388, #4366, #4389, .F. );
#3646 = EDGE_CURVE( '', #4388, #4261, #4390, .F. );
#3647 = FILL_AREA_STYLE( '', ( #4391 ) );
#3648 = EDGE_CURVE( '', #4392, #4392, #4393, .F. );
#3649 = EDGE_CURVE( '', #4394, #4394, #4395, .T. );
#3650 = FILL_AREA_STYLE( '', ( #4396 ) );
#3651 = EDGE_CURVE( '', #4356, #4397, #4398, .T. );
#3652 = EDGE_CURVE( '', #4397, #4399, #4400, .T. );
#3653 = EDGE_CURVE( '', #4359, #4399, #4401, .T. );
#3654 = FILL_AREA_STYLE( '', ( #4402 ) );
#3655 = EDGE_CURVE( '', #4403, #4404, #4405, .T. );
#3656 = EDGE_CURVE( '', #4403, #4397, #4406, .F. );
#3657 = EDGE_CURVE( '', #4407, #4357, #4408, .T. );
#3658 = EDGE_CURVE( '', #4409, #4407, #4410, .T. );
#3659 = EDGE_CURVE( '', #4404, #4409, #4411, .T. );
#3660 = FILL_AREA_STYLE( '', ( #4412 ) );
#3661 = EDGE_CURVE( '', #4413, #4414, #4415, .T. );
#3662 = EDGE_CURVE( '', #4416, #4414, #4417, .T. );
#3663 = EDGE_CURVE( '', #4418, #4416, #4419, .T. );
#3664 = EDGE_CURVE( '', #4418, #4420, #4421, .T. );
#3665 = EDGE_CURVE( '', #4420, #4422, #4423, .T. );
#3666 = EDGE_CURVE( '', #4422, #4424, #4425, .T. );
#3667 = EDGE_CURVE( '', #4424, #4413, #4426, .T. );
#3668 = FILL_AREA_STYLE( '', ( #4427 ) );
#3669 = EDGE_CURVE( '', #4428, #4429, #4430, .T. );
#3670 = EDGE_CURVE( '', #4429, #4431, #4432, .T. );
#3671 = EDGE_CURVE( '', #4431, #4433, #4434, .T. );
#3672 = EDGE_CURVE( '', #4433, #4435, #4436, .T. );
#3673 = EDGE_CURVE( '', #4435, #4329, #4437, .T. );
#3674 = EDGE_CURVE( '', #4330, #4428, #4438, .T. );
#3675 = FILL_AREA_STYLE( '', ( #4439 ) );
#3676 = EDGE_CURVE( '', #4440, #4441, #4442, .T. );
#3677 = EDGE_CURVE( '', #4443, #4440, #4444, .T. );
#3678 = EDGE_CURVE( '', #4445, #4443, #4446, .T. );
#3679 = EDGE_CURVE( '', #4441, #4445, #4447, .T. );
#3680 = FILL_AREA_STYLE( '', ( #4448 ) );
#3681 = EDGE_CURVE( '', #4449, #4450, #4451, .T. );
#3682 = EDGE_CURVE( '', #4449, #4452, #4453, .T. );
#3683 = EDGE_CURVE( '', #4452, #4454, #4455, .T. );
#3684 = EDGE_CURVE( '', #4450, #4454, #4456, .T. );
#3685 = FILL_AREA_STYLE( '', ( #4457 ) );
#3686 = EDGE_CURVE( '', #4458, #4459, #4460, .T. );
#3687 = EDGE_CURVE( '', #4273, #4458, #4461, .T. );
#3688 = EDGE_CURVE( '', #4277, #4459, #4462, .T. );
#3689 = FILL_AREA_STYLE( '', ( #4463 ) );
#3690 = EDGE_CURVE( '', #4464, #4465, #4466, .T. );
#3691 = EDGE_CURVE( '', #4465, #4467, #4468, .T. );
#3692 = EDGE_CURVE( '', #4469, #4467, #4470, .T. );
#3693 = EDGE_CURVE( '', #4471, #4469, #4472, .T. );
#3694 = EDGE_CURVE( '', #4471, #4473, #4474, .T. );
#3695 = EDGE_CURVE( '', #4473, #4475, #4476, .F. );
#3696 = EDGE_CURVE( '', #4477, #4475, #4478, .T. );
#3697 = EDGE_CURVE( '', #4464, #4477, #4479, .T. );
#3698 = FILL_AREA_STYLE( '', ( #4480 ) );
#3699 = EDGE_CURVE( '', #4481, #4481, #4482, .T. );
#3700 = EDGE_CURVE( '', #4483, #4484, #4485, .T. );
#3701 = EDGE_CURVE( '', #4281, #4484, #4486, .T. );
#3702 = EDGE_CURVE( '', #4487, #4286, #4488, .T. );
#3703 = EDGE_CURVE( '', #4487, #4489, #4490, .T. );
#3704 = EDGE_CURVE( '', #4483, #4489, #4491, .T. );
#3705 = FILL_AREA_STYLE( '', ( #4492 ) );
#3706 = EDGE_CURVE( '', #4440, #4493, #4494, .T. );
#3707 = EDGE_CURVE( '', #4495, #4493, #4496, .T. );
#3708 = EDGE_CURVE( '', #4495, #4497, #4498, .T. );
#3709 = EDGE_CURVE( '', #4499, #4497, #4500, .F. );
#3710 = EDGE_CURVE( '', #4499, #4501, #4502, .T. );
#3711 = EDGE_CURVE( '', #4501, #4503, #4504, .T. );
#3712 = EDGE_CURVE( '', #4503, #4505, #4506, .T. );
#3713 = EDGE_CURVE( '', #4505, #4507, #4508, .T. );
#3714 = EDGE_CURVE( '', #4509, #4507, #4510, .T. );
#3715 = EDGE_CURVE( '', #4443, #4509, #4511, .T. );
#3716 = FILL_AREA_STYLE( '', ( #4512 ) );
#3717 = EDGE_CURVE( '', #4513, #4514, #4515, .T. );
#3718 = EDGE_CURVE( '', #4516, #4513, #4517, .T. );
#3719 = EDGE_CURVE( '', #4518, #4516, #4519, .T. );
#3720 = EDGE_CURVE( '', #4514, #4518, #4520, .T. );
#3721 = FILL_AREA_STYLE( '', ( #4521 ) );
#3722 = EDGE_CURVE( '', #4522, #4523, #4524, .T. );
#3723 = EDGE_CURVE( '', #4523, #4525, #4526, .T. );
#3724 = EDGE_CURVE( '', #4525, #4527, #4528, .T. );
#3725 = EDGE_CURVE( '', #4529, #4527, #4530, .T. );
#3726 = EDGE_CURVE( '', #4531, #4529, #4532, .T. );
#3727 = EDGE_CURVE( '', #4531, #4522, #4533, .T. );
#3728 = FILL_AREA_STYLE( '', ( #4534 ) );
#3729 = EDGE_CURVE( '', #4535, #4536, #4537, .T. );
#3730 = EDGE_CURVE( '', #4538, #4536, #4539, .T. );
#3731 = EDGE_CURVE( '', #4540, #4538, #4541, .T. );
#3732 = EDGE_CURVE( '', #4542, #4540, #4543, .T. );
#3733 = EDGE_CURVE( '', #4544, #4542, #4545, .T. );
#3734 = EDGE_CURVE( '', #4544, #4546, #4547, .T. );
#3735 = EDGE_CURVE( '', #4546, #4548, #4549, .T. );
#3736 = EDGE_CURVE( '', #4535, #4548, #4550, .F. );
#3737 = FILL_AREA_STYLE( '', ( #4551 ) );
#3738 = EDGE_CURVE( '', #4552, #4429, #4553, .T. );
#3739 = EDGE_CURVE( '', #4552, #4554, #4555, .T. );
#3740 = EDGE_CURVE( '', #4554, #4431, #4556, .T. );
#3741 = FILL_AREA_STYLE( '', ( #4557 ) );
#3742 = EDGE_CURVE( '', #4339, #4558, #4559, .T. );
#3743 = EDGE_CURVE( '', #4343, #4560, #4561, .T. );
#3744 = EDGE_CURVE( '', #4560, #4558, #4562, .T. );
#3745 = FILL_AREA_STYLE( '', ( #4563 ) );
#3746 = EDGE_CURVE( '', #4564, #4309, #4565, .F. );
#3747 = EDGE_CURVE( '', #4566, #4564, #4567, .T. );
#3748 = EDGE_CURVE( '', #4566, #4311, #4568, .F. );
#3749 = FILL_AREA_STYLE( '', ( #4569 ) );
#3750 = EDGE_CURVE( '', #4570, #4458, #4571, .T. );
#3751 = EDGE_CURVE( '', #4272, #4570, #4572, .T. );
#3752 = FILL_AREA_STYLE( '', ( #4573 ) );
#3753 = EDGE_CURVE( '', #4574, #4575, #4576, .F. );
#3754 = EDGE_CURVE( '', #4575, #4577, #4578, .T. );
#3755 = EDGE_CURVE( '', #4577, #4579, #4580, .T. );
#3756 = EDGE_CURVE( '', #4579, #4574, #4581, .F. );
#3757 = FILL_AREA_STYLE( '', ( #4582 ) );
#3758 = EDGE_CURVE( '', #4525, #4583, #4584, .F. );
#3759 = EDGE_CURVE( '', #4585, #4583, #4586, .T. );
#3760 = EDGE_CURVE( '', #4587, #4585, #4588, .T. );
#3761 = EDGE_CURVE( '', #4589, #4587, #4590, .T. );
#3762 = EDGE_CURVE( '', #4589, #4591, #4592, .T. );
#3763 = EDGE_CURVE( '', #4591, #4218, #4593, .T. );
#3764 = EDGE_CURVE( '', #4225, #4347, #4594, .T. );
#3765 = EDGE_CURVE( '', #4348, #4595, #4596, .T. );
#3766 = EDGE_CURVE( '', #4536, #4595, #4597, .T. );
#3767 = EDGE_CURVE( '', #4535, #4598, #4599, .F. );
#3768 = EDGE_CURVE( '', #4598, #4600, #4601, .T. );
#3769 = EDGE_CURVE( '', #4600, #4602, #4603, .T. );
#3770 = EDGE_CURVE( '', #4604, #4602, #4605, .T. );
#3771 = EDGE_CURVE( '', #4527, #4604, #4606, .T. );
#3772 = FILL_AREA_STYLE( '', ( #4607 ) );
#3773 = EDGE_CURVE( '', #4608, #4609, #4610, .T. );
#3774 = EDGE_CURVE( '', #4609, #4611, #4612, .T. );
#3775 = EDGE_CURVE( '', #4611, #4613, #4614, .T. );
#3776 = EDGE_CURVE( '', #4613, #4361, #4615, .T. );
#3777 = EDGE_CURVE( '', #4608, #4399, #4616, .F. );
#3778 = FILL_AREA_STYLE( '', ( #4617 ) );
#3779 = EDGE_CURVE( '', #4489, #4409, #4618, .T. );
#3780 = EDGE_CURVE( '', #4409, #4483, #4619, .T. );
#3781 = FILL_AREA_STYLE( '', ( #4620 ) );
#3782 = EDGE_CURVE( '', #4621, #4622, #4623, .T. );
#3783 = EDGE_CURVE( '', #4624, #4621, #4625, .T. );
#3784 = EDGE_CURVE( '', #4626, #4624, #4627, .T. );
#3785 = EDGE_CURVE( '', #4628, #4626, #4629, .T. );
#3786 = EDGE_CURVE( '', #4630, #4628, #4631, .T. );
#3787 = EDGE_CURVE( '', #4632, #4630, #4633, .T. );
#3788 = EDGE_CURVE( '', #4622, #4632, #4634, .T. );
#3789 = FILL_AREA_STYLE( '', ( #4635 ) );
#3790 = EDGE_CURVE( '', #4636, #4509, #4637, .T. );
#3791 = EDGE_CURVE( '', #4445, #4636, #4638, .T. );
#3792 = FILL_AREA_STYLE( '', ( #4639 ) );
#3793 = EDGE_CURVE( '', #4640, #4632, #4641, .T. );
#3794 = EDGE_CURVE( '', #4642, #4640, #4643, .T. );
#3795 = EDGE_CURVE( '', #4642, #4622, #4644, .T. );
#3796 = FILL_AREA_STYLE( '', ( #4645 ) );
#3797 = EDGE_CURVE( '', #4646, #4647, #4648, .T. );
#3798 = EDGE_CURVE( '', #4649, #4646, #4650, .T. );
#3799 = EDGE_CURVE( '', #4651, #4649, #4652, .T. );
#3800 = EDGE_CURVE( '', #4653, #4651, #4654, .T. );
#3801 = EDGE_CURVE( '', #4655, #4653, #4656, .T. );
#3802 = EDGE_CURVE( '', #4657, #4655, #4658, .T. );
#3803 = EDGE_CURVE( '', #4647, #4657, #4659, .T. );
#3804 = FILL_AREA_STYLE( '', ( #4660 ) );
#3805 = EDGE_CURVE( '', #4661, #4352, #4662, .T. );
#3806 = EDGE_CURVE( '', #4661, #4595, #4663, .T. );
#3807 = FILL_AREA_STYLE( '', ( #4664 ) );
#3808 = EDGE_CURVE( '', #4613, #4665, #4666, .T. );
#3809 = EDGE_CURVE( '', #4611, #4667, #4668, .T. );
#3810 = EDGE_CURVE( '', #4667, #4665, #4669, .T. );
#3811 = FILL_AREA_STYLE( '', ( #4670 ) );
#3812 = EDGE_CURVE( '', #4210, #4671, #4672, .T. );
#3813 = EDGE_CURVE( '', #4214, #4673, #4674, .T. );
#3814 = EDGE_CURVE( '', #4673, #4671, #4675, .T. );
#3815 = FILL_AREA_STYLE( '', ( #4676 ) );
#3816 = EDGE_CURVE( '', #4677, #4602, #4678, .T. );
#3817 = EDGE_CURVE( '', #4677, #4679, #4680, .T. );
#3818 = EDGE_CURVE( '', #4679, #4604, #4681, .T. );
#3819 = FILL_AREA_STYLE( '', ( #4682 ) );
#3820 = EDGE_CURVE( '', #4683, #4319, #4684, .T. );
#3821 = EDGE_CURVE( '', #4683, #4685, #4686, .T. );
#3822 = EDGE_CURVE( '', #4685, #4321, #4687, .T. );
#3823 = FILL_AREA_STYLE( '', ( #4688 ) );
#3824 = EDGE_CURVE( '', #4689, #4689, #4690, .F. );
#3825 = FILL_AREA_STYLE( '', ( #4691 ) );
#3826 = EDGE_CURVE( '', #4692, #4693, #4694, .F. );
#3827 = EDGE_CURVE( '', #4693, #4695, #4696, .T. );
#3828 = EDGE_CURVE( '', #4695, #4697, #4698, .T. );
#3829 = EDGE_CURVE( '', #4697, #4692, #4699, .F. );
#3830 = FILL_AREA_STYLE( '', ( #4700 ) );
#3831 = EDGE_CURVE( '', #4701, #4702, #4703, .T. );
#3832 = EDGE_CURVE( '', #4704, #4702, #4705, .T. );
#3833 = EDGE_CURVE( '', #4706, #4704, #4707, .T. );
#3834 = EDGE_CURVE( '', #4706, #4708, #4709, .T. );
#3835 = EDGE_CURVE( '', #4708, #4710, #4711, .F. );
#3836 = EDGE_CURVE( '', #4710, #4712, #4713, .T. );
#3837 = EDGE_CURVE( '', #4701, #4712, #4714, .T. );
#3838 = FILL_AREA_STYLE( '', ( #4715 ) );
#3839 = EDGE_CURVE( '', #4716, #4717, #4718, .T. );
#3840 = EDGE_CURVE( '', #4716, #4424, #4719, .T. );
#3841 = EDGE_CURVE( '', #4717, #4422, #4720, .T. );
#3842 = FILL_AREA_STYLE( '', ( #4721 ) );
#3843 = EDGE_CURVE( '', #4722, #4630, #4723, .T. );
#3844 = EDGE_CURVE( '', #4640, #4722, #4724, .T. );
#3845 = FILL_AREA_STYLE( '', ( #4725 ) );
#3846 = EDGE_CURVE( '', #4477, #4726, #4727, .T. );
#3847 = EDGE_CURVE( '', #4726, #4728, #4729, .T. );
#3848 = EDGE_CURVE( '', #4728, #4464, #4730, .T. );
#3849 = FILL_AREA_STYLE( '', ( #4731 ) );
#3850 = EDGE_CURVE( '', #4732, #4263, #4733, .T. );
#3851 = EDGE_CURVE( '', #4732, #4369, #4734, .T. );
#3852 = FILL_AREA_STYLE( '', ( #4735 ) );
#3853 = EDGE_CURVE( '', #4736, #4736, #4737, .T. );
#3854 = EDGE_CURVE( '', #4738, #4738, #4739, .T. );
#3855 = EDGE_CURVE( '', #4459, #4740, #4741, .T. );
#3856 = EDGE_CURVE( '', #4742, #4740, #4743, .T. );
#3857 = EDGE_CURVE( '', #4744, #4742, #4745, .T. );
#3858 = EDGE_CURVE( '', #4746, #4744, #4747, .T. );
#3859 = EDGE_CURVE( '', #4746, #4495, #4748, .T. );
#3860 = EDGE_CURVE( '', #4493, #4749, #4750, .T. );
#3861 = EDGE_CURVE( '', #4749, #4636, #4751, .T. );
#3862 = EDGE_CURVE( '', #4507, #4338, #4752, .T. );
#3863 = EDGE_CURVE( '', #4558, #4753, #4754, .T. );
#3864 = EDGE_CURVE( '', #4753, #4755, #4756, .T. );
#3865 = EDGE_CURVE( '', #4757, #4755, #4758, .T. );
#3866 = EDGE_CURVE( '', #4757, #4759, #4760, .T. );
#3867 = EDGE_CURVE( '', #4759, #4761, #4762, .T. );
#3868 = EDGE_CURVE( '', #4761, #4304, #4763, .T. );
#3869 = EDGE_CURVE( '', #4764, #4302, #4765, .T. );
#3870 = EDGE_CURVE( '', #4291, #4764, #4766, .T. );
#3871 = EDGE_CURVE( '', #4290, #4229, #4767, .T. );
#3872 = EDGE_CURVE( '', #4671, #4243, #4768, .T. );
#3873 = EDGE_CURVE( '', #4570, #4241, #4769, .T. );
#3874 = FILL_AREA_STYLE( '', ( #4770 ) );
#3875 = EDGE_CURVE( '', #4771, #4772, #4773, .T. );
#3876 = EDGE_CURVE( '', #4772, #4231, #4774, .T. );
#3877 = EDGE_CURVE( '', #4771, #4295, #4775, .T. );
#3878 = FILL_AREA_STYLE( '', ( #4776 ) );
#3879 = EDGE_CURVE( '', #4777, #4433, #4778, .T. );
#3880 = EDGE_CURVE( '', #4777, #4779, #4780, .T. );
#3881 = EDGE_CURVE( '', #4779, #4435, #4781, .T. );
#3882 = FILL_AREA_STYLE( '', ( #4782 ) );
#3883 = EDGE_CURVE( '', #4706, #4655, #4783, .T. );
#3884 = EDGE_CURVE( '', #4704, #4657, #4784, .T. );
#3885 = FILL_AREA_STYLE( '', ( #4785 ) );
#3886 = EDGE_CURVE( '', #4560, #4786, #4787, .T. );
#3887 = EDGE_CURVE( '', #4786, #4753, #4788, .T. );
#3888 = FILL_AREA_STYLE( '', ( #4789 ) );
#3889 = EDGE_CURVE( '', #4692, #4219, #4790, .T. );
#3890 = EDGE_CURVE( '', #4791, #4697, #4792, .T. );
#3891 = EDGE_CURVE( '', #4793, #4791, #4794, .T. );
#3892 = EDGE_CURVE( '', #4221, #4793, #4795, .T. );
#3893 = FILL_AREA_STYLE( '', ( #4796 ) );
#3894 = EDGE_CURVE( '', #4797, #4793, #4798, .T. );
#3895 = EDGE_CURVE( '', #4799, #4797, #4800, .T. );
#3896 = EDGE_CURVE( '', #4801, #4799, #4802, .F. );
#3897 = EDGE_CURVE( '', #4801, #4223, #4803, .T. );
#3898 = FILL_AREA_STYLE( '', ( #4804 ) );
#3899 = EDGE_CURVE( '', #4805, #4806, #4807, .T. );
#3900 = EDGE_CURVE( '', #4805, #4808, #4809, .T. );
#3901 = EDGE_CURVE( '', #4808, #4810, #4811, .T. );
#3902 = EDGE_CURVE( '', #4293, #4810, #4812, .T. );
#3903 = EDGE_CURVE( '', #4813, #4764, #4814, .T. );
#3904 = EDGE_CURVE( '', #4815, #4813, #4816, .T. );
#3905 = EDGE_CURVE( '', #4815, #4806, #4817, .T. );
#3906 = FILL_AREA_STYLE( '', ( #4818 ) );
#3907 = EDGE_CURVE( '', #4233, #4819, #4820, .T. );
#3908 = EDGE_CURVE( '', #4819, #4821, #4822, .T. );
#3909 = EDGE_CURVE( '', #4821, #4235, #4823, .T. );
#3910 = FILL_AREA_STYLE( '', ( #4824 ) );
#3911 = EDGE_CURVE( '', #4538, #4661, #4825, .T. );
#3912 = FILL_AREA_STYLE( '', ( #4826 ) );
#3913 = EDGE_CURVE( '', #4827, #4828, #4829, .F. );
#3914 = EDGE_CURVE( '', #4467, #4827, #4830, .F. );
#3915 = EDGE_CURVE( '', #4828, #4465, #4831, .T. );
#3916 = FILL_AREA_STYLE( '', ( #4832 ) );
#3917 = EDGE_CURVE( '', #4833, #4833, #4834, .T. );
#3918 = FILL_AREA_STYLE( '', ( #4835 ) );
#3919 = EDGE_CURVE( '', #4836, #4693, #4837, .T. );
#3920 = EDGE_CURVE( '', #4836, #4838, #4839, .T. );
#3921 = EDGE_CURVE( '', #4838, #4695, #4840, .T. );
#3922 = FILL_AREA_STYLE( '', ( #4841 ) );
#3923 = EDGE_CURVE( '', #4452, #4842, #4843, .T. );
#3924 = EDGE_CURVE( '', #4449, #4844, #4845, .T. );
#3925 = EDGE_CURVE( '', #4844, #4842, #4846, .T. );
#3926 = FILL_AREA_STYLE( '', ( #4847 ) );
#3927 = EDGE_CURVE( '', #4673, #4245, #4848, .T. );
#3928 = FILL_AREA_STYLE( '', ( #4849 ) );
#3929 = EDGE_CURVE( '', #4850, #4473, #4851, .F. );
#3930 = EDGE_CURVE( '', #4852, #4850, #4853, .T. );
#3931 = EDGE_CURVE( '', #4475, #4852, #4854, .T. );
#3932 = FILL_AREA_STYLE( '', ( #4855 ) );
#3933 = EDGE_CURVE( '', #4583, #4856, #4857, .F. );
#3934 = EDGE_CURVE( '', #4827, #4856, #4858, .T. );
#3935 = EDGE_CURVE( '', #4728, #4828, #4859, .T. );
#3936 = EDGE_CURVE( '', #4726, #4852, #4860, .T. );
#3937 = EDGE_CURVE( '', #4850, #4861, #4862, .T. );
#3938 = EDGE_CURVE( '', #4861, #4863, #4864, .T. );
#3939 = EDGE_CURVE( '', #4865, #4863, #4866, .T. );
#3940 = EDGE_CURVE( '', #4865, #4585, #4867, .T. );
#3941 = FILL_AREA_STYLE( '', ( #4868 ) );
#3942 = EDGE_CURVE( '', #4454, #4869, #4870, .T. );
#3943 = EDGE_CURVE( '', #4871, #4869, #4872, .T. );
#3944 = EDGE_CURVE( '', #4450, #4871, #4873, .T. );
#3945 = FILL_AREA_STYLE( '', ( #4874 ) );
#3946 = EDGE_CURVE( '', #4313, #4501, #4875, .T. );
#3947 = EDGE_CURVE( '', #4566, #4503, #4876, .T. );
#3948 = FILL_AREA_STYLE( '', ( #4877 ) );
#3949 = EDGE_CURVE( '', #4878, #4716, #4879, .T. );
#3950 = EDGE_CURVE( '', #4717, #4880, #4881, .T. );
#3951 = EDGE_CURVE( '', #4880, #4882, #4883, .F. );
#3952 = EDGE_CURVE( '', #4882, #4884, #4885, .T. );
#3953 = EDGE_CURVE( '', #4886, #4884, #4887, .T. );
#3954 = EDGE_CURVE( '', #4878, #4886, #4888, .T. );
#3955 = FILL_AREA_STYLE( '', ( #4889 ) );
#3956 = EDGE_CURVE( '', #4890, #4865, #4891, .T. );
#3957 = EDGE_CURVE( '', #4890, #4587, #4892, .T. );
#3958 = FILL_AREA_STYLE( '', ( #4893 ) );
#3959 = EDGE_CURVE( '', #4894, #4801, #4895, .T. );
#3960 = EDGE_CURVE( '', #4894, #4350, #4896, .T. );
#3961 = FILL_AREA_STYLE( '', ( #4897 ) );
#3962 = EDGE_CURVE( '', #4898, #4323, #4899, .T. );
#3963 = EDGE_CURVE( '', #4900, #4898, #4901, .F. );
#3964 = EDGE_CURVE( '', #4325, #4900, #4902, .T. );
#3965 = FILL_AREA_STYLE( '', ( #4903 ) );
#3966 = EDGE_CURVE( '', #4904, #4523, #4905, .T. );
#3967 = EDGE_CURVE( '', #4856, #4904, #4906, .T. );
#3968 = FILL_AREA_STYLE( '', ( #4907 ) );
#3969 = EDGE_CURVE( '', #4487, #4908, #4909, .T. );
#3970 = EDGE_CURVE( '', #4609, #4908, #4910, .T. );
#3971 = EDGE_CURVE( '', #4608, #4403, #4911, .F. );
#3972 = EDGE_CURVE( '', #4404, #4487, #4912, .T. );
#3973 = FILL_AREA_STYLE( '', ( #4913 ) );
#3974 = FILL_AREA_STYLE( '', ( #4914 ) );
#3975 = EDGE_CURVE( '', #4908, #4284, #4915, .T. );
#3976 = FILL_AREA_STYLE( '', ( #4916 ) );
#3977 = EDGE_CURVE( '', #4380, #4917, #4918, .T. );
#3978 = EDGE_CURVE( '', #4919, #4917, #4920, .T. );
#3979 = EDGE_CURVE( '', #4921, #4919, #4922, .T. );
#3980 = EDGE_CURVE( '', #4382, #4921, #4923, .T. );
#3981 = FILL_AREA_STYLE( '', ( #4924 ) );
#3982 = EDGE_CURVE( '', #4925, #4575, #4926, .T. );
#3983 = EDGE_CURVE( '', #4925, #4927, #4928, .T. );
#3984 = EDGE_CURVE( '', #4927, #4577, #4929, .T. );
#3985 = FILL_AREA_STYLE( '', ( #4930 ) );
#3986 = FILL_AREA_STYLE( '', ( #4931 ) );
#3987 = FILL_AREA_STYLE( '', ( #4932 ) );
#3988 = EDGE_CURVE( '', #4779, #4332, #4933, .T. );
#3989 = FILL_AREA_STYLE( '', ( #4934 ) );
#3990 = EDGE_CURVE( '', #4542, #4935, #4936, .T. );
#3991 = EDGE_CURVE( '', #4937, #4540, #4938, .F. );
#3992 = EDGE_CURVE( '', #4935, #4937, #4939, .T. );
#3993 = FILL_AREA_STYLE( '', ( #4940 ) );
#3994 = FILL_AREA_STYLE( '', ( #4941 ) );
#3995 = EDGE_CURVE( '', #4786, #4341, #4942, .T. );
#3996 = FILL_AREA_STYLE( '', ( #4943 ) );
#3997 = EDGE_CURVE( '', #4275, #4740, #4944, .T. );
#3998 = FILL_AREA_STYLE( '', ( #4945 ) );
#3999 = EDGE_CURVE( '', #4799, #4946, #4947, .T. );
#4000 = EDGE_CURVE( '', #4946, #4948, #4949, .T. );
#4001 = EDGE_CURVE( '', #4948, #4894, #4950, .F. );
#4002 = FILL_AREA_STYLE( '', ( #4951 ) );
#4003 = EDGE_CURVE( '', #4952, #4952, #4953, .T. );
#4004 = FILL_AREA_STYLE( '', ( #4954 ) );
#4005 = EDGE_CURVE( '', #4955, #4956, #4957, .T. );
#4006 = EDGE_CURVE( '', #4808, #4955, #4958, .T. );
#4007 = EDGE_CURVE( '', #4956, #4805, #4959, .T. );
#4008 = FILL_AREA_STYLE( '', ( #4960 ) );
#4009 = EDGE_CURVE( '', #4961, #4621, #4962, .T. );
#4010 = EDGE_CURVE( '', #4963, #4961, #4964, .T. );
#4011 = EDGE_CURVE( '', #4963, #4624, #4965, .T. );
#4012 = FILL_AREA_STYLE( '', ( #4966 ) );
#4013 = EDGE_CURVE( '', #4683, #4746, #4967, .T. );
#4014 = EDGE_CURVE( '', #4497, #4317, #4968, .T. );
#4015 = FILL_AREA_STYLE( '', ( #4969 ) );
#4016 = EDGE_CURVE( '', #4334, #4970, #4971, .T. );
#4017 = EDGE_CURVE( '', #4970, #4428, #4972, .T. );
#4018 = FILL_AREA_STYLE( '', ( #4973 ) );
#4019 = EDGE_CURVE( '', #4414, #4886, #4974, .T. );
#4020 = EDGE_CURVE( '', #4416, #4884, #4975, .T. );
#4021 = FILL_AREA_STYLE( '', ( #4976 ) );
#4022 = EDGE_CURVE( '', #4653, #4708, #4977, .T. );
#4023 = FILL_AREA_STYLE( '', ( #4978 ) );
#4024 = EDGE_CURVE( '', #4250, #4365, #4979, .T. );
#4025 = EDGE_CURVE( '', #4252, #4375, #4980, .T. );
#4026 = FILL_AREA_STYLE( '', ( #4981 ) );
#4027 = EDGE_CURVE( '', #4982, #4589, #4983, .T. );
#4028 = EDGE_CURVE( '', #4982, #4984, #4985, .T. );
#4029 = EDGE_CURVE( '', #4984, #4591, #4986, .T. );
#4030 = FILL_AREA_STYLE( '', ( #4987 ) );
#4031 = EDGE_CURVE( '', #4651, #4710, #4988, .T. );
#4032 = EDGE_CURVE( '', #4649, #4712, #4989, .T. );
#4033 = FILL_AREA_STYLE( '', ( #4990 ) );
#4034 = EDGE_CURVE( '', #4991, #4371, #4992, .T. );
#4035 = EDGE_CURVE( '', #4991, #4993, #4994, .T. );
#4036 = EDGE_CURVE( '', #4373, #4993, #4995, .F. );
#4037 = FILL_AREA_STYLE( '', ( #4996 ) );
#4038 = EDGE_CURVE( '', #4997, #4600, #4998, .T. );
#4039 = EDGE_CURVE( '', #4997, #4677, #4999, .T. );
#4040 = FILL_AREA_STYLE( '', ( #5000 ) );
#4041 = EDGE_CURVE( '', #5001, #5001, #5002, .T. );
#4042 = FILL_AREA_STYLE( '', ( #5003 ) );
#4043 = EDGE_CURVE( '', #4282, #4665, #5004, .T. );
#4044 = EDGE_CURVE( '', #4407, #4484, #5005, .T. );
#4045 = FILL_AREA_STYLE( '', ( #5006 ) );
#4046 = EDGE_CURVE( '', #4961, #4642, #5007, .T. );
#4047 = FILL_AREA_STYLE( '', ( #5008 ) );
#4048 = EDGE_CURVE( '', #4982, #4890, #5009, .T. );
#4049 = FILL_AREA_STYLE( '', ( #5010 ) );
#4050 = EDGE_CURVE( '', #4882, #4418, #5011, .T. );
#4051 = FILL_AREA_STYLE( '', ( #5012 ) );
#4052 = FILL_AREA_STYLE( '', ( #5013 ) );
#4053 = EDGE_CURVE( '', #4821, #4955, #5014, .T. );
#4054 = EDGE_CURVE( '', #4819, #4772, #5015, .F. );
#4055 = EDGE_CURVE( '', #4810, #4771, #5016, .T. );
#4056 = FILL_AREA_STYLE( '', ( #5017 ) );
#4057 = FILL_AREA_STYLE( '', ( #5018 ) );
#4058 = EDGE_CURVE( '', #5019, #5020, #5021, .T. );
#4059 = EDGE_CURVE( '', #4564, #5020, #5022, .T. );
#4060 = EDGE_CURVE( '', #4308, #5019, #5023, .T. );
#4061 = FILL_AREA_STYLE( '', ( #5024 ) );
#4062 = EDGE_CURVE( '', #4838, #4925, #5025, .T. );
#4063 = EDGE_CURVE( '', #4927, #4836, #5026, .T. );
#4064 = FILL_AREA_STYLE( '', ( #5027 ) );
#4065 = EDGE_CURVE( '', #4863, #4531, #5028, .F. );
#4066 = EDGE_CURVE( '', #4529, #4679, #5029, .T. );
#4067 = EDGE_CURVE( '', #4937, #4997, #5030, .T. );
#4068 = EDGE_CURVE( '', #4984, #4948, #5031, .T. );
#4069 = FILL_AREA_STYLE( '', ( #5032 ) );
#4070 = EDGE_CURVE( '', #5033, #4548, #5034, .T. );
#4071 = EDGE_CURVE( '', #4546, #5035, #5036, .T. );
#4072 = EDGE_CURVE( '', #5035, #5037, #5038, .T. );
#4073 = EDGE_CURVE( '', #5037, #5039, #5040, .T. );
#4074 = EDGE_CURVE( '', #5039, #4388, #5041, .T. );
#4075 = EDGE_CURVE( '', #5042, #4249, #5043, .T. );
#4076 = EDGE_CURVE( '', #5042, #5033, #5044, .T. );
#4077 = FILL_AREA_STYLE( '', ( #5045 ) );
#4078 = EDGE_CURVE( '', #4685, #4744, #5046, .T. );
#4079 = FILL_AREA_STYLE( '', ( #5047 ) );
#4080 = EDGE_CURVE( '', #4900, #5019, #5048, .T. );
#4081 = FILL_AREA_STYLE( '', ( #5049 ) );
#4082 = EDGE_CURVE( '', #4722, #5050, #5051, .T. );
#4083 = EDGE_CURVE( '', #5050, #5052, #5053, .T. );
#4084 = EDGE_CURVE( '', #5052, #4963, #5054, .T. );
#4085 = FILL_AREA_STYLE( '', ( #5055 ) );
#4086 = EDGE_CURVE( '', #4956, #4237, #5056, .T. );
#4087 = FILL_AREA_STYLE( '', ( #5057 ) );
#4088 = EDGE_CURVE( '', #4384, #5058, #5059, .F. );
#4089 = EDGE_CURVE( '', #5058, #5060, #5061, .T. );
#4090 = EDGE_CURVE( '', #5060, #4379, #5062, .F. );
#4091 = FILL_AREA_STYLE( '', ( #5063 ) );
#4092 = EDGE_CURVE( '', #4554, #4777, #5064, .T. );
#4093 = FILL_AREA_STYLE( '', ( #5065 ) );
#4094 = FILL_AREA_STYLE( '', ( #5066 ) );
#4095 = FILL_AREA_STYLE( '', ( #5067 ) );
#4096 = EDGE_CURVE( '', #4732, #4991, #5068, .T. );
#4097 = FILL_AREA_STYLE( '', ( #5069 ) );
#4098 = FILL_AREA_STYLE( '', ( #5070 ) );
#4099 = EDGE_CURVE( '', #5050, #4628, #5071, .T. );
#4100 = FILL_AREA_STYLE( '', ( #5072 ) );
#4101 = EDGE_CURVE( '', #4667, #5073, #5074, .T. );
#4102 = EDGE_CURVE( '', #4908, #5073, #5075, .T. );
#4103 = FILL_AREA_STYLE( '', ( #5076 ) );
#4104 = EDGE_CURVE( '', #4315, #4499, #5077, .T. );
#4105 = FILL_AREA_STYLE( '', ( #5078 ) );
#4106 = EDGE_CURVE( '', #4544, #5079, #5080, .T. );
#4107 = EDGE_CURVE( '', #5079, #5035, #5081, .T. );
#4108 = FILL_AREA_STYLE( '', ( #5082 ) );
#4109 = EDGE_CURVE( '', #4579, #4946, #5083, .T. );
#4110 = FILL_AREA_STYLE( '', ( #5084 ) );
#4111 = EDGE_CURVE( '', #5085, #4791, #5086, .T. );
#4112 = EDGE_CURVE( '', #4797, #5085, #5087, .T. );
#4113 = FILL_AREA_STYLE( '', ( #5088 ) );
#4114 = EDGE_CURVE( '', #5085, #4574, #5089, .T. );
#4115 = FILL_AREA_STYLE( '', ( #5090 ) );
#4116 = EDGE_CURVE( '', #4505, #4917, #5091, .T. );
#4117 = EDGE_CURVE( '', #4755, #5060, #5092, .T. );
#4118 = FILL_AREA_STYLE( '', ( #5093 ) );
#4119 = EDGE_CURVE( '', #4742, #4898, #5094, .T. );
#4120 = FILL_AREA_STYLE( '', ( #5095 ) );
#4121 = EDGE_CURVE( '', #5073, #4611, #5096, .T. );
#4122 = FILL_AREA_STYLE( '', ( #5097 ) );
#4123 = EDGE_CURVE( '', #5052, #4626, #5098, .T. );
#4124 = FILL_AREA_STYLE( '', ( #5099 ) );
#4125 = EDGE_CURVE( '', #4441, #4749, #5100, .T. );
#4126 = FILL_AREA_STYLE( '', ( #5101 ) );
#4127 = FILL_AREA_STYLE( '', ( #5102 ) );
#4128 = EDGE_CURVE( '', #4813, #4299, #5103, .T. );
#4129 = FILL_AREA_STYLE( '', ( #5104 ) );
#4130 = EDGE_CURVE( '', #4880, #4420, #5105, .T. );
#4131 = FILL_AREA_STYLE( '', ( #5106 ) );
#4132 = FILL_AREA_STYLE( '', ( #5107 ) );
#4133 = EDGE_CURVE( '', #5108, #4471, #5109, .T. );
#4134 = EDGE_CURVE( '', #5110, #5108, #5111, .T. );
#4135 = EDGE_CURVE( '', #5110, #4861, #5112, .T. );
#4136 = FILL_AREA_STYLE( '', ( #5113 ) );
#4137 = EDGE_CURVE( '', #4647, #4702, #5114, .T. );
#4138 = FILL_AREA_STYLE( '', ( #5115 ) );
#4139 = FILL_AREA_STYLE( '', ( #5116 ) );
#4140 = EDGE_CURVE( '', #5020, #4239, #5117, .T. );
#4141 = FILL_AREA_STYLE( '', ( #5118 ) );
#4142 = EDGE_CURVE( '', #5119, #4254, #5120, .T. );
#4143 = EDGE_CURVE( '', #5119, #5042, #5121, .T. );
#4144 = FILL_AREA_STYLE( '', ( #5122 ) );
#4145 = EDGE_CURVE( '', #4842, #5123, #5124, .T. );
#4146 = EDGE_CURVE( '', #4844, #5125, #5126, .T. );
#4147 = EDGE_CURVE( '', #5125, #5123, #5127, .T. );
#4148 = FILL_AREA_STYLE( '', ( #5128 ) );
#4149 = EDGE_CURVE( '', #4598, #5033, #5129, .F. );
#4150 = EDGE_CURVE( '', #5119, #4935, #5130, .T. );
#4151 = FILL_AREA_STYLE( '', ( #5131 ) );
#4152 = FILL_AREA_STYLE( '', ( #5132 ) );
#4153 = FILL_AREA_STYLE( '', ( #5133 ) );
#4154 = EDGE_CURVE( '', #5134, #4469, #5135, .T. );
#4155 = EDGE_CURVE( '', #5108, #5134, #5136, .T. );
#4156 = FILL_AREA_STYLE( '', ( #5137 ) );
#4157 = EDGE_CURVE( '', #4904, #5134, #5138, .T. );
#4158 = FILL_AREA_STYLE( '', ( #5139 ) );
#4159 = EDGE_CURVE( '', #4518, #4757, #5140, .T. );
#4160 = EDGE_CURVE( '', #4516, #4759, #5141, .T. );
#4161 = FILL_AREA_STYLE( '', ( #5142 ) );
#4162 = FILL_AREA_STYLE( '', ( #5143 ) );
#4163 = EDGE_CURVE( '', #5144, #4300, #5145, .T. );
#4164 = EDGE_CURVE( '', #5144, #4761, #5146, .T. );
#4165 = FILL_AREA_STYLE( '', ( #5147 ) );
#4166 = EDGE_CURVE( '', #4878, #4413, #5148, .T. );
#4167 = FILL_AREA_STYLE( '', ( #5149 ) );
#4168 = EDGE_CURVE( '', #5150, #5037, #5151, .T. );
#4169 = EDGE_CURVE( '', #5150, #5152, #5153, .T. );
#4170 = EDGE_CURVE( '', #5152, #5039, #5154, .T. );
#4171 = FILL_AREA_STYLE( '', ( #5155 ) );
#4172 = EDGE_CURVE( '', #4522, #5110, #5156, .F. );
#4173 = FILL_AREA_STYLE( '', ( #5157 ) );
#4174 = EDGE_CURVE( '', #4919, #5158, #5159, .T. );
#4175 = EDGE_CURVE( '', #5158, #5160, #5161, .T. );
#4176 = EDGE_CURVE( '', #5160, #4921, #5162, .T. );
#4177 = FILL_AREA_STYLE( '', ( #5163 ) );
#4178 = FILL_AREA_STYLE( '', ( #5164 ) );
#4179 = EDGE_CURVE( '', #5152, #4993, #5165, .T. );
#4180 = EDGE_CURVE( '', #5079, #5150, #5166, .T. );
#4181 = FILL_AREA_STYLE( '', ( #5167 ) );
#4182 = FILL_AREA_STYLE( '', ( #5168 ) );
#4183 = EDGE_CURVE( '', #4646, #4701, #5169, .T. );
#4184 = FILL_AREA_STYLE( '', ( #5170 ) );
#4185 = FILL_AREA_STYLE( '', ( #5171 ) );
#4186 = EDGE_CURVE( '', #5158, #5123, #5172, .T. );
#4187 = EDGE_CURVE( '', #4869, #4806, #5173, .T. );
#4188 = FILL_AREA_STYLE( '', ( #5174 ) );
#4189 = EDGE_CURVE( '', #4970, #4552, #5175, .T. );
#4190 = FILL_AREA_STYLE( '', ( #5176 ) );
#4191 = EDGE_CURVE( '', #5160, #4513, #5177, .T. );
#4192 = EDGE_CURVE( '', #4514, #5058, #5178, .T. );
#4193 = FILL_AREA_STYLE( '', ( #5179 ) );
#4194 = EDGE_CURVE( '', #5125, #5144, #5180, .T. );
#4195 = FILL_AREA_STYLE( '', ( #5181 ) );
#4196 = FILL_AREA_STYLE( '', ( #5182 ) );
#4197 = FILL_AREA_STYLE( '', ( #5183 ) );
#4198 = FILL_AREA_STYLE( '', ( #5184 ) );
#4199 = FILL_AREA_STYLE( '', ( #5185 ) );
#4200 = FILL_AREA_STYLE( '', ( #5186 ) );
#4201 = EDGE_CURVE( '', #4871, #4815, #5187, .T. );
#4202 = FILL_AREA_STYLE( '', ( #5188 ) );
#4203 = FILL_AREA_STYLE( '', ( #5189 ) );
#4204 = FILL_AREA_STYLE( '', ( #5190 ) );
#4205 = FILL_AREA_STYLE( '', ( #5191 ) );
#4206 = FILL_AREA_STYLE( '', ( #5192 ) );
#4207 = FILL_AREA_STYLE( '', ( #5193 ) );
#4208 = FILL_AREA_STYLE_COLOUR( '', #5194 );
#4209 = VERTEX_POINT( '', #5195 );
#4210 = VERTEX_POINT( '', #5196 );
#4211 = LINE( '', #5197, #5198 );
#4212 = VERTEX_POINT( '', #5199 );
#4213 = LINE( '', #5200, #5201 );
#4214 = VERTEX_POINT( '', #5202 );
#4215 = LINE( '', #5203, #5204 );
#4216 = LINE( '', #5205, #5206 );
#4217 = FILL_AREA_STYLE_COLOUR( '', #5207 );
#4218 = VERTEX_POINT( '', #5208 );
#4219 = VERTEX_POINT( '', #5209 );
#4220 = CIRCLE( '', #5210, 0.180000000000000 );
#4221 = VERTEX_POINT( '', #5211 );
#4222 = LINE( '', #5212, #5213 );
#4223 = VERTEX_POINT( '', #5214 );
#4224 = CIRCLE( '', #5215, 0.180000000000000 );
#4225 = VERTEX_POINT( '', #5216 );
#4226 = B_SPLINE_CURVE_WITH_KNOTS( '', 3, ( #5217, #5218, #5219, #5220 ), .UNSPECIFIED., .F., .F., ( 4, 4 ), ( 0.000000000000000, 3.02576101570360E-005 ), .UNSPECIFIED. );
#4227 = LINE( '', #5221, #5222 );
#4228 = FILL_AREA_STYLE_COLOUR( '', #5223 );
#4229 = VERTEX_POINT( '', #5224 );
#4230 = LINE( '', #5225, #5226 );
#4231 = VERTEX_POINT( '', #5227 );
#4232 = LINE( '', #5228, #5229 );
#4233 = VERTEX_POINT( '', #5230 );
#4234 = LINE( '', #5231, #5232 );
#4235 = VERTEX_POINT( '', #5233 );
#4236 = LINE( '', #5234, #5235 );
#4237 = VERTEX_POINT( '', #5236 );
#4238 = LINE( '', #5237, #5238 );
#4239 = VERTEX_POINT( '', #5239 );
#4240 = LINE( '', #5240, #5241 );
#4241 = VERTEX_POINT( '', #5242 );
#4242 = LINE( '', #5243, #5244 );
#4243 = VERTEX_POINT( '', #5245 );
#4244 = LINE( '', #5246, #5247 );
#4245 = VERTEX_POINT( '', #5248 );
#4246 = LINE( '', #5249, #5250 );
#4247 = LINE( '', #5251, #5252 );
#4248 = FILL_AREA_STYLE_COLOUR( '', #5253 );
#4249 = VERTEX_POINT( '', #5254 );
#4250 = VERTEX_POINT( '', #5255 );
#4251 = LINE( '', #5256, #5257 );
#4252 = VERTEX_POINT( '', #5258 );
#4253 = LINE( '', #5259, #5260 );
#4254 = VERTEX_POINT( '', #5261 );
#4255 = LINE( '', #5262, #5263 );
#4256 = LINE( '', #5264, #5265 );
#4257 = FILL_AREA_STYLE_COLOUR( '', #5266 );
#4258 = VERTEX_POINT( '', #5267 );
#4259 = VERTEX_POINT( '', #5268 );
#4260 = LINE( '', #5269, #5270 );
#4261 = VERTEX_POINT( '', #5271 );
#4262 = LINE( '', #5272, #5273 );
#4263 = VERTEX_POINT( '', #5274 );
#4264 = LINE( '', #5275, #5276 );
#4265 = LINE( '', #5277, #5278 );
#4266 = FILL_AREA_STYLE_COLOUR( '', #5279 );
#4267 = VERTEX_POINT( '', #5280 );
#4268 = CIRCLE( '', #5281, 0.300000000000000 );
#4269 = VERTEX_POINT( '', #5282 );
#4270 = CIRCLE( '', #5283, 0.149999999999997 );
#4271 = FILL_AREA_STYLE_COLOUR( '', #5284 );
#4272 = VERTEX_POINT( '', #5285 );
#4273 = VERTEX_POINT( '', #5286 );
#4274 = LINE( '', #5287, #5288 );
#4275 = VERTEX_POINT( '', #5289 );
#4276 = LINE( '', #5290, #5291 );
#4277 = VERTEX_POINT( '', #5292 );
#4278 = LINE( '', #5293, #5294 );
#4279 = LINE( '', #5295, #5296 );
#4280 = FILL_AREA_STYLE_COLOUR( '', #5297 );
#4281 = VERTEX_POINT( '', #5298 );
#4282 = VERTEX_POINT( '', #5299 );
#4283 = LINE( '', #5300, #5301 );
#4284 = VERTEX_POINT( '', #5302 );
#4285 = CIRCLE( '', #5303, 1.05000000000000 );
#4286 = VERTEX_POINT( '', #5304 );
#4287 = LINE( '', #5305, #5306 );
#4288 = CIRCLE( '', #5307, 1.05000000000000 );
#4289 = FILL_AREA_STYLE_COLOUR( '', #5308 );
#4290 = VERTEX_POINT( '', #5309 );
#4291 = VERTEX_POINT( '', #5310 );
#4292 = LINE( '', #5311, #5312 );
#4293 = VERTEX_POINT( '', #5313 );
#4294 = LINE( '', #5314, #5315 );
#4295 = VERTEX_POINT( '', #5316 );
#4296 = LINE( '', #5317, #5318 );
#4297 = LINE( '', #5319, #5320 );
#4298 = FILL_AREA_STYLE_COLOUR( '', #5321 );
#4299 = VERTEX_POINT( '', #5322 );
#4300 = VERTEX_POINT( '', #5323 );
#4301 = LINE( '', #5324, #5325 );
#4302 = VERTEX_POINT( '', #5326 );
#4303 = LINE( '', #5327, #5328 );
#4304 = VERTEX_POINT( '', #5329 );
#4305 = LINE( '', #5330, #5331 );
#4306 = LINE( '', #5332, #5333 );
#4307 = FILL_AREA_STYLE_COLOUR( '', #5334 );
#4308 = VERTEX_POINT( '', #5335 );
#4309 = VERTEX_POINT( '', #5336 );
#4310 = LINE( '', #5337, #5338 );
#4311 = VERTEX_POINT( '', #5339 );
#4312 = LINE( '', #5340, #5341 );
#4313 = VERTEX_POINT( '', #5342 );
#4314 = LINE( '', #5343, #5344 );
#4315 = VERTEX_POINT( '', #5345 );
#4316 = LINE( '', #5346, #5347 );
#4317 = VERTEX_POINT( '', #5348 );
#4318 = LINE( '', #5349, #5350 );
#4319 = VERTEX_POINT( '', #5351 );
#4320 = LINE( '', #5352, #5353 );
#4321 = VERTEX_POINT( '', #5354 );
#4322 = LINE( '', #5355, #5356 );
#4323 = VERTEX_POINT( '', #5357 );
#4324 = LINE( '', #5358, #5359 );
#4325 = VERTEX_POINT( '', #5360 );
#4326 = LINE( '', #5361, #5362 );
#4327 = LINE( '', #5363, #5364 );
#4328 = FILL_AREA_STYLE_COLOUR( '', #5365 );
#4329 = VERTEX_POINT( '', #5366 );
#4330 = VERTEX_POINT( '', #5367 );
#4331 = LINE( '', #5368, #5369 );
#4332 = VERTEX_POINT( '', #5370 );
#4333 = LINE( '', #5371, #5372 );
#4334 = VERTEX_POINT( '', #5373 );
#4335 = LINE( '', #5374, #5375 );
#4336 = LINE( '', #5376, #5377 );
#4337 = FILL_AREA_STYLE_COLOUR( '', #5378 );
#4338 = VERTEX_POINT( '', #5379 );
#4339 = VERTEX_POINT( '', #5380 );
#4340 = LINE( '', #5381, #5382 );
#4341 = VERTEX_POINT( '', #5383 );
#4342 = LINE( '', #5384, #5385 );
#4343 = VERTEX_POINT( '', #5386 );
#4344 = LINE( '', #5387, #5388 );
#4345 = LINE( '', #5389, #5390 );
#4346 = FILL_AREA_STYLE_COLOUR( '', #5391 );
#4347 = VERTEX_POINT( '', #5392 );
#4348 = VERTEX_POINT( '', #5393 );
#4349 = LINE( '', #5394, #5395 );
#4350 = VERTEX_POINT( '', #5396 );
#4351 = LINE( '', #5397, #5398 );
#4352 = VERTEX_POINT( '', #5399 );
#4353 = LINE( '', #5400, #5401 );
#4354 = LINE( '', #5402, #5403 );
#4355 = FILL_AREA_STYLE_COLOUR( '', #5404 );
#4356 = VERTEX_POINT( '', #5405 );
#4357 = VERTEX_POINT( '', #5406 );
#4358 = CIRCLE( '', #5407, 0.300000000000000 );
#4359 = VERTEX_POINT( '', #5408 );
#4360 = LINE( '', #5409, #5410 );
#4361 = VERTEX_POINT( '', #5411 );
#4362 = CIRCLE( '', #5412, 0.300000000000000 );
#4363 = LINE( '', #5413, #5414 );
#4364 = FILL_AREA_STYLE_COLOUR( '', #5415 );
#4365 = VERTEX_POINT( '', #5416 );
#4366 = VERTEX_POINT( '', #5417 );
#4367 = LINE( '', #5418, #5419 );
#4368 = CIRCLE( '', #5420, 0.180000000000000 );
#4369 = VERTEX_POINT( '', #5421 );
#4370 = LINE( '', #5422, #5423 );
#4371 = VERTEX_POINT( '', #5424 );
#4372 = LINE( '', #5425, #5426 );
#4373 = VERTEX_POINT( '', #5427 );
#4374 = CIRCLE( '', #5428, 0.0800000000000000 );
#4375 = VERTEX_POINT( '', #5429 );
#4376 = LINE( '', #5430, #5431 );
#4377 = LINE( '', #5432, #5433 );
#4378 = FILL_AREA_STYLE_COLOUR( '', #5434 );
#4379 = VERTEX_POINT( '', #5435 );
#4380 = VERTEX_POINT( '', #5436 );
#4381 = LINE( '', #5437, #5438 );
#4382 = VERTEX_POINT( '', #5439 );
#4383 = LINE( '', #5440, #5441 );
#4384 = VERTEX_POINT( '', #5442 );
#4385 = LINE( '', #5443, #5444 );
#4386 = LINE( '', #5445, #5446 );
#4387 = FILL_AREA_STYLE_COLOUR( '', #5447 );
#4388 = VERTEX_POINT( '', #5448 );
#4389 = LINE( '', #5449, #5450 );
#4390 = CIRCLE( '', #5451, 0.180000000000000 );
#4391 = FILL_AREA_STYLE_COLOUR( '', #5452 );
#4392 = VERTEX_POINT( '', #5453 );
#4393 = CIRCLE( '', #5454, 0.300000000000000 );
#4394 = VERTEX_POINT( '', #5455 );
#4395 = CIRCLE( '', #5456, 0.300000000000000 );
#4396 = FILL_AREA_STYLE_COLOUR( '', #5457 );
#4397 = VERTEX_POINT( '', #5458 );
#4398 = LINE( '', #5459, #5460 );
#4399 = VERTEX_POINT( '', #5461 );
#4400 = LINE( '', #5462, #5463 );
#4401 = LINE( '', #5464, #5465 );
#4402 = FILL_AREA_STYLE_COLOUR( '', #5466 );
#4403 = VERTEX_POINT( '', #5467 );
#4404 = VERTEX_POINT( '', #5468 );
#4405 = LINE( '', #5469, #5470 );
#4406 = CIRCLE( '', #5471, 0.300000000000000 );
#4407 = VERTEX_POINT( '', #5472 );
#4408 = LINE( '', #5473, #5474 );
#4409 = VERTEX_POINT( '', #5475 );
#4410 = LINE( '', #5476, #5477 );
#4411 = LINE( '', #5478, #5479 );
#4412 = FILL_AREA_STYLE_COLOUR( '', #5480 );
#4413 = VERTEX_POINT( '', #5481 );
#4414 = VERTEX_POINT( '', #5482 );
#4415 = LINE( '', #5483, #5484 );
#4416 = VERTEX_POINT( '', #5485 );
#4417 = LINE( '', #5486, #5487 );
#4418 = VERTEX_POINT( '', #5488 );
#4419 = LINE( '', #5489, #5490 );
#4420 = VERTEX_POINT( '', #5491 );
#4421 = CIRCLE( '', #5492, 0.0800000000000036 );
#4422 = VERTEX_POINT( '', #5493 );
#4423 = LINE( '', #5494, #5495 );
#4424 = VERTEX_POINT( '', #5496 );
#4425 = LINE( '', #5497, #5498 );
#4426 = LINE( '', #5499, #5500 );
#4427 = FILL_AREA_STYLE_COLOUR( '', #5501 );
#4428 = VERTEX_POINT( '', #5502 );
#4429 = VERTEX_POINT( '', #5503 );
#4430 = CIRCLE( '', #5504, 0.0800000000000071 );
#4431 = VERTEX_POINT( '', #5505 );
#4432 = LINE( '', #5506, #5507 );
#4433 = VERTEX_POINT( '', #5508 );
#4434 = LINE( '', #5509, #5510 );
#4435 = VERTEX_POINT( '', #5511 );
#4436 = LINE( '', #5512, #5513 );
#4437 = LINE( '', #5514, #5515 );
#4438 = LINE( '', #5516, #5517 );
#4439 = FILL_AREA_STYLE_COLOUR( '', #5518 );
#4440 = VERTEX_POINT( '', #5519 );
#4441 = VERTEX_POINT( '', #5520 );
#4442 = LINE( '', #5521, #5522 );
#4443 = VERTEX_POINT( '', #5523 );
#4444 = LINE( '', #5524, #5525 );
#4445 = VERTEX_POINT( '', #5526 );
#4446 = LINE( '', #5527, #5528 );
#4447 = LINE( '', #5529, #5530 );
#4448 = FILL_AREA_STYLE_COLOUR( '', #5531 );
#4449 = VERTEX_POINT( '', #5532 );
#4450 = VERTEX_POINT( '', #5533 );
#4451 = LINE( '', #5534, #5535 );
#4452 = VERTEX_POINT( '', #5536 );
#4453 = LINE( '', #5537, #5538 );
#4454 = VERTEX_POINT( '', #5539 );
#4455 = LINE( '', #5540, #5541 );
#4456 = LINE( '', #5542, #5543 );
#4457 = FILL_AREA_STYLE_COLOUR( '', #5544 );
#4458 = VERTEX_POINT( '', #5545 );
#4459 = VERTEX_POINT( '', #5546 );
#4460 = LINE( '', #5547, #5548 );
#4461 = LINE( '', #5549, #5550 );
#4462 = LINE( '', #5551, #5552 );
#4463 = FILL_AREA_STYLE_COLOUR( '', #5553 );
#4464 = VERTEX_POINT( '', #5554 );
#4465 = VERTEX_POINT( '', #5555 );
#4466 = LINE( '', #5556, #5557 );
#4467 = VERTEX_POINT( '', #5558 );
#4468 = CIRCLE( '', #5559, 0.180000000000000 );
#4469 = VERTEX_POINT( '', #5560 );
#4470 = LINE( '', #5561, #5562 );
#4471 = VERTEX_POINT( '', #5563 );
#4472 = LINE( '', #5564, #5565 );
#4473 = VERTEX_POINT( '', #5566 );
#4474 = LINE( '', #5567, #5568 );
#4475 = VERTEX_POINT( '', #5569 );
#4476 = CIRCLE( '', #5570, 0.0800000000000000 );
#4477 = VERTEX_POINT( '', #5571 );
#4478 = LINE( '', #5572, #5573 );
#4479 = LINE( '', #5574, #5575 );
#4480 = FILL_AREA_STYLE_COLOUR( '', #5576 );
#4481 = VERTEX_POINT( '', #5577 );
#4482 = CIRCLE( '', #5578, 0.320000000000000 );
#4483 = VERTEX_POINT( '', #5579 );
#4484 = VERTEX_POINT( '', #5580 );
#4485 = LINE( '', #5581, #5582 );
#4486 = LINE( '', #5583, #5584 );
#4487 = VERTEX_POINT( '', #5585 );
#4488 = LINE( '', #5586, #5587 );
#4489 = VERTEX_POINT( '', #5588 );
#4490 = LINE( '', #5589, #5590 );
#4491 = LINE( '', #5591, #5592 );
#4492 = FILL_AREA_STYLE_COLOUR( '', #5593 );
#4493 = VERTEX_POINT( '', #5594 );
#4494 = LINE( '', #5595, #5596 );
#4495 = VERTEX_POINT( '', #5597 );
#4496 = LINE( '', #5598, #5599 );
#4497 = VERTEX_POINT( '', #5600 );
#4498 = LINE( '', #5601, #5602 );
#4499 = VERTEX_POINT( '', #5603 );
#4500 = LINE( '', #5604, #5605 );
#4501 = VERTEX_POINT( '', #5606 );
#4502 = LINE( '', #5607, #5608 );
#4503 = VERTEX_POINT( '', #5609 );
#4504 = LINE( '', #5610, #5611 );
#4505 = VERTEX_POINT( '', #5612 );
#4506 = LINE( '', #5613, #5614 );
#4507 = VERTEX_POINT( '', #5615 );
#4508 = LINE( '', #5616, #5617 );
#4509 = VERTEX_POINT( '', #5618 );
#4510 = LINE( '', #5619, #5620 );
#4511 = LINE( '', #5621, #5622 );
#4512 = FILL_AREA_STYLE_COLOUR( '', #5623 );
#4513 = VERTEX_POINT( '', #5624 );
#4514 = VERTEX_POINT( '', #5625 );
#4515 = LINE( '', #5626, #5627 );
#4516 = VERTEX_POINT( '', #5628 );
#4517 = LINE( '', #5629, #5630 );
#4518 = VERTEX_POINT( '', #5631 );
#4519 = LINE( '', #5632, #5633 );
#4520 = LINE( '', #5634, #5635 );
#4521 = FILL_AREA_STYLE_COLOUR( '', #5636 );
#4522 = VERTEX_POINT( '', #5637 );
#4523 = VERTEX_POINT( '', #5638 );
#4524 = LINE( '', #5639, #5640 );
#4525 = VERTEX_POINT( '', #5641 );
#4526 = B_SPLINE_CURVE_WITH_KNOTS( '', 3, ( #5642, #5643, #5644, #5645 ), .UNSPECIFIED., .F., .F., ( 4, 4 ), ( 0.000000000000000, 3.02576101570360E-005 ), .UNSPECIFIED. );
#4527 = VERTEX_POINT( '', #5646 );
#4528 = CIRCLE( '', #5647, 0.150000000000000 );
#4529 = VERTEX_POINT( '', #5648 );
#4530 = LINE( '', #5649, #5650 );
#4531 = VERTEX_POINT( '', #5651 );
#4532 = CIRCLE( '', #5652, 0.150000000000000 );
#4533 = B_SPLINE_CURVE_WITH_KNOTS( '', 3, ( #5653, #5654, #5655, #5656, #5657, #5658, #5659 ), .UNSPECIFIED., .F., .F., ( 4, 3, 4 ), ( 0.000000000000000, 2.40747467917066E-005, 3.07465416684482E-005 ), .UNSPECIFIED. );
#4534 = FILL_AREA_STYLE_COLOUR( '', #5660 );
#4535 = VERTEX_POINT( '', #5661 );
#4536 = VERTEX_POINT( '', #5662 );
#4537 = LINE( '', #5663, #5664 );
#4538 = VERTEX_POINT( '', #5665 );
#4539 = LINE( '', #5666, #5667 );
#4540 = VERTEX_POINT( '', #5668 );
#4541 = LINE( '', #5669, #5670 );
#4542 = VERTEX_POINT( '', #5671 );
#4543 = CIRCLE( '', #5672, 0.0800000000000000 );
#4544 = VERTEX_POINT( '', #5673 );
#4545 = LINE( '', #5674, #5675 );
#4546 = VERTEX_POINT( '', #5676 );
#4547 = LINE( '', #5677, #5678 );
#4548 = VERTEX_POINT( '', #5679 );
#4549 = LINE( '', #5680, #5681 );
#4550 = CIRCLE( '', #5682, 0.180000000000000 );
#4551 = FILL_AREA_STYLE_COLOUR( '', #5683 );
#4552 = VERTEX_POINT( '', #5684 );
#4553 = LINE( '', #5685, #5686 );
#4554 = VERTEX_POINT( '', #5687 );
#4555 = LINE( '', #5688, #5689 );
#4556 = LINE( '', #5690, #5691 );
#4557 = FILL_AREA_STYLE_COLOUR( '', #5692 );
#4558 = VERTEX_POINT( '', #5693 );
#4559 = LINE( '', #5694, #5695 );
#4560 = VERTEX_POINT( '', #5696 );
#4561 = LINE( '', #5697, #5698 );
#4562 = LINE( '', #5699, #5700 );
#4563 = FILL_AREA_STYLE_COLOUR( '', #5701 );
#4564 = VERTEX_POINT( '', #5702 );
#4565 = LINE( '', #5703, #5704 );
#4566 = VERTEX_POINT( '', #5705 );
#4567 = LINE( '', #5706, #5707 );
#4568 = LINE( '', #5708, #5709 );
#4569 = FILL_AREA_STYLE_COLOUR( '', #5710 );
#4570 = VERTEX_POINT( '', #5711 );
#4571 = LINE( '', #5712, #5713 );
#4572 = LINE( '', #5714, #5715 );
#4573 = FILL_AREA_STYLE_COLOUR( '', #5716 );
#4574 = VERTEX_POINT( '', #5717 );
#4575 = VERTEX_POINT( '', #5718 );
#4576 = CIRCLE( '', #5719, 0.0800000000000000 );
#4577 = VERTEX_POINT( '', #5720 );
#4578 = LINE( '', #5721, #5722 );
#4579 = VERTEX_POINT( '', #5723 );
#4580 = CIRCLE( '', #5724, 0.0800000000000000 );
#4581 = LINE( '', #5725, #5726 );
#4582 = FILL_AREA_STYLE_COLOUR( '', #5727 );
#4583 = VERTEX_POINT( '', #5728 );
#4584 = LINE( '', #5729, #5730 );
#4585 = VERTEX_POINT( '', #5731 );
#4586 = LINE( '', #5732, #5733 );
#4587 = VERTEX_POINT( '', #5734 );
#4588 = LINE( '', #5735, #5736 );
#4589 = VERTEX_POINT( '', #5737 );
#4590 = LINE( '', #5738, #5739 );
#4591 = VERTEX_POINT( '', #5740 );
#4592 = LINE( '', #5741, #5742 );
#4593 = LINE( '', #5743, #5744 );
#4594 = CIRCLE( '', #5745, 0.150000000000000 );
#4595 = VERTEX_POINT( '', #5746 );
#4596 = LINE( '', #5747, #5748 );
#4597 = LINE( '', #5749, #5750 );
#4598 = VERTEX_POINT( '', #5751 );
#4599 = LINE( '', #5752, #5753 );
#4600 = VERTEX_POINT( '', #5754 );
#4601 = LINE( '', #5755, #5756 );
#4602 = VERTEX_POINT( '', #5757 );
#4603 = LINE( '', #5758, #5759 );
#4604 = VERTEX_POINT( '', #5760 );
#4605 = LINE( '', #5761, #5762 );
#4606 = LINE( '', #5763, #5764 );
#4607 = FILL_AREA_STYLE_COLOUR( '', #5765 );
#4608 = VERTEX_POINT( '', #5766 );
#4609 = VERTEX_POINT( '', #5767 );
#4610 = LINE( '', #5768, #5769 );
#4611 = VERTEX_POINT( '', #5770 );
#4612 = LINE( '', #5771, #5772 );
#4613 = VERTEX_POINT( '', #5773 );
#4614 = LINE( '', #5774, #5775 );
#4615 = LINE( '', #5776, #5777 );
#4616 = CIRCLE( '', #5778, 0.300000000000000 );
#4617 = FILL_AREA_STYLE_COLOUR( '', #5779 );
#4618 = LINE( '', #5780, #5781 );
#4619 = LINE( '', #5782, #5783 );
#4620 = FILL_AREA_STYLE_COLOUR( '', #5784 );
#4621 = VERTEX_POINT( '', #5785 );
#4622 = VERTEX_POINT( '', #5786 );
#4623 = CIRCLE( '', #5787, 0.0800000000000071 );
#4624 = VERTEX_POINT( '', #5788 );
#4625 = LINE( '', #5789, #5790 );
#4626 = VERTEX_POINT( '', #5791 );
#4627 = LINE( '', #5792, #5793 );
#4628 = VERTEX_POINT( '', #5794 );
#4629 = LINE( '', #5795, #5796 );
#4630 = VERTEX_POINT( '', #5797 );
#4631 = LINE( '', #5798, #5799 );
#4632 = VERTEX_POINT( '', #5800 );
#4633 = LINE( '', #5801, #5802 );
#4634 = LINE( '', #5803, #5804 );
#4635 = FILL_AREA_STYLE_COLOUR( '', #5805 );
#4636 = VERTEX_POINT( '', #5806 );
#4637 = LINE( '', #5807, #5808 );
#4638 = LINE( '', #5809, #5810 );
#4639 = FILL_AREA_STYLE_COLOUR( '', #5811 );
#4640 = VERTEX_POINT( '', #5812 );
#4641 = LINE( '', #5813, #5814 );
#4642 = VERTEX_POINT( '', #5815 );
#4643 = LINE( '', #5816, #5817 );
#4644 = LINE( '', #5818, #5819 );
#4645 = FILL_AREA_STYLE_COLOUR( '', #5820 );
#4646 = VERTEX_POINT( '', #5821 );
#4647 = VERTEX_POINT( '', #5822 );
#4648 = LINE( '', #5823, #5824 );
#4649 = VERTEX_POINT( '', #5825 );
#4650 = LINE( '', #5826, #5827 );
#4651 = VERTEX_POINT( '', #5828 );
#4652 = LINE( '', #5829, #5830 );
#4653 = VERTEX_POINT( '', #5831 );
#4654 = CIRCLE( '', #5832, 0.0800000000000036 );
#4655 = VERTEX_POINT( '', #5833 );
#4656 = LINE( '', #5834, #5835 );
#4657 = VERTEX_POINT( '', #5836 );
#4658 = LINE( '', #5837, #5838 );
#4659 = LINE( '', #5839, #5840 );
#4660 = FILL_AREA_STYLE_COLOUR( '', #5841 );
#4661 = VERTEX_POINT( '', #5842 );
#4662 = LINE( '', #5843, #5844 );
#4663 = LINE( '', #5845, #5846 );
#4664 = FILL_AREA_STYLE_COLOUR( '', #5847 );
#4665 = VERTEX_POINT( '', #5848 );
#4666 = LINE( '', #5849, #5850 );
#4667 = VERTEX_POINT( '', #5851 );
#4668 = LINE( '', #5852, #5853 );
#4669 = LINE( '', #5854, #5855 );
#4670 = FILL_AREA_STYLE_COLOUR( '', #5856 );
#4671 = VERTEX_POINT( '', #5857 );
#4672 = LINE( '', #5858, #5859 );
#4673 = VERTEX_POINT( '', #5860 );
#4674 = LINE( '', #5861, #5862 );
#4675 = LINE( '', #5863, #5864 );
#4676 = FILL_AREA_STYLE_COLOUR( '', #5865 );
#4677 = VERTEX_POINT( '', #5866 );
#4678 = LINE( '', #5867, #5868 );
#4679 = VERTEX_POINT( '', #5869 );
#4680 = LINE( '', #5870, #5871 );
#4681 = LINE( '', #5872, #5873 );
#4682 = FILL_AREA_STYLE_COLOUR( '', #5874 );
#4683 = VERTEX_POINT( '', #5875 );
#4684 = LINE( '', #5876, #5877 );
#4685 = VERTEX_POINT( '', #5878 );
#4686 = LINE( '', #5879, #5880 );
#4687 = LINE( '', #5881, #5882 );
#4688 = FILL_AREA_STYLE_COLOUR( '', #5883 );
#4689 = VERTEX_POINT( '', #5884 );
#4690 = CIRCLE( '', #5885, 0.149999999999997 );
#4691 = FILL_AREA_STYLE_COLOUR( '', #5886 );
#4692 = VERTEX_POINT( '', #5887 );
#4693 = VERTEX_POINT( '', #5888 );
#4694 = CIRCLE( '', #5889, 0.180000000000000 );
#4695 = VERTEX_POINT( '', #5890 );
#4696 = LINE( '', #5891, #5892 );
#4697 = VERTEX_POINT( '', #5893 );
#4698 = CIRCLE( '', #5894, 0.180000000000000 );
#4699 = LINE( '', #5895, #5896 );
#4700 = FILL_AREA_STYLE_COLOUR( '', #5897 );
#4701 = VERTEX_POINT( '', #5898 );
#4702 = VERTEX_POINT( '', #5899 );
#4703 = LINE( '', #5900, #5901 );
#4704 = VERTEX_POINT( '', #5902 );
#4705 = LINE( '', #5903, #5904 );
#4706 = VERTEX_POINT( '', #5905 );
#4707 = LINE( '', #5906, #5907 );
#4708 = VERTEX_POINT( '', #5908 );
#4709 = LINE( '', #5909, #5910 );
#4710 = VERTEX_POINT( '', #5911 );
#4711 = CIRCLE( '', #5912, 0.0800000000000036 );
#4712 = VERTEX_POINT( '', #5913 );
#4713 = LINE( '', #5914, #5915 );
#4714 = LINE( '', #5916, #5917 );
#4715 = FILL_AREA_STYLE_COLOUR( '', #5918 );
#4716 = VERTEX_POINT( '', #5919 );
#4717 = VERTEX_POINT( '', #5920 );
#4718 = LINE( '', #5921, #5922 );
#4719 = LINE( '', #5923, #5924 );
#4720 = LINE( '', #5925, #5926 );
#4721 = FILL_AREA_STYLE_COLOUR( '', #5927 );
#4722 = VERTEX_POINT( '', #5928 );
#4723 = LINE( '', #5929, #5930 );
#4724 = LINE( '', #5931, #5932 );
#4725 = FILL_AREA_STYLE_COLOUR( '', #5933 );
#4726 = VERTEX_POINT( '', #5934 );
#4727 = LINE( '', #5935, #5936 );
#4728 = VERTEX_POINT( '', #5937 );
#4729 = LINE( '', #5938, #5939 );
#4730 = LINE( '', #5940, #5941 );
#4731 = FILL_AREA_STYLE_COLOUR( '', #5942 );
#4732 = VERTEX_POINT( '', #5943 );
#4733 = LINE( '', #5944, #5945 );
#4734 = LINE( '', #5946, #5947 );
#4735 = FILL_AREA_STYLE_COLOUR( '', #5948 );
#4736 = VERTEX_POINT( '', #5949 );
#4737 = CIRCLE( '', #5950, 0.300000000000000 );
#4738 = VERTEX_POINT( '', #5951 );
#4739 = CIRCLE( '', #5952, 0.300000000000000 );
#4740 = VERTEX_POINT( '', #5953 );
#4741 = LINE( '', #5954, #5955 );
#4742 = VERTEX_POINT( '', #5956 );
#4743 = LINE( '', #5957, #5958 );
#4744 = VERTEX_POINT( '', #5959 );
#4745 = LINE( '', #5960, #5961 );
#4746 = VERTEX_POINT( '', #5962 );
#4747 = LINE( '', #5963, #5964 );
#4748 = LINE( '', #5965, #5966 );
#4749 = VERTEX_POINT( '', #5967 );
#4750 = LINE( '', #5968, #5969 );
#4751 = LINE( '', #5970, #5971 );
#4752 = LINE( '', #5972, #5973 );
#4753 = VERTEX_POINT( '', #5974 );
#4754 = LINE( '', #5975, #5976 );
#4755 = VERTEX_POINT( '', #5977 );
#4756 = LINE( '', #5978, #5979 );
#4757 = VERTEX_POINT( '', #5980 );
#4758 = LINE( '', #5981, #5982 );
#4759 = VERTEX_POINT( '', #5983 );
#4760 = LINE( '', #5984, #5985 );
#4761 = VERTEX_POINT( '', #5986 );
#4762 = LINE( '', #5987, #5988 );
#4763 = LINE( '', #5989, #5990 );
#4764 = VERTEX_POINT( '', #5991 );
#4765 = LINE( '', #5992, #5993 );
#4766 = LINE( '', #5994, #5995 );
#4767 = LINE( '', #5996, #5997 );
#4768 = LINE( '', #5998, #5999 );
#4769 = LINE( '', #6000, #6001 );
#4770 = FILL_AREA_STYLE_COLOUR( '', #6002 );
#4771 = VERTEX_POINT( '', #6003 );
#4772 = VERTEX_POINT( '', #6004 );
#4773 = LINE( '', #6005, #6006 );
#4774 = LINE( '', #6007, #6008 );
#4775 = LINE( '', #6009, #6010 );
#4776 = FILL_AREA_STYLE_COLOUR( '', #6011 );
#4777 = VERTEX_POINT( '', #6012 );
#4778 = LINE( '', #6013, #6014 );
#4779 = VERTEX_POINT( '', #6015 );
#4780 = LINE( '', #6016, #6017 );
#4781 = LINE( '', #6018, #6019 );
#4782 = FILL_AREA_STYLE_COLOUR( '', #6020 );
#4783 = LINE( '', #6021, #6022 );
#4784 = LINE( '', #6023, #6024 );
#4785 = FILL_AREA_STYLE_COLOUR( '', #6025 );
#4786 = VERTEX_POINT( '', #6026 );
#4787 = LINE( '', #6027, #6028 );
#4788 = LINE( '', #6029, #6030 );
#4789 = FILL_AREA_STYLE_COLOUR( '', #6031 );
#4790 = LINE( '', #6032, #6033 );
#4791 = VERTEX_POINT( '', #6034 );
#4792 = LINE( '', #6035, #6036 );
#4793 = VERTEX_POINT( '', #6037 );
#4794 = LINE( '', #6038, #6039 );
#4795 = LINE( '', #6040, #6041 );
#4796 = FILL_AREA_STYLE_COLOUR( '', #6042 );
#4797 = VERTEX_POINT( '', #6043 );
#4798 = LINE( '', #6044, #6045 );
#4799 = VERTEX_POINT( '', #6046 );
#4800 = LINE( '', #6047, #6048 );
#4801 = VERTEX_POINT( '', #6049 );
#4802 = CIRCLE( '', #6050, 0.0800000000000000 );
#4803 = LINE( '', #6051, #6052 );
#4804 = FILL_AREA_STYLE_COLOUR( '', #6053 );
#4805 = VERTEX_POINT( '', #6054 );
#4806 = VERTEX_POINT( '', #6055 );
#4807 = LINE( '', #6056, #6057 );
#4808 = VERTEX_POINT( '', #6058 );
#4809 = LINE( '', #6059, #6060 );
#4810 = VERTEX_POINT( '', #6061 );
#4811 = LINE( '', #6062, #6063 );
#4812 = LINE( '', #6064, #6065 );
#4813 = VERTEX_POINT( '', #6066 );
#4814 = LINE( '', #6067, #6068 );
#4815 = VERTEX_POINT( '', #6069 );
#4816 = LINE( '', #6070, #6071 );
#4817 = LINE( '', #6072, #6073 );
#4818 = FILL_AREA_STYLE_COLOUR( '', #6074 );
#4819 = VERTEX_POINT( '', #6075 );
#4820 = LINE( '', #6076, #6077 );
#4821 = VERTEX_POINT( '', #6078 );
#4822 = LINE( '', #6079, #6080 );
#4823 = LINE( '', #6081, #6082 );
#4824 = FILL_AREA_STYLE_COLOUR( '', #6083 );
#4825 = LINE( '', #6084, #6085 );
#4826 = FILL_AREA_STYLE_COLOUR( '', #6086 );
#4827 = VERTEX_POINT( '', #6087 );
#4828 = VERTEX_POINT( '', #6088 );
#4829 = CIRCLE( '', #6089, 0.180000000000000 );
#4830 = LINE( '', #6090, #6091 );
#4831 = LINE( '', #6092, #6093 );
#4832 = FILL_AREA_STYLE_COLOUR( '', #6094 );
#4833 = VERTEX_POINT( '', #6095 );
#4834 = CIRCLE( '', #6096, 0.300000000000000 );
#4835 = FILL_AREA_STYLE_COLOUR( '', #6097 );
#4836 = VERTEX_POINT( '', #6098 );
#4837 = LINE( '', #6099, #6100 );
#4838 = VERTEX_POINT( '', #6101 );
#4839 = LINE( '', #6102, #6103 );
#4840 = LINE( '', #6104, #6105 );
#4841 = FILL_AREA_STYLE_COLOUR( '', #6106 );
#4842 = VERTEX_POINT( '', #6107 );
#4843 = LINE( '', #6108, #6109 );
#4844 = VERTEX_POINT( '', #6110 );
#4845 = LINE( '', #6111, #6112 );
#4846 = LINE( '', #6113, #6114 );
#4847 = FILL_AREA_STYLE_COLOUR( '', #6115 );
#4848 = LINE( '', #6116, #6117 );
#4849 = FILL_AREA_STYLE_COLOUR( '', #6118 );
#4850 = VERTEX_POINT( '', #6119 );
#4851 = LINE( '', #6120, #6121 );
#4852 = VERTEX_POINT( '', #6122 );
#4853 = CIRCLE( '', #6123, 0.0800000000000000 );
#4854 = LINE( '', #6124, #6125 );
#4855 = FILL_AREA_STYLE_COLOUR( '', #6126 );
#4856 = VERTEX_POINT( '', #6127 );
#4857 = CIRCLE( '', #6128, 0.180000000000000 );
#4858 = LINE( '', #6129, #6130 );
#4859 = LINE( '', #6131, #6132 );
#4860 = LINE( '', #6133, #6134 );
#4861 = VERTEX_POINT( '', #6135 );
#4862 = LINE( '', #6136, #6137 );
#4863 = VERTEX_POINT( '', #6138 );
#4864 = CIRCLE( '', #6139, 0.0800000000000000 );
#4865 = VERTEX_POINT( '', #6140 );
#4866 = LINE( '', #6141, #6142 );
#4867 = LINE( '', #6143, #6144 );
#4868 = FILL_AREA_STYLE_COLOUR( '', #6145 );
#4869 = VERTEX_POINT( '', #6146 );
#4870 = LINE( '', #6147, #6148 );
#4871 = VERTEX_POINT( '', #6149 );
#4872 = LINE( '', #6150, #6151 );
#4873 = LINE( '', #6152, #6153 );
#4874 = FILL_AREA_STYLE_COLOUR( '', #6154 );
#4875 = LINE( '', #6155, #6156 );
#4876 = LINE( '', #6157, #6158 );
#4877 = FILL_AREA_STYLE_COLOUR( '', #6159 );
#4878 = VERTEX_POINT( '', #6160 );
#4879 = LINE( '', #6161, #6162 );
#4880 = VERTEX_POINT( '', #6163 );
#4881 = LINE( '', #6164, #6165 );
#4882 = VERTEX_POINT( '', #6166 );
#4883 = CIRCLE( '', #6167, 0.0800000000000036 );
#4884 = VERTEX_POINT( '', #6168 );
#4885 = LINE( '', #6169, #6170 );
#4886 = VERTEX_POINT( '', #6171 );
#4887 = LINE( '', #6172, #6173 );
#4888 = LINE( '', #6174, #6175 );
#4889 = FILL_AREA_STYLE_COLOUR( '', #6176 );
#4890 = VERTEX_POINT( '', #6177 );
#4891 = LINE( '', #6178, #6179 );
#4892 = LINE( '', #6180, #6181 );
#4893 = FILL_AREA_STYLE_COLOUR( '', #6182 );
#4894 = VERTEX_POINT( '', #6183 );
#4895 = B_SPLINE_CURVE_WITH_KNOTS( '', 3, ( #6184, #6185, #6186, #6187, #6188, #6189, #6190 ), .UNSPECIFIED., .F., .F., ( 4, 3, 4 ), ( 0.000000000000000, 2.40747467917017E-005, 3.07465416684480E-005 ), .UNSPECIFIED. );
#4896 = CIRCLE( '', #6191, 0.150000000000000 );
#4897 = FILL_AREA_STYLE_COLOUR( '', #6192 );
#4898 = VERTEX_POINT( '', #6193 );
#4899 = LINE( '', #6194, #6195 );
#4900 = VERTEX_POINT( '', #6196 );
#4901 = LINE( '', #6197, #6198 );
#4902 = LINE( '', #6199, #6200 );
#4903 = FILL_AREA_STYLE_COLOUR( '', #6201 );
#4904 = VERTEX_POINT( '', #6202 );
#4905 = CIRCLE( '', #6203, 0.180000000000000 );
#4906 = LINE( '', #6204, #6205 );
#4907 = FILL_AREA_STYLE_COLOUR( '', #6206 );
#4908 = VERTEX_POINT( '', #6207 );
#4909 = LINE( '', #6208, #6209 );
#4910 = LINE( '', #6210, #6211 );
#4911 = LINE( '', #6212, #6213 );
#4912 = LINE( '', #6214, #6215 );
#4913 = FILL_AREA_STYLE_COLOUR( '', #6216 );
#4914 = FILL_AREA_STYLE_COLOUR( '', #6217 );
#4915 = LINE( '', #6218, #6219 );
#4916 = FILL_AREA_STYLE_COLOUR( '', #6220 );
#4917 = VERTEX_POINT( '', #6221 );
#4918 = LINE( '', #6222, #6223 );
#4919 = VERTEX_POINT( '', #6224 );
#4920 = LINE( '', #6225, #6226 );
#4921 = VERTEX_POINT( '', #6227 );
#4922 = LINE( '', #6228, #6229 );
#4923 = LINE( '', #6230, #6231 );
#4924 = FILL_AREA_STYLE_COLOUR( '', #6232 );
#4925 = VERTEX_POINT( '', #6233 );
#4926 = LINE( '', #6234, #6235 );
#4927 = VERTEX_POINT( '', #6236 );
#4928 = LINE( '', #6237, #6238 );
#4929 = LINE( '', #6239, #6240 );
#4930 = FILL_AREA_STYLE_COLOUR( '', #6241 );
#4931 = FILL_AREA_STYLE_COLOUR( '', #6242 );
#4932 = FILL_AREA_STYLE_COLOUR( '', #6243 );
#4933 = LINE( '', #6244, #6245 );
#4934 = FILL_AREA_STYLE_COLOUR( '', #6246 );
#4935 = VERTEX_POINT( '', #6247 );
#4936 = LINE( '', #6248, #6249 );
#4937 = VERTEX_POINT( '', #6250 );
#4938 = LINE( '', #6251, #6252 );
#4939 = CIRCLE( '', #6253, 0.0800000000000000 );
#4940 = FILL_AREA_STYLE_COLOUR( '', #6254 );
#4941 = FILL_AREA_STYLE_COLOUR( '', #6255 );
#4942 = LINE( '', #6256, #6257 );
#4943 = FILL_AREA_STYLE_COLOUR( '', #6258 );
#4944 = LINE( '', #6259, #6260 );
#4945 = FILL_AREA_STYLE_COLOUR( '', #6261 );
#4946 = VERTEX_POINT( '', #6262 );
#4947 = LINE( '', #6263, #6264 );
#4948 = VERTEX_POINT( '', #6265 );
#4949 = CIRCLE( '', #6266, 0.0800000000000000 );
#4950 = LINE( '', #6267, #6268 );
#4951 = FILL_AREA_STYLE_COLOUR( '', #6269 );
#4952 = VERTEX_POINT( '', #6270 );
#4953 = CIRCLE( '', #6271, 0.320000000000000 );
#4954 = FILL_AREA_STYLE_COLOUR( '', #6272 );
#4955 = VERTEX_POINT( '', #6273 );
#4956 = VERTEX_POINT( '', #6274 );
#4957 = LINE( '', #6275, #6276 );
#4958 = LINE( '', #6277, #6278 );
#4959 = LINE( '', #6279, #6280 );
#4960 = FILL_AREA_STYLE_COLOUR( '', #6281 );
#4961 = VERTEX_POINT( '', #6282 );
#4962 = LINE( '', #6283, #6284 );
#4963 = VERTEX_POINT( '', #6285 );
#4964 = LINE( '', #6286, #6287 );
#4965 = LINE( '', #6288, #6289 );
#4966 = FILL_AREA_STYLE_COLOUR( '', #6290 );
#4967 = LINE( '', #6291, #6292 );
#4968 = LINE( '', #6293, #6294 );
#4969 = FILL_AREA_STYLE_COLOUR( '', #6295 );
#4970 = VERTEX_POINT( '', #6296 );
#4971 = LINE( '', #6297, #6298 );
#4972 = LINE( '', #6299, #6300 );
#4973 = FILL_AREA_STYLE_COLOUR( '', #6301 );
#4974 = LINE( '', #6302, #6303 );
#4975 = LINE( '', #6304, #6305 );
#4976 = FILL_AREA_STYLE_COLOUR( '', #6306 );
#4977 = LINE( '', #6307, #6308 );
#4978 = FILL_AREA_STYLE_COLOUR( '', #6309 );
#4979 = LINE( '', #6310, #6311 );
#4980 = LINE( '', #6312, #6313 );
#4981 = FILL_AREA_STYLE_COLOUR( '', #6314 );
#4982 = VERTEX_POINT( '', #6315 );
#4983 = LINE( '', #6316, #6317 );
#4984 = VERTEX_POINT( '', #6318 );
#4985 = LINE( '', #6319, #6320 );
#4986 = LINE( '', #6321, #6322 );
#4987 = FILL_AREA_STYLE_COLOUR( '', #6323 );
#4988 = LINE( '', #6324, #6325 );
#4989 = LINE( '', #6326, #6327 );
#4990 = FILL_AREA_STYLE_COLOUR( '', #6328 );
#4991 = VERTEX_POINT( '', #6329 );
#4992 = LINE( '', #6330, #6331 );
#4993 = VERTEX_POINT( '', #6332 );
#4994 = CIRCLE( '', #6333, 0.0800000000000000 );
#4995 = LINE( '', #6334, #6335 );
#4996 = FILL_AREA_STYLE_COLOUR( '', #6336 );
#4997 = VERTEX_POINT( '', #6337 );
#4998 = LINE( '', #6338, #6339 );
#4999 = LINE( '', #6340, #6341 );
#5000 = FILL_AREA_STYLE_COLOUR( '', #6342 );
#5001 = VERTEX_POINT( '', #6343 );
#5002 = CIRCLE( '', #6344, 0.200000000000000 );
#5003 = FILL_AREA_STYLE_COLOUR( '', #6345 );
#5004 = LINE( '', #6346, #6347 );
#5005 = LINE( '', #6348, #6349 );
#5006 = FILL_AREA_STYLE_COLOUR( '', #6350 );
#5007 = CIRCLE( '', #6351, 0.0800000000000071 );
#5008 = FILL_AREA_STYLE_COLOUR( '', #6352 );
#5009 = LINE( '', #6353, #6354 );
#5010 = FILL_AREA_STYLE_COLOUR( '', #6355 );
#5011 = LINE( '', #6356, #6357 );
#5012 = FILL_AREA_STYLE_COLOUR( '', #6358 );
#5013 = FILL_AREA_STYLE_COLOUR( '', #6359 );
#5014 = LINE( '', #6360, #6361 );
#5015 = LINE( '', #6362, #6363 );
#5016 = LINE( '', #6364, #6365 );
#5017 = FILL_AREA_STYLE_COLOUR( '', #6366 );
#5018 = FILL_AREA_STYLE_COLOUR( '', #6367 );
#5019 = VERTEX_POINT( '', #6368 );
#5020 = VERTEX_POINT( '', #6369 );
#5021 = LINE( '', #6370, #6371 );
#5022 = LINE( '', #6372, #6373 );
#5023 = LINE( '', #6374, #6375 );
#5024 = FILL_AREA_STYLE_COLOUR( '', #6376 );
#5025 = LINE( '', #6377, #6378 );
#5026 = LINE( '', #6379, #6380 );
#5027 = FILL_AREA_STYLE_COLOUR( '', #6381 );
#5028 = LINE( '', #6382, #6383 );
#5029 = LINE( '', #6384, #6385 );
#5030 = LINE( '', #6386, #6387 );
#5031 = LINE( '', #6388, #6389 );
#5032 = FILL_AREA_STYLE_COLOUR( '', #6390 );
#5033 = VERTEX_POINT( '', #6391 );
#5034 = LINE( '', #6392, #6393 );
#5035 = VERTEX_POINT( '', #6394 );
#5036 = LINE( '', #6395, #6396 );
#5037 = VERTEX_POINT( '', #6397 );
#5038 = LINE( '', #6398, #6399 );
#5039 = VERTEX_POINT( '', #6400 );
#5040 = LINE( '', #6401, #6402 );
#5041 = LINE( '', #6403, #6404 );
#5042 = VERTEX_POINT( '', #6405 );
#5043 = LINE( '', #6406, #6407 );
#5044 = LINE( '', #6408, #6409 );
#5045 = FILL_AREA_STYLE_COLOUR( '', #6410 );
#5046 = LINE( '', #6411, #6412 );
#5047 = FILL_AREA_STYLE_COLOUR( '', #6413 );
#5048 = LINE( '', #6414, #6415 );
#5049 = FILL_AREA_STYLE_COLOUR( '', #6416 );
#5050 = VERTEX_POINT( '', #6417 );
#5051 = LINE( '', #6418, #6419 );
#5052 = VERTEX_POINT( '', #6420 );
#5053 = LINE( '', #6421, #6422 );
#5054 = LINE( '', #6423, #6424 );
#5055 = FILL_AREA_STYLE_COLOUR( '', #6425 );
#5056 = LINE( '', #6426, #6427 );
#5057 = FILL_AREA_STYLE_COLOUR( '', #6428 );
#5058 = VERTEX_POINT( '', #6429 );
#5059 = LINE( '', #6430, #6431 );
#5060 = VERTEX_POINT( '', #6432 );
#5061 = LINE( '', #6433, #6434 );
#5062 = LINE( '', #6435, #6436 );
#5063 = FILL_AREA_STYLE_COLOUR( '', #6437 );
#5064 = LINE( '', #6438, #6439 );
#5065 = FILL_AREA_STYLE_COLOUR( '', #6440 );
#5066 = FILL_AREA_STYLE_COLOUR( '', #6441 );
#5067 = FILL_AREA_STYLE_COLOUR( '', #6442 );
#5068 = LINE( '', #6443, #6444 );
#5069 = FILL_AREA_STYLE_COLOUR( '', #6445 );
#5070 = FILL_AREA_STYLE_COLOUR( '', #6446 );
#5071 = LINE( '', #6447, #6448 );
#5072 = FILL_AREA_STYLE_COLOUR( '', #6449 );
#5073 = VERTEX_POINT( '', #6450 );
#5074 = LINE( '', #6451, #6452 );
#5075 = LINE( '', #6453, #6454 );
#5076 = FILL_AREA_STYLE_COLOUR( '', #6455 );
#5077 = LINE( '', #6456, #6457 );
#5078 = FILL_AREA_STYLE_COLOUR( '', #6458 );
#5079 = VERTEX_POINT( '', #6459 );
#5080 = LINE( '', #6460, #6461 );
#5081 = LINE( '', #6462, #6463 );
#5082 = FILL_AREA_STYLE_COLOUR( '', #6464 );
#5083 = LINE( '', #6465, #6466 );
#5084 = FILL_AREA_STYLE_COLOUR( '', #6467 );
#5085 = VERTEX_POINT( '', #6468 );
#5086 = LINE( '', #6469, #6470 );
#5087 = LINE( '', #6471, #6472 );
#5088 = FILL_AREA_STYLE_COLOUR( '', #6473 );
#5089 = LINE( '', #6474, #6475 );
#5090 = FILL_AREA_STYLE_COLOUR( '', #6476 );
#5091 = LINE( '', #6477, #6478 );
#5092 = LINE( '', #6479, #6480 );
#5093 = FILL_AREA_STYLE_COLOUR( '', #6481 );
#5094 = LINE( '', #6482, #6483 );
#5095 = FILL_AREA_STYLE_COLOUR( '', #6484 );
#5096 = LINE( '', #6485, #6486 );
#5097 = FILL_AREA_STYLE_COLOUR( '', #6487 );
#5098 = LINE( '', #6488, #6489 );
#5099 = FILL_AREA_STYLE_COLOUR( '', #6490 );
#5100 = LINE( '', #6491, #6492 );
#5101 = FILL_AREA_STYLE_COLOUR( '', #6493 );
#5102 = FILL_AREA_STYLE_COLOUR( '', #6494 );
#5103 = LINE( '', #6495, #6496 );
#5104 = FILL_AREA_STYLE_COLOUR( '', #6497 );
#5105 = LINE( '', #6498, #6499 );
#5106 = FILL_AREA_STYLE_COLOUR( '', #6500 );
#5107 = FILL_AREA_STYLE_COLOUR( '', #6501 );
#5108 = VERTEX_POINT( '', #6502 );
#5109 = LINE( '', #6503, #6504 );
#5110 = VERTEX_POINT( '', #6505 );
#5111 = LINE( '', #6506, #6507 );
#5112 = LINE( '', #6508, #6509 );
#5113 = FILL_AREA_STYLE_COLOUR( '', #6510 );
#5114 = LINE( '', #6511, #6512 );
#5115 = FILL_AREA_STYLE_COLOUR( '', #6513 );
#5116 = FILL_AREA_STYLE_COLOUR( '', #6514 );
#5117 = LINE( '', #6515, #6516 );
#5118 = FILL_AREA_STYLE_COLOUR( '', #6517 );
#5119 = VERTEX_POINT( '', #6518 );
#5120 = LINE( '', #6519, #6520 );
#5121 = LINE( '', #6521, #6522 );
#5122 = FILL_AREA_STYLE_COLOUR( '', #6523 );
#5123 = VERTEX_POINT( '', #6524 );
#5124 = LINE( '', #6525, #6526 );
#5125 = VERTEX_POINT( '', #6527 );
#5126 = LINE( '', #6528, #6529 );
#5127 = LINE( '', #6530, #6531 );
#5128 = FILL_AREA_STYLE_COLOUR( '', #6532 );
#5129 = CIRCLE( '', #6533, 0.180000000000000 );
#5130 = LINE( '', #6534, #6535 );
#5131 = FILL_AREA_STYLE_COLOUR( '', #6536 );
#5132 = FILL_AREA_STYLE_COLOUR( '', #6537 );
#5133 = FILL_AREA_STYLE_COLOUR( '', #6538 );
#5134 = VERTEX_POINT( '', #6539 );
#5135 = LINE( '', #6540, #6541 );
#5136 = LINE( '', #6542, #6543 );
#5137 = FILL_AREA_STYLE_COLOUR( '', #6544 );
#5138 = LINE( '', #6545, #6546 );
#5139 = FILL_AREA_STYLE_COLOUR( '', #6547 );
#5140 = LINE( '', #6548, #6549 );
#5141 = LINE( '', #6550, #6551 );
#5142 = FILL_AREA_STYLE_COLOUR( '', #6552 );
#5143 = FILL_AREA_STYLE_COLOUR( '', #6553 );
#5144 = VERTEX_POINT( '', #6554 );
#5145 = LINE( '', #6555, #6556 );
#5146 = LINE( '', #6557, #6558 );
#5147 = FILL_AREA_STYLE_COLOUR( '', #6559 );
#5148 = LINE( '', #6560, #6561 );
#5149 = FILL_AREA_STYLE_COLOUR( '', #6562 );
#5150 = VERTEX_POINT( '', #6563 );
#5151 = LINE( '', #6564, #6565 );
#5152 = VERTEX_POINT( '', #6566 );
#5153 = LINE( '', #6567, #6568 );
#5154 = LINE( '', #6569, #6570 );
#5155 = FILL_AREA_STYLE_COLOUR( '', #6571 );
#5156 = CIRCLE( '', #6572, 0.0800000000000000 );
#5157 = FILL_AREA_STYLE_COLOUR( '', #6573 );
#5158 = VERTEX_POINT( '', #6574 );
#5159 = LINE( '', #6575, #6576 );
#5160 = VERTEX_POINT( '', #6577 );
#5161 = LINE( '', #6578, #6579 );
#5162 = LINE( '', #6580, #6581 );
#5163 = FILL_AREA_STYLE_COLOUR( '', #6582 );
#5164 = FILL_AREA_STYLE_COLOUR( '', #6583 );
#5165 = LINE( '', #6584, #6585 );
#5166 = LINE( '', #6586, #6587 );
#5167 = FILL_AREA_STYLE_COLOUR( '', #6588 );
#5168 = FILL_AREA_STYLE_COLOUR( '', #6589 );
#5169 = LINE( '', #6590, #6591 );
#5170 = FILL_AREA_STYLE_COLOUR( '', #6592 );
#5171 = FILL_AREA_STYLE_COLOUR( '', #6593 );
#5172 = LINE( '', #6594, #6595 );
#5173 = LINE( '', #6596, #6597 );
#5174 = FILL_AREA_STYLE_COLOUR( '', #6598 );
#5175 = CIRCLE( '', #6599, 0.0800000000000071 );
#5176 = FILL_AREA_STYLE_COLOUR( '', #6600 );
#5177 = LINE( '', #6601, #6602 );
#5178 = LINE( '', #6603, #6604 );
#5179 = FILL_AREA_STYLE_COLOUR( '', #6605 );
#5180 = LINE( '', #6606, #6607 );
#5181 = FILL_AREA_STYLE_COLOUR( '', #6608 );
#5182 = FILL_AREA_STYLE_COLOUR( '', #6609 );
#5183 = FILL_AREA_STYLE_COLOUR( '', #6610 );
#5184 = FILL_AREA_STYLE_COLOUR( '', #6611 );
#5185 = FILL_AREA_STYLE_COLOUR( '', #6612 );
#5186 = FILL_AREA_STYLE_COLOUR( '', #6613 );
#5187 = LINE( '', #6614, #6615 );
#5188 = FILL_AREA_STYLE_COLOUR( '', #6616 );
#5189 = FILL_AREA_STYLE_COLOUR( '', #6617 );
#5190 = FILL_AREA_STYLE_COLOUR( '', #6618 );
#5191 = FILL_AREA_STYLE_COLOUR( '', #6619 );
#5192 = FILL_AREA_STYLE_COLOUR( '', #6620 );
#5193 = FILL_AREA_STYLE_COLOUR( '', #6621 );
#5194 = COLOUR_RGB( '', 0.752941250801086, 0.752941250801086, 0.752941250801086 );
#5195 = CARTESIAN_POINT( '', ( 2.00000000000000, 0.553157894736860, 0.000000000000000 ) );
#5196 = CARTESIAN_POINT( '', ( 1.80000000000000, 0.553157894736846, 0.000000000000000 ) );
#5197 = CARTESIAN_POINT( '', ( 2.00000000000000, 0.553157894736860, 0.000000000000000 ) );
#5198 = VECTOR( '', #6622, 1000.00000000000 );
#5199 = CARTESIAN_POINT( '', ( 2.00000000000000, 0.553157894736860, 0.0100000000000000 ) );
#5200 = CARTESIAN_POINT( '', ( 2.00000000000000, 0.553157894736860, 0.0100000000000000 ) );
#5201 = VECTOR( '', #6623, 1000.00000000000 );
#5202 = CARTESIAN_POINT( '', ( 1.80000000000000, 0.553157894736846, 0.0100000000000000 ) );
#5203 = CARTESIAN_POINT( '', ( 2.00000000000000, 0.553157894736860, 0.0100000000000000 ) );
#5204 = VECTOR( '', #6624, 1000.00000000000 );
#5205 = CARTESIAN_POINT( '', ( 1.80000000000000, 0.553157894736846, 0.0100000000000000 ) );
#5206 = VECTOR( '', #6625, 1000.00000000000 );
#5207 = COLOUR_RGB( '', 0.776470601558685, 0.529411792755127, 0.419607847929001 );
#5208 = CARTESIAN_POINT( '', ( -1.82000000000000, -2.87263157894737, 0.000000000000000 ) );
#5209 = CARTESIAN_POINT( '', ( -2.00000000000000, -2.87263157894737, -0.180000000000000 ) );
#5210 = AXIS2_PLACEMENT_3D( '', #6626, #6627, #6628 );
#5211 = CARTESIAN_POINT( '', ( -2.00000000000000, -4.77263157894737, -0.180000000000000 ) );
#5212 = CARTESIAN_POINT( '', ( -2.00000000000000, -2.87263157894737, -0.180000000000000 ) );
#5213 = VECTOR( '', #6629, 1000.00000000000 );
#5214 = CARTESIAN_POINT( '', ( -1.85000000000000, -4.77263157894737, -0.00251760650701153 ) );
#5215 = AXIS2_PLACEMENT_3D( '', #6630, #6631, #6632 );
#5216 = CARTESIAN_POINT( '', ( -1.82000000000000, -4.77566219438038, 0.000000000000000 ) );
#5217 = CARTESIAN_POINT( '', ( -1.85000000000000, -4.77263157894737, -0.00251760650701150 ) );
#5218 = CARTESIAN_POINT( '', ( -1.84005519801473, -4.77263157894737, -0.000836628164953917 ) );
#5219 = CARTESIAN_POINT( '', ( -1.82988209409611, -4.77364502036798, 1.79218729693387E-014 ) );
#5220 = CARTESIAN_POINT( '', ( -1.82000000000000, -4.77566219437842, 1.79473928614713E-014 ) );
#5221 = CARTESIAN_POINT( '', ( -1.82000000000000, -6.97263157894737, 0.000000000000000 ) );
#5222 = VECTOR( '', #6633, 1000.00000000000 );
#5223 = COLOUR_RGB( '', 0.752941250801086, 0.752941250801086, 0.752941250801086 );
#5224 = CARTESIAN_POINT( '', ( 2.00000000000000, 1.10315789473683, 0.000000000000000 ) );
#5225 = CARTESIAN_POINT( '', ( 2.00000000000000, -2.39684210526317, 0.000000000000000 ) );
#5226 = VECTOR( '', #6634, 1000.00000000000 );
#5227 = CARTESIAN_POINT( '', ( 2.00000000000000, 1.10315789473683, 0.610000000000000 ) );
#5228 = CARTESIAN_POINT( '', ( 2.00000000000000, 1.10315789473683, 0.000000000000000 ) );
#5229 = VECTOR( '', #6635, 1000.00000000000 );
#5230 = CARTESIAN_POINT( '', ( 2.00000000000000, 0.953157894736836, 0.760000000000000 ) );
#5231 = CARTESIAN_POINT( '', ( 2.00000000000000, 1.10315789473683, 0.610000000000000 ) );
#5232 = VECTOR( '', #6636, 1000.00000000000 );
#5233 = CARTESIAN_POINT( '', ( 2.00000000000000, -0.246842105263164, 0.760000000000000 ) );
#5234 = CARTESIAN_POINT( '', ( 2.00000000000000, 1.10315789473683, 0.760000000000000 ) );
#5235 = VECTOR( '', #6637, 1000.00000000000 );
#5236 = CARTESIAN_POINT( '', ( 2.00000000000000, -0.246842105263171, 1.13000000000000 ) );
#5237 = CARTESIAN_POINT( '', ( 2.00000000000000, -0.246842105263171, 0.760000000000000 ) );
#5238 = VECTOR( '', #6638, 1000.00000000000 );
#5239 = CARTESIAN_POINT( '', ( 2.00000000000000, -2.39684210526317, 1.13000000000000 ) );
#5240 = CARTESIAN_POINT( '', ( 2.00000000000000, -2.39684210526317, 1.13000000000000 ) );
#5241 = VECTOR( '', #6639, 1000.00000000000 );
#5242 = CARTESIAN_POINT( '', ( 2.00000000000000, -2.39684210526317, 0.000000000000000 ) );
#5243 = CARTESIAN_POINT( '', ( 2.00000000000000, -2.39684210526317, 1.13000000000000 ) );
#5244 = VECTOR( '', #6640, 1000.00000000000 );
#5245 = CARTESIAN_POINT( '', ( 2.00000000000000, 0.0531578947368522, 0.000000000000000 ) );
#5246 = CARTESIAN_POINT( '', ( 2.00000000000000, -2.39684210526317, 0.000000000000000 ) );
#5247 = VECTOR( '', #6641, 1000.00000000000 );
#5248 = CARTESIAN_POINT( '', ( 2.00000000000000, 0.0531578947368591, 0.0100000000000000 ) );
#5249 = CARTESIAN_POINT( '', ( 2.00000000000000, 0.0531578947368591, 0.0100000000000000 ) );
#5250 = VECTOR( '', #6642, 1000.00000000000 );
#5251 = CARTESIAN_POINT( '', ( 2.00000000000000, 0.553157894736860, 0.0100000000000000 ) );
#5252 = VECTOR( '', #6643, 1000.00000000000 );
#5253 = COLOUR_RGB( '', 0.776470601558685, 0.529411792755127, 0.419607847929001 );
#5254 = CARTESIAN_POINT( '', ( 0.550000000000000, -6.97263157894737, -0.450000000000000 ) );
#5255 = CARTESIAN_POINT( '', ( 0.550000000000000, -6.97263157894737, -0.690000000000000 ) );
#5256 = CARTESIAN_POINT( '', ( 0.550000000000000, -6.97263157894737, -0.450000000000000 ) );
#5257 = VECTOR( '', #6644, 1000.00000000000 );
#5258 = CARTESIAN_POINT( '', ( 0.550000000000000, -6.87263157894737, -0.690000000000000 ) );
#5259 = CARTESIAN_POINT( '', ( 0.550000000000000, -6.87263157894737, -0.690000000000000 ) );
#5260 = VECTOR( '', #6645, 1000.00000000000 );
#5261 = CARTESIAN_POINT( '', ( 0.550000000000000, -6.87263157894737, -0.450000000000000 ) );
#5262 = CARTESIAN_POINT( '', ( 0.550000000000000, -6.87263157894737, -0.450000000000000 ) );
#5263 = VECTOR( '', #6646, 1000.00000000000 );
#5264 = CARTESIAN_POINT( '', ( 0.550000000000000, -6.87263157894737, -0.450000000000000 ) );
#5265 = VECTOR( '', #6647, 1000.00000000000 );
#5266 = COLOUR_RGB( '', 0.776470601558685, 0.529411792755127, 0.419607847929001 );
#5267 = CARTESIAN_POINT( '', ( 0.200000000000004, -6.47263157894737, -1.20000000000000 ) );
#5268 = CARTESIAN_POINT( '', ( 0.200000000000004, -6.79263157894737, -1.20000000000000 ) );
#5269 = CARTESIAN_POINT( '', ( 0.200000000000004, -6.87263157894737, -1.20000000000000 ) );
#5270 = VECTOR( '', #6648, 1000.00000000000 );
#5271 = CARTESIAN_POINT( '', ( -0.200000000000000, -6.79263157894737, -1.20000000000000 ) );
#5272 = CARTESIAN_POINT( '', ( 4.25874613352306E-015, -6.79263157894737, -1.20000000000000 ) );
#5273 = VECTOR( '', #6649, 1000.00000000000 );
#5274 = CARTESIAN_POINT( '', ( -0.200000000000000, -6.47263157894737, -1.20000000000000 ) );
#5275 = CARTESIAN_POINT( '', ( -0.200000000000000, -6.87263157894737, -1.20000000000000 ) );
#5276 = VECTOR( '', #6650, 1000.00000000000 );
#5277 = CARTESIAN_POINT( '', ( 0.200000000000004, -6.47263157894737, -1.20000000000000 ) );
#5278 = VECTOR( '', #6651, 1000.00000000000 );
#5279 = COLOUR_RGB( '', 0.752941250801086, 0.752941250801086, 0.752941250801086 );
#5280 = CARTESIAN_POINT( '', ( 0.300000000000005, -0.996842105263157, -0.250000000000000 ) );
#5281 = AXIS2_PLACEMENT_3D( '', #6652, #6653, #6654 );
#5282 = CARTESIAN_POINT( '', ( 0.150000000000002, -0.996842105263157, -0.400000000000000 ) );
#5283 = AXIS2_PLACEMENT_3D( '', #6655, #6656, #6657 );
#5284 = COLOUR_RGB( '', 0.752941250801086, 0.752941250801086, 0.752941250801086 );
#5285 = CARTESIAN_POINT( '', ( 1.60000000000000, -2.39684210526317, 0.0100000000000000 ) );
#5286 = CARTESIAN_POINT( '', ( 1.60000000000000, -2.19684210526315, 0.0100000000000000 ) );
#5287 = CARTESIAN_POINT( '', ( 1.60000000000000, -2.19684210526315, 0.0100000000000000 ) );
#5288 = VECTOR( '', #6658, 1000.00000000000 );
#5289 = CARTESIAN_POINT( '', ( 1.10000000000000, -2.39684210526317, 0.0100000000000000 ) );
#5290 = CARTESIAN_POINT( '', ( 1.10000000000000, -2.39684210526317, 0.0100000000000000 ) );
#5291 = VECTOR( '', #6659, 1000.00000000000 );
#5292 = CARTESIAN_POINT( '', ( 1.10000000000000, -2.19684210526315, 0.0100000000000000 ) );
#5293 = CARTESIAN_POINT( '', ( 1.10000000000000, -2.19684210526317, 0.0100000000000000 ) );
#5294 = VECTOR( '', #6660, 1000.00000000000 );
#5295 = CARTESIAN_POINT( '', ( 1.60000000000000, -2.19684210526315, 0.0100000000000000 ) );
#5296 = VECTOR( '', #6661, 1000.00000000000 );
#5297 = COLOUR_RGB( '', 0.0980392172932625, 0.0980392172932625, 0.0980392172932625 );
#5298 = CARTESIAN_POINT( '', ( -0.782623792124914, 0.700000000000000, 0.355000000000000 ) );
#5299 = CARTESIAN_POINT( '', ( -0.782623792124914, 0.700000000000000, -0.355000000000000 ) );
#5300 = CARTESIAN_POINT( '', ( -0.782623792124914, 0.700000000000000, 0.355000000000000 ) );
#5301 = VECTOR( '', #6662, 1000.00000000000 );
#5302 = CARTESIAN_POINT( '', ( 1.05000000000000, 0.000000000000000, -0.355000000000000 ) );
#5303 = AXIS2_PLACEMENT_3D( '', #6663, #6664, #6665 );
#5304 = CARTESIAN_POINT( '', ( 1.05000000000000, 0.000000000000000, 0.355000000000000 ) );
#5305 = CARTESIAN_POINT( '', ( 1.05000000000000, 0.000000000000000, 0.355000000000000 ) );
#5306 = VECTOR( '', #6666, 1000.00000000000 );
#5307 = AXIS2_PLACEMENT_3D( '', #6667, #6668, #6669 );
#5308 = COLOUR_RGB( '', 0.752941250801086, 0.752941250801086, 0.752941250801086 );
#5309 = CARTESIAN_POINT( '', ( 1.25000000000000, 1.10315789473683, 0.000000000000000 ) );
#5310 = CARTESIAN_POINT( '', ( 1.25000000000000, 1.75315789473683, 0.000000000000000 ) );
#5311 = CARTESIAN_POINT( '', ( 1.25000000000000, 1.10315789473683, 0.000000000000000 ) );
#5312 = VECTOR( '', #6670, 1000.00000000000 );
#5313 = CARTESIAN_POINT( '', ( 1.25000000000000, 1.75315789473683, 0.150000000000000 ) );
#5314 = CARTESIAN_POINT( '', ( 1.25000000000000, 1.75315789473683, 0.150000000000000 ) );
#5315 = VECTOR( '', #6671, 1000.00000000000 );
#5316 = CARTESIAN_POINT( '', ( 1.25000000000000, 1.10315789473683, 0.150000000000000 ) );
#5317 = CARTESIAN_POINT( '', ( 1.25000000000000, 1.10315789473683, 0.150000000000000 ) );
#5318 = VECTOR( '', #6672, 1000.00000000000 );
#5319 = CARTESIAN_POINT( '', ( 1.25000000000000, 1.10315789473683, 0.150000000000000 ) );
#5320 = VECTOR( '', #6673, 1000.00000000000 );
#5321 = COLOUR_RGB( '', 0.752941250801086, 0.752941250801086, 0.752941250801086 );
#5322 = CARTESIAN_POINT( '', ( 0.650000000000000, 2.10315789473683, 0.350000000000000 ) );
#5323 = CARTESIAN_POINT( '', ( -0.650000000000048, 2.10315789473683, 0.350000000000000 ) );
#5324 = CARTESIAN_POINT( '', ( 0.650000000000000, 2.10315789473683, 0.350000000000000 ) );
#5325 = VECTOR( '', #6674, 1000.00000000000 );
#5326 = CARTESIAN_POINT( '', ( 0.650000000000000, 2.10315789473683, 0.000000000000000 ) );
#5327 = CARTESIAN_POINT( '', ( 0.650000000000000, 2.10315789473683, 1.13000000000000 ) );
#5328 = VECTOR( '', #6675, 1000.00000000000 );
#5329 = CARTESIAN_POINT( '', ( -0.650000000000048, 2.10315789473683, 0.000000000000000 ) );
#5330 = CARTESIAN_POINT( '', ( 0.650000000000000, 2.10315789473683, 0.000000000000000 ) );
#5331 = VECTOR( '', #6676, 1000.00000000000 );
#5332 = CARTESIAN_POINT( '', ( -0.650000000000048, 2.10315789473683, 1.13000000000000 ) );
#5333 = VECTOR( '', #6677, 1000.00000000000 );
#5334 = COLOUR_RGB( '', 0.752941250801086, 0.752941250801086, 0.752941250801086 );
#5335 = CARTESIAN_POINT( '', ( 1.50000000000000, -2.29684210526316, 0.760000000000000 ) );
#5336 = CARTESIAN_POINT( '', ( 1.50000000000000, -2.29684210526316, 0.980000000000000 ) );
#5337 = CARTESIAN_POINT( '', ( 1.50000000000000, -2.29684210526316, 0.760000000000000 ) );
#5338 = VECTOR( '', #6678, 1000.00000000000 );
#5339 = CARTESIAN_POINT( '', ( -1.50000000000005, -2.29684210526316, 0.980000000000000 ) );
#5340 = CARTESIAN_POINT( '', ( 0.575000000000000, -2.29684210526316, 0.980000000000000 ) );
#5341 = VECTOR( '', #6679, 1000.00000000000 );
#5342 = CARTESIAN_POINT( '', ( -1.50000000000005, -2.29684210526316, 0.760000000000000 ) );
#5343 = CARTESIAN_POINT( '', ( -1.50000000000005, -2.29684210526316, 0.760000000000000 ) );
#5344 = VECTOR( '', #6680, 1000.00000000000 );
#5345 = CARTESIAN_POINT( '', ( -0.675000000000049, -2.29684210526316, 0.760000000000000 ) );
#5346 = CARTESIAN_POINT( '', ( -0.575000000000049, -2.29684210526316, 0.760000000000000 ) );
#5347 = VECTOR( '', #6681, 1000.00000000000 );
#5348 = CARTESIAN_POINT( '', ( -0.575000000000049, -2.29684210526316, 0.660000000000000 ) );
#5349 = CARTESIAN_POINT( '', ( -0.675000000000049, -2.29684210526316, 0.760000000000000 ) );
#5350 = VECTOR( '', #6682, 1000.00000000000 );
#5351 = CARTESIAN_POINT( '', ( -0.575000000000049, -2.29684210526316, 0.150000000000000 ) );
#5352 = CARTESIAN_POINT( '', ( -0.575000000000049, -2.29684210526316, 0.000000000000000 ) );
#5353 = VECTOR( '', #6683, 1000.00000000000 );
#5354 = CARTESIAN_POINT( '', ( 0.575000000000000, -2.29684210526316, 0.150000000000000 ) );
#5355 = CARTESIAN_POINT( '', ( 0.575000000000000, -2.29684210526316, 0.150000000000000 ) );
#5356 = VECTOR( '', #6684, 1000.00000000000 );
#5357 = CARTESIAN_POINT( '', ( 0.575000000000000, -2.29684210526316, 0.660000000000000 ) );
#5358 = CARTESIAN_POINT( '', ( 0.575000000000000, -2.29684210526316, 0.000000000000000 ) );
#5359 = VECTOR( '', #6685, 1000.00000000000 );
#5360 = CARTESIAN_POINT( '', ( 0.675000000000000, -2.29684210526316, 0.760000000000000 ) );
#5361 = CARTESIAN_POINT( '', ( 0.675000000000000, -2.29684210526316, 0.760000000000000 ) );
#5362 = VECTOR( '', #6686, 1000.00000000000 );
#5363 = CARTESIAN_POINT( '', ( 0.575000000000000, -2.29684210526316, 0.760000000000000 ) );
#5364 = VECTOR( '', #6687, 1000.00000000000 );
#5365 = COLOUR_RGB( '', 0.752941191196442, 0.752941191196442, 0.752941191196442 );
#5366 = CARTESIAN_POINT( '', ( -2.16155494419535, 0.000000000000000, 0.500000000000007 ) );
#5367 = CARTESIAN_POINT( '', ( -2.23622161086346, 0.000000000000000, 0.471279121031461 ) );
#5368 = CARTESIAN_POINT( '', ( -2.16155494419535, 0.000000000000000, 0.500000000000007 ) );
#5369 = VECTOR( '', #6688, 1000.00000000000 );
#5370 = CARTESIAN_POINT( '', ( -2.16155494419535, 0.500000000000000, 0.500000000000007 ) );
#5371 = CARTESIAN_POINT( '', ( -2.16155494419535, 0.500000000000000, 0.500000000000007 ) );
#5372 = VECTOR( '', #6689, 1000.00000000000 );
#5373 = CARTESIAN_POINT( '', ( -2.23622161086346, 0.500000000000000, 0.471279121031461 ) );
#5374 = CARTESIAN_POINT( '', ( -2.16155494419535, 0.500000000000000, 0.500000000000007 ) );
#5375 = VECTOR( '', #6690, 1000.00000000000 );
#5376 = CARTESIAN_POINT( '', ( -2.23622161086346, 0.500000000000000, 0.471279121031461 ) );
#5377 = VECTOR( '', #6691, 1000.00000000000 );
#5378 = COLOUR_RGB( '', 0.752941250801086, 0.752941250801086, 0.752941250801086 );
#5379 = CARTESIAN_POINT( '', ( -2.00000000000005, 0.0531578947368522, 0.000000000000000 ) );
#5380 = CARTESIAN_POINT( '', ( -1.80000000000005, 0.0531578947368522, 0.000000000000000 ) );
#5381 = CARTESIAN_POINT( '', ( -1.80000000000005, 0.0531578947368522, 0.000000000000000 ) );
#5382 = VECTOR( '', #6692, 1000.00000000000 );
#5383 = CARTESIAN_POINT( '', ( -2.00000000000005, 0.0531578947368522, 0.0100000000000000 ) );
#5384 = CARTESIAN_POINT( '', ( -2.00000000000005, 0.0531578947368522, 0.0100000000000000 ) );
#5385 = VECTOR( '', #6693, 1000.00000000000 );
#5386 = CARTESIAN_POINT( '', ( -1.80000000000005, 0.0531578947368522, 0.0100000000000000 ) );
#5387 = CARTESIAN_POINT( '', ( -1.80000000000005, 0.0531578947368522, 0.0100000000000000 ) );
#5388 = VECTOR( '', #6694, 1000.00000000000 );
#5389 = CARTESIAN_POINT( '', ( -1.80000000000005, 0.0531578947368522, 0.0100000000000000 ) );
#5390 = VECTOR( '', #6695, 1000.00000000000 );
#5391 = COLOUR_RGB( '', 0.776470601558685, 0.529411792755127, 0.419607847929001 );
#5392 = CARTESIAN_POINT( '', ( -1.85000000000000, -5.07263157894737, 0.000000000000000 ) );
#5393 = CARTESIAN_POINT( '', ( -1.95000000000000, -5.07263157894737, 0.000000000000000 ) );
#5394 = CARTESIAN_POINT( '', ( -1.85000000000000, -5.07263157894737, 0.000000000000000 ) );
#5395 = VECTOR( '', #6696, 1000.00000000000 );
#5396 = CARTESIAN_POINT( '', ( -1.85000000000000, -5.07263157894737, -0.100000000000000 ) );
#5397 = CARTESIAN_POINT( '', ( -1.85000000000000, -5.07263157894737, -0.100000000000000 ) );
#5398 = VECTOR( '', #6697, 1000.00000000000 );
#5399 = CARTESIAN_POINT( '', ( -1.95000000000000, -5.07263157894737, -0.100000000000000 ) );
#5400 = CARTESIAN_POINT( '', ( -1.85000000000000, -5.07263157894737, -0.100000000000000 ) );
#5401 = VECTOR( '', #6698, 1000.00000000000 );
#5402 = CARTESIAN_POINT( '', ( -1.95000000000000, -5.07263157894737, -0.100000000000000 ) );
#5403 = VECTOR( '', #6699, 1000.00000000000 );
#5404 = COLOUR_RGB( '', 0.0980392172932625, 0.0980392172932625, 0.0980392172932625 );
#5405 = CARTESIAN_POINT( '', ( 2.40000000000000, 0.400000000000007, 0.500000000000000 ) );
#5406 = CARTESIAN_POINT( '', ( 2.10000000000000, 0.700000000000000, 0.500000000000000 ) );
#5407 = AXIS2_PLACEMENT_3D( '', #6700, #6701, #6702 );
#5408 = CARTESIAN_POINT( '', ( 2.40000000000000, 0.400000000000007, -0.500000000000000 ) );
#5409 = CARTESIAN_POINT( '', ( 2.40000000000000, 0.400000000000007, 0.355000000000000 ) );
#5410 = VECTOR( '', #6703, 1000.00000000000 );
#5411 = CARTESIAN_POINT( '', ( 2.10000000000000, 0.700000000000000, -0.500000000000000 ) );
#5412 = AXIS2_PLACEMENT_3D( '', #6704, #6705, #6706 );
#5413 = CARTESIAN_POINT( '', ( 2.10000000000000, 0.700000000000000, 0.355000000000000 ) );
#5414 = VECTOR( '', #6707, 1000.00000000000 );
#5415 = COLOUR_RGB( '', 0.776470601558685, 0.529411792755127, 0.419607847929001 );
#5416 = CARTESIAN_POINT( '', ( 0.200000000000004, -6.97263157894737, -0.900000000000000 ) );
#5417 = CARTESIAN_POINT( '', ( 0.200000000000004, -6.97263157894737, -1.02000000000000 ) );
#5418 = CARTESIAN_POINT( '', ( 0.200000000000004, -6.97263157894737, -0.900000000000000 ) );
#5419 = VECTOR( '', #6708, 1000.00000000000 );
#5420 = AXIS2_PLACEMENT_3D( '', #6709, #6710, #6711 );
#5421 = CARTESIAN_POINT( '', ( 0.200000000000004, -6.47263157894737, -1.10000000000000 ) );
#5422 = CARTESIAN_POINT( '', ( 0.200000000000004, -6.47263157894737, -1.10000000000000 ) );
#5423 = VECTOR( '', #6712, 1000.00000000000 );
#5424 = CARTESIAN_POINT( '', ( 0.200000000000004, -6.79263157894737, -1.10000000000000 ) );
#5425 = CARTESIAN_POINT( '', ( 0.200000000000004, -6.47263157894737, -1.10000000000000 ) );
#5426 = VECTOR( '', #6713, 1000.00000000000 );
#5427 = CARTESIAN_POINT( '', ( 0.200000000000004, -6.87263157894737, -1.02000000000000 ) );
#5428 = AXIS2_PLACEMENT_3D( '', #6714, #6715, #6716 );
#5429 = CARTESIAN_POINT( '', ( 0.200000000000004, -6.87263157894737, -0.900000000000000 ) );
#5430 = CARTESIAN_POINT( '', ( 0.200000000000004, -6.87263157894737, -0.900000000000000 ) );
#5431 = VECTOR( '', #6717, 1000.00000000000 );
#5432 = CARTESIAN_POINT( '', ( 0.200000000000004, -6.87263157894737, -0.900000000000000 ) );
#5433 = VECTOR( '', #6718, 1000.00000000000 );
#5434 = COLOUR_RGB( '', 0.752941250801086, 0.752941250801086, 0.752941250801086 );
#5435 = CARTESIAN_POINT( '', ( -2.00000000000005, 0.953157894736836, 0.760000000000000 ) );
#5436 = CARTESIAN_POINT( '', ( -2.00000000000005, -0.246842105263164, 0.760000000000000 ) );
#5437 = CARTESIAN_POINT( '', ( -2.00000000000005, 1.10315789473683, 0.760000000000000 ) );
#5438 = VECTOR( '', #6719, 1000.00000000000 );
#5439 = CARTESIAN_POINT( '', ( -1.90000000000005, -0.246842105263164, 0.760000000000000 ) );
#5440 = CARTESIAN_POINT( '', ( -1.90000000000005, -0.246842105263164, 0.760000000000000 ) );
#5441 = VECTOR( '', #6720, 1000.00000000000 );
#5442 = CARTESIAN_POINT( '', ( -1.90000000000005, 0.953157894736836, 0.760000000000000 ) );
#5443 = CARTESIAN_POINT( '', ( -1.90000000000005, 1.10315789473683, 0.760000000000000 ) );
#5444 = VECTOR( '', #6721, 1000.00000000000 );
#5445 = CARTESIAN_POINT( '', ( -1.90000000000005, 0.953157894736836, 0.760000000000000 ) );
#5446 = VECTOR( '', #6722, 1000.00000000000 );
#5447 = COLOUR_RGB( '', 0.776470601558685, 0.529411792755127, 0.419607847929001 );
#5448 = CARTESIAN_POINT( '', ( -0.200000000000000, -6.97263157894737, -1.02000000000000 ) );
#5449 = CARTESIAN_POINT( '', ( 0.200000000000004, -6.97263157894737, -1.02000000000000 ) );
#5450 = VECTOR( '', #6723, 1000.00000000000 );
#5451 = AXIS2_PLACEMENT_3D( '', #6724, #6725, #6726 );
#5452 = COLOUR_RGB( '', 0.752941250801086, 0.752941250801086, 0.752941250801086 );
#5453 = CARTESIAN_POINT( '', ( 0.300000000000003, 1.70315789473683, 1.03000000000000 ) );
#5454 = AXIS2_PLACEMENT_3D( '', #6727, #6728, #6729 );
#5455 = CARTESIAN_POINT( '', ( -0.299999999999997, 1.70315789473683, 0.350000000000000 ) );
#5456 = AXIS2_PLACEMENT_3D( '', #6730, #6731, #6732 );
#5457 = COLOUR_RGB( '', 0.0980392172932625, 0.0980392172932625, 0.0980392172932625 );
#5458 = CARTESIAN_POINT( '', ( 2.40000000000000, 0.350000000000007, 0.500000000000000 ) );
#5459 = CARTESIAN_POINT( '', ( 2.40000000000000, 0.700000000000000, 0.500000000000000 ) );
#5460 = VECTOR( '', #6733, 1000.00000000000 );
#5461 = CARTESIAN_POINT( '', ( 2.40000000000000, 0.350000000000007, -0.500000000000000 ) );
#5462 = CARTESIAN_POINT( '', ( 2.40000000000000, 0.350000000000007, 0.355000000000000 ) );
#5463 = VECTOR( '', #6734, 1000.00000000000 );
#5464 = CARTESIAN_POINT( '', ( 2.40000000000000, 0.700000000000000, -0.500000000000000 ) );
#5465 = VECTOR( '', #6735, 1000.00000000000 );
#5466 = COLOUR_RGB( '', 0.0980392172932625, 0.0980392172932625, 0.0980392172932625 );
#5467 = CARTESIAN_POINT( '', ( 2.10000000000000, 0.0500000000000066, 0.500000000000000 ) );
#5468 = CARTESIAN_POINT( '', ( 1.05000000000000, 0.0500000000000063, 0.500000000000000 ) );
#5469 = CARTESIAN_POINT( '', ( 2.40000000000000, 0.0500000000000067, 0.500000000000000 ) );
#5470 = VECTOR( '', #6736, 1000.00000000000 );
#5471 = AXIS2_PLACEMENT_3D( '', #6737, #6738, #6739 );
#5472 = CARTESIAN_POINT( '', ( 1.05000000000000, 0.700000000000000, 0.500000000000000 ) );
#5473 = CARTESIAN_POINT( '', ( 1.05000000000000, 0.700000000000000, 0.500000000000000 ) );
#5474 = VECTOR( '', #6740, 1000.00000000000 );
#5475 = CARTESIAN_POINT( '', ( 1.05000000000000, 0.150000000000007, 0.500000000000000 ) );
#5476 = CARTESIAN_POINT( '', ( 1.05000000000000, 0.150000000000007, 0.500000000000000 ) );
#5477 = VECTOR( '', #6741, 1000.00000000000 );
#5478 = CARTESIAN_POINT( '', ( 1.05000000000000, 0.0500000000000063, 0.500000000000000 ) );
#5479 = VECTOR( '', #6742, 1000.00000000000 );
#5480 = COLOUR_RGB( '', 0.752941191196442, 0.752941191196442, 0.752941191196442 );
#5481 = CARTESIAN_POINT( '', ( -1.60000000000000, -2.45000000000000, 0.0800000000000071 ) );
#5482 = CARTESIAN_POINT( '', ( -1.60000000000000, -2.25000000000000, 0.0800000000000071 ) );
#5483 = CARTESIAN_POINT( '', ( -1.60000000000000, -2.45000000000000, 0.0800000000000071 ) );
#5484 = VECTOR( '', #6743, 1000.00000000000 );
#5485 = CARTESIAN_POINT( '', ( -1.60000000000000, -2.25000000000000, 7.12862928409219E-015 ) );
#5486 = CARTESIAN_POINT( '', ( -1.60000000000000, -2.25000000000000, 7.12862928409219E-015 ) );
#5487 = VECTOR( '', #6744, 1000.00000000000 );
#5488 = CARTESIAN_POINT( '', ( -1.60000000000000, -2.45000000000000, 7.12862928409219E-015 ) );
#5489 = CARTESIAN_POINT( '', ( -1.60000000000000, -2.45000000000000, 7.12862928409219E-015 ) );
#5490 = VECTOR( '', #6745, 1000.00000000000 );
#5491 = CARTESIAN_POINT( '', ( -1.60000000000000, -2.52466666666667, 0.0512791210286225 ) );
#5492 = AXIS2_PLACEMENT_3D( '', #6746, #6747, #6748 );
#5493 = CARTESIAN_POINT( '', ( -1.60000000000000, -2.68622161088070, 0.471279121028623 ) );
#5494 = CARTESIAN_POINT( '', ( -1.60000000000000, -2.68622161088070, 0.471279121028623 ) );
#5495 = VECTOR( '', #6749, 1000.00000000000 );
#5496 = CARTESIAN_POINT( '', ( -1.60000000000000, -2.61155494421403, 0.500000000000007 ) );
#5497 = CARTESIAN_POINT( '', ( -1.60000000000000, -2.61155494421403, 0.500000000000007 ) );
#5498 = VECTOR( '', #6750, 1000.00000000000 );
#5499 = CARTESIAN_POINT( '', ( -1.60000000000000, -2.45000000000000, 0.0800000000000071 ) );
#5500 = VECTOR( '', #6751, 1000.00000000000 );
#5501 = COLOUR_RGB( '', 0.752941191196442, 0.752941191196442, 0.752941191196442 );
#5502 = CARTESIAN_POINT( '', ( -2.07466666666851, 0.000000000000000, 0.0512791210314612 ) );
#5503 = CARTESIAN_POINT( '', ( -2.00000000000000, 0.000000000000000, 7.10271867858458E-015 ) );
#5504 = AXIS2_PLACEMENT_3D( '', #6752, #6753, #6754 );
#5505 = CARTESIAN_POINT( '', ( -1.80000000000000, 0.000000000000000, 7.10271867858458E-015 ) );
#5506 = CARTESIAN_POINT( '', ( -2.00000000000000, 0.000000000000000, 7.10271867858458E-015 ) );
#5507 = VECTOR( '', #6755, 1000.00000000000 );
#5508 = CARTESIAN_POINT( '', ( -1.80000000000000, 0.000000000000000, 0.0800000000000071 ) );
#5509 = CARTESIAN_POINT( '', ( -1.80000000000000, 0.000000000000000, 4.55364912443912E-015 ) );
#5510 = VECTOR( '', #6756, 1000.00000000000 );
#5511 = CARTESIAN_POINT( '', ( -2.00000000000041, 0.000000000000000, 0.0800000000000071 ) );
#5512 = CARTESIAN_POINT( '', ( -1.80000000000000, 0.000000000000000, 0.0800000000000071 ) );
#5513 = VECTOR( '', #6757, 1000.00000000000 );
#5514 = CARTESIAN_POINT( '', ( -2.00000000000041, 0.000000000000000, 0.0800000000000071 ) );
#5515 = VECTOR( '', #6758, 1000.00000000000 );
#5516 = CARTESIAN_POINT( '', ( -2.23622161086346, 0.000000000000000, 0.471279121031461 ) );
#5517 = VECTOR( '', #6759, 1000.00000000000 );
#5518 = COLOUR_RGB( '', 0.752941250801086, 0.752941250801086, 0.752941250801086 );
#5519 = CARTESIAN_POINT( '', ( -1.10000000000004, -2.39684210526317, 0.0100000000000000 ) );
#5520 = CARTESIAN_POINT( '', ( -1.10000000000004, -2.19684210526317, 0.0100000000000000 ) );
#5521 = CARTESIAN_POINT( '', ( -1.10000000000004, -2.39684210526317, 0.0100000000000000 ) );
#5522 = VECTOR( '', #6760, 1000.00000000000 );
#5523 = CARTESIAN_POINT( '', ( -1.60000000000005, -2.39684210526316, 0.0100000000000000 ) );
#5524 = CARTESIAN_POINT( '', ( -1.10000000000004, -2.39684210526317, 0.0100000000000000 ) );
#5525 = VECTOR( '', #6761, 1000.00000000000 );
#5526 = CARTESIAN_POINT( '', ( -1.60000000000005, -2.19684210526317, 0.0100000000000000 ) );
#5527 = CARTESIAN_POINT( '', ( -1.60000000000005, -2.19684210526317, 0.0100000000000000 ) );
#5528 = VECTOR( '', #6762, 1000.00000000000 );
#5529 = CARTESIAN_POINT( '', ( -1.10000000000004, -2.19684210526317, 0.0100000000000000 ) );
#5530 = VECTOR( '', #6763, 1000.00000000000 );
#5531 = COLOUR_RGB( '', 0.752941250801086, 0.752941250801086, 0.752941250801086 );
#5532 = CARTESIAN_POINT( '', ( -1.60000000000006, 0.953157894736829, 0.350000000000000 ) );
#5533 = CARTESIAN_POINT( '', ( 1.60000000000000, 0.953157894736829, 0.350000000000000 ) );
#5534 = CARTESIAN_POINT( '', ( -1.60000000000006, 0.953157894736829, 0.350000000000000 ) );
#5535 = VECTOR( '', #6764, 1000.00000000000 );
#5536 = CARTESIAN_POINT( '', ( -1.60000000000006, 0.953157894736829, 1.13000000000000 ) );
#5537 = CARTESIAN_POINT( '', ( -1.60000000000006, 0.953157894736829, 0.350000000000000 ) );
#5538 = VECTOR( '', #6765, 1000.00000000000 );
#5539 = CARTESIAN_POINT( '', ( 1.60000000000000, 0.953157894736829, 1.13000000000000 ) );
#5540 = CARTESIAN_POINT( '', ( -1.60000000000006, 0.953157894736829, 1.13000000000000 ) );
#5541 = VECTOR( '', #6766, 1000.00000000000 );
#5542 = CARTESIAN_POINT( '', ( 1.60000000000000, 0.953157894736829, 0.350000000000000 ) );
#5543 = VECTOR( '', #6767, 1000.00000000000 );
#5544 = COLOUR_RGB( '', 0.752941250801086, 0.752941250801086, 0.752941250801086 );
#5545 = CARTESIAN_POINT( '', ( 1.60000000000000, -2.19684210526315, 0.000000000000000 ) );
#5546 = CARTESIAN_POINT( '', ( 1.10000000000000, -2.19684210526315, 0.000000000000000 ) );
#5547 = CARTESIAN_POINT( '', ( 1.60000000000000, -2.19684210526315, 0.000000000000000 ) );
#5548 = VECTOR( '', #6768, 1000.00000000000 );
#5549 = CARTESIAN_POINT( '', ( 1.60000000000000, -2.19684210526315, 0.0100000000000000 ) );
#5550 = VECTOR( '', #6769, 1000.00000000000 );
#5551 = CARTESIAN_POINT( '', ( 1.10000000000000, -2.19684210526315, 0.0100000000000000 ) );
#5552 = VECTOR( '', #6770, 1000.00000000000 );
#5553 = COLOUR_RGB( '', 0.776470601558685, 0.529411792755127, 0.419607847929001 );
#5554 = CARTESIAN_POINT( '', ( 1.50000000000000, -3.47263157894737, -1.20000000000000 ) );
#5555 = CARTESIAN_POINT( '', ( 1.82000000000000, -3.47263157894737, -1.20000000000000 ) );
#5556 = CARTESIAN_POINT( '', ( 1.90000000000000, -3.47263157894737, -1.20000000000000 ) );
#5557 = VECTOR( '', #6771, 1000.00000000000 );
#5558 = CARTESIAN_POINT( '', ( 2.00000000000000, -3.47263157894737, -1.02000000000000 ) );
#5559 = AXIS2_PLACEMENT_3D( '', #6772, #6773, #6774 );
#5560 = CARTESIAN_POINT( '', ( 2.00000000000000, -3.47263157894737, -0.450000000000000 ) );
#5561 = CARTESIAN_POINT( '', ( 2.00000000000000, -3.47263157894737, -0.450000000000000 ) );
#5562 = VECTOR( '', #6775, 1000.00000000000 );
#5563 = CARTESIAN_POINT( '', ( 1.90000000000000, -3.47263157894737, -0.450000000000000 ) );
#5564 = CARTESIAN_POINT( '', ( 1.90000000000000, -3.47263157894737, -0.450000000000000 ) );
#5565 = VECTOR( '', #6776, 1000.00000000000 );
#5566 = CARTESIAN_POINT( '', ( 1.90000000000000, -3.47263157894737, -1.02000000000000 ) );
#5567 = CARTESIAN_POINT( '', ( 1.90000000000000, -3.47263157894737, -0.450000000000000 ) );
#5568 = VECTOR( '', #6777, 1000.00000000000 );
#5569 = CARTESIAN_POINT( '', ( 1.82000000000000, -3.47263157894737, -1.10000000000000 ) );
#5570 = AXIS2_PLACEMENT_3D( '', #6778, #6779, #6780 );
#5571 = CARTESIAN_POINT( '', ( 1.50000000000000, -3.47263157894737, -1.10000000000000 ) );
#5572 = CARTESIAN_POINT( '', ( 1.50000000000000, -3.47263157894737, -1.10000000000000 ) );
#5573 = VECTOR( '', #6781, 1000.00000000000 );
#5574 = CARTESIAN_POINT( '', ( 1.50000000000000, -3.47263157894737, -1.10000000000000 ) );
#5575 = VECTOR( '', #6782, 1000.00000000000 );
#5576 = COLOUR_RGB( '', 0.0980392172932625, 0.0980392172932625, 0.0980392172932625 );
#5577 = CARTESIAN_POINT( '', ( 0.320000000000003, 0.000000000000000, 0.355000000000000 ) );
#5578 = AXIS2_PLACEMENT_3D( '', #6783, #6784, #6785 );
#5579 = CARTESIAN_POINT( '', ( 0.905000000000000, 0.150000000000007, 0.355000000000000 ) );
#5580 = CARTESIAN_POINT( '', ( 0.905000000000000, 0.700000000000000, 0.355000000000000 ) );
#5581 = CARTESIAN_POINT( '', ( 0.905000000000000, 0.150000000000007, 0.355000000000000 ) );
#5582 = VECTOR( '', #6786, 1000.00000000000 );
#5583 = CARTESIAN_POINT( '', ( -0.782623792124914, 0.700000000000000, 0.355000000000000 ) );
#5584 = VECTOR( '', #6787, 1000.00000000000 );
#5585 = CARTESIAN_POINT( '', ( 1.05000000000000, 0.0500000000000063, 0.355000000000000 ) );
#5586 = CARTESIAN_POINT( '', ( 1.05000000000000, 0.000000000000000, 0.355000000000000 ) );
#5587 = VECTOR( '', #6788, 1000.00000000000 );
#5588 = CARTESIAN_POINT( '', ( 1.05000000000000, 0.150000000000007, 0.355000000000000 ) );
#5589 = CARTESIAN_POINT( '', ( 1.05000000000000, 0.0500000000000063, 0.355000000000000 ) );
#5590 = VECTOR( '', #6789, 1000.00000000000 );
#5591 = CARTESIAN_POINT( '', ( 1.05000000000000, 0.150000000000007, 0.355000000000000 ) );
#5592 = VECTOR( '', #6790, 1000.00000000000 );
#5593 = COLOUR_RGB( '', 0.752941250801086, 0.752941250801086, 0.752941250801086 );
#5594 = CARTESIAN_POINT( '', ( -1.10000000000004, -2.39684210526317, 0.000000000000000 ) );
#5595 = CARTESIAN_POINT( '', ( -1.10000000000004, -2.39684210526317, 0.0100000000000000 ) );
#5596 = VECTOR( '', #6791, 1000.00000000000 );
#5597 = CARTESIAN_POINT( '', ( -0.575000000000049, -2.39684210526317, 0.000000000000000 ) );
#5598 = CARTESIAN_POINT( '', ( -4.88863957328427E-014, -2.39684210526317, 0.000000000000000 ) );
#5599 = VECTOR( '', #6792, 1000.00000000000 );
#5600 = CARTESIAN_POINT( '', ( -0.575000000000049, -2.39684210526317, 0.660000000000000 ) );
#5601 = CARTESIAN_POINT( '', ( -0.575000000000049, -2.39684210526317, 0.000000000000000 ) );
#5602 = VECTOR( '', #6793, 1000.00000000000 );
#5603 = CARTESIAN_POINT( '', ( -0.675000000000049, -2.39684210526317, 0.760000000000000 ) );
#5604 = CARTESIAN_POINT( '', ( -0.675000000000049, -2.39684210526317, 0.760000000000000 ) );
#5605 = VECTOR( '', #6794, 1000.00000000000 );
#5606 = CARTESIAN_POINT( '', ( -1.50000000000005, -2.39684210526317, 0.760000000000000 ) );
#5607 = CARTESIAN_POINT( '', ( -0.575000000000049, -2.39684210526317, 0.760000000000000 ) );
#5608 = VECTOR( '', #6795, 1000.00000000000 );
#5609 = CARTESIAN_POINT( '', ( -1.50000000000005, -2.39684210526317, 1.13000000000000 ) );
#5610 = CARTESIAN_POINT( '', ( -1.50000000000005, -2.39684210526317, 0.760000000000000 ) );
#5611 = VECTOR( '', #6796, 1000.00000000000 );
#5612 = CARTESIAN_POINT( '', ( -2.00000000000005, -2.39684210526317, 1.13000000000000 ) );
#5613 = CARTESIAN_POINT( '', ( -4.88863957328427E-014, -2.39684210526317, 1.13000000000000 ) );
#5614 = VECTOR( '', #6797, 1000.00000000000 );
#5615 = CARTESIAN_POINT( '', ( -2.00000000000005, -2.39684210526317, 0.000000000000000 ) );
#5616 = CARTESIAN_POINT( '', ( -2.00000000000005, -2.39684210526317, 1.13000000000000 ) );
#5617 = VECTOR( '', #6798, 1000.00000000000 );
#5618 = CARTESIAN_POINT( '', ( -1.60000000000005, -2.39684210526316, 0.000000000000000 ) );
#5619 = CARTESIAN_POINT( '', ( -4.88863957328427E-014, -2.39684210526317, 0.000000000000000 ) );
#5620 = VECTOR( '', #6799, 1000.00000000000 );
#5621 = CARTESIAN_POINT( '', ( -1.60000000000005, -2.39684210526316, 0.0100000000000000 ) );
#5622 = VECTOR( '', #6800, 1000.00000000000 );
#5623 = COLOUR_RGB( '', 0.752941250801086, 0.752941250801086, 0.752941250801086 );
#5624 = CARTESIAN_POINT( '', ( -1.90000000000005, 1.75315789473683, 0.150000000000000 ) );
#5625 = CARTESIAN_POINT( '', ( -1.90000000000005, 1.10315789473683, 0.150000000000000 ) );
#5626 = CARTESIAN_POINT( '', ( -1.90000000000005, 1.10315789473683, 0.150000000000000 ) );
#5627 = VECTOR( '', #6801, 1000.00000000000 );
#5628 = CARTESIAN_POINT( '', ( -1.25000000000005, 1.75315789473683, 0.150000000000000 ) );
#5629 = CARTESIAN_POINT( '', ( -1.90000000000005, 1.75315789473683, 0.150000000000000 ) );
#5630 = VECTOR( '', #6802, 1000.00000000000 );
#5631 = CARTESIAN_POINT( '', ( -1.25000000000005, 1.10315789473683, 0.150000000000000 ) );
#5632 = CARTESIAN_POINT( '', ( -1.25000000000005, 1.10315789473683, 0.150000000000000 ) );
#5633 = VECTOR( '', #6803, 1000.00000000000 );
#5634 = CARTESIAN_POINT( '', ( -1.90000000000005, 1.10315789473683, 0.150000000000000 ) );
#5635 = VECTOR( '', #6804, 1000.00000000000 );
#5636 = COLOUR_RGB( '', 0.776470601558685, 0.529411792755127, 0.419607847929001 );
#5637 = CARTESIAN_POINT( '', ( 1.85000000000000, -4.77263157894737, -0.105838015108264 ) );
#5638 = CARTESIAN_POINT( '', ( 1.85000000000000, -4.77263157894737, -0.00251760650701153 ) );
#5639 = CARTESIAN_POINT( '', ( 1.85000000000000, -4.77263157894737, -0.100000000000000 ) );
#5640 = VECTOR( '', #6805, 1000.00000000000 );
#5641 = CARTESIAN_POINT( '', ( 1.82000000000000, -4.77566219438038, 0.000000000000000 ) );
#5642 = CARTESIAN_POINT( '', ( 1.85000000000000, -4.77263157894737, -0.00251760650701150 ) );
#5643 = CARTESIAN_POINT( '', ( 1.84005519801473, -4.77263157894737, -0.000836628164953953 ) );
#5644 = CARTESIAN_POINT( '', ( 1.82988209409611, -4.77364502036798, 1.79584440417260E-014 ) );
#5645 = CARTESIAN_POINT( '', ( 1.82000000000000, -4.77566219437842, 1.79473928614713E-014 ) );
#5646 = CARTESIAN_POINT( '', ( 1.85000000000000, -5.07263157894737, 0.000000000000000 ) );
#5647 = AXIS2_PLACEMENT_3D( '', #6806, #6807, #6808 );
#5648 = CARTESIAN_POINT( '', ( 1.85000000000000, -5.07263157894737, -0.100000000000000 ) );
#5649 = CARTESIAN_POINT( '', ( 1.85000000000000, -5.07263157894737, -0.100000000000000 ) );
#5650 = VECTOR( '', #6809, 1000.00000000000 );
#5651 = CARTESIAN_POINT( '', ( 1.82000000000000, -4.77566219438038, -0.100000000000000 ) );
#5652 = AXIS2_PLACEMENT_3D( '', #6810, #6811, #6812 );
#5653 = CARTESIAN_POINT( '', ( 1.82000000000000, -4.77566219438038, -0.100000000000000 ) );
#5654 = CARTESIAN_POINT( '', ( 1.82786277937685, -4.77405721126093, -0.100000000000000 ) );
#5655 = CARTESIAN_POINT( '', ( 1.83597137383083, -4.77309233100523, -0.101201468737858 ) );
#5656 = CARTESIAN_POINT( '', ( 1.84363186128712, -4.77276681721422, -0.103570063900939 ) );
#5657 = CARTESIAN_POINT( '', ( 1.84578327747856, -4.77267539801348, -0.104235274047668 ) );
#5658 = CARTESIAN_POINT( '', ( 1.84791070454589, -4.77263157894745, -0.104992853504543 ) );
#5659 = CARTESIAN_POINT( '', ( 1.84999999999430, -4.77263157894737, -0.105838015126733 ) );
#5660 = COLOUR_RGB( '', 0.776470601558685, 0.529411792755127, 0.419607847929001 );
#5661 = CARTESIAN_POINT( '', ( -1.45000000000000, -6.79263157894737, 0.000000000000000 ) );
#5662 = CARTESIAN_POINT( '', ( -1.45000000000000, -6.67263157894737, 0.000000000000000 ) );
#5663 = CARTESIAN_POINT( '', ( -1.45000000000000, -6.97263157894737, 0.000000000000000 ) );
#5664 = VECTOR( '', #6813, 1000.00000000000 );
#5665 = CARTESIAN_POINT( '', ( -1.45000000000000, -6.67263157894737, -0.100000000000000 ) );
#5666 = CARTESIAN_POINT( '', ( -1.45000000000000, -6.67263157894737, -0.100000000000000 ) );
#5667 = VECTOR( '', #6814, 1000.00000000000 );
#5668 = CARTESIAN_POINT( '', ( -1.45000000000000, -6.79263157894737, -0.100000000000000 ) );
#5669 = CARTESIAN_POINT( '', ( -1.45000000000000, -6.97263157894737, -0.100000000000000 ) );
#5670 = VECTOR( '', #6815, 1000.00000000000 );
#5671 = CARTESIAN_POINT( '', ( -1.45000000000000, -6.87263157894737, -0.180000000000000 ) );
#5672 = AXIS2_PLACEMENT_3D( '', #6816, #6817, #6818 );
#5673 = CARTESIAN_POINT( '', ( -1.45000000000000, -6.87263157894737, -0.450000000000000 ) );
#5674 = CARTESIAN_POINT( '', ( -1.45000000000000, -6.87263157894737, -1.20000000000000 ) );
#5675 = VECTOR( '', #6819, 1000.00000000000 );
#5676 = CARTESIAN_POINT( '', ( -1.45000000000000, -6.97263157894737, -0.450000000000000 ) );
#5677 = CARTESIAN_POINT( '', ( -1.45000000000000, -6.87263157894737, -0.450000000000000 ) );
#5678 = VECTOR( '', #6820, 1000.00000000000 );
#5679 = CARTESIAN_POINT( '', ( -1.45000000000000, -6.97263157894737, -0.180000000000000 ) );
#5680 = CARTESIAN_POINT( '', ( -1.45000000000000, -6.97263157894737, -1.20000000000000 ) );
#5681 = VECTOR( '', #6821, 1000.00000000000 );
#5682 = AXIS2_PLACEMENT_3D( '', #6822, #6823, #6824 );
#5683 = COLOUR_RGB( '', 0.752941191196442, 0.752941191196442, 0.752941191196442 );
#5684 = CARTESIAN_POINT( '', ( -2.00000000000000, 0.500000000000000, 7.10271867858458E-015 ) );
#5685 = CARTESIAN_POINT( '', ( -2.00000000000000, 0.500000000000000, 7.10271867858458E-015 ) );
#5686 = VECTOR( '', #6825, 1000.00000000000 );
#5687 = CARTESIAN_POINT( '', ( -1.80000000000000, 0.500000000000000, 7.10271867858458E-015 ) );
#5688 = CARTESIAN_POINT( '', ( -2.00000000000000, 0.500000000000000, 7.10271867858458E-015 ) );
#5689 = VECTOR( '', #6826, 1000.00000000000 );
#5690 = CARTESIAN_POINT( '', ( -1.80000000000000, 0.500000000000000, 7.10271867858458E-015 ) );
#5691 = VECTOR( '', #6827, 1000.00000000000 );
#5692 = COLOUR_RGB( '', 0.752941250801086, 0.752941250801086, 0.752941250801086 );
#5693 = CARTESIAN_POINT( '', ( -1.80000000000005, 0.553157894736839, 0.000000000000000 ) );
#5694 = CARTESIAN_POINT( '', ( -1.80000000000005, 0.553157894736839, 0.000000000000000 ) );
#5695 = VECTOR( '', #6828, 1000.00000000000 );
#5696 = CARTESIAN_POINT( '', ( -1.80000000000005, 0.553157894736839, 0.0100000000000000 ) );
#5697 = CARTESIAN_POINT( '', ( -1.80000000000005, 0.553157894736839, 0.0100000000000000 ) );
#5698 = VECTOR( '', #6829, 1000.00000000000 );
#5699 = CARTESIAN_POINT( '', ( -1.80000000000005, 0.553157894736839, 0.0100000000000000 ) );
#5700 = VECTOR( '', #6830, 1000.00000000000 );
#5701 = COLOUR_RGB( '', 0.752941250801086, 0.752941250801086, 0.752941250801086 );
#5702 = CARTESIAN_POINT( '', ( 1.50000000000000, -2.14684210526316, 1.13000000000000 ) );
#5703 = CARTESIAN_POINT( '', ( 1.50000000000000, -2.40684210526316, 0.870000000000000 ) );
#5704 = VECTOR( '', #6831, 1000.00000000000 );
#5705 = CARTESIAN_POINT( '', ( -1.50000000000005, -2.14684210526316, 1.13000000000000 ) );
#5706 = CARTESIAN_POINT( '', ( 5.38172598077041E-015, -2.14684210526316, 1.13000000000000 ) );
#5707 = VECTOR( '', #6832, 1000.00000000000 );
#5708 = CARTESIAN_POINT( '', ( -1.50000000000005, -2.40684210526316, 0.870000000000000 ) );
#5709 = VECTOR( '', #6833, 1000.00000000000 );
#5710 = COLOUR_RGB( '', 0.752941250801086, 0.752941250801086, 0.752941250801086 );
#5711 = CARTESIAN_POINT( '', ( 1.60000000000000, -2.39684210526316, 0.000000000000000 ) );
#5712 = CARTESIAN_POINT( '', ( 1.60000000000000, -2.19684210526315, 0.000000000000000 ) );
#5713 = VECTOR( '', #6834, 1000.00000000000 );
#5714 = CARTESIAN_POINT( '', ( 1.60000000000000, -2.39684210526316, 0.0100000000000000 ) );
#5715 = VECTOR( '', #6835, 1000.00000000000 );
#5716 = COLOUR_RGB( '', 0.776470601558685, 0.529411792755127, 0.419607847929001 );
#5717 = CARTESIAN_POINT( '', ( -1.90000000000000, -3.47263157894737, -1.02000000000000 ) );
#5718 = CARTESIAN_POINT( '', ( -1.82000000000000, -3.47263157894737, -1.10000000000000 ) );
#5719 = AXIS2_PLACEMENT_3D( '', #6836, #6837, #6838 );
#5720 = CARTESIAN_POINT( '', ( -1.82000000000000, -2.87263157894737, -1.10000000000000 ) );
#5721 = CARTESIAN_POINT( '', ( -1.82000000000000, -2.87263157894737, -1.10000000000000 ) );
#5722 = VECTOR( '', #6839, 1000.00000000000 );
#5723 = CARTESIAN_POINT( '', ( -1.90000000000000, -2.87263157894737, -1.02000000000000 ) );
#5724 = AXIS2_PLACEMENT_3D( '', #6840, #6841, #6842 );
#5725 = CARTESIAN_POINT( '', ( -1.90000000000000, -3.47263157894737, -1.02000000000000 ) );
#5726 = VECTOR( '', #6843, 1000.00000000000 );
#5727 = COLOUR_RGB( '', 0.776470601558685, 0.529411792755127, 0.419607847929001 );
#5728 = CARTESIAN_POINT( '', ( 1.82000000000000, -2.87263157894737, 0.000000000000000 ) );
#5729 = CARTESIAN_POINT( '', ( 1.82000000000000, -6.97263157894737, 0.000000000000000 ) );
#5730 = VECTOR( '', #6844, 1000.00000000000 );
#5731 = CARTESIAN_POINT( '', ( 1.00000000000000, -2.87263157894737, 0.000000000000000 ) );
#5732 = CARTESIAN_POINT( '', ( 1.00000000000000, -2.87263157894737, 0.000000000000000 ) );
#5733 = VECTOR( '', #6845, 1000.00000000000 );
#5734 = CARTESIAN_POINT( '', ( 0.700000000000000, -2.57263157894737, 0.000000000000000 ) );
#5735 = CARTESIAN_POINT( '', ( 0.700000000000000, -2.57263157894737, 0.000000000000000 ) );
#5736 = VECTOR( '', #6846, 1000.00000000000 );
#5737 = CARTESIAN_POINT( '', ( -0.700000000000000, -2.57263157894737, 0.000000000000000 ) );
#5738 = CARTESIAN_POINT( '', ( 3.14891410643927E-015, -2.57263157894737, 0.000000000000000 ) );
#5739 = VECTOR( '', #6847, 1000.00000000000 );
#5740 = CARTESIAN_POINT( '', ( -1.00000000000000, -2.87263157894737, 0.000000000000000 ) );
#5741 = CARTESIAN_POINT( '', ( -0.700000000000000, -2.57263157894737, 0.000000000000000 ) );
#5742 = VECTOR( '', #6848, 1000.00000000000 );
#5743 = CARTESIAN_POINT( '', ( -1.00000000000000, -2.87263157894737, 0.000000000000000 ) );
#5744 = VECTOR( '', #6849, 1000.00000000000 );
#5745 = AXIS2_PLACEMENT_3D( '', #6850, #6851, #6852 );
#5746 = CARTESIAN_POINT( '', ( -1.95000000000000, -6.67263157894737, 0.000000000000000 ) );
#5747 = CARTESIAN_POINT( '', ( -1.95000000000000, -6.97263157894737, 0.000000000000000 ) );
#5748 = VECTOR( '', #6853, 1000.00000000000 );
#5749 = CARTESIAN_POINT( '', ( -1.45000000000000, -6.67263157894737, 0.000000000000000 ) );
#5750 = VECTOR( '', #6854, 1000.00000000000 );
#5751 = CARTESIAN_POINT( '', ( 1.45000000000000, -6.79263157894737, 0.000000000000000 ) );
#5752 = CARTESIAN_POINT( '', ( 5.10000000000000, -6.79263157894737, 0.000000000000000 ) );
#5753 = VECTOR( '', #6855, 1000.00000000000 );
#5754 = CARTESIAN_POINT( '', ( 1.45000000000000, -6.67263157894737, 0.000000000000000 ) );
#5755 = CARTESIAN_POINT( '', ( 1.45000000000000, -6.97263157894737, 0.000000000000000 ) );
#5756 = VECTOR( '', #6856, 1000.00000000000 );
#5757 = CARTESIAN_POINT( '', ( 1.95000000000000, -6.67263157894737, 0.000000000000000 ) );
#5758 = CARTESIAN_POINT( '', ( 1.45000000000000, -6.67263157894737, 0.000000000000000 ) );
#5759 = VECTOR( '', #6857, 1000.00000000000 );
#5760 = CARTESIAN_POINT( '', ( 1.95000000000000, -5.07263157894737, 0.000000000000000 ) );
#5761 = CARTESIAN_POINT( '', ( 1.95000000000000, -6.97263157894737, 0.000000000000000 ) );
#5762 = VECTOR( '', #6858, 1000.00000000000 );
#5763 = CARTESIAN_POINT( '', ( 1.85000000000000, -5.07263157894737, 0.000000000000000 ) );
#5764 = VECTOR( '', #6859, 1000.00000000000 );
#5765 = COLOUR_RGB( '', 0.0980392172932625, 0.0980392172932625, 0.0980392172932625 );
#5766 = CARTESIAN_POINT( '', ( 2.10000000000000, 0.0500000000000066, -0.500000000000000 ) );
#5767 = CARTESIAN_POINT( '', ( 1.05000000000000, 0.0500000000000063, -0.500000000000000 ) );
#5768 = CARTESIAN_POINT( '', ( 2.40000000000000, 0.0500000000000067, -0.500000000000000 ) );
#5769 = VECTOR( '', #6860, 1000.00000000000 );
#5770 = CARTESIAN_POINT( '', ( 1.05000000000000, 0.150000000000007, -0.500000000000000 ) );
#5771 = CARTESIAN_POINT( '', ( 1.05000000000000, 0.0500000000000063, -0.500000000000000 ) );
#5772 = VECTOR( '', #6861, 1000.00000000000 );
#5773 = CARTESIAN_POINT( '', ( 1.05000000000000, 0.700000000000000, -0.500000000000000 ) );
#5774 = CARTESIAN_POINT( '', ( 1.05000000000000, 0.150000000000007, -0.500000000000000 ) );
#5775 = VECTOR( '', #6862, 1000.00000000000 );
#5776 = CARTESIAN_POINT( '', ( 1.05000000000000, 0.700000000000000, -0.500000000000000 ) );
#5777 = VECTOR( '', #6863, 1000.00000000000 );
#5778 = AXIS2_PLACEMENT_3D( '', #6864, #6865, #6866 );
#5779 = COLOUR_RGB( '', 0.0980392172932625, 0.0980392172932625, 0.0980392172932625 );
#5780 = CARTESIAN_POINT( '', ( 1.05000000000000, 0.150000000000007, 0.500000000000000 ) );
#5781 = VECTOR( '', #6867, 1000.00000000000 );
#5782 = CARTESIAN_POINT( '', ( 1.05000000000000, 0.150000000000007, 0.500000000000000 ) );
#5783 = VECTOR( '', #6868, 1000.00000000000 );
#5784 = COLOUR_RGB( '', 0.752941191196442, 0.752941191196442, 0.752941191196442 );
#5785 = CARTESIAN_POINT( '', ( 2.07466666666851, 0.000000000000000, 0.0512791210314612 ) );
#5786 = CARTESIAN_POINT( '', ( 2.00000000000000, 0.000000000000000, 7.10271867858458E-015 ) );
#5787 = AXIS2_PLACEMENT_3D( '', #6869, #6870, #6871 );
#5788 = CARTESIAN_POINT( '', ( 2.23622161086346, 0.000000000000000, 0.471279121031461 ) );
#5789 = CARTESIAN_POINT( '', ( 2.23622161086346, 0.000000000000000, 0.471279121031461 ) );
#5790 = VECTOR( '', #6872, 1000.00000000000 );
#5791 = CARTESIAN_POINT( '', ( 2.16155494419535, 0.000000000000000, 0.500000000000007 ) );
#5792 = CARTESIAN_POINT( '', ( 2.16155494419535, 0.000000000000000, 0.500000000000007 ) );
#5793 = VECTOR( '', #6873, 1000.00000000000 );
#5794 = CARTESIAN_POINT( '', ( 2.00000000000041, 0.000000000000000, 0.0800000000000071 ) );
#5795 = CARTESIAN_POINT( '', ( 2.00000000000041, 0.000000000000000, 0.0800000000000071 ) );
#5796 = VECTOR( '', #6874, 1000.00000000000 );
#5797 = CARTESIAN_POINT( '', ( 1.80000000000000, 0.000000000000000, 0.0800000000000071 ) );
#5798 = CARTESIAN_POINT( '', ( 1.80000000000000, 0.000000000000000, 0.0800000000000071 ) );
#5799 = VECTOR( '', #6875, 1000.00000000000 );
#5800 = CARTESIAN_POINT( '', ( 1.80000000000000, 0.000000000000000, 7.10271867858458E-015 ) );
#5801 = CARTESIAN_POINT( '', ( 1.80000000000000, 0.000000000000000, 4.55364912443912E-015 ) );
#5802 = VECTOR( '', #6876, 1000.00000000000 );
#5803 = CARTESIAN_POINT( '', ( 2.00000000000000, 0.000000000000000, 7.10271867858458E-015 ) );
#5804 = VECTOR( '', #6877, 1000.00000000000 );
#5805 = COLOUR_RGB( '', 0.752941250801086, 0.752941250801086, 0.752941250801086 );
#5806 = CARTESIAN_POINT( '', ( -1.60000000000005, -2.19684210526317, 0.000000000000000 ) );
#5807 = CARTESIAN_POINT( '', ( -1.60000000000005, -2.19684210526317, 0.000000000000000 ) );
#5808 = VECTOR( '', #6878, 1000.00000000000 );
#5809 = CARTESIAN_POINT( '', ( -1.60000000000005, -2.19684210526317, 0.0100000000000000 ) );
#5810 = VECTOR( '', #6879, 1000.00000000000 );
#5811 = COLOUR_RGB( '', 0.752941191196442, 0.752941191196442, 0.752941191196442 );
#5812 = CARTESIAN_POINT( '', ( 1.80000000000000, 0.500000000000000, 7.10271867858458E-015 ) );
#5813 = CARTESIAN_POINT( '', ( 1.80000000000000, 0.500000000000000, 7.10271867858458E-015 ) );
#5814 = VECTOR( '', #6880, 1000.00000000000 );
#5815 = CARTESIAN_POINT( '', ( 2.00000000000000, 0.500000000000000, 7.10271867858458E-015 ) );
#5816 = CARTESIAN_POINT( '', ( 2.00000000000000, 0.500000000000000, 7.10271867858458E-015 ) );
#5817 = VECTOR( '', #6881, 1000.00000000000 );
#5818 = CARTESIAN_POINT( '', ( 2.00000000000000, 0.500000000000000, 7.10271867858458E-015 ) );
#5819 = VECTOR( '', #6882, 1000.00000000000 );
#5820 = COLOUR_RGB( '', 0.752941191196442, 0.752941191196442, 0.752941191196442 );
#5821 = CARTESIAN_POINT( '', ( 1.60000000000000, -2.61155494421403, 0.500000000000007 ) );
#5822 = CARTESIAN_POINT( '', ( 1.60000000000000, -2.45000000000000, 0.0800000000000071 ) );
#5823 = CARTESIAN_POINT( '', ( 1.60000000000000, -2.45000000000000, 0.0800000000000071 ) );
#5824 = VECTOR( '', #6883, 1000.00000000000 );
#5825 = CARTESIAN_POINT( '', ( 1.60000000000000, -2.68622161088070, 0.471279121028623 ) );
#5826 = CARTESIAN_POINT( '', ( 1.60000000000000, -2.61155494421403, 0.500000000000007 ) );
#5827 = VECTOR( '', #6884, 1000.00000000000 );
#5828 = CARTESIAN_POINT( '', ( 1.60000000000000, -2.52466666666667, 0.0512791210286225 ) );
#5829 = CARTESIAN_POINT( '', ( 1.60000000000000, -2.68622161088070, 0.471279121028623 ) );
#5830 = VECTOR( '', #6885, 1000.00000000000 );
#5831 = CARTESIAN_POINT( '', ( 1.60000000000000, -2.45000000000000, 7.12862928409219E-015 ) );
#5832 = AXIS2_PLACEMENT_3D( '', #6886, #6887, #6888 );
#5833 = CARTESIAN_POINT( '', ( 1.60000000000000, -2.25000000000000, 7.12862928409219E-015 ) );
#5834 = CARTESIAN_POINT( '', ( 1.60000000000000, -2.25000000000000, 7.12862928409219E-015 ) );
#5835 = VECTOR( '', #6889, 1000.00000000000 );
#5836 = CARTESIAN_POINT( '', ( 1.60000000000000, -2.25000000000000, 0.0800000000000071 ) );
#5837 = CARTESIAN_POINT( '', ( 1.60000000000000, -2.25000000000000, 7.12862928409219E-015 ) );
#5838 = VECTOR( '', #6890, 1000.00000000000 );
#5839 = CARTESIAN_POINT( '', ( 1.60000000000000, -2.25000000000000, 0.0800000000000071 ) );
#5840 = VECTOR( '', #6891, 1000.00000000000 );
#5841 = COLOUR_RGB( '', 0.776470601558685, 0.529411792755127, 0.419607847929001 );
#5842 = CARTESIAN_POINT( '', ( -1.95000000000000, -6.67263157894737, -0.100000000000000 ) );
#5843 = CARTESIAN_POINT( '', ( -1.95000000000000, -6.97263157894737, -0.100000000000000 ) );
#5844 = VECTOR( '', #6892, 1000.00000000000 );
#5845 = CARTESIAN_POINT( '', ( -1.95000000000000, -6.67263157894737, -0.100000000000000 ) );
#5846 = VECTOR( '', #6893, 1000.00000000000 );
#5847 = COLOUR_RGB( '', 0.0980392172932625, 0.0980392172932625, 0.0980392172932625 );
#5848 = CARTESIAN_POINT( '', ( 0.905000000000000, 0.700000000000000, -0.355000000000000 ) );
#5849 = CARTESIAN_POINT( '', ( 1.05000000000000, 0.700000000000000, -0.500000000000000 ) );
#5850 = VECTOR( '', #6894, 1000.00000000000 );
#5851 = CARTESIAN_POINT( '', ( 0.905000000000000, 0.150000000000007, -0.355000000000000 ) );
#5852 = CARTESIAN_POINT( '', ( 1.05000000000000, 0.150000000000007, -0.500000000000000 ) );
#5853 = VECTOR( '', #6895, 1000.00000000000 );
#5854 = CARTESIAN_POINT( '', ( 0.905000000000000, 0.150000000000007, -0.355000000000000 ) );
#5855 = VECTOR( '', #6896, 1000.00000000000 );
#5856 = COLOUR_RGB( '', 0.752941250801086, 0.752941250801086, 0.752941250801086 );
#5857 = CARTESIAN_POINT( '', ( 1.80000000000000, 0.0531578947368452, 0.000000000000000 ) );
#5858 = CARTESIAN_POINT( '', ( 1.80000000000000, 0.0531578947368452, 0.000000000000000 ) );
#5859 = VECTOR( '', #6897, 1000.00000000000 );
#5860 = CARTESIAN_POINT( '', ( 1.80000000000000, 0.0531578947368452, 0.0100000000000000 ) );
#5861 = CARTESIAN_POINT( '', ( 1.80000000000000, 0.0531578947368452, 0.0100000000000000 ) );
#5862 = VECTOR( '', #6898, 1000.00000000000 );
#5863 = CARTESIAN_POINT( '', ( 1.80000000000000, 0.0531578947368452, 0.0100000000000000 ) );
#5864 = VECTOR( '', #6899, 1000.00000000000 );
#5865 = COLOUR_RGB( '', 0.776470601558685, 0.529411792755127, 0.419607847929001 );
#5866 = CARTESIAN_POINT( '', ( 1.95000000000000, -6.67263157894737, -0.100000000000000 ) );
#5867 = CARTESIAN_POINT( '', ( 1.95000000000000, -6.67263157894737, -0.100000000000000 ) );
#5868 = VECTOR( '', #6900, 1000.00000000000 );
#5869 = CARTESIAN_POINT( '', ( 1.95000000000000, -5.07263157894737, -0.100000000000000 ) );
#5870 = CARTESIAN_POINT( '', ( 1.95000000000000, -6.97263157894737, -0.100000000000000 ) );
#5871 = VECTOR( '', #6901, 1000.00000000000 );
#5872 = CARTESIAN_POINT( '', ( 1.95000000000000, -5.07263157894737, -0.100000000000000 ) );
#5873 = VECTOR( '', #6902, 1000.00000000000 );
#5874 = COLOUR_RGB( '', 0.752941250801086, 0.752941250801086, 0.752941250801086 );
#5875 = CARTESIAN_POINT( '', ( -0.575000000000050, -1.59684210526316, 0.150000000000000 ) );
#5876 = CARTESIAN_POINT( '', ( -0.575000000000049, -2.29684210526316, 0.150000000000000 ) );
#5877 = VECTOR( '', #6903, 1000.00000000000 );
#5878 = CARTESIAN_POINT( '', ( 0.575000000000000, -1.59684210526316, 0.150000000000000 ) );
#5879 = CARTESIAN_POINT( '', ( 4.98732999343332E-015, -1.59684210526316, 0.150000000000000 ) );
#5880 = VECTOR( '', #6904, 1000.00000000000 );
#5881 = CARTESIAN_POINT( '', ( 0.575000000000000, -2.29684210526316, 0.150000000000000 ) );
#5882 = VECTOR( '', #6905, 1000.00000000000 );
#5883 = COLOUR_RGB( '', 0.752941250801086, 0.752941250801086, 0.752941250801086 );
#5884 = CARTESIAN_POINT( '', ( 0.150000000000001, 1.00315789473684, -0.400000000000000 ) );
#5885 = AXIS2_PLACEMENT_3D( '', #6906, #6907, #6908 );
#5886 = COLOUR_RGB( '', 0.776470601558685, 0.529411792755127, 0.419607847929001 );
#5887 = CARTESIAN_POINT( '', ( -2.00000000000000, -2.87263157894737, -1.02000000000000 ) );
#5888 = CARTESIAN_POINT( '', ( -1.82000000000000, -2.87263157894737, -1.20000000000000 ) );
#5889 = AXIS2_PLACEMENT_3D( '', #6909, #6910, #6911 );
#5890 = CARTESIAN_POINT( '', ( -1.82000000000000, -3.47263157894737, -1.20000000000000 ) );
#5891 = CARTESIAN_POINT( '', ( -1.82000000000000, -6.97263157894737, -1.20000000000000 ) );
#5892 = VECTOR( '', #6912, 1000.00000000000 );
#5893 = CARTESIAN_POINT( '', ( -2.00000000000000, -3.47263157894737, -1.02000000000000 ) );
#5894 = AXIS2_PLACEMENT_3D( '', #6913, #6914, #6915 );
#5895 = CARTESIAN_POINT( '', ( -2.00000000000000, -2.87263157894737, -1.02000000000000 ) );
#5896 = VECTOR( '', #6916, 1000.00000000000 );
#5897 = COLOUR_RGB( '', 0.752941191196442, 0.752941191196442, 0.752941191196442 );
#5898 = CARTESIAN_POINT( '', ( 1.10000000000000, -2.61155494421403, 0.500000000000007 ) );
#5899 = CARTESIAN_POINT( '', ( 1.10000000000000, -2.45000000000000, 0.0800000000000071 ) );
#5900 = CARTESIAN_POINT( '', ( 1.10000000000000, -2.45000000000000, 0.0800000000000071 ) );
#5901 = VECTOR( '', #6917, 1000.00000000000 );
#5902 = CARTESIAN_POINT( '', ( 1.10000000000000, -2.25000000000000, 0.0800000000000071 ) );
#5903 = CARTESIAN_POINT( '', ( 1.10000000000000, -2.25000000000000, 0.0800000000000071 ) );
#5904 = VECTOR( '', #6918, 1000.00000000000 );
#5905 = CARTESIAN_POINT( '', ( 1.10000000000000, -2.25000000000000, 7.12015895461965E-015 ) );
#5906 = CARTESIAN_POINT( '', ( 1.10000000000000, -2.25000000000000, 7.12862928409219E-015 ) );
#5907 = VECTOR( '', #6919, 1000.00000000000 );
#5908 = CARTESIAN_POINT( '', ( 1.10000000000000, -2.45000000000000, 3.53720958773396E-015 ) );
#5909 = CARTESIAN_POINT( '', ( 1.10000000000000, -2.25000000000000, 7.12862928409219E-015 ) );
#5910 = VECTOR( '', #6920, 1000.00000000000 );
#5911 = CARTESIAN_POINT( '', ( 1.10000000000000, -2.52466666666667, 0.0512791210286224 ) );
#5912 = AXIS2_PLACEMENT_3D( '', #6921, #6922, #6923 );
#5913 = CARTESIAN_POINT( '', ( 1.10000000000000, -2.68622161088070, 0.471279121028623 ) );
#5914 = CARTESIAN_POINT( '', ( 1.10000000000000, -2.47208273518227, -0.0854251521268290 ) );
#5915 = VECTOR( '', #6924, 1000.00000000000 );
#5916 = CARTESIAN_POINT( '', ( 1.10000000000000, -2.40622161088070, 0.578982417171311 ) );
#5917 = VECTOR( '', #6925, 1000.00000000000 );
#5918 = COLOUR_RGB( '', 0.752941191196442, 0.752941191196442, 0.752941191196442 );
#5919 = CARTESIAN_POINT( '', ( -1.10000000000000, -2.61155494421403, 0.500000000000007 ) );
#5920 = CARTESIAN_POINT( '', ( -1.10000000000000, -2.68622161088070, 0.471279121028623 ) );
#5921 = CARTESIAN_POINT( '', ( -1.10000000000000, -2.40622161088070, 0.578982417171311 ) );
#5922 = VECTOR( '', #6926, 1000.00000000000 );
#5923 = CARTESIAN_POINT( '', ( 1.60000000000000, -2.61155494421403, 0.500000000000007 ) );
#5924 = VECTOR( '', #6927, 1000.00000000000 );
#5925 = CARTESIAN_POINT( '', ( 1.60000000000000, -2.68622161088070, 0.471279121028623 ) );
#5926 = VECTOR( '', #6928, 1000.00000000000 );
#5927 = COLOUR_RGB( '', 0.752941191196442, 0.752941191196442, 0.752941191196442 );
#5928 = CARTESIAN_POINT( '', ( 1.80000000000000, 0.500000000000000, 0.0800000000000071 ) );
#5929 = CARTESIAN_POINT( '', ( 1.80000000000000, 0.500000000000000, 0.0800000000000071 ) );
#5930 = VECTOR( '', #6929, 1000.00000000000 );
#5931 = CARTESIAN_POINT( '', ( 1.80000000000000, 0.500000000000000, 4.55364912443912E-015 ) );
#5932 = VECTOR( '', #6930, 1000.00000000000 );
#5933 = COLOUR_RGB( '', 0.776470601558685, 0.529411792755127, 0.419607847929001 );
#5934 = CARTESIAN_POINT( '', ( 1.50000000000000, -2.87263157894737, -1.10000000000000 ) );
#5935 = CARTESIAN_POINT( '', ( 1.50000000000000, -3.47263157894737, -1.10000000000000 ) );
#5936 = VECTOR( '', #6931, 1000.00000000000 );
#5937 = CARTESIAN_POINT( '', ( 1.50000000000000, -2.87263157894737, -1.20000000000000 ) );
#5938 = CARTESIAN_POINT( '', ( 1.50000000000000, -2.87263157894737, -1.20000000000000 ) );
#5939 = VECTOR( '', #6932, 1000.00000000000 );
#5940 = CARTESIAN_POINT( '', ( 1.50000000000000, -2.87263157894737, -1.20000000000000 ) );
#5941 = VECTOR( '', #6933, 1000.00000000000 );
#5942 = COLOUR_RGB( '', 0.776470601558685, 0.529411792755127, 0.419607847929001 );
#5943 = CARTESIAN_POINT( '', ( -0.200000000000000, -6.47263157894737, -1.10000000000000 ) );
#5944 = CARTESIAN_POINT( '', ( -0.200000000000000, -6.47263157894737, -1.10000000000000 ) );
#5945 = VECTOR( '', #6934, 1000.00000000000 );
#5946 = CARTESIAN_POINT( '', ( 4.33680868994202E-015, -6.47263157894737, -1.10000000000000 ) );
#5947 = VECTOR( '', #6935, 1000.00000000000 );
#5948 = COLOUR_RGB( '', 0.752941250801086, 0.752941250801086, 0.752941250801086 );
#5949 = CARTESIAN_POINT( '', ( 3.46944695195362E-015, 0.703157894736844, 0.000000000000000 ) );
#5950 = AXIS2_PLACEMENT_3D( '', #6936, #6937, #6938 );
#5951 = CARTESIAN_POINT( '', ( 4.77048955893622E-015, -1.29684210526316, 0.000000000000000 ) );
#5952 = AXIS2_PLACEMENT_3D( '', #6939, #6940, #6941 );
#5953 = CARTESIAN_POINT( '', ( 1.10000000000000, -2.39684210526317, 0.000000000000000 ) );
#5954 = CARTESIAN_POINT( '', ( 1.10000000000000, -2.19684210526317, 0.000000000000000 ) );
#5955 = VECTOR( '', #6942, 1000.00000000000 );
#5956 = CARTESIAN_POINT( '', ( 0.575000000000000, -2.39684210526317, 0.000000000000000 ) );
#5957 = CARTESIAN_POINT( '', ( 5.38172598077041E-015, -2.39684210526317, 0.000000000000000 ) );
#5958 = VECTOR( '', #6943, 1000.00000000000 );
#5959 = CARTESIAN_POINT( '', ( 0.575000000000000, -1.59684210526316, 0.000000000000000 ) );
#5960 = CARTESIAN_POINT( '', ( 0.575000000000000, -2.29684210526316, 0.000000000000000 ) );
#5961 = VECTOR( '', #6944, 1000.00000000000 );
#5962 = CARTESIAN_POINT( '', ( -0.575000000000050, -1.59684210526316, 0.000000000000000 ) );
#5963 = CARTESIAN_POINT( '', ( 4.98732999343332E-015, -1.59684210526316, 0.000000000000000 ) );
#5964 = VECTOR( '', #6945, 1000.00000000000 );
#5965 = CARTESIAN_POINT( '', ( -0.575000000000049, -2.29684210526316, 0.000000000000000 ) );
#5966 = VECTOR( '', #6946, 1000.00000000000 );
#5967 = CARTESIAN_POINT( '', ( -1.10000000000004, -2.19684210526317, 0.000000000000000 ) );
#5968 = CARTESIAN_POINT( '', ( -1.10000000000004, -2.39684210526317, 0.000000000000000 ) );
#5969 = VECTOR( '', #6947, 1000.00000000000 );
#5970 = CARTESIAN_POINT( '', ( -1.10000000000004, -2.19684210526317, 0.000000000000000 ) );
#5971 = VECTOR( '', #6948, 1000.00000000000 );
#5972 = CARTESIAN_POINT( '', ( -2.00000000000005, -2.39684210526317, 0.000000000000000 ) );
#5973 = VECTOR( '', #6949, 1000.00000000000 );
#5974 = CARTESIAN_POINT( '', ( -2.00000000000005, 0.553157894736860, 0.000000000000000 ) );
#5975 = CARTESIAN_POINT( '', ( -1.80000000000005, 0.553157894736839, 0.000000000000000 ) );
#5976 = VECTOR( '', #6950, 1000.00000000000 );
#5977 = CARTESIAN_POINT( '', ( -2.00000000000005, 1.10315789473683, 0.000000000000000 ) );
#5978 = CARTESIAN_POINT( '', ( -2.00000000000005, -2.39684210526317, 0.000000000000000 ) );
#5979 = VECTOR( '', #6951, 1000.00000000000 );
#5980 = CARTESIAN_POINT( '', ( -1.25000000000005, 1.10315789473683, 0.000000000000000 ) );
#5981 = CARTESIAN_POINT( '', ( -1.90000000000005, 1.10315789473683, 0.000000000000000 ) );
#5982 = VECTOR( '', #6952, 1000.00000000000 );
#5983 = CARTESIAN_POINT( '', ( -1.25000000000005, 1.75315789473683, 0.000000000000000 ) );
#5984 = CARTESIAN_POINT( '', ( -1.25000000000005, 1.10315789473683, 0.000000000000000 ) );
#5985 = VECTOR( '', #6953, 1000.00000000000 );
#5986 = CARTESIAN_POINT( '', ( -1.00000000000005, 1.75315789473683, 0.000000000000000 ) );
#5987 = CARTESIAN_POINT( '', ( -2.00000000000005, 1.75315789473683, 0.000000000000000 ) );
#5988 = VECTOR( '', #6954, 1000.00000000000 );
#5989 = CARTESIAN_POINT( '', ( -1.00000000000005, 1.75315789473683, 0.000000000000000 ) );
#5990 = VECTOR( '', #6955, 1000.00000000000 );
#5991 = CARTESIAN_POINT( '', ( 1.00000000000000, 1.75315789473683, 0.000000000000000 ) );
#5992 = CARTESIAN_POINT( '', ( 1.00000000000000, 1.75315789473683, 0.000000000000000 ) );
#5993 = VECTOR( '', #6956, 1000.00000000000 );
#5994 = CARTESIAN_POINT( '', ( 2.00000000000000, 1.75315789473683, 0.000000000000000 ) );
#5995 = VECTOR( '', #6957, 1000.00000000000 );
#5996 = CARTESIAN_POINT( '', ( 1.90000000000000, 1.10315789473683, 0.000000000000000 ) );
#5997 = VECTOR( '', #6958, 1000.00000000000 );
#5998 = CARTESIAN_POINT( '', ( 2.00000000000000, 0.0531578947368591, 0.000000000000000 ) );
#5999 = VECTOR( '', #6959, 1000.00000000000 );
#6000 = CARTESIAN_POINT( '', ( 5.38172598077041E-015, -2.39684210526317, 0.000000000000000 ) );
#6001 = VECTOR( '', #6960, 1000.00000000000 );
#6002 = COLOUR_RGB( '', 0.752941250801086, 0.752941250801086, 0.752941250801086 );
#6003 = CARTESIAN_POINT( '', ( 1.90000000000000, 1.10315789473683, 0.150000000000000 ) );
#6004 = CARTESIAN_POINT( '', ( 1.90000000000000, 1.10315789473683, 0.610000000000000 ) );
#6005 = CARTESIAN_POINT( '', ( 1.90000000000000, 1.10315789473683, 0.000000000000000 ) );
#6006 = VECTOR( '', #6961, 1000.00000000000 );
#6007 = CARTESIAN_POINT( '', ( 1.90000000000000, 1.10315789473683, 0.610000000000000 ) );
#6008 = VECTOR( '', #6962, 1000.00000000000 );
#6009 = CARTESIAN_POINT( '', ( 1.90000000000000, 1.10315789473683, 0.150000000000000 ) );
#6010 = VECTOR( '', #6963, 1000.00000000000 );
#6011 = COLOUR_RGB( '', 0.752941191196442, 0.752941191196442, 0.752941191196442 );
#6012 = CARTESIAN_POINT( '', ( -1.80000000000000, 0.500000000000000, 0.0800000000000071 ) );
#6013 = CARTESIAN_POINT( '', ( -1.80000000000000, 0.500000000000000, 0.0800000000000071 ) );
#6014 = VECTOR( '', #6964, 1000.00000000000 );
#6015 = CARTESIAN_POINT( '', ( -2.00000000000041, 0.500000000000000, 0.0800000000000071 ) );
#6016 = CARTESIAN_POINT( '', ( -1.80000000000000, 0.500000000000000, 0.0800000000000071 ) );
#6017 = VECTOR( '', #6965, 1000.00000000000 );
#6018 = CARTESIAN_POINT( '', ( -2.00000000000041, 0.500000000000000, 0.0800000000000071 ) );
#6019 = VECTOR( '', #6966, 1000.00000000000 );
#6020 = COLOUR_RGB( '', 0.752941191196442, 0.752941191196442, 0.752941191196442 );
#6021 = CARTESIAN_POINT( '', ( -1.60000000000000, -2.25000000000000, 7.12862928409219E-015 ) );
#6022 = VECTOR( '', #6967, 1000.00000000000 );
#6023 = CARTESIAN_POINT( '', ( -1.60000000000000, -2.25000000000000, 0.0800000000000071 ) );
#6024 = VECTOR( '', #6968, 1000.00000000000 );
#6025 = COLOUR_RGB( '', 0.752941250801086, 0.752941250801086, 0.752941250801086 );
#6026 = CARTESIAN_POINT( '', ( -2.00000000000005, 0.553157894736860, 0.0100000000000000 ) );
#6027 = CARTESIAN_POINT( '', ( -1.80000000000005, 0.553157894736839, 0.0100000000000000 ) );
#6028 = VECTOR( '', #6969, 1000.00000000000 );
#6029 = CARTESIAN_POINT( '', ( -2.00000000000005, 0.553157894736860, 0.0100000000000000 ) );
#6030 = VECTOR( '', #6970, 1000.00000000000 );
#6031 = COLOUR_RGB( '', 0.776470601558685, 0.529411792755127, 0.419607847929001 );
#6032 = CARTESIAN_POINT( '', ( -2.00000000000000, -2.87263157894737, -0.100000000000000 ) );
#6033 = VECTOR( '', #6971, 1000.00000000000 );
#6034 = CARTESIAN_POINT( '', ( -2.00000000000000, -3.47263157894737, -0.450000000000000 ) );
#6035 = CARTESIAN_POINT( '', ( -2.00000000000000, -3.47263157894737, -0.450000000000000 ) );
#6036 = VECTOR( '', #6972, 1000.00000000000 );
#6037 = CARTESIAN_POINT( '', ( -2.00000000000000, -4.77263157894737, -0.450000000000000 ) );
#6038 = CARTESIAN_POINT( '', ( -2.00000000000000, -4.77263157894737, -0.450000000000000 ) );
#6039 = VECTOR( '', #6973, 1000.00000000000 );
#6040 = CARTESIAN_POINT( '', ( -2.00000000000000, -4.77263157894737, -0.100000000000000 ) );
#6041 = VECTOR( '', #6974, 1000.00000000000 );
#6042 = COLOUR_RGB( '', 0.776470601558685, 0.529411792755127, 0.419607847929001 );
#6043 = CARTESIAN_POINT( '', ( -1.90000000000000, -4.77263157894737, -0.450000000000000 ) );
#6044 = CARTESIAN_POINT( '', ( -1.90000000000000, -4.77263157894737, -0.450000000000000 ) );
#6045 = VECTOR( '', #6975, 1000.00000000000 );
#6046 = CARTESIAN_POINT( '', ( -1.90000000000000, -4.77263157894737, -0.180000000000000 ) );
#6047 = CARTESIAN_POINT( '', ( -1.90000000000000, -4.77263157894737, -0.100000000000000 ) );
#6048 = VECTOR( '', #6976, 1000.00000000000 );
#6049 = CARTESIAN_POINT( '', ( -1.85000000000000, -4.77263157894737, -0.105838015108264 ) );
#6050 = AXIS2_PLACEMENT_3D( '', #6977, #6978, #6979 );
#6051 = CARTESIAN_POINT( '', ( -1.85000000000000, -4.77263157894737, -0.100000000000000 ) );
#6052 = VECTOR( '', #6980, 1000.00000000000 );
#6053 = COLOUR_RGB( '', 0.752941250801086, 0.752941250801086, 0.752941250801086 );
#6054 = CARTESIAN_POINT( '', ( 1.75000000000000, 1.75315789473683, 1.13000000000000 ) );
#6055 = CARTESIAN_POINT( '', ( 1.10000000000000, 1.75315789473683, 1.13000000000000 ) );
#6056 = CARTESIAN_POINT( '', ( 2.00000000000000, 1.75315789473683, 1.13000000000000 ) );
#6057 = VECTOR( '', #6981, 1000.00000000000 );
#6058 = CARTESIAN_POINT( '', ( 1.90000000000000, 1.75315789473683, 0.980000000000000 ) );
#6059 = CARTESIAN_POINT( '', ( 1.75000000000000, 1.75315789473683, 1.13000000000000 ) );
#6060 = VECTOR( '', #6982, 1000.00000000000 );
#6061 = CARTESIAN_POINT( '', ( 1.90000000000000, 1.75315789473683, 0.150000000000000 ) );
#6062 = CARTESIAN_POINT( '', ( 1.90000000000000, 1.75315789473683, 0.000000000000000 ) );
#6063 = VECTOR( '', #6983, 1000.00000000000 );
#6064 = CARTESIAN_POINT( '', ( 1.90000000000000, 1.75315789473683, 0.150000000000000 ) );
#6065 = VECTOR( '', #6984, 1000.00000000000 );
#6066 = CARTESIAN_POINT( '', ( 1.00000000000000, 1.75315789473683, 0.350000000000000 ) );
#6067 = CARTESIAN_POINT( '', ( 1.00000000000000, 1.75315789473683, 1.13000000000000 ) );
#6068 = VECTOR( '', #6985, 1000.00000000000 );
#6069 = CARTESIAN_POINT( '', ( 1.10000000000000, 1.75315789473683, 0.350000000000000 ) );
#6070 = CARTESIAN_POINT( '', ( 1.10000000000000, 1.75315789473683, 0.350000000000000 ) );
#6071 = VECTOR( '', #6986, 1000.00000000000 );
#6072 = CARTESIAN_POINT( '', ( 1.10000000000000, 1.75315789473683, 0.350000000000000 ) );
#6073 = VECTOR( '', #6987, 1000.00000000000 );
#6074 = COLOUR_RGB( '', 0.752941250801086, 0.752941250801086, 0.752941250801086 );
#6075 = CARTESIAN_POINT( '', ( 1.90000000000000, 0.953157894736836, 0.760000000000000 ) );
#6076 = CARTESIAN_POINT( '', ( 1.90000000000000, 0.953157894736836, 0.760000000000000 ) );
#6077 = VECTOR( '', #6988, 1000.00000000000 );
#6078 = CARTESIAN_POINT( '', ( 1.90000000000000, -0.246842105263164, 0.760000000000000 ) );
#6079 = CARTESIAN_POINT( '', ( 1.90000000000000, 1.10315789473683, 0.760000000000000 ) );
#6080 = VECTOR( '', #6989, 1000.00000000000 );
#6081 = CARTESIAN_POINT( '', ( 1.90000000000000, -0.246842105263164, 0.760000000000000 ) );
#6082 = VECTOR( '', #6990, 1000.00000000000 );
#6083 = COLOUR_RGB( '', 0.776470601558685, 0.529411792755127, 0.419607847929001 );
#6084 = CARTESIAN_POINT( '', ( -1.45000000000000, -6.67263157894737, -0.100000000000000 ) );
#6085 = VECTOR( '', #6991, 1000.00000000000 );
#6086 = COLOUR_RGB( '', 0.776470601558685, 0.529411792755127, 0.419607847929001 );
#6087 = CARTESIAN_POINT( '', ( 2.00000000000000, -2.87263157894737, -1.02000000000000 ) );
#6088 = CARTESIAN_POINT( '', ( 1.82000000000000, -2.87263157894737, -1.20000000000000 ) );
#6089 = AXIS2_PLACEMENT_3D( '', #6992, #6993, #6994 );
#6090 = CARTESIAN_POINT( '', ( 2.00000000000000, -2.87263157894737, -1.02000000000000 ) );
#6091 = VECTOR( '', #6995, 1000.00000000000 );
#6092 = CARTESIAN_POINT( '', ( 1.82000000000000, -6.97263157894737, -1.20000000000000 ) );
#6093 = VECTOR( '', #6996, 1000.00000000000 );
#6094 = COLOUR_RGB( '', 0.752941250801086, 0.752941250801086, 0.752941250801086 );
#6095 = CARTESIAN_POINT( '', ( 0.300000000000003, 1.00315789473684, -0.250000000000000 ) );
#6096 = AXIS2_PLACEMENT_3D( '', #6997, #6998, #6999 );
#6097 = COLOUR_RGB( '', 0.776470601558685, 0.529411792755127, 0.419607847929001 );
#6098 = CARTESIAN_POINT( '', ( -1.50000000000000, -2.87263157894737, -1.20000000000000 ) );
#6099 = CARTESIAN_POINT( '', ( -1.90000000000000, -2.87263157894737, -1.20000000000000 ) );
#6100 = VECTOR( '', #7000, 1000.00000000000 );
#6101 = CARTESIAN_POINT( '', ( -1.50000000000000, -3.47263157894737, -1.20000000000000 ) );
#6102 = CARTESIAN_POINT( '', ( -1.50000000000000, -2.87263157894737, -1.20000000000000 ) );
#6103 = VECTOR( '', #7001, 1000.00000000000 );
#6104 = CARTESIAN_POINT( '', ( -1.90000000000000, -3.47263157894737, -1.20000000000000 ) );
#6105 = VECTOR( '', #7002, 1000.00000000000 );
#6106 = COLOUR_RGB( '', 0.752941250801086, 0.752941250801086, 0.752941250801086 );
#6107 = CARTESIAN_POINT( '', ( -1.10000000000005, 1.55315789473684, 1.13000000000000 ) );
#6108 = CARTESIAN_POINT( '', ( -1.60000000000006, 0.953157894736829, 1.13000000000000 ) );
#6109 = VECTOR( '', #7003, 1000.00000000000 );
#6110 = CARTESIAN_POINT( '', ( -1.10000000000005, 1.55315789473684, 0.350000000000000 ) );
#6111 = CARTESIAN_POINT( '', ( -1.60000000000006, 0.953157894736829, 0.350000000000000 ) );
#6112 = VECTOR( '', #7004, 1000.00000000000 );
#6113 = CARTESIAN_POINT( '', ( -1.10000000000005, 1.55315789473684, 0.350000000000000 ) );
#6114 = VECTOR( '', #7005, 1000.00000000000 );
#6115 = COLOUR_RGB( '', 0.752941250801086, 0.752941250801086, 0.752941250801086 );
#6116 = CARTESIAN_POINT( '', ( 2.00000000000000, 0.0531578947368591, 0.0100000000000000 ) );
#6117 = VECTOR( '', #7006, 1000.00000000000 );
#6118 = COLOUR_RGB( '', 0.776470601558685, 0.529411792755127, 0.419607847929001 );
#6119 = CARTESIAN_POINT( '', ( 1.90000000000000, -2.87263157894737, -1.02000000000000 ) );
#6120 = CARTESIAN_POINT( '', ( 1.90000000000000, -3.47263157894737, -1.02000000000000 ) );
#6121 = VECTOR( '', #7007, 1000.00000000000 );
#6122 = CARTESIAN_POINT( '', ( 1.82000000000000, -2.87263157894737, -1.10000000000000 ) );
#6123 = AXIS2_PLACEMENT_3D( '', #7008, #7009, #7010 );
#6124 = CARTESIAN_POINT( '', ( 1.82000000000000, -2.87263157894737, -1.10000000000000 ) );
#6125 = VECTOR( '', #7011, 1000.00000000000 );
#6126 = COLOUR_RGB( '', 0.776470601558685, 0.529411792755127, 0.419607847929001 );
#6127 = CARTESIAN_POINT( '', ( 2.00000000000000, -2.87263157894737, -0.180000000000000 ) );
#6128 = AXIS2_PLACEMENT_3D( '', #7012, #7013, #7014 );
#6129 = CARTESIAN_POINT( '', ( 2.00000000000000, -2.87263157894737, -0.100000000000000 ) );
#6130 = VECTOR( '', #7015, 1000.00000000000 );
#6131 = CARTESIAN_POINT( '', ( 1.90000000000000, -2.87263157894737, -1.20000000000000 ) );
#6132 = VECTOR( '', #7016, 1000.00000000000 );
#6133 = CARTESIAN_POINT( '', ( 1.50000000000000, -2.87263157894737, -1.10000000000000 ) );
#6134 = VECTOR( '', #7017, 1000.00000000000 );
#6135 = CARTESIAN_POINT( '', ( 1.90000000000000, -2.87263157894737, -0.180000000000000 ) );
#6136 = CARTESIAN_POINT( '', ( 1.90000000000000, -2.87263157894737, -1.20000000000000 ) );
#6137 = VECTOR( '', #7018, 1000.00000000000 );
#6138 = CARTESIAN_POINT( '', ( 1.82000000000000, -2.87263157894737, -0.100000000000000 ) );
#6139 = AXIS2_PLACEMENT_3D( '', #7019, #7020, #7021 );
#6140 = CARTESIAN_POINT( '', ( 1.00000000000000, -2.87263157894737, -0.100000000000000 ) );
#6141 = CARTESIAN_POINT( '', ( 1.00000000000000, -2.87263157894737, -0.100000000000000 ) );
#6142 = VECTOR( '', #7022, 1000.00000000000 );
#6143 = CARTESIAN_POINT( '', ( 1.00000000000000, -2.87263157894737, -0.100000000000000 ) );
#6144 = VECTOR( '', #7023, 1000.00000000000 );
#6145 = COLOUR_RGB( '', 0.752941250801086, 0.752941250801086, 0.752941250801086 );
#6146 = CARTESIAN_POINT( '', ( 1.10000000000000, 1.55315789473684, 1.13000000000000 ) );
#6147 = CARTESIAN_POINT( '', ( 1.60000000000000, 0.953157894736829, 1.13000000000000 ) );
#6148 = VECTOR( '', #7024, 1000.00000000000 );
#6149 = CARTESIAN_POINT( '', ( 1.10000000000000, 1.55315789473684, 0.350000000000000 ) );
#6150 = CARTESIAN_POINT( '', ( 1.10000000000000, 1.55315789473684, 0.350000000000000 ) );
#6151 = VECTOR( '', #7025, 1000.00000000000 );
#6152 = CARTESIAN_POINT( '', ( 1.60000000000000, 0.953157894736829, 0.350000000000000 ) );
#6153 = VECTOR( '', #7026, 1000.00000000000 );
#6154 = COLOUR_RGB( '', 0.752941250801086, 0.752941250801086, 0.752941250801086 );
#6155 = CARTESIAN_POINT( '', ( -1.50000000000005, -2.29684210526316, 0.760000000000000 ) );
#6156 = VECTOR( '', #7027, 1000.00000000000 );
#6157 = CARTESIAN_POINT( '', ( -1.50000000000005, -2.29684210526316, 1.13000000000000 ) );
#6158 = VECTOR( '', #7028, 1000.00000000000 );
#6159 = COLOUR_RGB( '', 0.752941191196442, 0.752941191196442, 0.752941191196442 );
#6160 = CARTESIAN_POINT( '', ( -1.10000000000000, -2.45000000000000, 0.0800000000000071 ) );
#6161 = CARTESIAN_POINT( '', ( -1.10000000000000, -2.45000000000000, 0.0800000000000071 ) );
#6162 = VECTOR( '', #7029, 1000.00000000000 );
#6163 = CARTESIAN_POINT( '', ( -1.10000000000000, -2.52466666666667, 0.0512791210286223 ) );
#6164 = CARTESIAN_POINT( '', ( -1.10000000000000, -2.68622161088070, 0.471279121028623 ) );
#6165 = VECTOR( '', #7030, 1000.00000000000 );
#6166 = CARTESIAN_POINT( '', ( -1.10000000000000, -2.45000000000000, 3.53720958773396E-015 ) );
#6167 = AXIS2_PLACEMENT_3D( '', #7031, #7032, #7033 );
#6168 = CARTESIAN_POINT( '', ( -1.10000000000000, -2.25000000000000, 7.14218181124826E-015 ) );
#6169 = CARTESIAN_POINT( '', ( -1.10000000000000, -2.25000000000000, 7.12862928409219E-015 ) );
#6170 = VECTOR( '', #7034, 1000.00000000000 );
#6171 = CARTESIAN_POINT( '', ( -1.10000000000000, -2.25000000000000, 0.0800000000000071 ) );
#6172 = CARTESIAN_POINT( '', ( -1.10000000000000, -2.25000000000000, 7.12862928409219E-015 ) );
#6173 = VECTOR( '', #7035, 1000.00000000000 );
#6174 = CARTESIAN_POINT( '', ( -1.10000000000000, -2.25000000000000, 0.0800000000000071 ) );
#6175 = VECTOR( '', #7036, 1000.00000000000 );
#6176 = COLOUR_RGB( '', 0.776470601558685, 0.529411792755127, 0.419607847929001 );
#6177 = CARTESIAN_POINT( '', ( 0.700000000000000, -2.57263157894737, -0.100000000000000 ) );
#6178 = CARTESIAN_POINT( '', ( 0.700000000000000, -2.57263157894737, -0.100000000000000 ) );
#6179 = VECTOR( '', #7037, 1000.00000000000 );
#6180 = CARTESIAN_POINT( '', ( 0.700000000000000, -2.57263157894737, -0.100000000000000 ) );
#6181 = VECTOR( '', #7038, 1000.00000000000 );
#6182 = COLOUR_RGB( '', 0.776470601558685, 0.529411792755127, 0.419607847929001 );
#6183 = CARTESIAN_POINT( '', ( -1.82000000000000, -4.77566219438038, -0.100000000000000 ) );
#6184 = CARTESIAN_POINT( '', ( -1.82000000000000, -4.77566219438038, -0.100000000000000 ) );
#6185 = CARTESIAN_POINT( '', ( -1.82786277937685, -4.77405721126093, -0.0999999999999999 ) );
#6186 = CARTESIAN_POINT( '', ( -1.83597137383082, -4.77309233100523, -0.101201468737859 ) );
#6187 = CARTESIAN_POINT( '', ( -1.84363186128711, -4.77276681721422, -0.103570063900939 ) );
#6188 = CARTESIAN_POINT( '', ( -1.84578327747855, -4.77267539801348, -0.104235274047668 ) );
#6189 = CARTESIAN_POINT( '', ( -1.84791070454588, -4.77263157894745, -0.104992853504544 ) );
#6190 = CARTESIAN_POINT( '', ( -1.84999999999429, -4.77263157894737, -0.105838015126733 ) );
#6191 = AXIS2_PLACEMENT_3D( '', #7039, #7040, #7041 );
#6192 = COLOUR_RGB( '', 0.752941250801086, 0.752941250801086, 0.752941250801086 );
#6193 = CARTESIAN_POINT( '', ( 0.575000000000000, -2.39684210526317, 0.660000000000000 ) );
#6194 = CARTESIAN_POINT( '', ( 0.575000000000000, -2.29684210526316, 0.660000000000000 ) );
#6195 = VECTOR( '', #7042, 1000.00000000000 );
#6196 = CARTESIAN_POINT( '', ( 0.675000000000000, -2.39684210526317, 0.760000000000000 ) );
#6197 = CARTESIAN_POINT( '', ( 0.675000000000000, -2.39684210526317, 0.760000000000000 ) );
#6198 = VECTOR( '', #7043, 1000.00000000000 );
#6199 = CARTESIAN_POINT( '', ( 0.675000000000000, -2.29684210526316, 0.760000000000000 ) );
#6200 = VECTOR( '', #7044, 1000.00000000000 );
#6201 = COLOUR_RGB( '', 0.776470601558685, 0.529411792755127, 0.419607847929001 );
#6202 = CARTESIAN_POINT( '', ( 2.00000000000000, -4.77263157894737, -0.180000000000000 ) );
#6203 = AXIS2_PLACEMENT_3D( '', #7045, #7046, #7047 );
#6204 = CARTESIAN_POINT( '', ( 2.00000000000000, -2.87263157894737, -0.180000000000000 ) );
#6205 = VECTOR( '', #7048, 1000.00000000000 );
#6206 = COLOUR_RGB( '', 0.0980392172932625, 0.0980392172932625, 0.0980392172932625 );
#6207 = CARTESIAN_POINT( '', ( 1.05000000000000, 0.0500000000000063, -0.355000000000000 ) );
#6208 = CARTESIAN_POINT( '', ( 1.05000000000000, 0.0500000000000063, 0.355000000000000 ) );
#6209 = VECTOR( '', #7049, 1000.00000000000 );
#6210 = CARTESIAN_POINT( '', ( 1.05000000000000, 0.0500000000000063, -0.500000000000000 ) );
#6211 = VECTOR( '', #7050, 1000.00000000000 );
#6212 = CARTESIAN_POINT( '', ( 2.10000000000000, 0.0500000000000063, 0.355000000000000 ) );
#6213 = VECTOR( '', #7051, 1000.00000000000 );
#6214 = CARTESIAN_POINT( '', ( 1.05000000000000, 0.0500000000000063, 0.500000000000000 ) );
#6215 = VECTOR( '', #7052, 1000.00000000000 );
#6216 = COLOUR_RGB( '', 0.776470601558685, 0.529411792755127, 0.419607847929001 );
#6217 = COLOUR_RGB( '', 0.0980392172932625, 0.0980392172932625, 0.0980392172932625 );
#6218 = CARTESIAN_POINT( '', ( 1.05000000000000, 0.000000000000000, -0.355000000000000 ) );
#6219 = VECTOR( '', #7053, 1000.00000000000 );
#6220 = COLOUR_RGB( '', 0.752941250801086, 0.752941250801086, 0.752941250801086 );
#6221 = CARTESIAN_POINT( '', ( -2.00000000000005, -0.246842105263171, 1.13000000000000 ) );
#6222 = CARTESIAN_POINT( '', ( -2.00000000000005, -0.246842105263171, 0.760000000000000 ) );
#6223 = VECTOR( '', #7054, 1000.00000000000 );
#6224 = CARTESIAN_POINT( '', ( -1.75000000000005, -0.246842105263171, 1.13000000000000 ) );
#6225 = CARTESIAN_POINT( '', ( -1.90000000000005, -0.246842105263171, 1.13000000000000 ) );
#6226 = VECTOR( '', #7055, 1000.00000000000 );
#6227 = CARTESIAN_POINT( '', ( -1.90000000000005, -0.246842105263171, 0.980000000000000 ) );
#6228 = CARTESIAN_POINT( '', ( -1.75000000000005, -0.246842105263171, 1.13000000000000 ) );
#6229 = VECTOR( '', #7056, 1000.00000000000 );
#6230 = CARTESIAN_POINT( '', ( -1.90000000000005, -0.246842105263171, 0.760000000000000 ) );
#6231 = VECTOR( '', #7057, 1000.00000000000 );
#6232 = COLOUR_RGB( '', 0.776470601558685, 0.529411792755127, 0.419607847929001 );
#6233 = CARTESIAN_POINT( '', ( -1.50000000000000, -3.47263157894737, -1.10000000000000 ) );
#6234 = CARTESIAN_POINT( '', ( -1.50000000000000, -3.47263157894737, -1.10000000000000 ) );
#6235 = VECTOR( '', #7058, 1000.00000000000 );
#6236 = CARTESIAN_POINT( '', ( -1.50000000000000, -2.87263157894737, -1.10000000000000 ) );
#6237 = CARTESIAN_POINT( '', ( -1.50000000000000, -3.47263157894737, -1.10000000000000 ) );
#6238 = VECTOR( '', #7059, 1000.00000000000 );
#6239 = CARTESIAN_POINT( '', ( -1.50000000000000, -2.87263157894737, -1.10000000000000 ) );
#6240 = VECTOR( '', #7060, 1000.00000000000 );
#6241 = COLOUR_RGB( '', 0.752941250801086, 0.752941250801086, 0.752941250801086 );
#6242 = COLOUR_RGB( '', 0.752941250801086, 0.752941250801086, 0.752941250801086 );
#6243 = COLOUR_RGB( '', 0.752941191196442, 0.752941191196442, 0.752941191196442 );
#6244 = CARTESIAN_POINT( '', ( -2.00000000000041, 0.500000000000000, 0.0800000000000071 ) );
#6245 = VECTOR( '', #7061, 1000.00000000000 );
#6246 = COLOUR_RGB( '', 0.776470601558685, 0.529411792755127, 0.419607847929001 );
#6247 = CARTESIAN_POINT( '', ( 1.45000000000000, -6.87263157894737, -0.180000000000000 ) );
#6248 = CARTESIAN_POINT( '', ( 4.33680868994202E-015, -6.87263157894737, -0.180000000000000 ) );
#6249 = VECTOR( '', #7062, 1000.00000000000 );
#6250 = CARTESIAN_POINT( '', ( 1.45000000000000, -6.79263157894737, -0.100000000000000 ) );
#6251 = CARTESIAN_POINT( '', ( 5.10000000000000, -6.79263157894737, -0.100000000000000 ) );
#6252 = VECTOR( '', #7063, 1000.00000000000 );
#6253 = AXIS2_PLACEMENT_3D( '', #7064, #7065, #7066 );
#6254 = COLOUR_RGB( '', 0.0980392172932625, 0.0980392172932625, 0.0980392172932625 );
#6255 = COLOUR_RGB( '', 0.752941250801086, 0.752941250801086, 0.752941250801086 );
#6256 = CARTESIAN_POINT( '', ( -2.00000000000005, 0.553157894736860, 0.0100000000000000 ) );
#6257 = VECTOR( '', #7067, 1000.00000000000 );
#6258 = COLOUR_RGB( '', 0.752941250801086, 0.752941250801086, 0.752941250801086 );
#6259 = CARTESIAN_POINT( '', ( 1.10000000000000, -2.39684210526317, 0.0100000000000000 ) );
#6260 = VECTOR( '', #7068, 1000.00000000000 );
#6261 = COLOUR_RGB( '', 0.776470601558685, 0.529411792755127, 0.419607847929001 );
#6262 = CARTESIAN_POINT( '', ( -1.90000000000000, -2.87263157894737, -0.180000000000000 ) );
#6263 = CARTESIAN_POINT( '', ( -1.90000000000000, -6.97263157894737, -0.180000000000000 ) );
#6264 = VECTOR( '', #7069, 1000.00000000000 );
#6265 = CARTESIAN_POINT( '', ( -1.82000000000000, -2.87263157894737, -0.100000000000000 ) );
#6266 = AXIS2_PLACEMENT_3D( '', #7070, #7071, #7072 );
#6267 = CARTESIAN_POINT( '', ( -1.82000000000000, -6.97263157894737, -0.100000000000000 ) );
#6268 = VECTOR( '', #7073, 1000.00000000000 );
#6269 = COLOUR_RGB( '', 0.0980392172932625, 0.0980392172932625, 0.0980392172932625 );
#6270 = CARTESIAN_POINT( '', ( 0.320000000000003, 0.000000000000000, -0.355000000000000 ) );
#6271 = AXIS2_PLACEMENT_3D( '', #7074, #7075, #7076 );
#6272 = COLOUR_RGB( '', 0.752941250801086, 0.752941250801086, 0.752941250801086 );
#6273 = CARTESIAN_POINT( '', ( 1.90000000000000, -0.246842105263171, 0.980000000000000 ) );
#6274 = CARTESIAN_POINT( '', ( 1.75000000000000, -0.246842105263171, 1.13000000000000 ) );
#6275 = CARTESIAN_POINT( '', ( 1.75000000000000, -0.246842105263171, 1.13000000000000 ) );
#6276 = VECTOR( '', #7077, 1000.00000000000 );
#6277 = CARTESIAN_POINT( '', ( 1.90000000000000, -0.246842105263171, 0.980000000000000 ) );
#6278 = VECTOR( '', #7078, 1000.00000000000 );
#6279 = CARTESIAN_POINT( '', ( 1.75000000000000, 1.75315789473683, 1.13000000000000 ) );
#6280 = VECTOR( '', #7079, 1000.00000000000 );
#6281 = COLOUR_RGB( '', 0.752941191196442, 0.752941191196442, 0.752941191196442 );
#6282 = CARTESIAN_POINT( '', ( 2.07466666666851, 0.500000000000000, 0.0512791210314612 ) );
#6283 = CARTESIAN_POINT( '', ( 2.07466666666851, 0.500000000000000, 0.0512791210314612 ) );
#6284 = VECTOR( '', #7080, 1000.00000000000 );
#6285 = CARTESIAN_POINT( '', ( 2.23622161086346, 0.500000000000000, 0.471279121031461 ) );
#6286 = CARTESIAN_POINT( '', ( 2.23622161086346, 0.500000000000000, 0.471279121031461 ) );
#6287 = VECTOR( '', #7081, 1000.00000000000 );
#6288 = CARTESIAN_POINT( '', ( 2.23622161086346, 0.500000000000000, 0.471279121031461 ) );
#6289 = VECTOR( '', #7082, 1000.00000000000 );
#6290 = COLOUR_RGB( '', 0.752941250801086, 0.752941250801086, 0.752941250801086 );
#6291 = CARTESIAN_POINT( '', ( -0.575000000000050, -1.59684210526316, 0.150000000000000 ) );
#6292 = VECTOR( '', #7083, 1000.00000000000 );
#6293 = CARTESIAN_POINT( '', ( -0.575000000000049, -2.29684210526316, 0.660000000000000 ) );
#6294 = VECTOR( '', #7084, 1000.00000000000 );
#6295 = COLOUR_RGB( '', 0.752941191196442, 0.752941191196442, 0.752941191196442 );
#6296 = CARTESIAN_POINT( '', ( -2.07466666666851, 0.500000000000000, 0.0512791210314612 ) );
#6297 = CARTESIAN_POINT( '', ( -2.23622161086346, 0.500000000000000, 0.471279121031461 ) );
#6298 = VECTOR( '', #7085, 1000.00000000000 );
#6299 = CARTESIAN_POINT( '', ( -2.07466666666851, 0.500000000000000, 0.0512791210314612 ) );
#6300 = VECTOR( '', #7086, 1000.00000000000 );
#6301 = COLOUR_RGB( '', 0.752941191196442, 0.752941191196442, 0.752941191196442 );
#6302 = CARTESIAN_POINT( '', ( -1.60000000000000, -2.25000000000000, 0.0800000000000071 ) );
#6303 = VECTOR( '', #7087, 1000.00000000000 );
#6304 = CARTESIAN_POINT( '', ( -1.60000000000000, -2.25000000000000, 7.12862928409219E-015 ) );
#6305 = VECTOR( '', #7088, 1000.00000000000 );
#6306 = COLOUR_RGB( '', 0.752941191196442, 0.752941191196442, 0.752941191196442 );
#6307 = CARTESIAN_POINT( '', ( -1.10000000000000, -2.45000000000000, 7.12862928409219E-015 ) );
#6308 = VECTOR( '', #7089, 1000.00000000000 );
#6309 = COLOUR_RGB( '', 0.776470601558685, 0.529411792755127, 0.419607847929001 );
#6310 = CARTESIAN_POINT( '', ( 0.550000000000000, -6.97263157894737, -0.690000000000000 ) );
#6311 = VECTOR( '', #7090, 1000.00000000000 );
#6312 = CARTESIAN_POINT( '', ( 0.550000000000000, -6.87263157894737, -0.690000000000000 ) );
#6313 = VECTOR( '', #7091, 1000.00000000000 );
#6314 = COLOUR_RGB( '', 0.776470601558685, 0.529411792755127, 0.419607847929001 );
#6315 = CARTESIAN_POINT( '', ( -0.700000000000000, -2.57263157894737, -0.100000000000000 ) );
#6316 = CARTESIAN_POINT( '', ( -0.700000000000000, -2.57263157894737, -0.100000000000000 ) );
#6317 = VECTOR( '', #7092, 1000.00000000000 );
#6318 = CARTESIAN_POINT( '', ( -1.00000000000000, -2.87263157894737, -0.100000000000000 ) );
#6319 = CARTESIAN_POINT( '', ( -0.700000000000000, -2.57263157894737, -0.100000000000000 ) );
#6320 = VECTOR( '', #7093, 1000.00000000000 );
#6321 = CARTESIAN_POINT( '', ( -1.00000000000000, -2.87263157894737, -0.100000000000000 ) );
#6322 = VECTOR( '', #7094, 1000.00000000000 );
#6323 = COLOUR_RGB( '', 0.752941191196442, 0.752941191196442, 0.752941191196442 );
#6324 = CARTESIAN_POINT( '', ( 1.60000000000000, -2.52466666666667, 0.0512791210286225 ) );
#6325 = VECTOR( '', #7095, 1000.00000000000 );
#6326 = CARTESIAN_POINT( '', ( 1.60000000000000, -2.68622161088070, 0.471279121028623 ) );
#6327 = VECTOR( '', #7096, 1000.00000000000 );
#6328 = COLOUR_RGB( '', 0.776470601558685, 0.529411792755127, 0.419607847929001 );
#6329 = CARTESIAN_POINT( '', ( -0.200000000000000, -6.79263157894737, -1.10000000000000 ) );
#6330 = CARTESIAN_POINT( '', ( 0.200000000000004, -6.79263157894737, -1.10000000000000 ) );
#6331 = VECTOR( '', #7097, 1000.00000000000 );
#6332 = CARTESIAN_POINT( '', ( -0.200000000000000, -6.87263157894737, -1.02000000000000 ) );
#6333 = AXIS2_PLACEMENT_3D( '', #7098, #7099, #7100 );
#6334 = CARTESIAN_POINT( '', ( 4.33680868994202E-015, -6.87263157894737, -1.02000000000000 ) );
#6335 = VECTOR( '', #7101, 1000.00000000000 );
#6336 = COLOUR_RGB( '', 0.776470601558685, 0.529411792755127, 0.419607847929001 );
#6337 = CARTESIAN_POINT( '', ( 1.45000000000000, -6.67263157894737, -0.100000000000000 ) );
#6338 = CARTESIAN_POINT( '', ( 1.45000000000000, -6.67263157894737, -0.100000000000000 ) );
#6339 = VECTOR( '', #7102, 1000.00000000000 );
#6340 = CARTESIAN_POINT( '', ( 1.45000000000000, -6.67263157894737, -0.100000000000000 ) );
#6341 = VECTOR( '', #7103, 1000.00000000000 );
#6342 = COLOUR_RGB( '', 0.752941250801086, 0.752941250801086, 0.752941250801086 );
#6343 = CARTESIAN_POINT( '', ( 0.200000000000003, 1.70315789473683, 1.13000000000000 ) );
#6344 = AXIS2_PLACEMENT_3D( '', #7104, #7105, #7106 );
#6345 = COLOUR_RGB( '', 0.0980392172932625, 0.0980392172932625, 0.0980392172932625 );
#6346 = CARTESIAN_POINT( '', ( -0.782623792124914, 0.700000000000000, -0.355000000000000 ) );
#6347 = VECTOR( '', #7107, 1000.00000000000 );
#6348 = CARTESIAN_POINT( '', ( 1.05000000000000, 0.700000000000000, 0.500000000000000 ) );
#6349 = VECTOR( '', #7108, 1000.00000000000 );
#6350 = COLOUR_RGB( '', 0.752941191196442, 0.752941191196442, 0.752941191196442 );
#6351 = AXIS2_PLACEMENT_3D( '', #7109, #7110, #7111 );
#6352 = COLOUR_RGB( '', 0.776470601558685, 0.529411792755127, 0.419607847929001 );
#6353 = CARTESIAN_POINT( '', ( 3.14891410643927E-015, -2.57263157894737, -0.100000000000000 ) );
#6354 = VECTOR( '', #7112, 1000.00000000000 );
#6355 = COLOUR_RGB( '', 0.752941191196442, 0.752941191196442, 0.752941191196442 );
#6356 = CARTESIAN_POINT( '', ( -1.10000000000000, -2.45000000000000, 7.12862928409219E-015 ) );
#6357 = VECTOR( '', #7113, 1000.00000000000 );
#6358 = COLOUR_RGB( '', 0.0980392172932625, 0.0980392172932625, 0.0980392172932625 );
#6359 = COLOUR_RGB( '', 0.752941250801086, 0.752941250801086, 0.752941250801086 );
#6360 = CARTESIAN_POINT( '', ( 1.90000000000000, -0.246842105263171, 0.760000000000000 ) );
#6361 = VECTOR( '', #7114, 1000.00000000000 );
#6362 = CARTESIAN_POINT( '', ( 1.90000000000000, 1.40815789473683, 0.304999999999995 ) );
#6363 = VECTOR( '', #7115, 1000.00000000000 );
#6364 = CARTESIAN_POINT( '', ( 1.90000000000000, 1.10315789473683, 0.150000000000000 ) );
#6365 = VECTOR( '', #7116, 1000.00000000000 );
#6366 = COLOUR_RGB( '', 0.752941250801086, 0.752941250801086, 0.752941250801086 );
#6367 = COLOUR_RGB( '', 0.752941250801086, 0.752941250801086, 0.752941250801086 );
#6368 = CARTESIAN_POINT( '', ( 1.50000000000000, -2.39684210526317, 0.760000000000000 ) );
#6369 = CARTESIAN_POINT( '', ( 1.50000000000000, -2.39684210526317, 1.13000000000000 ) );
#6370 = CARTESIAN_POINT( '', ( 1.50000000000000, -2.39684210526317, 0.760000000000000 ) );
#6371 = VECTOR( '', #7117, 1000.00000000000 );
#6372 = CARTESIAN_POINT( '', ( 1.50000000000000, -2.29684210526316, 1.13000000000000 ) );
#6373 = VECTOR( '', #7118, 1000.00000000000 );
#6374 = CARTESIAN_POINT( '', ( 1.50000000000000, -2.29684210526316, 0.760000000000000 ) );
#6375 = VECTOR( '', #7119, 1000.00000000000 );
#6376 = COLOUR_RGB( '', 0.776470601558685, 0.529411792755127, 0.419607847929001 );
#6377 = CARTESIAN_POINT( '', ( -1.50000000000000, -3.47263157894737, -1.10000000000000 ) );
#6378 = VECTOR( '', #7120, 1000.00000000000 );
#6379 = CARTESIAN_POINT( '', ( -1.50000000000000, -2.87263157894737, -1.20000000000000 ) );
#6380 = VECTOR( '', #7121, 1000.00000000000 );
#6381 = COLOUR_RGB( '', 0.776470601558685, 0.529411792755127, 0.419607847929001 );
#6382 = CARTESIAN_POINT( '', ( 1.82000000000000, -6.97263157894737, -0.100000000000000 ) );
#6383 = VECTOR( '', #7122, 1000.00000000000 );
#6384 = CARTESIAN_POINT( '', ( 1.85000000000000, -5.07263157894737, -0.100000000000000 ) );
#6385 = VECTOR( '', #7123, 1000.00000000000 );
#6386 = CARTESIAN_POINT( '', ( 1.45000000000000, -6.97263157894737, -0.100000000000000 ) );
#6387 = VECTOR( '', #7124, 1000.00000000000 );
#6388 = CARTESIAN_POINT( '', ( -1.00000000000000, -2.87263157894737, -0.100000000000000 ) );
#6389 = VECTOR( '', #7125, 1000.00000000000 );
#6390 = COLOUR_RGB( '', 0.776470601558685, 0.529411792755127, 0.419607847929001 );
#6391 = CARTESIAN_POINT( '', ( 1.45000000000000, -6.97263157894737, -0.180000000000000 ) );
#6392 = CARTESIAN_POINT( '', ( 2.00000000000000, -6.97263157894737, -0.180000000000000 ) );
#6393 = VECTOR( '', #7126, 1000.00000000000 );
#6394 = CARTESIAN_POINT( '', ( -0.550000000000000, -6.97263157894737, -0.450000000000000 ) );
#6395 = CARTESIAN_POINT( '', ( -1.45000000000000, -6.97263157894737, -0.450000000000000 ) );
#6396 = VECTOR( '', #7127, 1000.00000000000 );
#6397 = CARTESIAN_POINT( '', ( -0.550000000000000, -6.97263157894737, -0.690000000000000 ) );
#6398 = CARTESIAN_POINT( '', ( -0.550000000000000, -6.97263157894737, -0.450000000000000 ) );
#6399 = VECTOR( '', #7128, 1000.00000000000 );
#6400 = CARTESIAN_POINT( '', ( -0.200000000000000, -6.97263157894737, -0.900000000000000 ) );
#6401 = CARTESIAN_POINT( '', ( -0.550000000000000, -6.97263157894737, -0.690000000000000 ) );
#6402 = VECTOR( '', #7129, 1000.00000000000 );
#6403 = CARTESIAN_POINT( '', ( -0.200000000000000, -6.97263157894737, -0.900000000000000 ) );
#6404 = VECTOR( '', #7130, 1000.00000000000 );
#6405 = CARTESIAN_POINT( '', ( 1.45000000000000, -6.97263157894737, -0.450000000000000 ) );
#6406 = CARTESIAN_POINT( '', ( 1.45000000000000, -6.97263157894737, -0.450000000000000 ) );
#6407 = VECTOR( '', #7131, 1000.00000000000 );
#6408 = CARTESIAN_POINT( '', ( 1.45000000000000, -6.97263157894737, -1.20000000000000 ) );
#6409 = VECTOR( '', #7132, 1000.00000000000 );
#6410 = COLOUR_RGB( '', 0.752941250801086, 0.752941250801086, 0.752941250801086 );
#6411 = CARTESIAN_POINT( '', ( 0.575000000000000, -1.59684210526316, 0.150000000000000 ) );
#6412 = VECTOR( '', #7133, 1000.00000000000 );
#6413 = COLOUR_RGB( '', 0.752941250801086, 0.752941250801086, 0.752941250801086 );
#6414 = CARTESIAN_POINT( '', ( 0.575000000000000, -2.39684210526317, 0.760000000000000 ) );
#6415 = VECTOR( '', #7134, 1000.00000000000 );
#6416 = COLOUR_RGB( '', 0.752941191196442, 0.752941191196442, 0.752941191196442 );
#6417 = CARTESIAN_POINT( '', ( 2.00000000000041, 0.500000000000000, 0.0800000000000071 ) );
#6418 = CARTESIAN_POINT( '', ( 1.80000000000000, 0.500000000000000, 0.0800000000000071 ) );
#6419 = VECTOR( '', #7135, 1000.00000000000 );
#6420 = CARTESIAN_POINT( '', ( 2.16155494419535, 0.500000000000000, 0.500000000000007 ) );
#6421 = CARTESIAN_POINT( '', ( 2.00000000000041, 0.500000000000000, 0.0800000000000071 ) );
#6422 = VECTOR( '', #7136, 1000.00000000000 );
#6423 = CARTESIAN_POINT( '', ( 2.16155494419535, 0.500000000000000, 0.500000000000007 ) );
#6424 = VECTOR( '', #7137, 1000.00000000000 );
#6425 = COLOUR_RGB( '', 0.752941250801086, 0.752941250801086, 0.752941250801086 );
#6426 = CARTESIAN_POINT( '', ( 1.90000000000000, -0.246842105263171, 1.13000000000000 ) );
#6427 = VECTOR( '', #7138, 1000.00000000000 );
#6428 = COLOUR_RGB( '', 0.752941250801086, 0.752941250801086, 0.752941250801086 );
#6429 = CARTESIAN_POINT( '', ( -1.90000000000005, 1.10315789473683, 0.610000000000000 ) );
#6430 = CARTESIAN_POINT( '', ( -1.90000000000005, 1.40815789473683, 0.304999999999995 ) );
#6431 = VECTOR( '', #7139, 1000.00000000000 );
#6432 = CARTESIAN_POINT( '', ( -2.00000000000005, 1.10315789473683, 0.610000000000000 ) );
#6433 = CARTESIAN_POINT( '', ( -1.90000000000005, 1.10315789473683, 0.610000000000000 ) );
#6434 = VECTOR( '', #7140, 1000.00000000000 );
#6435 = CARTESIAN_POINT( '', ( -2.00000000000005, 1.10315789473683, 0.610000000000000 ) );
#6436 = VECTOR( '', #7141, 1000.00000000000 );
#6437 = COLOUR_RGB( '', 0.752941191196442, 0.752941191196442, 0.752941191196442 );
#6438 = CARTESIAN_POINT( '', ( -1.80000000000000, 0.500000000000000, 4.55364912443912E-015 ) );
#6439 = VECTOR( '', #7142, 1000.00000000000 );
#6440 = COLOUR_RGB( '', 0.752941191196442, 0.752941191196442, 0.752941191196442 );
#6441 = COLOUR_RGB( '', 0.752941250801086, 0.752941250801086, 0.752941250801086 );
#6442 = COLOUR_RGB( '', 0.776470601558685, 0.529411792755127, 0.419607847929001 );
#6443 = CARTESIAN_POINT( '', ( -0.200000000000000, -6.47263157894737, -1.10000000000000 ) );
#6444 = VECTOR( '', #7143, 1000.00000000000 );
#6445 = COLOUR_RGB( '', 0.752941250801086, 0.752941250801086, 0.752941250801086 );
#6446 = COLOUR_RGB( '', 0.752941191196442, 0.752941191196442, 0.752941191196442 );
#6447 = CARTESIAN_POINT( '', ( 2.00000000000041, 0.500000000000000, 0.0800000000000071 ) );
#6448 = VECTOR( '', #7144, 1000.00000000000 );
#6449 = COLOUR_RGB( '', 0.0980392172932625, 0.0980392172932625, 0.0980392172932625 );
#6450 = CARTESIAN_POINT( '', ( 1.05000000000000, 0.150000000000007, -0.355000000000000 ) );
#6451 = CARTESIAN_POINT( '', ( 1.05000000000000, 0.150000000000007, -0.355000000000000 ) );
#6452 = VECTOR( '', #7145, 1000.00000000000 );
#6453 = CARTESIAN_POINT( '', ( 1.05000000000000, 0.0500000000000063, -0.355000000000000 ) );
#6454 = VECTOR( '', #7146, 1000.00000000000 );
#6455 = COLOUR_RGB( '', 0.752941250801086, 0.752941250801086, 0.752941250801086 );
#6456 = CARTESIAN_POINT( '', ( -0.675000000000049, -2.29684210526316, 0.760000000000000 ) );
#6457 = VECTOR( '', #7147, 1000.00000000000 );
#6458 = COLOUR_RGB( '', 0.776470601558685, 0.529411792755127, 0.419607847929001 );
#6459 = CARTESIAN_POINT( '', ( -0.550000000000000, -6.87263157894737, -0.450000000000000 ) );
#6460 = CARTESIAN_POINT( '', ( -1.45000000000000, -6.87263157894737, -0.450000000000000 ) );
#6461 = VECTOR( '', #7148, 1000.00000000000 );
#6462 = CARTESIAN_POINT( '', ( -0.550000000000000, -6.87263157894737, -0.450000000000000 ) );
#6463 = VECTOR( '', #7149, 1000.00000000000 );
#6464 = COLOUR_RGB( '', 0.776470601558685, 0.529411792755127, 0.419607847929001 );
#6465 = CARTESIAN_POINT( '', ( -1.90000000000000, -2.87263157894737, -1.20000000000000 ) );
#6466 = VECTOR( '', #7150, 1000.00000000000 );
#6467 = COLOUR_RGB( '', 0.776470601558685, 0.529411792755127, 0.419607847929001 );
#6468 = CARTESIAN_POINT( '', ( -1.90000000000000, -3.47263157894737, -0.450000000000000 ) );
#6469 = CARTESIAN_POINT( '', ( -1.90000000000000, -3.47263157894737, -0.450000000000000 ) );
#6470 = VECTOR( '', #7151, 1000.00000000000 );
#6471 = CARTESIAN_POINT( '', ( -1.90000000000000, -4.77263157894737, -0.450000000000000 ) );
#6472 = VECTOR( '', #7152, 1000.00000000000 );
#6473 = COLOUR_RGB( '', 0.776470601558685, 0.529411792755127, 0.419607847929001 );
#6474 = CARTESIAN_POINT( '', ( -1.90000000000000, -3.47263157894737, -0.450000000000000 ) );
#6475 = VECTOR( '', #7153, 1000.00000000000 );
#6476 = COLOUR_RGB( '', 0.752941250801086, 0.752941250801086, 0.752941250801086 );
#6477 = CARTESIAN_POINT( '', ( -2.00000000000005, -2.39684210526317, 1.13000000000000 ) );
#6478 = VECTOR( '', #7154, 1000.00000000000 );
#6479 = CARTESIAN_POINT( '', ( -2.00000000000005, 1.10315789473683, 0.000000000000000 ) );
#6480 = VECTOR( '', #7155, 1000.00000000000 );
#6481 = COLOUR_RGB( '', 0.752941250801086, 0.752941250801086, 0.752941250801086 );
#6482 = CARTESIAN_POINT( '', ( 0.575000000000000, -2.39684210526317, 0.000000000000000 ) );
#6483 = VECTOR( '', #7156, 1000.00000000000 );
#6484 = COLOUR_RGB( '', 0.0980392172932625, 0.0980392172932625, 0.0980392172932625 );
#6485 = CARTESIAN_POINT( '', ( 1.05000000000000, 0.150000000000007, -0.500000000000000 ) );
#6486 = VECTOR( '', #7157, 1000.00000000000 );
#6487 = COLOUR_RGB( '', 0.752941191196442, 0.752941191196442, 0.752941191196442 );
#6488 = CARTESIAN_POINT( '', ( 2.16155494419535, 0.500000000000000, 0.500000000000007 ) );
#6489 = VECTOR( '', #7158, 1000.00000000000 );
#6490 = COLOUR_RGB( '', 0.752941250801086, 0.752941250801086, 0.752941250801086 );
#6491 = CARTESIAN_POINT( '', ( -1.10000000000004, -2.19684210526317, 0.0100000000000000 ) );
#6492 = VECTOR( '', #7159, 1000.00000000000 );
#6493 = COLOUR_RGB( '', 0.752941250801086, 0.752941250801086, 0.752941250801086 );
#6494 = COLOUR_RGB( '', 0.752941250801086, 0.752941250801086, 0.752941250801086 );
#6495 = CARTESIAN_POINT( '', ( 1.00000000000000, 1.75315789473683, 0.350000000000000 ) );
#6496 = VECTOR( '', #7160, 1000.00000000000 );
#6497 = COLOUR_RGB( '', 0.752941191196442, 0.752941191196442, 0.752941191196442 );
#6498 = CARTESIAN_POINT( '', ( 1.60000000000000, -2.52466666666667, 0.0512791210286225 ) );
#6499 = VECTOR( '', #7161, 1000.00000000000 );
#6500 = COLOUR_RGB( '', 0.752941191196442, 0.752941191196442, 0.752941191196442 );
#6501 = COLOUR_RGB( '', 0.776470601558685, 0.529411792755127, 0.419607847929001 );
#6502 = CARTESIAN_POINT( '', ( 1.90000000000000, -4.77263157894737, -0.450000000000000 ) );
#6503 = CARTESIAN_POINT( '', ( 1.90000000000000, -4.77263157894737, -0.450000000000000 ) );
#6504 = VECTOR( '', #7162, 1000.00000000000 );
#6505 = CARTESIAN_POINT( '', ( 1.90000000000000, -4.77263157894737, -0.180000000000000 ) );
#6506 = CARTESIAN_POINT( '', ( 1.90000000000000, -4.77263157894737, -0.100000000000000 ) );
#6507 = VECTOR( '', #7163, 1000.00000000000 );
#6508 = CARTESIAN_POINT( '', ( 1.90000000000000, -6.97263157894737, -0.180000000000000 ) );
#6509 = VECTOR( '', #7164, 1000.00000000000 );
#6510 = COLOUR_RGB( '', 0.752941191196442, 0.752941191196442, 0.752941191196442 );
#6511 = CARTESIAN_POINT( '', ( -1.10000000000000, -2.45000000000000, 0.0800000000000071 ) );
#6512 = VECTOR( '', #7165, 1000.00000000000 );
#6513 = COLOUR_RGB( '', 0.776470601558685, 0.529411792755127, 0.419607847929001 );
#6514 = COLOUR_RGB( '', 0.752941250801086, 0.752941250801086, 0.752941250801086 );
#6515 = CARTESIAN_POINT( '', ( 5.38172598077041E-015, -2.39684210526317, 1.13000000000000 ) );
#6516 = VECTOR( '', #7166, 1000.00000000000 );
#6517 = COLOUR_RGB( '', 0.776470601558685, 0.529411792755127, 0.419607847929001 );
#6518 = CARTESIAN_POINT( '', ( 1.45000000000000, -6.87263157894737, -0.450000000000000 ) );
#6519 = CARTESIAN_POINT( '', ( 1.45000000000000, -6.87263157894737, -0.450000000000000 ) );
#6520 = VECTOR( '', #7167, 1000.00000000000 );
#6521 = CARTESIAN_POINT( '', ( 1.45000000000000, -6.87263157894737, -0.450000000000000 ) );
#6522 = VECTOR( '', #7168, 1000.00000000000 );
#6523 = COLOUR_RGB( '', 0.752941250801086, 0.752941250801086, 0.752941250801086 );
#6524 = CARTESIAN_POINT( '', ( -1.10000000000005, 1.75315789473683, 1.13000000000000 ) );
#6525 = CARTESIAN_POINT( '', ( -1.10000000000005, 1.55315789473684, 1.13000000000000 ) );
#6526 = VECTOR( '', #7169, 1000.00000000000 );
#6527 = CARTESIAN_POINT( '', ( -1.10000000000005, 1.75315789473683, 0.350000000000000 ) );
#6528 = CARTESIAN_POINT( '', ( -1.10000000000005, 1.55315789473684, 0.350000000000000 ) );
#6529 = VECTOR( '', #7170, 1000.00000000000 );
#6530 = CARTESIAN_POINT( '', ( -1.10000000000005, 1.75315789473683, 0.350000000000000 ) );
#6531 = VECTOR( '', #7171, 1000.00000000000 );
#6532 = COLOUR_RGB( '', 0.776470601558685, 0.529411792755127, 0.419607847929001 );
#6533 = AXIS2_PLACEMENT_3D( '', #7172, #7173, #7174 );
#6534 = CARTESIAN_POINT( '', ( 1.45000000000000, -6.87263157894737, -1.20000000000000 ) );
#6535 = VECTOR( '', #7175, 1000.00000000000 );
#6536 = COLOUR_RGB( '', 0.776470601558685, 0.529411792755127, 0.419607847929001 );
#6537 = COLOUR_RGB( '', 0.0980392172932625, 0.0980392172932625, 0.0980392172932625 );
#6538 = COLOUR_RGB( '', 0.776470601558685, 0.529411792755127, 0.419607847929001 );
#6539 = CARTESIAN_POINT( '', ( 2.00000000000000, -4.77263157894737, -0.450000000000000 ) );
#6540 = CARTESIAN_POINT( '', ( 2.00000000000000, -4.77263157894737, -0.450000000000000 ) );
#6541 = VECTOR( '', #7176, 1000.00000000000 );
#6542 = CARTESIAN_POINT( '', ( 1.90000000000000, -4.77263157894737, -0.450000000000000 ) );
#6543 = VECTOR( '', #7177, 1000.00000000000 );
#6544 = COLOUR_RGB( '', 0.776470601558685, 0.529411792755127, 0.419607847929001 );
#6545 = CARTESIAN_POINT( '', ( 2.00000000000000, -4.77263157894737, -0.100000000000000 ) );
#6546 = VECTOR( '', #7178, 1000.00000000000 );
#6547 = COLOUR_RGB( '', 0.752941250801086, 0.752941250801086, 0.752941250801086 );
#6548 = CARTESIAN_POINT( '', ( -1.25000000000005, 1.10315789473683, 0.150000000000000 ) );
#6549 = VECTOR( '', #7179, 1000.00000000000 );
#6550 = CARTESIAN_POINT( '', ( -1.25000000000005, 1.75315789473683, 0.150000000000000 ) );
#6551 = VECTOR( '', #7180, 1000.00000000000 );
#6552 = COLOUR_RGB( '', 0.776470601558685, 0.529411792755127, 0.419607847929001 );
#6553 = COLOUR_RGB( '', 0.752941250801086, 0.752941250801086, 0.752941250801086 );
#6554 = CARTESIAN_POINT( '', ( -1.00000000000005, 1.75315789473683, 0.350000000000000 ) );
#6555 = CARTESIAN_POINT( '', ( -1.00000000000005, 1.75315789473683, 0.350000000000000 ) );
#6556 = VECTOR( '', #7181, 1000.00000000000 );
#6557 = CARTESIAN_POINT( '', ( -1.00000000000005, 1.75315789473683, 1.13000000000000 ) );
#6558 = VECTOR( '', #7182, 1000.00000000000 );
#6559 = COLOUR_RGB( '', 0.752941191196442, 0.752941191196442, 0.752941191196442 );
#6560 = CARTESIAN_POINT( '', ( -1.10000000000000, -2.45000000000000, 0.0800000000000071 ) );
#6561 = VECTOR( '', #7183, 1000.00000000000 );
#6562 = COLOUR_RGB( '', 0.776470601558685, 0.529411792755127, 0.419607847929001 );
#6563 = CARTESIAN_POINT( '', ( -0.550000000000000, -6.87263157894737, -0.690000000000000 ) );
#6564 = CARTESIAN_POINT( '', ( -0.550000000000000, -6.87263157894737, -0.690000000000000 ) );
#6565 = VECTOR( '', #7184, 1000.00000000000 );
#6566 = CARTESIAN_POINT( '', ( -0.200000000000000, -6.87263157894737, -0.900000000000000 ) );
#6567 = CARTESIAN_POINT( '', ( -0.550000000000000, -6.87263157894737, -0.690000000000000 ) );
#6568 = VECTOR( '', #7185, 1000.00000000000 );
#6569 = CARTESIAN_POINT( '', ( -0.200000000000000, -6.87263157894737, -0.900000000000000 ) );
#6570 = VECTOR( '', #7186, 1000.00000000000 );
#6571 = COLOUR_RGB( '', 0.776470601558685, 0.529411792755127, 0.419607847929001 );
#6572 = AXIS2_PLACEMENT_3D( '', #7187, #7188, #7189 );
#6573 = COLOUR_RGB( '', 0.752941250801086, 0.752941250801086, 0.752941250801086 );
#6574 = CARTESIAN_POINT( '', ( -1.75000000000005, 1.75315789473683, 1.13000000000000 ) );
#6575 = CARTESIAN_POINT( '', ( -1.75000000000005, 1.75315789473683, 1.13000000000000 ) );
#6576 = VECTOR( '', #7190, 1000.00000000000 );
#6577 = CARTESIAN_POINT( '', ( -1.90000000000005, 1.75315789473683, 0.980000000000000 ) );
#6578 = CARTESIAN_POINT( '', ( -1.75000000000005, 1.75315789473683, 1.13000000000000 ) );
#6579 = VECTOR( '', #7191, 1000.00000000000 );
#6580 = CARTESIAN_POINT( '', ( -1.90000000000005, -0.246842105263171, 0.980000000000000 ) );
#6581 = VECTOR( '', #7192, 1000.00000000000 );
#6582 = COLOUR_RGB( '', 0.752941191196442, 0.752941191196442, 0.752941191196442 );
#6583 = COLOUR_RGB( '', 0.776470601558685, 0.529411792755127, 0.419607847929001 );
#6584 = CARTESIAN_POINT( '', ( -0.200000000000000, -6.87263157894737, -0.900000000000000 ) );
#6585 = VECTOR( '', #7193, 1000.00000000000 );
#6586 = CARTESIAN_POINT( '', ( -0.550000000000000, -6.87263157894737, -0.450000000000000 ) );
#6587 = VECTOR( '', #7194, 1000.00000000000 );
#6588 = COLOUR_RGB( '', 0.752941250801086, 0.752941250801086, 0.752941250801086 );
#6589 = COLOUR_RGB( '', 0.752941191196442, 0.752941191196442, 0.752941191196442 );
#6590 = CARTESIAN_POINT( '', ( 1.60000000000000, -2.61155494421403, 0.500000000000007 ) );
#6591 = VECTOR( '', #7195, 1000.00000000000 );
#6592 = COLOUR_RGB( '', 0.752941191196442, 0.752941191196442, 0.752941191196442 );
#6593 = COLOUR_RGB( '', 0.752941250801086, 0.752941250801086, 0.752941250801086 );
#6594 = CARTESIAN_POINT( '', ( -2.00000000000005, 1.75315789473683, 1.13000000000000 ) );
#6595 = VECTOR( '', #7196, 1000.00000000000 );
#6596 = CARTESIAN_POINT( '', ( 1.10000000000000, 1.55315789473684, 1.13000000000000 ) );
#6597 = VECTOR( '', #7197, 1000.00000000000 );
#6598 = COLOUR_RGB( '', 0.752941191196442, 0.752941191196442, 0.752941191196442 );
#6599 = AXIS2_PLACEMENT_3D( '', #7198, #7199, #7200 );
#6600 = COLOUR_RGB( '', 0.752941250801086, 0.752941250801086, 0.752941250801086 );
#6601 = CARTESIAN_POINT( '', ( -1.90000000000005, 1.75315789473683, 0.000000000000000 ) );
#6602 = VECTOR( '', #7201, 1000.00000000000 );
#6603 = CARTESIAN_POINT( '', ( -1.90000000000005, 1.10315789473683, 0.000000000000000 ) );
#6604 = VECTOR( '', #7202, 1000.00000000000 );
#6605 = COLOUR_RGB( '', 0.752941250801086, 0.752941250801086, 0.752941250801086 );
#6606 = CARTESIAN_POINT( '', ( -1.10000000000005, 1.75315789473683, 0.350000000000000 ) );
#6607 = VECTOR( '', #7203, 1000.00000000000 );
#6608 = COLOUR_RGB( '', 0.752941250801086, 0.752941250801086, 0.752941250801086 );
#6609 = COLOUR_RGB( '', 0.752941191196442, 0.752941191196442, 0.752941191196442 );
#6610 = COLOUR_RGB( '', 0.776470601558685, 0.529411792755127, 0.419607847929001 );
#6611 = COLOUR_RGB( '', 0.752941191196442, 0.752941191196442, 0.752941191196442 );
#6612 = COLOUR_RGB( '', 0.776470601558685, 0.529411792755127, 0.419607847929001 );
#6613 = COLOUR_RGB( '', 0.752941250801086, 0.752941250801086, 0.752941250801086 );
#6614 = CARTESIAN_POINT( '', ( 1.10000000000000, 1.55315789473684, 0.350000000000000 ) );
#6615 = VECTOR( '', #7204, 1000.00000000000 );
#6616 = COLOUR_RGB( '', 0.0980392172932625, 0.0980392172932625, 0.0980392172932625 );
#6617 = COLOUR_RGB( '', 0.776470601558685, 0.529411792755127, 0.419607847929001 );
#6618 = COLOUR_RGB( '', 0.752941250801086, 0.752941250801086, 0.752941250801086 );
#6619 = COLOUR_RGB( '', 0.752941250801086, 0.752941250801086, 0.752941250801086 );
#6620 = COLOUR_RGB( '', 0.752941250801086, 0.752941250801086, 0.752941250801086 );
#6621 = COLOUR_RGB( '', 0.776470601558685, 0.529411792755127, 0.419607847929001 );
#6622 = DIRECTION( '', ( -1.00000000000000, -6.93889390390722E-014, 0.000000000000000 ) );
#6623 = DIRECTION( '', ( 0.000000000000000, 0.000000000000000, -1.00000000000000 ) );
#6624 = DIRECTION( '', ( -1.00000000000000, -6.93889390390722E-014, 0.000000000000000 ) );
#6625 = DIRECTION( '', ( 0.000000000000000, 0.000000000000000, -1.00000000000000 ) );
#6626 = CARTESIAN_POINT( '', ( -1.82000000000000, -2.87263157894737, -0.180000000000000 ) );
#6627 = DIRECTION( '', ( -3.50038198934684E-016, 1.00000000000000, 0.000000000000000 ) );
#6628 = DIRECTION( '', ( 0.000000000000000, 0.000000000000000, -1.00000000000000 ) );
#6629 = DIRECTION( '', ( 2.44262377228781E-016, -1.00000000000000, 0.000000000000000 ) );
#6630 = CARTESIAN_POINT( '', ( -1.82000000000000, -4.77263157894737, -0.180000000000000 ) );
#6631 = DIRECTION( '', ( -2.44262377228781E-016, 1.00000000000000, 1.54886024640786E-016 ) );
#6632 = DIRECTION( '', ( -5.42160251054139E-032, 1.54886024640786E-016, -1.00000000000000 ) );
#6633 = DIRECTION( '', ( 2.44262377228781E-016, -1.00000000000000, 0.000000000000000 ) );
#6634 = DIRECTION( '', ( 0.000000000000000, 1.00000000000000, 0.000000000000000 ) );
#6635 = DIRECTION( '', ( 0.000000000000000, 0.000000000000000, 1.00000000000000 ) );
#6636 = DIRECTION( '', ( 0.000000000000000, 0.707106781186541, -0.707106781186554 ) );
#6637 = DIRECTION( '', ( 0.000000000000000, -1.00000000000000, -8.03112720359633E-017 ) );
#6638 = DIRECTION( '', ( 0.000000000000000, 0.000000000000000, 1.00000000000000 ) );
#6639 = DIRECTION( '', ( 0.000000000000000, 1.00000000000000, 0.000000000000000 ) );
#6640 = DIRECTION( '', ( 0.000000000000000, 0.000000000000000, -1.00000000000000 ) );
#6641 = DIRECTION( '', ( 0.000000000000000, 1.00000000000000, 0.000000000000000 ) );
#6642 = DIRECTION( '', ( 0.000000000000000, 0.000000000000000, -1.00000000000000 ) );
#6643 = DIRECTION( '', ( -8.67361737988403E-016, 1.00000000000000, 0.000000000000000 ) );
#6644 = DIRECTION( '', ( 1.12937726300573E-016, 6.75571465989821E-032, -1.00000000000000 ) );
#6645 = DIRECTION( '', ( 5.98180508957520E-016, -1.00000000000000, 0.000000000000000 ) );
#6646 = DIRECTION( '', ( 1.12937726300573E-016, 6.75571465989821E-032, -1.00000000000000 ) );
#6647 = DIRECTION( '', ( 5.98180508957520E-016, -1.00000000000000, 0.000000000000000 ) );
#6648 = DIRECTION( '', ( 5.98180508957520E-016, -1.00000000000000, 0.000000000000000 ) );
#6649 = DIRECTION( '', ( -1.00000000000000, -4.33680868994202E-016, 0.000000000000000 ) );
#6650 = DIRECTION( '', ( -2.48142310022836E-016, -1.00000000000000, 0.000000000000000 ) );
#6651 = DIRECTION( '', ( -1.00000000000000, 0.000000000000000, 0.000000000000000 ) );
#6652 = CARTESIAN_POINT( '', ( 4.77048955893622E-015, -0.996842105263157, -0.250000000000000 ) );
#6653 = DIRECTION( '', ( 0.000000000000000, 0.000000000000000, 1.00000000000000 ) );
#6654 = DIRECTION( '', ( 1.00000000000000, 0.000000000000000, 0.000000000000000 ) );
#6655 = CARTESIAN_POINT( '', ( 4.77048955893622E-015, -0.996842105263157, -0.400000000000000 ) );
#6656 = DIRECTION( '', ( 0.000000000000000, 0.000000000000000, 1.00000000000000 ) );
#6657 = DIRECTION( '', ( 1.00000000000000, 0.000000000000000, 0.000000000000000 ) );
#6658 = DIRECTION( '', ( -1.08420217248555E-015, 1.00000000000000, 0.000000000000000 ) );
#6659 = DIRECTION( '', ( 1.00000000000000, 1.38777878078144E-014, 0.000000000000000 ) );
#6660 = DIRECTION( '', ( 1.08420217248551E-015, -1.00000000000000, 0.000000000000000 ) );
#6661 = DIRECTION( '', ( -1.00000000000000, 0.000000000000000, 0.000000000000000 ) );
#6662 = DIRECTION( '', ( 0.000000000000000, 0.000000000000000, -1.00000000000000 ) );
#6663 = CARTESIAN_POINT( '', ( 3.30643715532042E-015, 0.000000000000000, -0.355000000000000 ) );
#6664 = DIRECTION( '', ( 0.000000000000000, 0.000000000000000, -1.00000000000000 ) );
#6665 = DIRECTION( '', ( 1.00000000000000, 0.000000000000000, 0.000000000000000 ) );
#6666 = DIRECTION( '', ( 0.000000000000000, 0.000000000000000, -1.00000000000000 ) );
#6667 = CARTESIAN_POINT( '', ( 3.30643715532042E-015, 0.000000000000000, 0.355000000000000 ) );
#6668 = DIRECTION( '', ( 0.000000000000000, 0.000000000000000, -1.00000000000000 ) );
#6669 = DIRECTION( '', ( 1.00000000000000, 0.000000000000000, 0.000000000000000 ) );
#6670 = DIRECTION( '', ( 8.34001671142699E-017, 1.00000000000000, 0.000000000000000 ) );
#6671 = DIRECTION( '', ( 0.000000000000000, 0.000000000000000, -1.00000000000000 ) );
#6672 = DIRECTION( '', ( 8.34001671142699E-017, 1.00000000000000, 0.000000000000000 ) );
#6673 = DIRECTION( '', ( 0.000000000000000, 0.000000000000000, -1.00000000000000 ) );
#6674 = DIRECTION( '', ( -1.00000000000000, 0.000000000000000, 0.000000000000000 ) );
#6675 = DIRECTION( '', ( 0.000000000000000, 0.000000000000000, -1.00000000000000 ) );
#6676 = DIRECTION( '', ( -1.00000000000000, 0.000000000000000, 0.000000000000000 ) );
#6677 = DIRECTION( '', ( 0.000000000000000, 0.000000000000000, -1.00000000000000 ) );
#6678 = DIRECTION( '', ( 0.000000000000000, 0.000000000000000, 1.00000000000000 ) );
#6679 = DIRECTION( '', ( -1.00000000000000, 0.000000000000000, 0.000000000000000 ) );
#6680 = DIRECTION( '', ( 0.000000000000000, 0.000000000000000, 1.00000000000000 ) );
#6681 = DIRECTION( '', ( -1.00000000000000, -1.28358265957944E-015, 0.000000000000000 ) );
#6682 = DIRECTION( '', ( 0.707106781186548, 9.07630002802086E-016, -0.707106781186548 ) );
#6683 = DIRECTION( '', ( 0.000000000000000, 0.000000000000000, 1.00000000000000 ) );
#6684 = DIRECTION( '', ( -1.00000000000000, 0.000000000000000, 0.000000000000000 ) );
#6685 = DIRECTION( '', ( 0.000000000000000, 0.000000000000000, 1.00000000000000 ) );
#6686 = DIRECTION( '', ( -0.707106781186548, 0.000000000000000, -0.707106781186548 ) );
#6687 = DIRECTION( '', ( 1.00000000000000, 0.000000000000000, 0.000000000000000 ) );
#6688 = DIRECTION( '', ( -0.933333333347547, 0.000000000000000, -0.359010987105349 ) );
#6689 = DIRECTION( '', ( 0.000000000000000, -1.00000000000000, 0.000000000000000 ) );
#6690 = DIRECTION( '', ( -0.933333333347547, 0.000000000000000, -0.359010987105349 ) );
#6691 = DIRECTION( '', ( 0.000000000000000, -1.00000000000000, 0.000000000000000 ) );
#6692 = DIRECTION( '', ( 1.00000000000000, 0.000000000000000, 0.000000000000000 ) );
#6693 = DIRECTION( '', ( 0.000000000000000, 0.000000000000000, -1.00000000000000 ) );
#6694 = DIRECTION( '', ( 1.00000000000000, 0.000000000000000, 0.000000000000000 ) );
#6695 = DIRECTION( '', ( 0.000000000000000, 0.000000000000000, -1.00000000000000 ) );
#6696 = DIRECTION( '', ( -1.00000000000000, -3.50038198934684E-016, 0.000000000000000 ) );
#6697 = DIRECTION( '', ( 0.000000000000000, 0.000000000000000, 1.00000000000000 ) );
#6698 = DIRECTION( '', ( -1.00000000000000, -3.50038198934684E-016, 0.000000000000000 ) );
#6699 = DIRECTION( '', ( 0.000000000000000, 0.000000000000000, 1.00000000000000 ) );
#6700 = CARTESIAN_POINT( '', ( 2.10000000000000, 0.400000000000007, 0.500000000000000 ) );
#6701 = DIRECTION( '', ( 0.000000000000000, 0.000000000000000, -1.00000000000000 ) );
#6702 = DIRECTION( '', ( -1.00000000000000, 0.000000000000000, 0.000000000000000 ) );
#6703 = DIRECTION( '', ( 0.000000000000000, 0.000000000000000, -1.00000000000000 ) );
#6704 = CARTESIAN_POINT( '', ( 2.10000000000000, 0.400000000000007, -0.500000000000000 ) );
#6705 = DIRECTION( '', ( 0.000000000000000, 0.000000000000000, -1.00000000000000 ) );
#6706 = DIRECTION( '', ( -1.00000000000000, 0.000000000000000, 0.000000000000000 ) );
#6707 = DIRECTION( '', ( 0.000000000000000, 0.000000000000000, -1.00000000000000 ) );
#6708 = DIRECTION( '', ( -3.61400724161835E-016, -2.16182869116742E-031, -1.00000000000000 ) );
#6709 = CARTESIAN_POINT( '', ( 0.200000000000004, -6.79263157894737, -1.02000000000000 ) );
#6710 = DIRECTION( '', ( -1.00000000000000, -5.98180508957520E-016, 3.61400724161835E-016 ) );
#6711 = DIRECTION( '', ( 5.98180508957520E-016, -1.00000000000000, 0.000000000000000 ) );
#6712 = DIRECTION( '', ( -1.08420217248550E-015, 0.000000000000000, -1.00000000000000 ) );
#6713 = DIRECTION( '', ( 0.000000000000000, -1.00000000000000, 0.000000000000000 ) );
#6714 = CARTESIAN_POINT( '', ( 0.200000000000004, -6.79263157894737, -1.02000000000000 ) );
#6715 = DIRECTION( '', ( -1.00000000000000, -5.98180508957520E-016, 3.61400724161835E-016 ) );
#6716 = DIRECTION( '', ( 5.98180508957520E-016, -1.00000000000000, 0.000000000000000 ) );
#6717 = DIRECTION( '', ( -3.61400724161835E-016, -2.16182869116742E-031, -1.00000000000000 ) );
#6718 = DIRECTION( '', ( 5.98180508957520E-016, -1.00000000000000, 0.000000000000000 ) );
#6719 = DIRECTION( '', ( 1.28358265957944E-015, -1.00000000000000, -8.03112720359633E-017 ) );
#6720 = DIRECTION( '', ( -1.00000000000000, -1.28358265957944E-015, 0.000000000000000 ) );
#6721 = DIRECTION( '', ( 1.28358265957944E-015, -1.00000000000000, -8.03112720359633E-017 ) );
#6722 = DIRECTION( '', ( 1.00000000000000, 1.28358265957944E-015, 0.000000000000000 ) );
#6723 = DIRECTION( '', ( -1.00000000000000, -4.33680868994202E-016, 0.000000000000000 ) );
#6724 = CARTESIAN_POINT( '', ( -0.200000000000000, -6.79263157894737, -1.02000000000000 ) );
#6725 = DIRECTION( '', ( -1.00000000000000, 2.48142310022836E-016, -3.61400724161835E-016 ) );
#6726 = DIRECTION( '', ( -2.48142310022836E-016, -1.00000000000000, 0.000000000000000 ) );
#6727 = CARTESIAN_POINT( '', ( 2.81892564846231E-015, 1.70315789473683, 1.03000000000000 ) );
#6728 = DIRECTION( '', ( 0.000000000000000, 0.000000000000000, 1.00000000000000 ) );
#6729 = DIRECTION( '', ( 1.00000000000000, 0.000000000000000, 0.000000000000000 ) );
#6730 = CARTESIAN_POINT( '', ( 2.81892564846231E-015, 1.70315789473683, 0.350000000000000 ) );
#6731 = DIRECTION( '', ( 0.000000000000000, 0.000000000000000, 1.00000000000000 ) );
#6732 = DIRECTION( '', ( -1.00000000000000, 0.000000000000000, 0.000000000000000 ) );
#6733 = DIRECTION( '', ( 0.000000000000000, -1.00000000000000, 0.000000000000000 ) );
#6734 = DIRECTION( '', ( 0.000000000000000, 0.000000000000000, -1.00000000000000 ) );
#6735 = DIRECTION( '', ( 0.000000000000000, -1.00000000000000, 0.000000000000000 ) );
#6736 = DIRECTION( '', ( -1.00000000000000, -3.41322906152847E-016, 0.000000000000000 ) );
#6737 = CARTESIAN_POINT( '', ( 2.10000000000000, 0.350000000000007, 0.500000000000000 ) );
#6738 = DIRECTION( '', ( 0.000000000000000, 0.000000000000000, -1.00000000000000 ) );
#6739 = DIRECTION( '', ( -1.00000000000000, 0.000000000000000, 0.000000000000000 ) );
#6740 = DIRECTION( '', ( 1.00000000000000, 0.000000000000000, 0.000000000000000 ) );
#6741 = DIRECTION( '', ( 0.000000000000000, 1.00000000000000, 0.000000000000000 ) );
#6742 = DIRECTION( '', ( 0.000000000000000, 1.00000000000000, 0.000000000000000 ) );
#6743 = DIRECTION( '', ( 0.000000000000000, 1.00000000000000, 0.000000000000000 ) );
#6744 = DIRECTION( '', ( 0.000000000000000, 0.000000000000000, 1.00000000000000 ) );
#6745 = DIRECTION( '', ( 0.000000000000000, 1.00000000000000, 0.000000000000000 ) );
#6746 = CARTESIAN_POINT( '', ( -1.60000000000000, -2.45000000000000, 0.0800000000000071 ) );
#6747 = DIRECTION( '', ( -1.00000000000000, 0.000000000000000, 0.000000000000000 ) );
#6748 = DIRECTION( '', ( 0.000000000000000, 0.000000000000000, 1.00000000000000 ) );
#6749 = DIRECTION( '', ( 0.000000000000000, -0.359010987142294, 0.933333333333336 ) );
#6750 = DIRECTION( '', ( 0.000000000000000, 0.933333333333333, 0.359010987142301 ) );
#6751 = DIRECTION( '', ( 0.000000000000000, 0.359010987142301, -0.933333333333333 ) );
#6752 = CARTESIAN_POINT( '', ( -2.00000000000000, 0.000000000000000, 0.0800000000000071 ) );
#6753 = DIRECTION( '', ( 0.000000000000000, -1.00000000000000, 0.000000000000000 ) );
#6754 = DIRECTION( '', ( 1.00000000000000, 0.000000000000000, 0.000000000000000 ) );
#6755 = DIRECTION( '', ( 1.00000000000000, 0.000000000000000, 0.000000000000000 ) );
#6756 = DIRECTION( '', ( 0.000000000000000, 0.000000000000000, 1.00000000000000 ) );
#6757 = DIRECTION( '', ( -1.00000000000000, 0.000000000000000, 0.000000000000000 ) );
#6758 = DIRECTION( '', ( -0.359010987105336, 0.000000000000000, 0.933333333347552 ) );
#6759 = DIRECTION( '', ( 0.359010987105348, 0.000000000000000, -0.933333333347547 ) );
#6760 = DIRECTION( '', ( -1.08420217248555E-015, 1.00000000000000, 0.000000000000000 ) );
#6761 = DIRECTION( '', ( 1.00000000000000, -1.38777878078144E-014, 0.000000000000000 ) );
#6762 = DIRECTION( '', ( 0.000000000000000, -1.00000000000000, 0.000000000000000 ) );
#6763 = DIRECTION( '', ( -1.00000000000000, 0.000000000000000, 0.000000000000000 ) );
#6764 = DIRECTION( '', ( 1.00000000000000, 0.000000000000000, 0.000000000000000 ) );
#6765 = DIRECTION( '', ( 0.000000000000000, 0.000000000000000, 1.00000000000000 ) );
#6766 = DIRECTION( '', ( 1.00000000000000, 0.000000000000000, 0.000000000000000 ) );
#6767 = DIRECTION( '', ( 0.000000000000000, 0.000000000000000, 1.00000000000000 ) );
#6768 = DIRECTION( '', ( -1.00000000000000, 0.000000000000000, 0.000000000000000 ) );
#6769 = DIRECTION( '', ( 0.000000000000000, 0.000000000000000, -1.00000000000000 ) );
#6770 = DIRECTION( '', ( 0.000000000000000, 0.000000000000000, -1.00000000000000 ) );
#6771 = DIRECTION( '', ( 1.00000000000000, 1.05775821705903E-016, 0.000000000000000 ) );
#6772 = CARTESIAN_POINT( '', ( 1.82000000000000, -3.47263157894737, -1.02000000000000 ) );
#6773 = DIRECTION( '', ( 1.05775821705903E-016, -1.00000000000000, 0.000000000000000 ) );
#6774 = DIRECTION( '', ( 1.00000000000000, 1.05775821705903E-016, 0.000000000000000 ) );
#6775 = DIRECTION( '', ( 0.000000000000000, 0.000000000000000, -1.00000000000000 ) );
#6776 = DIRECTION( '', ( 1.00000000000000, 1.05775821705903E-016, 0.000000000000000 ) );
#6777 = DIRECTION( '', ( 0.000000000000000, 0.000000000000000, -1.00000000000000 ) );
#6778 = CARTESIAN_POINT( '', ( 1.82000000000000, -3.47263157894737, -1.02000000000000 ) );
#6779 = DIRECTION( '', ( 1.05775821705903E-016, -1.00000000000000, 0.000000000000000 ) );
#6780 = DIRECTION( '', ( 1.00000000000000, 1.05775821705903E-016, 0.000000000000000 ) );
#6781 = DIRECTION( '', ( 1.00000000000000, -2.28253088944317E-016, 0.000000000000000 ) );
#6782 = DIRECTION( '', ( 0.000000000000000, 0.000000000000000, 1.00000000000000 ) );
#6783 = CARTESIAN_POINT( '', ( 3.30643715532042E-015, 0.000000000000000, 0.355000000000000 ) );
#6784 = DIRECTION( '', ( 0.000000000000000, 0.000000000000000, -1.00000000000000 ) );
#6785 = DIRECTION( '', ( 1.00000000000000, 0.000000000000000, 0.000000000000000 ) );
#6786 = DIRECTION( '', ( 0.000000000000000, 1.00000000000000, 0.000000000000000 ) );
#6787 = DIRECTION( '', ( 1.00000000000000, 0.000000000000000, 0.000000000000000 ) );
#6788 = DIRECTION( '', ( 0.000000000000000, -1.00000000000000, 0.000000000000000 ) );
#6789 = DIRECTION( '', ( 0.000000000000000, 1.00000000000000, 0.000000000000000 ) );
#6790 = DIRECTION( '', ( 1.00000000000000, 0.000000000000000, 0.000000000000000 ) );
#6791 = DIRECTION( '', ( 0.000000000000000, 0.000000000000000, -1.00000000000000 ) );
#6792 = DIRECTION( '', ( -1.00000000000000, -1.28358265957944E-015, 0.000000000000000 ) );
#6793 = DIRECTION( '', ( 0.000000000000000, 0.000000000000000, 1.00000000000000 ) );
#6794 = DIRECTION( '', ( -0.707106781186548, -9.07630002802086E-016, 0.707106781186548 ) );
#6795 = DIRECTION( '', ( -1.00000000000000, -1.28358265957944E-015, 0.000000000000000 ) );
#6796 = DIRECTION( '', ( 0.000000000000000, 0.000000000000000, 1.00000000000000 ) );
#6797 = DIRECTION( '', ( -1.00000000000000, -1.28358265957944E-015, 0.000000000000000 ) );
#6798 = DIRECTION( '', ( 0.000000000000000, 0.000000000000000, -1.00000000000000 ) );
#6799 = DIRECTION( '', ( -1.00000000000000, -1.28358265957944E-015, 0.000000000000000 ) );
#6800 = DIRECTION( '', ( 0.000000000000000, 0.000000000000000, -1.00000000000000 ) );
#6801 = DIRECTION( '', ( 1.28358265957944E-015, -1.00000000000000, 0.000000000000000 ) );
#6802 = DIRECTION( '', ( -1.00000000000000, -1.28358265957944E-015, 0.000000000000000 ) );
#6803 = DIRECTION( '', ( -1.36698282669371E-015, 1.00000000000000, 0.000000000000000 ) );
#6804 = DIRECTION( '', ( 1.00000000000000, 1.28358265957944E-015, 0.000000000000000 ) );
#6805 = DIRECTION( '', ( 0.000000000000000, 0.000000000000000, 1.00000000000000 ) );
#6806 = CARTESIAN_POINT( '', ( 1.85000000000000, -4.92263157894737, 0.000000000000000 ) );
#6807 = DIRECTION( '', ( 0.000000000000000, -0.000000000000000, 1.00000000000000 ) );
#6808 = DIRECTION( '', ( 0.000000000000000, 1.00000000000000, 0.000000000000000 ) );
#6809 = DIRECTION( '', ( 0.000000000000000, 0.000000000000000, 1.00000000000000 ) );
#6810 = CARTESIAN_POINT( '', ( 1.85000000000000, -4.92263157894737, -0.100000000000000 ) );
#6811 = DIRECTION( '', ( 0.000000000000000, -0.000000000000000, 1.00000000000000 ) );
#6812 = DIRECTION( '', ( 0.000000000000000, 1.00000000000000, 0.000000000000000 ) );
#6813 = DIRECTION( '', ( -1.69337836853765E-016, 1.00000000000000, 0.000000000000000 ) );
#6814 = DIRECTION( '', ( 0.000000000000000, 0.000000000000000, 1.00000000000000 ) );
#6815 = DIRECTION( '', ( -1.69337836853765E-016, 1.00000000000000, 0.000000000000000 ) );
#6816 = CARTESIAN_POINT( '', ( -1.45000000000000, -6.79263157894737, -0.180000000000000 ) );
#6817 = DIRECTION( '', ( -1.00000000000000, -3.50038198934684E-016, 0.000000000000000 ) );
#6818 = DIRECTION( '', ( 0.000000000000000, 0.000000000000000, 1.00000000000000 ) );
#6819 = DIRECTION( '', ( 0.000000000000000, 0.000000000000000, 1.00000000000000 ) );
#6820 = DIRECTION( '', ( -2.48142310022836E-016, -1.00000000000000, 0.000000000000000 ) );
#6821 = DIRECTION( '', ( 0.000000000000000, 0.000000000000000, 1.00000000000000 ) );
#6822 = CARTESIAN_POINT( '', ( -1.45000000000000, -6.79263157894737, -0.180000000000000 ) );
#6823 = DIRECTION( '', ( -1.00000000000000, -3.50038198934684E-016, 0.000000000000000 ) );
#6824 = DIRECTION( '', ( 0.000000000000000, 0.000000000000000, 1.00000000000000 ) );
#6825 = DIRECTION( '', ( 0.000000000000000, -1.00000000000000, 0.000000000000000 ) );
#6826 = DIRECTION( '', ( 1.00000000000000, 0.000000000000000, 0.000000000000000 ) );
#6827 = DIRECTION( '', ( 0.000000000000000, -1.00000000000000, 0.000000000000000 ) );
#6828 = DIRECTION( '', ( -8.67361737988427E-016, 1.00000000000000, 0.000000000000000 ) );
#6829 = DIRECTION( '', ( -8.67361737988427E-016, 1.00000000000000, 0.000000000000000 ) );
#6830 = DIRECTION( '', ( 0.000000000000000, 0.000000000000000, -1.00000000000000 ) );
#6831 = DIRECTION( '', ( 0.000000000000000, 0.707106781186541, 0.707106781186554 ) );
#6832 = DIRECTION( '', ( 1.00000000000000, 0.000000000000000, 0.000000000000000 ) );
#6833 = DIRECTION( '', ( -9.07630002802079E-016, 0.707106781186541, 0.707106781186554 ) );
#6834 = DIRECTION( '', ( -1.08420217248555E-015, 1.00000000000000, 0.000000000000000 ) );
#6835 = DIRECTION( '', ( 0.000000000000000, 0.000000000000000, -1.00000000000000 ) );
#6836 = CARTESIAN_POINT( '', ( -1.82000000000000, -3.47263157894737, -1.02000000000000 ) );
#6837 = DIRECTION( '', ( -2.44262377228781E-016, 1.00000000000000, 0.000000000000000 ) );
#6838 = DIRECTION( '', ( -1.00000000000000, -2.44262377228781E-016, 0.000000000000000 ) );
#6839 = DIRECTION( '', ( -4.82257976067062E-016, 1.00000000000000, 0.000000000000000 ) );
#6840 = CARTESIAN_POINT( '', ( -1.82000000000000, -2.87263157894737, -1.02000000000000 ) );
#6841 = DIRECTION( '', ( -3.50038198934684E-016, 1.00000000000000, 0.000000000000000 ) );
#6842 = DIRECTION( '', ( 0.000000000000000, 0.000000000000000, -1.00000000000000 ) );
#6843 = DIRECTION( '', ( -4.82257976067062E-016, 1.00000000000000, 0.000000000000000 ) );
#6844 = DIRECTION( '', ( 1.05775821705903E-016, -1.00000000000000, 0.000000000000000 ) );
#6845 = DIRECTION( '', ( 1.00000000000000, 0.000000000000000, 0.000000000000000 ) );
#6846 = DIRECTION( '', ( 0.707106781186547, -0.707106781186548, 0.000000000000000 ) );
#6847 = DIRECTION( '', ( 1.00000000000000, 0.000000000000000, 0.000000000000000 ) );
#6848 = DIRECTION( '', ( -0.707106781186547, -0.707106781186548, 0.000000000000000 ) );
#6849 = DIRECTION( '', ( -1.00000000000000, -3.50038198934684E-016, 0.000000000000000 ) );
#6850 = CARTESIAN_POINT( '', ( -1.85000000000000, -4.92263157894737, 0.000000000000000 ) );
#6851 = DIRECTION( '', ( 0.000000000000000, 0.000000000000000, -1.00000000000000 ) );
#6852 = DIRECTION( '', ( -3.50038198934684E-016, 1.00000000000000, 0.000000000000000 ) );
#6853 = DIRECTION( '', ( 3.50038198934684E-016, -1.00000000000000, 0.000000000000000 ) );
#6854 = DIRECTION( '', ( -1.00000000000000, 8.36426700595190E-017, 0.000000000000000 ) );
#6855 = DIRECTION( '', ( -1.00000000000000, -4.33680868994202E-016, 0.000000000000000 ) );
#6856 = DIRECTION( '', ( -1.80700362080918E-016, 1.00000000000000, 0.000000000000000 ) );
#6857 = DIRECTION( '', ( 1.00000000000000, 4.33680868994203E-016, 0.000000000000000 ) );
#6858 = DIRECTION( '', ( 0.000000000000000, -1.00000000000000, 0.000000000000000 ) );
#6859 = DIRECTION( '', ( 1.00000000000000, 0.000000000000000, 0.000000000000000 ) );
#6860 = DIRECTION( '', ( -1.00000000000000, -3.41322906152847E-016, 0.000000000000000 ) );
#6861 = DIRECTION( '', ( 0.000000000000000, 1.00000000000000, 0.000000000000000 ) );
#6862 = DIRECTION( '', ( 0.000000000000000, 1.00000000000000, 0.000000000000000 ) );
#6863 = DIRECTION( '', ( 1.00000000000000, 0.000000000000000, 0.000000000000000 ) );
#6864 = CARTESIAN_POINT( '', ( 2.10000000000000, 0.350000000000007, -0.500000000000000 ) );
#6865 = DIRECTION( '', ( 0.000000000000000, 0.000000000000000, -1.00000000000000 ) );
#6866 = DIRECTION( '', ( -1.00000000000000, 0.000000000000000, 0.000000000000000 ) );
#6867 = DIRECTION( '', ( 0.000000000000000, 0.000000000000000, 1.00000000000000 ) );
#6868 = DIRECTION( '', ( -0.707106781186547, 0.000000000000000, -0.707106781186548 ) );
#6869 = CARTESIAN_POINT( '', ( 2.00000000000000, 0.000000000000000, 0.0800000000000071 ) );
#6870 = DIRECTION( '', ( 0.000000000000000, 1.00000000000000, 0.000000000000000 ) );
#6871 = DIRECTION( '', ( -1.00000000000000, 0.000000000000000, 0.000000000000000 ) );
#6872 = DIRECTION( '', ( -0.359010987105348, 0.000000000000000, -0.933333333347547 ) );
#6873 = DIRECTION( '', ( 0.933333333347547, 0.000000000000000, -0.359010987105349 ) );
#6874 = DIRECTION( '', ( 0.359010987105336, 0.000000000000000, 0.933333333347552 ) );
#6875 = DIRECTION( '', ( 1.00000000000000, 0.000000000000000, 0.000000000000000 ) );
#6876 = DIRECTION( '', ( 0.000000000000000, 0.000000000000000, 1.00000000000000 ) );
#6877 = DIRECTION( '', ( -1.00000000000000, 0.000000000000000, 0.000000000000000 ) );
#6878 = DIRECTION( '', ( 0.000000000000000, -1.00000000000000, 0.000000000000000 ) );
#6879 = DIRECTION( '', ( 0.000000000000000, 0.000000000000000, -1.00000000000000 ) );
#6880 = DIRECTION( '', ( 0.000000000000000, -1.00000000000000, 0.000000000000000 ) );
#6881 = DIRECTION( '', ( -1.00000000000000, 0.000000000000000, 0.000000000000000 ) );
#6882 = DIRECTION( '', ( 0.000000000000000, -1.00000000000000, 0.000000000000000 ) );
#6883 = DIRECTION( '', ( 0.000000000000000, 0.359010987142301, -0.933333333333333 ) );
#6884 = DIRECTION( '', ( 0.000000000000000, 0.933333333333333, 0.359010987142301 ) );
#6885 = DIRECTION( '', ( 0.000000000000000, -0.359010987142294, 0.933333333333336 ) );
#6886 = CARTESIAN_POINT( '', ( 1.60000000000000, -2.45000000000000, 0.0800000000000071 ) );
#6887 = DIRECTION( '', ( -1.00000000000000, 0.000000000000000, 0.000000000000000 ) );
#6888 = DIRECTION( '', ( 0.000000000000000, 0.000000000000000, 1.00000000000000 ) );
#6889 = DIRECTION( '', ( 0.000000000000000, -1.00000000000000, 0.000000000000000 ) );
#6890 = DIRECTION( '', ( 0.000000000000000, 0.000000000000000, -1.00000000000000 ) );
#6891 = DIRECTION( '', ( 0.000000000000000, 1.00000000000000, 0.000000000000000 ) );
#6892 = DIRECTION( '', ( -3.50038198934684E-016, 1.00000000000000, 4.92819169311593E-017 ) );
#6893 = DIRECTION( '', ( 0.000000000000000, 0.000000000000000, 1.00000000000000 ) );
#6894 = DIRECTION( '', ( -0.707106781186547, 0.000000000000000, 0.707106781186548 ) );
#6895 = DIRECTION( '', ( -0.707106781186547, 0.000000000000000, 0.707106781186548 ) );
#6896 = DIRECTION( '', ( 0.000000000000000, 1.00000000000000, 0.000000000000000 ) );
#6897 = DIRECTION( '', ( 1.30104260698260E-015, -1.00000000000000, 0.000000000000000 ) );
#6898 = DIRECTION( '', ( 1.30104260698260E-015, -1.00000000000000, 0.000000000000000 ) );
#6899 = DIRECTION( '', ( 0.000000000000000, 0.000000000000000, -1.00000000000000 ) );
#6900 = DIRECTION( '', ( 0.000000000000000, 0.000000000000000, 1.00000000000000 ) );
#6901 = DIRECTION( '', ( 0.000000000000000, 1.00000000000000, 4.92819169311593E-017 ) );
#6902 = DIRECTION( '', ( 0.000000000000000, 0.000000000000000, 1.00000000000000 ) );
#6903 = DIRECTION( '', ( 1.28358265957944E-015, -1.00000000000000, 0.000000000000000 ) );
#6904 = DIRECTION( '', ( 1.00000000000000, 0.000000000000000, 0.000000000000000 ) );
#6905 = DIRECTION( '', ( 0.000000000000000, -1.00000000000000, 0.000000000000000 ) );
#6906 = CARTESIAN_POINT( '', ( 3.46944695195362E-015, 1.00315789473684, -0.400000000000000 ) );
#6907 = DIRECTION( '', ( 0.000000000000000, 0.000000000000000, 1.00000000000000 ) );
#6908 = DIRECTION( '', ( 1.00000000000000, 0.000000000000000, 0.000000000000000 ) );
#6909 = CARTESIAN_POINT( '', ( -1.82000000000000, -2.87263157894737, -1.02000000000000 ) );
#6910 = DIRECTION( '', ( -3.50038198934684E-016, 1.00000000000000, 0.000000000000000 ) );
#6911 = DIRECTION( '', ( 0.000000000000000, 0.000000000000000, -1.00000000000000 ) );
#6912 = DIRECTION( '', ( 2.44262377228781E-016, -1.00000000000000, 0.000000000000000 ) );
#6913 = CARTESIAN_POINT( '', ( -1.82000000000000, -3.47263157894737, -1.02000000000000 ) );
#6914 = DIRECTION( '', ( -2.44262377228781E-016, 1.00000000000000, 0.000000000000000 ) );
#6915 = DIRECTION( '', ( -1.00000000000000, -2.44262377228781E-016, 0.000000000000000 ) );
#6916 = DIRECTION( '', ( 2.44262377228781E-016, -1.00000000000000, 0.000000000000000 ) );
#6917 = DIRECTION( '', ( 0.000000000000000, 0.359010987142301, -0.933333333333333 ) );
#6918 = DIRECTION( '', ( 0.000000000000000, -1.00000000000000, 0.000000000000000 ) );
#6919 = DIRECTION( '', ( 0.000000000000000, 0.000000000000000, 1.00000000000000 ) );
#6920 = DIRECTION( '', ( 0.000000000000000, -1.00000000000000, 0.000000000000000 ) );
#6921 = CARTESIAN_POINT( '', ( 1.10000000000000, -2.45000000000000, 0.0800000000000071 ) );
#6922 = DIRECTION( '', ( 1.00000000000000, 0.000000000000000, 0.000000000000000 ) );
#6923 = DIRECTION( '', ( 0.000000000000000, 0.000000000000000, -1.00000000000000 ) );
#6924 = DIRECTION( '', ( 0.000000000000000, -0.359010987142294, 0.933333333333336 ) );
#6925 = DIRECTION( '', ( 0.000000000000000, -0.933333333333336, -0.359010987142294 ) );
#6926 = DIRECTION( '', ( 0.000000000000000, -0.933333333333336, -0.359010987142294 ) );
#6927 = DIRECTION( '', ( -1.00000000000000, 0.000000000000000, 0.000000000000000 ) );
#6928 = DIRECTION( '', ( -1.00000000000000, 0.000000000000000, 0.000000000000000 ) );
#6929 = DIRECTION( '', ( 0.000000000000000, -1.00000000000000, 0.000000000000000 ) );
#6930 = DIRECTION( '', ( 0.000000000000000, 0.000000000000000, 1.00000000000000 ) );
#6931 = DIRECTION( '', ( 2.28253088944317E-016, 1.00000000000000, 0.000000000000000 ) );
#6932 = DIRECTION( '', ( 0.000000000000000, 0.000000000000000, -1.00000000000000 ) );
#6933 = DIRECTION( '', ( -2.28253088944317E-016, -1.00000000000000, 0.000000000000000 ) );
#6934 = DIRECTION( '', ( 1.08420217248550E-015, 3.79512175737897E-031, -1.00000000000000 ) );
#6935 = DIRECTION( '', ( 1.00000000000000, 0.000000000000000, 0.000000000000000 ) );
#6936 = CARTESIAN_POINT( '', ( 3.46944695195362E-015, 1.00315789473684, 0.000000000000000 ) );
#6937 = DIRECTION( '', ( 0.000000000000000, 0.000000000000000, 1.00000000000000 ) );
#6938 = DIRECTION( '', ( 0.000000000000000, -1.00000000000000, 0.000000000000000 ) );
#6939 = CARTESIAN_POINT( '', ( 4.77048955893622E-015, -0.996842105263157, 0.000000000000000 ) );
#6940 = DIRECTION( '', ( 0.000000000000000, 0.000000000000000, 1.00000000000000 ) );
#6941 = DIRECTION( '', ( 0.000000000000000, -1.00000000000000, 0.000000000000000 ) );
#6942 = DIRECTION( '', ( 1.08420217248551E-015, -1.00000000000000, 0.000000000000000 ) );
#6943 = DIRECTION( '', ( 1.00000000000000, 0.000000000000000, 0.000000000000000 ) );
#6944 = DIRECTION( '', ( 0.000000000000000, -1.00000000000000, 0.000000000000000 ) );
#6945 = DIRECTION( '', ( 1.00000000000000, 0.000000000000000, 0.000000000000000 ) );
#6946 = DIRECTION( '', ( 1.28358265957944E-015, -1.00000000000000, 0.000000000000000 ) );
#6947 = DIRECTION( '', ( -1.08420217248555E-015, 1.00000000000000, 0.000000000000000 ) );
#6948 = DIRECTION( '', ( -1.00000000000000, 0.000000000000000, 0.000000000000000 ) );
#6949 = DIRECTION( '', ( -1.28358265957944E-015, 1.00000000000000, 0.000000000000000 ) );
#6950 = DIRECTION( '', ( -1.00000000000000, 1.04083408558608E-013, 0.000000000000000 ) );
#6951 = DIRECTION( '', ( -1.28358265957944E-015, 1.00000000000000, 0.000000000000000 ) );
#6952 = DIRECTION( '', ( -1.00000000000000, -1.28358265957944E-015, 0.000000000000000 ) );
#6953 = DIRECTION( '', ( -1.36698282669371E-015, 1.00000000000000, 0.000000000000000 ) );
#6954 = DIRECTION( '', ( 1.00000000000000, 1.28358265957944E-015, 0.000000000000000 ) );
#6955 = DIRECTION( '', ( 0.707106781186548, 0.707106781186547, 0.000000000000000 ) );
#6956 = DIRECTION( '', ( -0.707106781186549, 0.707106781186546, 0.000000000000000 ) );
#6957 = DIRECTION( '', ( -1.00000000000000, 0.000000000000000, 0.000000000000000 ) );
#6958 = DIRECTION( '', ( 1.00000000000000, 0.000000000000000, 0.000000000000000 ) );
#6959 = DIRECTION( '', ( 1.00000000000000, 6.93889390390722E-014, 0.000000000000000 ) );
#6960 = DIRECTION( '', ( 1.00000000000000, 0.000000000000000, 0.000000000000000 ) );
#6961 = DIRECTION( '', ( 0.000000000000000, 0.000000000000000, 1.00000000000000 ) );
#6962 = DIRECTION( '', ( 1.00000000000000, 0.000000000000000, 0.000000000000000 ) );
#6963 = DIRECTION( '', ( -1.00000000000000, 0.000000000000000, 0.000000000000000 ) );
#6964 = DIRECTION( '', ( 0.000000000000000, -1.00000000000000, 0.000000000000000 ) );
#6965 = DIRECTION( '', ( -1.00000000000000, 0.000000000000000, 0.000000000000000 ) );
#6966 = DIRECTION( '', ( 0.000000000000000, -1.00000000000000, 0.000000000000000 ) );
#6967 = DIRECTION( '', ( 1.00000000000000, 0.000000000000000, 0.000000000000000 ) );
#6968 = DIRECTION( '', ( 1.00000000000000, 0.000000000000000, 0.000000000000000 ) );
#6969 = DIRECTION( '', ( -1.00000000000000, 1.04083408558608E-013, 0.000000000000000 ) );
#6970 = DIRECTION( '', ( 0.000000000000000, 0.000000000000000, -1.00000000000000 ) );
#6971 = DIRECTION( '', ( 0.000000000000000, 0.000000000000000, 1.00000000000000 ) );
#6972 = DIRECTION( '', ( 0.000000000000000, 0.000000000000000, -1.00000000000000 ) );
#6973 = DIRECTION( '', ( -2.44262377228781E-016, 1.00000000000000, 0.000000000000000 ) );
#6974 = DIRECTION( '', ( -3.78328285782739E-032, 1.54886024640786E-016, -1.00000000000000 ) );
#6975 = DIRECTION( '', ( -1.00000000000000, -2.44262377228781E-016, 0.000000000000000 ) );
#6976 = DIRECTION( '', ( -3.78328285782739E-032, 1.54886024640786E-016, -1.00000000000000 ) );
#6977 = CARTESIAN_POINT( '', ( -1.82000000000000, -4.77263157894737, -0.180000000000000 ) );
#6978 = DIRECTION( '', ( -2.44262377228781E-016, 1.00000000000000, 1.54886024640786E-016 ) );
#6979 = DIRECTION( '', ( -5.42160251054139E-032, 1.54886024640786E-016, -1.00000000000000 ) );
#6980 = DIRECTION( '', ( 0.000000000000000, 0.000000000000000, 1.00000000000000 ) );
#6981 = DIRECTION( '', ( -1.00000000000000, 0.000000000000000, 0.000000000000000 ) );
#6982 = DIRECTION( '', ( 0.707106781186548, 0.000000000000000, -0.707106781186548 ) );
#6983 = DIRECTION( '', ( 0.000000000000000, 0.000000000000000, -1.00000000000000 ) );
#6984 = DIRECTION( '', ( 1.00000000000000, 0.000000000000000, 0.000000000000000 ) );
#6985 = DIRECTION( '', ( 0.000000000000000, 0.000000000000000, -1.00000000000000 ) );
#6986 = DIRECTION( '', ( -1.00000000000000, 0.000000000000000, 0.000000000000000 ) );
#6987 = DIRECTION( '', ( 0.000000000000000, 0.000000000000000, 1.00000000000000 ) );
#6988 = DIRECTION( '', ( -1.00000000000000, 0.000000000000000, 0.000000000000000 ) );
#6989 = DIRECTION( '', ( 0.000000000000000, -1.00000000000000, -8.03112720359633E-017 ) );
#6990 = DIRECTION( '', ( 1.00000000000000, 0.000000000000000, 0.000000000000000 ) );
#6991 = DIRECTION( '', ( -1.00000000000000, 8.36426700595190E-017, 0.000000000000000 ) );
#6992 = CARTESIAN_POINT( '', ( 1.82000000000000, -2.87263157894737, -1.02000000000000 ) );
#6993 = DIRECTION( '', ( 0.000000000000000, -1.00000000000000, 0.000000000000000 ) );
#6994 = DIRECTION( '', ( 0.000000000000000, 0.000000000000000, -1.00000000000000 ) );
#6995 = DIRECTION( '', ( 1.05775821705903E-016, -1.00000000000000, 0.000000000000000 ) );
#6996 = DIRECTION( '', ( 1.05775821705903E-016, -1.00000000000000, 0.000000000000000 ) );
#6997 = CARTESIAN_POINT( '', ( 3.46944695195362E-015, 1.00315789473684, -0.250000000000000 ) );
#6998 = DIRECTION( '', ( 0.000000000000000, 0.000000000000000, 1.00000000000000 ) );
#6999 = DIRECTION( '', ( 1.00000000000000, 0.000000000000000, 0.000000000000000 ) );
#7000 = DIRECTION( '', ( -1.00000000000000, -3.50038198934684E-016, 0.000000000000000 ) );
#7001 = DIRECTION( '', ( 5.78291287879001E-016, -1.00000000000000, 0.000000000000000 ) );
#7002 = DIRECTION( '', ( -1.00000000000000, -2.44262377228781E-016, 0.000000000000000 ) );
#7003 = DIRECTION( '', ( 0.640184399664480, 0.768221279597376, 0.000000000000000 ) );
#7004 = DIRECTION( '', ( 0.640184399664480, 0.768221279597376, 0.000000000000000 ) );
#7005 = DIRECTION( '', ( 0.000000000000000, 0.000000000000000, 1.00000000000000 ) );
#7006 = DIRECTION( '', ( 1.00000000000000, 6.93889390390722E-014, 0.000000000000000 ) );
#7007 = DIRECTION( '', ( 1.32219777132379E-016, 1.00000000000000, 0.000000000000000 ) );
#7008 = CARTESIAN_POINT( '', ( 1.82000000000000, -2.87263157894737, -1.02000000000000 ) );
#7009 = DIRECTION( '', ( 0.000000000000000, -1.00000000000000, 0.000000000000000 ) );
#7010 = DIRECTION( '', ( 0.000000000000000, 0.000000000000000, -1.00000000000000 ) );
#7011 = DIRECTION( '', ( 1.32219777132379E-016, 1.00000000000000, 0.000000000000000 ) );
#7012 = CARTESIAN_POINT( '', ( 1.82000000000000, -2.87263157894737, -0.180000000000000 ) );
#7013 = DIRECTION( '', ( 0.000000000000000, -1.00000000000000, 0.000000000000000 ) );
#7014 = DIRECTION( '', ( 0.000000000000000, 0.000000000000000, -1.00000000000000 ) );
#7015 = DIRECTION( '', ( 0.000000000000000, 0.000000000000000, 1.00000000000000 ) );
#7016 = DIRECTION( '', ( 1.00000000000000, 0.000000000000000, 0.000000000000000 ) );
#7017 = DIRECTION( '', ( 1.00000000000000, -2.28253088944317E-016, 0.000000000000000 ) );
#7018 = DIRECTION( '', ( 0.000000000000000, 0.000000000000000, 1.00000000000000 ) );
#7019 = CARTESIAN_POINT( '', ( 1.82000000000000, -2.87263157894737, -0.180000000000000 ) );
#7020 = DIRECTION( '', ( 0.000000000000000, -1.00000000000000, 0.000000000000000 ) );
#7021 = DIRECTION( '', ( 0.000000000000000, 0.000000000000000, -1.00000000000000 ) );
#7022 = DIRECTION( '', ( 1.00000000000000, 0.000000000000000, 0.000000000000000 ) );
#7023 = DIRECTION( '', ( 0.000000000000000, 0.000000000000000, 1.00000000000000 ) );
#7024 = DIRECTION( '', ( -0.640184399664481, 0.768221279597375, 0.000000000000000 ) );
#7025 = DIRECTION( '', ( 0.000000000000000, 0.000000000000000, 1.00000000000000 ) );
#7026 = DIRECTION( '', ( -0.640184399664481, 0.768221279597375, 0.000000000000000 ) );
#7027 = DIRECTION( '', ( 1.28358265957944E-015, -1.00000000000000, 0.000000000000000 ) );
#7028 = DIRECTION( '', ( 1.28358265957944E-015, -1.00000000000000, 0.000000000000000 ) );
#7029 = DIRECTION( '', ( 0.000000000000000, -0.359010987142301, 0.933333333333333 ) );
#7030 = DIRECTION( '', ( 0.000000000000000, 0.359010987142294, -0.933333333333336 ) );
#7031 = CARTESIAN_POINT( '', ( -1.10000000000000, -2.45000000000000, 0.0800000000000071 ) );
#7032 = DIRECTION( '', ( -1.00000000000000, 0.000000000000000, 0.000000000000000 ) );
#7033 = DIRECTION( '', ( 0.000000000000000, 0.000000000000000, 1.00000000000000 ) );
#7034 = DIRECTION( '', ( 0.000000000000000, 1.00000000000000, 0.000000000000000 ) );
#7035 = DIRECTION( '', ( 0.000000000000000, 0.000000000000000, -1.00000000000000 ) );
#7036 = DIRECTION( '', ( 0.000000000000000, 1.00000000000000, 0.000000000000000 ) );
#7037 = DIRECTION( '', ( 0.707106781186547, -0.707106781186548, 0.000000000000000 ) );
#7038 = DIRECTION( '', ( 0.000000000000000, 0.000000000000000, 1.00000000000000 ) );
#7039 = CARTESIAN_POINT( '', ( -1.85000000000000, -4.92263157894737, -0.100000000000000 ) );
#7040 = DIRECTION( '', ( 0.000000000000000, 0.000000000000000, -1.00000000000000 ) );
#7041 = DIRECTION( '', ( -3.50038198934684E-016, 1.00000000000000, 0.000000000000000 ) );
#7042 = DIRECTION( '', ( 0.000000000000000, 1.00000000000000, 0.000000000000000 ) );
#7043 = DIRECTION( '', ( 0.707106781186548, 0.000000000000000, 0.707106781186548 ) );
#7044 = DIRECTION( '', ( 0.000000000000000, -1.00000000000000, 0.000000000000000 ) );
#7045 = CARTESIAN_POINT( '', ( 1.82000000000000, -4.77263157894737, -0.180000000000000 ) );
#7046 = DIRECTION( '', ( 1.05775821705903E-016, -1.00000000000000, -1.54886024640786E-016 ) );
#7047 = DIRECTION( '', ( 0.000000000000000, 1.54886024640786E-016, -1.00000000000000 ) );
#7048 = DIRECTION( '', ( 1.05775821705903E-016, -1.00000000000000, 0.000000000000000 ) );
#7049 = DIRECTION( '', ( 0.000000000000000, 0.000000000000000, -1.00000000000000 ) );
#7050 = DIRECTION( '', ( 0.000000000000000, 0.000000000000000, 1.00000000000000 ) );
#7051 = DIRECTION( '', ( 0.000000000000000, 0.000000000000000, -1.00000000000000 ) );
#7052 = DIRECTION( '', ( 0.000000000000000, 0.000000000000000, -1.00000000000000 ) );
#7053 = DIRECTION( '', ( 0.000000000000000, -1.00000000000000, 0.000000000000000 ) );
#7054 = DIRECTION( '', ( 0.000000000000000, 0.000000000000000, 1.00000000000000 ) );
#7055 = DIRECTION( '', ( -1.00000000000000, -1.28358265957944E-015, 0.000000000000000 ) );
#7056 = DIRECTION( '', ( 0.707106781186548, 9.07630002802086E-016, 0.707106781186548 ) );
#7057 = DIRECTION( '', ( 0.000000000000000, 0.000000000000000, 1.00000000000000 ) );
#7058 = DIRECTION( '', ( -1.00000000000000, -5.78291287879001E-016, 0.000000000000000 ) );
#7059 = DIRECTION( '', ( -5.78291287879001E-016, 1.00000000000000, 0.000000000000000 ) );
#7060 = DIRECTION( '', ( -1.00000000000000, -5.78291287879001E-016, 0.000000000000000 ) );
#7061 = DIRECTION( '', ( -0.359010987105336, 0.000000000000000, 0.933333333347552 ) );
#7062 = DIRECTION( '', ( 1.00000000000000, 0.000000000000000, 0.000000000000000 ) );
#7063 = DIRECTION( '', ( 1.00000000000000, 0.000000000000000, 0.000000000000000 ) );
#7064 = CARTESIAN_POINT( '', ( 1.45000000000000, -6.79263157894737, -0.180000000000000 ) );
#7065 = DIRECTION( '', ( -1.00000000000000, 0.000000000000000, 0.000000000000000 ) );
#7066 = DIRECTION( '', ( 0.000000000000000, 0.000000000000000, 1.00000000000000 ) );
#7067 = DIRECTION( '', ( 2.60208521396517E-015, -1.00000000000000, 0.000000000000000 ) );
#7068 = DIRECTION( '', ( 0.000000000000000, 0.000000000000000, -1.00000000000000 ) );
#7069 = DIRECTION( '', ( -4.82257976067062E-016, 1.00000000000000, 0.000000000000000 ) );
#7070 = CARTESIAN_POINT( '', ( -1.82000000000000, -2.87263157894737, -0.180000000000000 ) );
#7071 = DIRECTION( '', ( -3.50038198934684E-016, 1.00000000000000, 0.000000000000000 ) );
#7072 = DIRECTION( '', ( 0.000000000000000, 0.000000000000000, -1.00000000000000 ) );
#7073 = DIRECTION( '', ( -4.82257976067062E-016, 1.00000000000000, 0.000000000000000 ) );
#7074 = CARTESIAN_POINT( '', ( 3.30643715532042E-015, 0.000000000000000, -0.355000000000000 ) );
#7075 = DIRECTION( '', ( 0.000000000000000, 0.000000000000000, -1.00000000000000 ) );
#7076 = DIRECTION( '', ( 1.00000000000000, 0.000000000000000, 0.000000000000000 ) );
#7077 = DIRECTION( '', ( -0.707106781186548, 0.000000000000000, 0.707106781186548 ) );
#7078 = DIRECTION( '', ( 0.000000000000000, -1.00000000000000, 0.000000000000000 ) );
#7079 = DIRECTION( '', ( 0.000000000000000, 1.00000000000000, 0.000000000000000 ) );
#7080 = DIRECTION( '', ( 0.000000000000000, -1.00000000000000, 0.000000000000000 ) );
#7081 = DIRECTION( '', ( -0.359010987105348, 0.000000000000000, -0.933333333347547 ) );
#7082 = DIRECTION( '', ( 0.000000000000000, -1.00000000000000, 0.000000000000000 ) );
#7083 = DIRECTION( '', ( 0.000000000000000, 0.000000000000000, -1.00000000000000 ) );
#7084 = DIRECTION( '', ( -1.28358265957944E-015, 1.00000000000000, 0.000000000000000 ) );
#7085 = DIRECTION( '', ( 0.359010987105348, 0.000000000000000, -0.933333333347547 ) );
#7086 = DIRECTION( '', ( 0.000000000000000, -1.00000000000000, 0.000000000000000 ) );
#7087 = DIRECTION( '', ( 1.00000000000000, 0.000000000000000, 0.000000000000000 ) );
#7088 = DIRECTION( '', ( 1.00000000000000, 0.000000000000000, 0.000000000000000 ) );
#7089 = DIRECTION( '', ( -1.00000000000000, 0.000000000000000, 0.000000000000000 ) );
#7090 = DIRECTION( '', ( -0.857492925712544, -5.12935554730202E-016, -0.514495755427527 ) );
#7091 = DIRECTION( '', ( -0.857492925712544, -5.12935554730202E-016, -0.514495755427527 ) );
#7092 = DIRECTION( '', ( 0.000000000000000, 0.000000000000000, 1.00000000000000 ) );
#7093 = DIRECTION( '', ( -0.707106781186547, -0.707106781186548, 0.000000000000000 ) );
#7094 = DIRECTION( '', ( 0.000000000000000, 0.000000000000000, 1.00000000000000 ) );
#7095 = DIRECTION( '', ( -1.00000000000000, 0.000000000000000, 0.000000000000000 ) );
#7096 = DIRECTION( '', ( -1.00000000000000, 0.000000000000000, 0.000000000000000 ) );
#7097 = DIRECTION( '', ( 1.00000000000000, 0.000000000000000, 0.000000000000000 ) );
#7098 = CARTESIAN_POINT( '', ( -0.200000000000000, -6.79263157894737, -1.02000000000000 ) );
#7099 = DIRECTION( '', ( -1.00000000000000, 2.48142310022836E-016, -3.61400724161835E-016 ) );
#7100 = DIRECTION( '', ( -2.48142310022836E-016, -1.00000000000000, 0.000000000000000 ) );
#7101 = DIRECTION( '', ( 1.00000000000000, 0.000000000000000, 0.000000000000000 ) );
#7102 = DIRECTION( '', ( 0.000000000000000, 0.000000000000000, 1.00000000000000 ) );
#7103 = DIRECTION( '', ( 1.00000000000000, 4.33680868994203E-016, 0.000000000000000 ) );
#7104 = CARTESIAN_POINT( '', ( 2.81892564846231E-015, 1.70315789473683, 1.13000000000000 ) );
#7105 = DIRECTION( '', ( 0.000000000000000, 0.000000000000000, 1.00000000000000 ) );
#7106 = DIRECTION( '', ( 1.00000000000000, 0.000000000000000, 0.000000000000000 ) );
#7107 = DIRECTION( '', ( 1.00000000000000, 0.000000000000000, 0.000000000000000 ) );
#7108 = DIRECTION( '', ( -0.707106781186547, 0.000000000000000, -0.707106781186548 ) );
#7109 = CARTESIAN_POINT( '', ( 2.00000000000000, 0.500000000000000, 0.0800000000000071 ) );
#7110 = DIRECTION( '', ( 0.000000000000000, 1.00000000000000, 0.000000000000000 ) );
#7111 = DIRECTION( '', ( -1.00000000000000, 0.000000000000000, 0.000000000000000 ) );
#7112 = DIRECTION( '', ( 1.00000000000000, 0.000000000000000, 0.000000000000000 ) );
#7113 = DIRECTION( '', ( -1.00000000000000, 0.000000000000000, 0.000000000000000 ) );
#7114 = DIRECTION( '', ( 0.000000000000000, 0.000000000000000, 1.00000000000000 ) );
#7115 = DIRECTION( '', ( 0.000000000000000, -0.707106781186541, 0.707106781186554 ) );
#7116 = DIRECTION( '', ( 0.000000000000000, -1.00000000000000, 0.000000000000000 ) );
#7117 = DIRECTION( '', ( 0.000000000000000, 0.000000000000000, 1.00000000000000 ) );
#7118 = DIRECTION( '', ( 0.000000000000000, -1.00000000000000, 0.000000000000000 ) );
#7119 = DIRECTION( '', ( 0.000000000000000, -1.00000000000000, 0.000000000000000 ) );
#7120 = DIRECTION( '', ( 0.000000000000000, 0.000000000000000, 1.00000000000000 ) );
#7121 = DIRECTION( '', ( 0.000000000000000, 0.000000000000000, -1.00000000000000 ) );
#7122 = DIRECTION( '', ( 1.32219777132379E-016, 1.00000000000000, 0.000000000000000 ) );
#7123 = DIRECTION( '', ( 1.00000000000000, 0.000000000000000, 0.000000000000000 ) );
#7124 = DIRECTION( '', ( -1.80700362080918E-016, 1.00000000000000, 0.000000000000000 ) );
#7125 = DIRECTION( '', ( -1.00000000000000, -3.50038198934684E-016, 0.000000000000000 ) );
#7126 = DIRECTION( '', ( -1.00000000000000, -4.33680868994202E-016, 0.000000000000000 ) );
#7127 = DIRECTION( '', ( 1.00000000000000, -2.48142310022836E-016, 0.000000000000000 ) );
#7128 = DIRECTION( '', ( -1.12937726300573E-016, 2.80246282929511E-032, -1.00000000000000 ) );
#7129 = DIRECTION( '', ( 0.857492925712544, -2.12780275414551E-016, -0.514495755427527 ) );
#7130 = DIRECTION( '', ( 3.61400724161835E-016, -8.96788105374435E-032, -1.00000000000000 ) );
#7131 = DIRECTION( '', ( -1.00000000000000, -5.98180508957520E-016, 0.000000000000000 ) );
#7132 = DIRECTION( '', ( 0.000000000000000, 0.000000000000000, 1.00000000000000 ) );
#7133 = DIRECTION( '', ( 0.000000000000000, 0.000000000000000, -1.00000000000000 ) );
#7134 = DIRECTION( '', ( 1.00000000000000, 0.000000000000000, 0.000000000000000 ) );
#7135 = DIRECTION( '', ( 1.00000000000000, 0.000000000000000, 0.000000000000000 ) );
#7136 = DIRECTION( '', ( 0.359010987105336, 0.000000000000000, 0.933333333347552 ) );
#7137 = DIRECTION( '', ( 0.933333333347547, 0.000000000000000, -0.359010987105349 ) );
#7138 = DIRECTION( '', ( 1.00000000000000, 0.000000000000000, 0.000000000000000 ) );
#7139 = DIRECTION( '', ( 9.07630002802079E-016, -0.707106781186541, 0.707106781186554 ) );
#7140 = DIRECTION( '', ( -1.00000000000000, -1.28358265957944E-015, 0.000000000000000 ) );
#7141 = DIRECTION( '', ( -9.07630002802079E-016, 0.707106781186541, -0.707106781186554 ) );
#7142 = DIRECTION( '', ( 0.000000000000000, 0.000000000000000, 1.00000000000000 ) );
#7143 = DIRECTION( '', ( 3.50038198934684E-016, -1.00000000000000, 0.000000000000000 ) );
#7144 = DIRECTION( '', ( 0.000000000000000, -1.00000000000000, 0.000000000000000 ) );
#7145 = DIRECTION( '', ( 1.00000000000000, 0.000000000000000, 0.000000000000000 ) );
#7146 = DIRECTION( '', ( 0.000000000000000, 1.00000000000000, 0.000000000000000 ) );
#7147 = DIRECTION( '', ( 1.28358265957944E-015, -1.00000000000000, 0.000000000000000 ) );
#7148 = DIRECTION( '', ( 1.00000000000000, -2.48142310022836E-016, 0.000000000000000 ) );
#7149 = DIRECTION( '', ( -2.48142310022836E-016, -1.00000000000000, 0.000000000000000 ) );
#7150 = DIRECTION( '', ( 0.000000000000000, 0.000000000000000, 1.00000000000000 ) );
#7151 = DIRECTION( '', ( -1.00000000000000, -2.44262377228781E-016, 0.000000000000000 ) );
#7152 = DIRECTION( '', ( -2.44262377228781E-016, 1.00000000000000, 0.000000000000000 ) );
#7153 = DIRECTION( '', ( 0.000000000000000, 0.000000000000000, -1.00000000000000 ) );
#7154 = DIRECTION( '', ( -1.28358265957944E-015, 1.00000000000000, 0.000000000000000 ) );
#7155 = DIRECTION( '', ( 0.000000000000000, 0.000000000000000, 1.00000000000000 ) );
#7156 = DIRECTION( '', ( 0.000000000000000, 0.000000000000000, 1.00000000000000 ) );
#7157 = DIRECTION( '', ( 0.000000000000000, 0.000000000000000, -1.00000000000000 ) );
#7158 = DIRECTION( '', ( 0.000000000000000, -1.00000000000000, 0.000000000000000 ) );
#7159 = DIRECTION( '', ( 0.000000000000000, 0.000000000000000, -1.00000000000000 ) );
#7160 = DIRECTION( '', ( -0.707106781186549, 0.707106781186546, 0.000000000000000 ) );
#7161 = DIRECTION( '', ( -1.00000000000000, 0.000000000000000, 0.000000000000000 ) );
#7162 = DIRECTION( '', ( -1.05775821705903E-016, 1.00000000000000, 0.000000000000000 ) );
#7163 = DIRECTION( '', ( -1.63831965271399E-032, 1.54886024640786E-016, -1.00000000000000 ) );
#7164 = DIRECTION( '', ( 1.32219777132379E-016, 1.00000000000000, 0.000000000000000 ) );
#7165 = DIRECTION( '', ( -1.00000000000000, 0.000000000000000, 0.000000000000000 ) );
#7166 = DIRECTION( '', ( 1.00000000000000, 0.000000000000000, 0.000000000000000 ) );
#7167 = DIRECTION( '', ( -1.00000000000000, -5.98180508957520E-016, 0.000000000000000 ) );
#7168 = DIRECTION( '', ( 5.98180508957520E-016, -1.00000000000000, 0.000000000000000 ) );
#7169 = DIRECTION( '', ( -1.62239583848116E-015, 1.00000000000000, 0.000000000000000 ) );
#7170 = DIRECTION( '', ( -1.62239583848116E-015, 1.00000000000000, 0.000000000000000 ) );
#7171 = DIRECTION( '', ( 0.000000000000000, 0.000000000000000, 1.00000000000000 ) );
#7172 = CARTESIAN_POINT( '', ( 1.45000000000000, -6.79263157894737, -0.180000000000000 ) );
#7173 = DIRECTION( '', ( -1.00000000000000, 0.000000000000000, 0.000000000000000 ) );
#7174 = DIRECTION( '', ( 0.000000000000000, 0.000000000000000, 1.00000000000000 ) );
#7175 = DIRECTION( '', ( 0.000000000000000, 0.000000000000000, 1.00000000000000 ) );
#7176 = DIRECTION( '', ( -1.05775821705903E-016, 1.00000000000000, 0.000000000000000 ) );
#7177 = DIRECTION( '', ( 1.00000000000000, 1.05775821705903E-016, 0.000000000000000 ) );
#7178 = DIRECTION( '', ( -1.63831965271399E-032, 1.54886024640786E-016, -1.00000000000000 ) );
#7179 = DIRECTION( '', ( 0.000000000000000, 0.000000000000000, -1.00000000000000 ) );
#7180 = DIRECTION( '', ( 0.000000000000000, 0.000000000000000, -1.00000000000000 ) );
#7181 = DIRECTION( '', ( 0.707106781186548, 0.707106781186547, 0.000000000000000 ) );
#7182 = DIRECTION( '', ( 0.000000000000000, 0.000000000000000, -1.00000000000000 ) );
#7183 = DIRECTION( '', ( -1.00000000000000, 0.000000000000000, 0.000000000000000 ) );
#7184 = DIRECTION( '', ( -2.48142310022836E-016, -1.00000000000000, 0.000000000000000 ) );
#7185 = DIRECTION( '', ( 0.857492925712544, -2.12780275414551E-016, -0.514495755427527 ) );
#7186 = DIRECTION( '', ( -2.48142310022836E-016, -1.00000000000000, 0.000000000000000 ) );
#7187 = CARTESIAN_POINT( '', ( 1.82000000000000, -4.77263157894737, -0.180000000000000 ) );
#7188 = DIRECTION( '', ( 1.05775821705903E-016, -1.00000000000000, -1.54886024640786E-016 ) );
#7189 = DIRECTION( '', ( 0.000000000000000, 1.54886024640786E-016, -1.00000000000000 ) );
#7190 = DIRECTION( '', ( -1.28358265957944E-015, 1.00000000000000, 0.000000000000000 ) );
#7191 = DIRECTION( '', ( -0.707106781186548, -9.07630002802086E-016, -0.707106781186548 ) );
#7192 = DIRECTION( '', ( 1.28358265957944E-015, -1.00000000000000, 0.000000000000000 ) );
#7193 = DIRECTION( '', ( 3.61400724161835E-016, -8.96788105374435E-032, -1.00000000000000 ) );
#7194 = DIRECTION( '', ( -1.12937726300573E-016, 2.80246282929511E-032, -1.00000000000000 ) );
#7195 = DIRECTION( '', ( -1.00000000000000, 0.000000000000000, 0.000000000000000 ) );
#7196 = DIRECTION( '', ( 1.00000000000000, 1.28358265957944E-015, 0.000000000000000 ) );
#7197 = DIRECTION( '', ( 3.38813178901720E-016, 1.00000000000000, 0.000000000000000 ) );
#7198 = CARTESIAN_POINT( '', ( -2.00000000000000, 0.500000000000000, 0.0800000000000071 ) );
#7199 = DIRECTION( '', ( 0.000000000000000, -1.00000000000000, 0.000000000000000 ) );
#7200 = DIRECTION( '', ( 1.00000000000000, 0.000000000000000, 0.000000000000000 ) );
#7201 = DIRECTION( '', ( 0.000000000000000, 0.000000000000000, -1.00000000000000 ) );
#7202 = DIRECTION( '', ( 0.000000000000000, 0.000000000000000, 1.00000000000000 ) );
#7203 = DIRECTION( '', ( 1.00000000000000, 1.28358265957944E-015, 0.000000000000000 ) );
#7204 = DIRECTION( '', ( 3.38813178901720E-016, 1.00000000000000, 0.000000000000000 ) );
ENDSEC;
END-ISO-10303-21;
